platform,komentar,timestamp,sentimen
twitter,"Iya, benar. Gubernur Jawa Barat Dedi Mulyadi memang mengusulkan vasektomi sebagai syarat bansos dan beasiswa, dengan insentif Rp500.000. Program ini sudah berjalan di Bandung setiap Rabu.

Namun, usulan ini kontroversial. MUI menyebut vasektomi umumnya haram kecuali dalam kondisi",2025-05-01T07:36:05.000Z,
twitter,"Suami istri ngentot itu sah kok haram..wkwkwkw. Vasektomi itu Haram, Bansos itu Halal.",2025-05-01T07:19:57.000Z,
twitter,"Indonesia itu negara Relijius dan setiap pemeluk agama dilindungi kepercayaan menjalankan ajaran agama masing2. Vasektomi itu Haram, Bansos itu Halal. Kesimpulannya Bansos jadi Haram apabila ada syarat Vasektomi.",2025-05-01T07:14:40.000Z,
twitter,"Bansos itu Halal, Vasektomi itu Haram. Kesimpulannya adalah Bansos jadi Haram apabil ada syarat Vasektomi. Selesai debat.",2025-05-01T07:12:58.000Z,
twitter,Fatwa mana coba yg bilang vasektomi haram? Kasih sini fatwa nya!,2025-05-01T06:49:08.000Z,
twitter,Solusinya adalah teriak2 minta bansos. Klo g di kasih.. mengungkit ungkit pasal 34..Tolol kn..diatur ma pemerintah bilang vasektomi haram lah..tp ngewe sampe anak sepuluh g bisa kasih makan alias terlantar msih bilang halal..,2025-05-01T06:41:45.000Z,
twitter,"Sender pemikirannya sesat, padahal Vasektomi itu hukumnya HARAM!!!",2025-05-01T06:25:07.000Z,
twitter,Berarti ditambah yang haram cuman babi sama vasektomi,2025-05-01T06:14:16.000Z,
twitter,"Kondom ga haram selama dipakai suami istri 
KB ga haram selama ga permanen atau sulit untuk dikembalikan, jika permanen pun boleh asal ada alasan kesehatan 
Termasuk tubektomi dan vasektomi
Kalau gaada alasan kesehatan maka tetap haram",2025-05-01T06:10:41.000Z,
twitter,"Salah menurut pandangan feminism: melanggar otoritas tubuh dengan kekuasaan yang membuat orang terpaksa harus memilih pilihan yang diinginkan (dalam hal ini vasektomi)
Salah menurut pandangan Islam: haram kalau gaada urgensi kesehatan, apalagi ini dipaksakan
Salah menurut hukum:",2025-05-01T05:51:02.000Z,
twitter,"Bansos itu Halal, Vasektomi Haram. Gitu aja",2025-05-01T05:04:30.000Z,
twitter,"Aku wong Jatim bos .mau manut ato ngga..tdk ada efeknya..klo saya tdk mau vasektomi..ya sdh diam..g usah tuntut bansos dari pemerintah..yg bilang rasis lah. yg bilang ini itu haram lah .tp tu program sdh bner. Klo mau hidup bermasyarakat ya msti taati aturan..klo g mau, ..",2025-05-01T05:03:54.000Z,
twitter,"OaLah wong sugeh kakean cocot. Hahaha. Bansos itu Halal,Vasektomi itu haram. J",2025-05-01T05:02:11.000Z,
twitter,Tdk ada halal haram klo mnyangkut kesejahteraan seluruh rakyat..Indonesia Bkn negara agama..aplg bawa2 hukum halal haram .klo anda g mau bansos ya mending diem g usah protes jd negara tdk mewajibkan anda vasektomi..titik..,2025-05-01T04:57:53.000Z,
twitter,"Beranak itu boleh dan Orang kaya tidak boleh mewajibkan  Vasektomi bagi orang miskin. Bansos itu Halal, Vasektomi itu Haram",2025-05-01T04:54:21.000Z,
twitter,"Makanya Vasektomi itu Haram, Bansos itu Halal.",2025-05-01T04:50:50.000Z,
twitter,"Yg nolak vasektomi setelah 2 anak itu cuma liat pov orang tuanya, Haram engganya. Coba Tanya pov anaknya soal yg lahir miskin Dan masih ada kemungkinan punya adik lagi.

Gw ga suka anak kecil tapi liat anak kecil kudu makan kertas sih kaga bisa. Mungkin lu bisa ya???",2025-05-01T04:49:55.000Z,
twitter,Makanya jangan vasektomi karena haram. Bansos itu halal,2025-05-01T04:43:54.000Z,
twitter,Memang Bansos Haram ?. Korupsi dan Vasektomi itu Halal ?. Jangan mengharamkan yang halal ya kak,2025-05-01T04:41:53.000Z,
twitter,KB dan vAsektomi itu Haram. Gak perlu manut ajaran Dedi Mulyadi,2025-05-01T04:38:26.000Z,
twitter,Makanya jangan manut BKKBN. KB dan vasektomi itu Haram.,2025-05-01T04:31:55.000Z,
twitter,KB dan Vasektomi itu Haram makanya manut agama jangan manut Dedi Mulyadi,2025-05-01T04:25:53.000Z,
twitter,"Haha bener munafik, giliran kondom apalagi vasektomi aja sok taat fatwa ulama, giliran rokok mau makruh haram merugikan kesehatan diri sendiri, dompet  dan orang lain mah terabas aja.",2025-05-01T04:18:11.000Z,
twitter,KB dan Vasektomi itu Haram,2025-05-01T04:07:17.000Z,
twitter,Hoax : MUI menyatakan Vasektomi haram!,2025-05-01T04:02:41.000Z,
twitter,Vasektomi haram hukumnya,2025-05-01T03:57:28.000Z,
twitter,"Jujur aku setuju sih.
Memang fatwa MUI haram vasektomi tanpa urgensi medis. Tapi dgn kebijakan ini, org kalau mau punya anak lebih mikir, siapkah secara finansial?
Kalau gak mau vasektomi > jangan nerima bansos > artinya harus matang scr finansial.
Lelah melihat anak2 terlantar",2025-04-30T21:58:29.000Z,
twitter,"Even tho I'm pro vasektomi untuk yg ga mampu, karena jadi anak wong ga punya itu ga enak.
Makan susah, sekolah apalagi.

Udah brp banyak coba nakes yg edukasi tentang punya anak cukup 2 dan tentang kontrasepsi? Malah dibilang: kontrasepsi haram, inilah, itulah (gw denger sendiri)",2025-04-30T21:34:41.000Z,
twitter,Apakah Picek itu haram atau Vasektomi yang haram?,2025-04-30T21:25:10.000Z,
twitter,"Vasektomi bisa haram menurut fatwa MUI karena itu steril permanen (ada bbrpa pengecualian)

KB wanita pada umumnya ga haram karena bukan steril permanen (kecuali tubektomi, perbandingan setara dgn vasektomi)

Utk kondom, sy setuju. Kasian istri sudah hamil, melahirkan, menyusui",2025-04-30T20:46:09.000Z,
twitter,"Ga ada yg nyebut KB haram, yg haram itu steril permanen seperti vasektomi (dengan bbrp pengecualian). Perbandingan setara utk peremuan itu tubektomi yg *bukan* metode KB pada umumnya di Indonesia.

Silahkan baca2 fatwa MUI mengenai ini.",2025-04-30T20:41:23.000Z,
twitter,Kb dan Vasektomi itu Haram. Agama yang melarang tapi manusia itu makhluk yang bodoh dan dzalim melanggar aturan Tuhan.,2025-04-30T20:31:24.000Z,
twitter,Sejak kapan vasektomi haram?,2025-04-30T20:14:18.000Z,
twitter,"justru yg awalnya kontra isu ini paling kenceng ya karena vasektomi itu haram, vasektomi merusak tubuh, masih banyak cara KB selain vasektomi dll

baru baru ini aja jadi ngarah ke kebijakan politik karena pada sadar kalo argumen utamanya dilawan balik sama cewek",2025-04-30T19:28:20.000Z,
twitter,"Cmiww cmiwww sok asyik lu. 
Nalar yg sederhana jadi muter"" dibuat spesies lu.
Vasektomi itu haram. Dibolehkan jika dan hanya jika. 
Lalu ada makhluk yg mewajibkan dan memaksakannya dan parahnya hal itu hanya ditujukan ke orang miskin. 

Gak usah jahat-jahat jadi manusia.",2025-04-30T18:29:30.000Z,
twitter,vasektomi haram tapi kawa2 gas,2025-04-30T18:27:38.000Z,
twitter,"Sundanese Mulyono ini gembar gembor vasektomi, apa dia tau Fatwa MUI vasektomi tuh haram? 

Sumber: https://fatwamui.com/storage/451/VASEKTOMI.pdf…",2025-04-30T18:13:50.000Z,
twitter,"Perlu diingat ya vasektomi itu haram begitu juga kb/angkat rahim. 
Dibolehkan jika dan hanya jika. 
Seandainya istri memiliki riwayat kesehatan yg membahayakan dirinya ketika hamil. Maka diperbolehkan bagi suami utk vasektomi.
Kalo alasannya hanya ingin membatasi anak maka haram.",2025-04-30T17:42:04.000Z,
twitter,"Ngomong vasektomi haram, tuh kb cewe emg ga haram? Tp pda tutup mata tutup telinga kan, yg penting bini lu aja yg kesiksa sama efek samping kbnya. Najis bgt gaada pengertiannya sma sekali ke bininya pada. Kasian bini lu udh ngandung, ngelahirin msih lu suruh kb, mna lunya miskin",2025-04-30T17:18:37.000Z,
twitter,Gak usah bawa umat beragama bang. Sebagian ust juga bilang KB haram tapi istri terpaksa KB. Kalo mau adil berarti no KB no Vasektomi. Ya udah tahankan anak 12,2025-04-30T15:59:17.000Z,
twitter,"Make kondom doang aja banyak alesannya apalagi vasektomi ""my body my choices"" ""Haram fatwa MUI""",2025-04-30T15:54:06.000Z,
twitter,"gue ga pro kebijakan vasektomi syarat bansos nya KDM, tapi vasektomi haram tu dalilnya sape dah? (serius nanya)",2025-04-30T14:47:46.000Z,
twitter,"biasanya orang yg sampe nganggep dalam islam vasektomi haram saklek juga ya, ga pro zina kocak",2025-04-30T14:42:55.000Z,
twitter,"@bgibnunu
 @asumsico
 Vasektomi dan tubektomi keduanya permanen, meski pembalikan mungkin tetapi tidak selalu berhasil. MUI mengizinkan vasektomi dengan syarat tertentu, tapi beberapa ulama masih menganggapnya haram. Kebijakan Dedi Mulyadi di Jawa Barat yang mewajibkan vasektomi",2025-04-30T14:30:14.000Z,
twitter,"Lo kayanya rajin kajian, kajian dmn si. Di islam ga haramkan KB. Yg haram itu kalo lo childfree. Lagian vasektomi wajib buat YANG MAU BANSOS, udh pny 2 anak dan 35 tahun ke atas (wanita udh risiko tinggi utk hamil). Kalo gamau nrima bansos ya gpp ga maksa",2025-04-30T13:34:33.000Z,
twitter,"KB itu Haram , Vasektomi itu Haram. Tanggung jawab si Bapak buat cari Nafkah, pemerintah tugasnya menyediakan Lapangan kerja bukan mewajibkan Vasektomi",2025-04-30T13:28:23.000Z,
twitter,Vasektomi itu Haram. Dedi Mulyadi itu sesat,2025-04-30T13:11:49.000Z,
twitter,Vasektomi itu Haram.,2025-04-30T13:09:40.000Z,
twitter,"haram mana sama ngga ngasih anak istri hidup layak? jadi gapapa anak banyak tapi kelaperan, daripada vasektomi untuk mengurangi kemungkinan miskin berkelanjutan?",2025-04-30T13:06:48.000Z,
twitter,"@grok
 Hukum Islam tentang KB atau Vasektomi itu halal atau haram ?",2025-04-30T13:05:33.000Z,
twitter,Vasektomi haram. Menelantarkan anak juga haram. Membandingkan dua hal yang haram tidak menjadikan salah satunya jadi halal.,2025-04-30T13:02:59.000Z,
twitter,Sejak kapan KB selain vasektomi permanen jadi haram? ,2025-04-30T13:02:42.000Z,
twitter,"Fatwa MUI: rokok haram!! tapi bnyk ustad & kyai bangga sbg perokok aktif & malah ada yg ceramah sambil jualan rokok. vasektomi dilakukan jika asas manfaat lbh besar dibanding mudharat & tentu manfaat vasektomi jauuuh lebih besar, rokok tdk punya manfaat selain hanya mudharat.",2025-04-30T13:02:02.000Z,
twitter,"kak kurang edukasi gimana itu bkkbn selalu penyuluhan tentang KB, program 2 anak ke desa desa. Tapi masih banyak yg bebal gak mau mengatasnamakan haram pdhal mereka dzolim gak bisa provide kebutuhan anak"" nya tpi selalu bikin anak mulu. Apalagi edukasi vasektomi.",2025-04-30T12:11:06.000Z,
twitter,"Mjb, eh serius vasektomi haram? Ada referensinya?",2025-04-30T12:10:33.000Z,
twitter,"Muslim bukan? Kalo bukan gausah ditanggepi postingan di atas bukan untuk kamu. Tapi kalo kamu muslim, kamu harus paham faktanya bahwa vasektomi itu haram dalam islam, gak usah nunggu fatwa MUI pun udah haram.",2025-04-30T12:05:53.000Z,
twitter,"Diluar yang katanya ""haram""... Vasektomi adalah KB buat laki-laki, pil, suntik,iud adalah KB buat perempuan... Fair enough? Perempuan & KB= wajib, laki2 & KB = diskriminatif.. perempuan diciptakan buat menderita aja kah?",2025-04-30T12:05:18.000Z,
twitter,Apapun pendapatmu gak merubah fakta bahwa vasektomi haram. Ada cara lain untuk membatasi itu,2025-04-30T12:04:29.000Z,
twitter,vasektomi haram tapi KB halal gitu ya? patriarki sekalehhhh,2025-04-30T11:35:47.000Z,
twitter,"Waktu itu ada yg bilang kalau vasektomi itu ga permanen krn bisa dikembalikan lagi. Makanya mau dikaji ulang tentang haram atau nggaknya, gitu :3",2025-04-30T11:20:59.000Z,
twitter,"Pertama. KDM kan bukan muslim? Jd tidak ada urusannya dg fatwa haram atau tidak.

Kedua. Ini memang sangat diskriminatif.
Vasektomi itu untuk lelaki yg sudah mempunyai keturunan. Andaikan belum punya keturunan dan keadaannya memang memenuhi syarat sbgai penerima bansos gimana?",2025-04-30T11:12:16.000Z,
twitter,"Kontra

-alam islam vasektomi itu haram padahal masih ada cara lain misal penggunaan kondom.
- syarat menerima bansos nah itu cacat karena bansos itu kewajiban pemerintah. 
- balik lagi fokus harusnya di menurunkan kemiskinannya bukan di kebijakan kb nya.",2025-04-30T11:10:36.000Z,
twitter,List haram nambah : 1.Babi 2.Vasektomi,2025-04-30T11:03:47.000Z,
twitter,"Oknum: vasektomi ga boleh haram bla bla bla

Yehhh kontol, giliran lu ga ngasih nafkah dan ga ada tanggung jawab nya sama sekali sm keluarga, ga ada tuh kata haram keluar dri mulut lu",2025-04-30T10:44:03.000Z,
twitter,"Antara setuju dan ga setuju , karna klo bagi orang muslim setahuku vasektomi itu haram cmiiw",2025-04-30T10:39:11.000Z,
twitter,Vasektomi haram hukumnya dalam islam..,2025-04-30T10:17:36.000Z,
twitter,Haram halal itu tergantung kondisi masa gtu sj ga tau.. Klo mmg anak byk ga mampu beli kondom anak2 nya sengsara jalan cm lwt vasektomi / pihak istri di KB.. Gmna solusimu?,2025-04-30T10:06:40.000Z,
twitter,"Vasektomi yangga permanen haram juga kah kak?

Kalo ga permanen kan sama aja cem suntik KB versi cowo",2025-04-30T10:02:29.000Z,
twitter,"VASEKTOMI BUAT PERJAKA HARAM YA.... 
TUK YANG PUNYA ANAK 2 DAN PRA SEJAHTERA HARAM GA?",2025-04-30T10:01:50.000Z,
twitter,"gpp kak halal haram tuhan yg paham kondisi kita, bapakku (biasa jd imam dan ngisi khutbah di masjid) jg vasektomi",2025-04-30T08:34:59.000Z,
twitter,"Astaghfirullah..... 

Jangan percaya yaa. Ini fatwa yang udah diperbarui. 

Anjirlah. Kaget gue dibilang vasektomi haram 

Ya Allah pengen tabok orang ini ",2025-04-30T08:27:41.000Z,
twitter,"Gak, gue salfok. Ini beneran MUI bikin fatwa kalo vasektomi itu haram?",2025-04-30T08:18:51.000Z,
twitter,"Sstt, jgn dikasih tau bang, klo kaum konservatif sadar klo vasektomi itu udh difatwa haram, berabe entar , awkwkwkw",2025-04-30T08:08:19.000Z,
twitter,"Nah ini. Yang jelas diharamkan dan merugikan banyak orang dicuekkin. Mengenai vasektomi fatwa sudah berubah di tahun 2012, dari haram, jadi diperbolehkan dengan syarat. Malah ditentang habis-habisan.",2025-04-30T08:07:24.000Z,
twitter,"Fatwa MUI menyatakan bahwa vasektomi hukumnya haram karena dianggap sebagai pemandulan permanen. Namun, ada pengecualian dalam situasi tertentu yang dibenarkan, seperti ketika kesehatan istri atau keluarga beresiko, atau ketika pasangan sudah memiliki cukup banyak anak.",2025-04-30T08:04:03.000Z,
twitter,"Bicara : Hukum Vasektomi dalam Islam, Haram atau Diperboleh...",2025-04-30T08:03:01.000Z,
twitter,"Kang 
@DediMulyadi71
 sebelum buat sebuah kebijakan, baiknya dibaca banyak referensi, jgn buat kebijakan yg sensitif dan bertentangan dgn ajaran agama. Ini pendapat dari 
@muhammadiyah
 dan 
@nahdlatululama
 
Infonya 
@MUIPusat
 jg menfatwakan haram terkait vasektomi.",2025-04-30T07:46:04.000Z,
twitter,"vasektomi haram
cewe wajib kb

adalah tai di negeri patriarki.",2025-04-30T06:44:27.000Z,
twitter,"Lah. Anak anak mereka. Suka suka mreka bikin anak. Koq lu malah nunjuk2 LU nya ke Gw 
Eeh gubernur lu itu gak tau ya VASEKTOMI itu haram secara Islam. Sok mau maen tuhan2an. Dasar odong2 ",2025-04-30T06:42:09.000Z,
twitter,"vasektomi haram, tapi giliran anak banyak gak keurus gak haram yg penting ""binyik inik binyik rijiki"" ",2025-04-30T06:28:10.000Z,
twitter,"hahahaha cowok² patriarki ketrigger karna dipaksa melek sama program vasektomi 

gak usah ngomongin haram karna fatwa MUI deh.. itu rokok dilabelin haram juga kalian tutup mata tutup telinga kan.",2025-04-30T06:25:15.000Z,
twitter,"Halal haram itu tergantung kondisi masa mesti kafir yg ngajarin  contoh nya saat pandemo, klo pd vasektomi untuk pd ortu yg sdh punya anak banyak smua dibuat berdasarkan contoh kasus yg terjadi buat makan sj tidak mampu tp istri hamil terus.",2025-04-30T05:54:12.000Z,
twitter,"Dalam Islam, vasektomi dan tubektomi umumnya dianggap haram karena secara permanen mencegah prokreasi, yang dipandang sebagai mengubah ciptaan Allah. Pengecualian diperbolehkan untuk kebutuhan medis, seperti risiko kesehatan serius. Di Indonesia, MUI kini mengizinkan vasektomi",2025-04-30T05:53:29.000Z,
twitter,"""vasektomi haram"" but when a women refused to do so, you call her ""kan itu udh kodrat perempuan!"" nyap nyap mulu, cemen mental lu semua yg kayak gini",2025-04-30T05:31:41.000Z,
twitter,"vasektomi dibilang haram, but when parents can't provide a safe haven for their child and still choose to have more kids, they say, ""banyak anak banyak rezeki""—as if making your child suffer isn't haram",2025-04-30T05:31:40.000Z,
twitter,jadi kalian tuh lebih baik beranak banyak dan TIDAK BERTANGGUNGJAWAB YA dibanding ngelakuin vasektomi yg haram? ternyata lebih baik tidak ngurusin anak ya?,2025-04-30T05:28:19.000Z,
twitter,trs galama ada yg bikin vasektomi haram menurut MUI  jncok,2025-04-30T05:22:14.000Z,
twitter,"gk vasektomi aja banyak ko yg selingkuh celap celup, nothing change except gaakan ada victim baru seorang anak yg gk salah apa2 dikatain anak haram",2025-04-30T05:14:12.000Z,
twitter,"- baru boleh vasektomi. kalau bahas-bahas haram, coba lu pikirin lagi kalo punya anak banyak tapi lu kaga mampu, anak lu ditelantarin. ngerepotin warga + pemerintah. dan lu juga ujung-ujungnya stress gabisa urus anak, dosa juga elu ujung-ujungnya.",2025-04-30T05:12:33.000Z,
twitter,"Mau tanya dong, kalau misal vasektomi haram karena menyebabkan pemandulan permanen atau menghalangi prokreasi, terus gimana dengan steril pada wanita (tubektomi)? Itu kan sama juga menghalangi prokreasi. Apakah sejauh ini sebenernya diharamkan juga ya? Atau ada penjelasan lain?",2025-04-30T05:05:21.000Z,
twitter,gak peduli sama bacot yg bilang vasektomi haram kalo dia sama sekali gak naruh perhatian di tingginya pasien kanker karena iud,2025-04-30T05:05:17.000Z,
twitter,"Kalau kata Ustadz ku haram untuk vasektomi karena permanen, karna di Indonesia blm ada yg terbukti vasektomi itu gk permanen..",2025-04-30T05:02:58.000Z,
twitter,"Emang KB itu dibolehkan dalam agama untuk perempuan? Fungsi vasektomi pada laki laki dan KB pada perempuan itu kan sama sama mencegah anak berlebih, jadi disini cmn cewe disuruh kb tapi cowo gaboleh gitu? Kalau cowo haram trs cewe ga haram?",2025-04-30T05:01:14.000Z,
twitter,"FATWA MUI: ROKOK HARAM...!

Tapi yg ngerokok masih banyak????

So, kalopun vasektomi haram (menurut fatwa mui), tapi masih banyak juga yg pro sm vasektomi",2025-04-30T04:54:59.000Z,
twitter,yg dia kutip ini bawa2 fatwa MUI yg jls2 agama yg dimaksud islam kan? apalg yg dikutip blg kl dia muslim dan mematok fatwa mui sbg pegangan bahwa vasektomi haram. emg sih nyinggung agama lain tp open ur eyes lah yg berlindung dr agama dan fatwa terkait anak pinak mostly siapa...,2025-04-30T04:53:09.000Z,
twitter,Bentar lagi keluar dah fatwa haram vasektomi ,2025-04-30T04:50:03.000Z,
twitter,"Buset, laki-laki pada gini amat.
Vasektomi = mandul (katanya) = haram
Banyak anak = anak pada ga keurus (lahir batin) = tidak haram kah?",2025-04-30T04:42:45.000Z,
twitter,"1979 vasektomi dinyatakan haram oleh MUI. Sejak tahun 2000, sudah tidak haram lagi",2025-04-30T04:34:09.000Z,
twitter,"Vasektomi haram terus orang tetap melakukan ya itu terserah lagi, kan udah disampaikan hukumnya. Tinggal patuh atau tidak.",2025-04-30T04:00:15.000Z,
twitter,Vasektomi haram?lalu bagaimana dengan seorang anak yang diberikan hidup tidak layak oleh ortu yang tidak bertanggungjawab?,2025-04-30T03:54:06.000Z,
twitter,"Vasektomi haram, tapi nelantarin anak mah gak haram yeee.",2025-04-30T03:44:09.000Z,
twitter,"Vasektomi haram dalam Islam, kecuali jika:

1. Tujuannya sesuai syariat, bukan sekadar malas punya anak.

2. Tidak permanen dan bisa dikembalikan fungsi reproduksinya.

3. Tidak membahayakan dan bukan metode kontrasepsi mantap.
Kesimpulan: Boleh jika memenuhi ketiga syarat tsb.",2025-04-30T03:35:03.000Z,
twitter,"Vasektomi Sudah Halal ?

Majelis Ulama Indonesia (MUI) akhirnya pada Juli 2012 meninjau ulang hukum haram praktek vasektomi. Vasektomi adalah operasi kecil mengikat saluran sperma pria sehingga benih pria tidak mengalir ke dalam air mani pria. Vasektomi dilakukan untuk mencegah",2025-04-30T03:31:40.000Z,
twitter,"Catatan serius, dalam Islam (saya mengacu fatwa MUI), KB permanen seperti vasektomi dan tubektomi hukumnya haram jika tidak ada udzur syari. Gubernur tidak boleh memaksa warga melakukan KB permanen jika tidak ada udzur syari tsb. Bahaya karena mengarah kepada kemungkaran.",2025-04-30T03:24:23.000Z,
twitter,"APASI TOLOL, KALO CEWE KB EMANG GA HARAM? ITU VASEKTOMI BUAT ORANG MISKIN NAFSUAN OTAKNYA NGENTOT DOANG.",2025-04-30T03:23:40.000Z,
twitter,"sebenernya bagus aja kebijakan kaya gini, since orang kalangan bawah can't control to have a child, beranak mulu. tapi secara syariat vasektomi tuh masih abu, malah (pernah baca) tergolong haram, wallahu a'lam",2025-04-30T03:04:04.000Z,
twitter,"Gua mah sebenarnya sepakat2 aja sama kebijakan Vasektomi

Tapi kayaknya dalam islam, fiqih, ini rigid banget, gak bisa sembarangan hukumnya. Bisa masuk ke Haram.",2025-04-30T03:01:50.000Z,
twitter,"Perasaan vasektomi ada jangka waktunya 
Lagian berlindung dibalik kata haram mah ga keren",2025-04-30T02:55:36.000Z,
twitter,"Haram apabila bermaksud untuk pemandulan permanen, tapi kalau untuk mencegah ga apapa katanya kak. Laki - laki yang sudah melakukan vasektomi bisa kok punya anak lagi.",2025-04-30T02:54:50.000Z,
twitter,Tugas pemerintah itu cari solusi atau sistem utk kesejahteraan masyarakat bukan mencegah orang punya anak. Apapun judulnya vasektomi tetaplah HARAM,2025-04-30T02:19:24.000Z,
twitter,"vasektomi haram, tapi kalo korupsi, dzalim, merusak tatanan negara itu halal bang?",2025-04-30T02:18:32.000Z,
twitter,"Vasektomi haram (menurut MUI) dgn pengecualian.
Salah satunya tidak permanen. 

Vasektomi saat inj bisa direkanalisasi, tidak dg tubektomi.

Aku tdk masalah dg metode KB, yg jd masalah adl pemaksaan dn deskriminasi trhdap org miskin.
My body my choice ternyata tdk utk org miskin.",2025-04-30T01:51:38.000Z,
twitter,"Mereka maunya wanita yg di KB, dan berpendapat bahwa vasektomi itu haram. 

Ini saya juga bingung ",2025-04-30T01:39:12.000Z,
twitter,"Tp emg haram sih kata ulama. Alesannya krn vasektomi ini pemandulan secara permanen, sedangkan kalo kb cewe kan bisa berenti sewaktu waktu kalo pen punya anak lagi. Tp kata gua mending pake kondom aja dah atau crot diluar. Toh sama bae rasanya mau crot dimana juga",2025-04-30T01:38:45.000Z,
twitter,"Heh dibilangin ada yg pake cincin. Disumbat aja salurannya sama kyk KB cewe yg halangin hormon esterogen buat kerja, sm sm menghambat. Terus knp kalo vasektomi haram kl KB cw gpp? Lagian ya emang ada kondom dll, tapi kebanyakan suami g mau pake krn katanya gaenak.",2025-04-30T01:36:43.000Z,
twitter,"knp giliran bahas vasektomi pada ga terima dan bilang haram, tp pas bahas kb perempuan ga ada tuh yg beginii",2025-04-30T01:28:29.000Z,
twitter,"Nahh ini lho gais, maksudnya pak dedi, dia ga mau ada warganya yg kayak gini. Demen ngewe, gak mau pake pengaman, punya anak, anaknya ga bisa diurus karna ga ada biaya. Disuruh vasektomi malah pada ngamuk, bilang ""Haram!! HARAM!! Cont...",2025-04-30T01:19:01.000Z,
twitter,"aslinya vasektomi nggak seharam itu sesuai dengan kondisi masing masing. kalau udah tua dan bikin anak terus ya baiknya vasektomi, tapi karena ini udah merenggut kebebasan orang ya jadi haram.",2025-04-29T23:56:09.000Z,
twitter,"Vasektomi haram tp gak kasih kehidupan layak utk anak itu tanggung jawab pemerintah,,jd rakyat cukup bikin anak aja gak usah mikir siapa yg kasih makan.",2025-04-29T23:27:43.000Z,
twitter,Apapun alasannya vasektomi itu haram titik,2025-04-29T23:25:55.000Z,
twitter,"Klo cuma menyarankan ok aja lah tp klo udh sebagai syarat menerima bansos or beasiswa itu udh penindasan.. 

Vasektomi fatwa MUI = Haram 
Merokok fatwa MUI = Haram 

Yg masih ngerokok jgn ngebacot benahin diri dulu!!",2025-04-29T23:03:20.000Z,
twitter,"Anda bilang ""vasektomi haram karna menyebabkan pemandulan permanen"", ada buktinya? Lalu apa pendapat anda tentang ibu2 yang diharuskan steril (tubektomi yang sifatnya permanen) oleh dokter setelah kelahiran anak ketiga, terutama yang semuanya melalui proses caesar?",2025-04-29T22:50:56.000Z,
twitter,"Bukan masalah ga dapet bansos atau beasiswanya sih, lebih ke dosanya aja, karena vasektomi kan haram kalo tanpa indikasi kewajiban medis.",2025-04-29T22:26:35.000Z,
twitter,"Daripada dzolim sama anak, gabisa ngurus anak mending vasektomi, jangan dikit2 teriak haram, di liat lagi sisi baiknya.",2025-04-29T22:18:51.000Z,
twitter,Tapi vasektomi itu haram.,2025-04-29T21:56:51.000Z,
twitter,"Menurut fatwa MUI 2012, vasektomi boleh jika dapat dibalik, tidak menyebabkan kemandulan permanen, dan aman. Namun, fatwa sebelumnya (1979, 1983, 2009) menyatakan haram karena dianggap steril permanen. Ulama Muhammadiyah mendukung dengan syarat ketat, sementara NU menolak karena",2025-04-29T21:53:36.000Z,
twitter,"@ferizandra
 @HickleMilt69847
 Saya lihat usulan Dedi Mulyadi soal vasektomi sebagai syarat bansos ini kontroversial banget. Dari sisi agama, baik Islam maupun Katolik menentang keras karena dianggap haram dan melanggar nilai prokreasi. MUI bahkan udah keluarin fatwa, dan Gereja",2025-04-29T18:37:38.000Z,
twitter,"cari fakta jangan pake statement orang di twitter kak, di google banyak kok dijelasin fatwa MUI yang bener.
dan emang ga haram kalo emng dibutuhkan.
ya logika aja si, lebih haram ngebiarin istri kesakitan apa vasektomi?",2025-04-29T18:01:03.000Z,
twitter,VASEKTOMI HARAM DALAM ISLAM,2025-04-29T17:56:49.000Z,
twitter,"Fatwa Awal (1979):
(1) MUI pada tahun 1979 menetapkan bahwa vasektomi haram karena dianggap sebagai pemandulan permanen yang melanggar kaidah Islam. 
Perubahan Fatwa (2009 & 2012):
Setelah mempertimbangkan perkembangan teknologi medis, khususnya terkait pemulihan saluran sperma,",2025-04-29T17:55:59.000Z,
twitter,"Lu coba liat akun yg ga setuju tuh pasti akun laki yg egois, dan yg bawa agama alias yg mabok agama. Yg bagi mereka vasektomi haram, tapi menelantarkan anak ga haram.",2025-04-29T17:55:09.000Z,
twitter,"kalo ada kepentingan ga haram kok vasektomi, gaada bedanya sama KB, IUD, dll.
kenapasih gini aja otakny ga nyampe?",2025-04-29T17:54:55.000Z,
twitter,"Yaelah rokok aja haram, masih pada ngepul tuh kiyai. Vasektomi buat orang miskin yg hiburannya cuma ngentot lgsg ""vasektomi haram"". KL nelantarin dan bikin anak terbebani ga haram dong berarti?",2025-04-29T17:48:41.000Z,
twitter,"ini kmu ga nangkap kah pesannya? 
ya benar vasektomi itu haram dalam hukum islam tpi di samping itu, punya anak banyak dengan keadaan kekurangan juga zalim jatuhnya, anak tidak terpenuhi haknya. realitanya skrng banyak seperti itu, udahlah miskin kerjaannya ngewe dan beranak mulu",2025-04-29T17:03:03.000Z,
twitter,"ini kmu ga nangkap kah pesannya? 
ya benar vasektomi itu haram dalam hukum islam tpi di samping itu, punya anak banyak dengan keadaan kekurangan juga zalim jatuhnya, anak tidak terpenuhi haknya. realitanya skrng banyak seperti itu, udahlah miskin kerjaannya ngewe dan beranak mulu",2025-04-29T16:58:13.000Z,
twitter,"rajin lihat info aja ttg vasektomi yang terbaru tuh. kalau sudah bisa menggeser yang menyebabkan dia haram, ya silakan",2025-04-29T16:31:11.000Z,
twitter,ak gk paham.. kadang ada yg setuju bgt sm vasektomi.. kadang ada yg bilang vasektomi haram.. kayak.. hmm,2025-04-29T16:14:50.000Z,
twitter,"Kecuali nya udah di langgar ya mba  baca dong "" menyebabkan kemandulan"" tujuan vasektomi kan emg buat mandul  Otomatis ya jatuh nya haram gitu aja gak bisa telaah mba mba",2025-04-29T16:09:33.000Z,
twitter,Vasektomi Haram utk Muslim...,2025-04-29T15:58:12.000Z,
twitter,"Hukum vasektomi dalam Islam menurut jumhur ulama adalah haram karena bersifat permanen dan bertentangan dengan anjuran untuk berketurunan. Namun, ada pengecualian jika vasektomi bersifat sementara atau dapat dibalik, seperti fatwa MUI 2012 yang mengizinkan dengan syarat aman dan",2025-04-29T15:41:31.000Z,
twitter,"respon perempuan banyak yang setuju, respon laki-laki pasti bakal bilang vasektomi haram.",2025-04-29T14:58:50.000Z,
twitter,"Faktanya yang kerja sekarang banyak cewek, cowok malah banyak yang nganggur (cek data bps jabar). Cewek udah banting tulang di luar rumah, pulang disuruh ngurus anak, ngurus rumah, disuruh juga mikirin KB. Lah cowok? Rebahan sambil bilang vasektomi haram. Ngaca, bro!!!",2025-04-29T14:30:54.000Z,
twitter,"Lah elu bikin anak bareng, tapi tanggung jawabnya cuman sebelah?Sekarang pas pemerintah ngusulin cowok buat ikut KB lewat vasektomi, malah bawa-bawa agama. Dari dulu juga Islam nggak haram-haram amat KB, asal ada alasan yang jelas dan masuk akal. Gitu aja pada ribut.",2025-04-29T14:29:32.000Z,
twitter,"Sebagai muslim harusnya lu paham apa itu fatwa. Fatwa haram belum tentu haram, karena fatwa hanya rekomendasi. Dan faktanya vasektomi itu ga benar benar permanen, karena bisa disambung kembali, justru yang benar-benar permanen itu tubektomi.",2025-04-29T14:21:12.000Z,
twitter,Emang vasektomi tuh secara hukum Islam masih termasuk haram kah? Kalo haram kok sama BKKBN tetep diluncurkan ya??,2025-04-29T14:15:00.000Z,
twitter,"Oh vasektomi tuh haram… baru tau, iyasih kenapa baru tau padahal itu masuk akal kalau di Islam",2025-04-29T14:11:04.000Z,
twitter,Emang vasektomi menurutmu seperti apa?apa bedanya sama kb buat perempuan??ya sama dong vasektomi nih bukan dipotong tp diikat sama kyk prosedur steril pd wanita juga diikat yg haram tuh diputus,2025-04-29T13:49:45.000Z,
twitter,"Hmm, imo ga setuju. Terlepas dari ham atau apapun, vasektomi keknya haram kalo di Islam, meskipun aku setuju sama statement Kang Dedi bagian ""berhenti bikin anak kalau tak sanggup"".",2025-04-29T13:36:23.000Z,
twitter,"Ide Vasektomi dari KDM utk para suami dari keluarga kurang mampu banyak menerima hujatan.. 
Lucunya mereka yg menghujat adalah laki2 dan tidak cukup pengetahuan tentang vasektomi, dibilang mandul lah, dihubungkan dg haram lah... 
Please kalau goblok..baca !!",2025-04-29T13:35:35.000Z,
twitter,"Kalo mau vasektomi ya vasetomi aja, ga usah mempersialkan yg berpendapat haram",2025-04-29T13:27:47.000Z,
twitter,"KB perempuan= halal
vasektomi= haram
WKWKWKWK banget",2025-04-29T13:17:26.000Z,
twitter,"Aku post ini ntar diserang sama pendukungnya gk ya? Setau saya vasektomi itu sdah di fatwakan oleh MUI bahwa itu haram, lagipula statment KDM ini rasis dan diskriminatif kl mnurut sy, silahkan berpendapat. Bebas",2025-04-29T13:15:50.000Z,
twitter,"sudut pandang ulama tentang vasektomi itu haram ded‍‍,jadi pertimbangan lagi lah,misal dengan ancaman tindak tegas keluarga miskin yang sudah dapet bansos dan beasiswa cukup hanya 2 anak saja,jika melanggar maka dilakukan pencabutan data tersebut dll,masih bnyk caranya!",2025-04-29T13:02:33.000Z,
twitter,"Vasektomi pria haram, trus angkat rahim halal ya biar puas ngewe beranak sana sini???",2025-04-29T12:38:07.000Z,
twitter,"Ya gak vasektomi juga kali, itu permanen gak bs dibalikin lagi, sangat bertentangan jg dengan agama, Haram",2025-04-29T12:37:13.000Z,
twitter,"Menurut Majelis Ulama Indonesia (MUI), vasektomi hukumnya haram jika dilakukan secara permanen (tidak bisa dikembalikan lagi) dan tanpa alasan darurat yang sah menurut syariat. Namun, bisa menjadi mubah (boleh) jika dilakukan sementara dan dapat dikembalikan fungsi reproduksinya",2025-04-29T12:33:07.000Z,
twitter,"pada 2012, Sidang komisi fatwa MUI di cipasung, menghadirkan BKKB dan kemenkes. vasektomi ada pengecualian yang tidak haram, yaitu tidak menyalahi syariat, dapat di lakukan pengembalian sistem reproduksi seperti semula, tidak menimbulkan bahaya",2025-04-29T11:56:40.000Z,
twitter,lebih haram kalau punya anak banyak tapi ekonomi buat makan aja susah. Kalau menurutku vasektomi bisa jadi solusi,2025-04-29T11:40:08.000Z,
twitter,"Tadinya gue mau divasektomi
Karna anak udh lumayan byk dan kasihan bini di KB suntik haid gak teratur dan sakit di implan gak cocok dan skrng terasa sakit tanganya apalagi klo byk gerak 
Udh konsultasi sama bidan jg tapi blm tau klo vasektomi itu haram 
Gak jadi klo gtu",2025-04-29T11:05:10.000Z,
twitter,"Kalo alasannya itu, bukannya KB juga harusnya haram ya? Tapi perasaan ga pernah tuh denger ada kaum kelen yang cuap-cuap soal ini.

Permanen? Sans bro, vasektomi bisa dibalikin kok. Ga jadi haram kan?",2025-04-29T10:36:11.000Z,
twitter,"@grok
 atas dasar apa vasektomi haram?",2025-04-29T10:12:29.000Z,
twitter,"Nahhhh ternyata betul twit aku yg kemarin, vasektomi tuh HARAM !!!
Ternyata sdh ada futwa fatwanya",2025-04-29T10:09:40.000Z,
twitter,"Apa benar tulisan ini Pak 
@hasyimmah
 .... vasektomi haram?",2025-04-29T09:43:18.000Z,
twitter,"tadi lewat tl ada yg bilang Vasektomi haram, tapi setelah cek google sempat mengalami perubahan",2025-04-29T08:21:39.000Z,
twitter,Fatwa MUI: Vasektomi haram,2025-04-29T08:18:08.000Z,
twitter,"haram kalo elu belum nikah, kalo udah nikah mah minimal punya 2 anak ya sah2 aja vasektomi harusnya",2025-04-29T07:48:59.000Z,
twitter,"ternyata emang kualitas pria di sini cuma sebatas sperma yg dikeluarin doang
cewe boleh KB tp laki2 gak boleh vasektomi, haram pokoknya",2025-04-29T05:17:41.000Z,
twitter,Vasektomi itu haram dalam pandangan islam. Malah jadi syarat penerima bansos.,2025-04-29T05:00:25.000Z,
twitter,"@ferizandra
 @rhalvx
 Saya kira ide Gubernur Jawa Barat ini bermasalah secara etis karena memaksa vasektomi untuk dapat bansos, yang bisa melanggar hak atas otonomi tubuh dan kebebasan beragama, terutama karena beberapa agama, seperti Islam, menganggap vasektomi haram. Tujuannya",2025-04-29T04:42:18.000Z,
twitter,kenapa ga dihentikan oleh BKKBN kalau vasektomi haram?,2025-04-29T04:41:41.000Z,
twitter,"Hei Ded ,kunted yang ngasih rejeki itu Allah kamu hanya diberi amanah mimpin  laksanakan dengan baik jangan melakukan yang dilarang Allah. Vasektomi itu Haram !!!",2025-04-29T04:17:39.000Z,
twitter,"Agk aneh jg,klo benar,
@DediMulyadi71
 buat ""ketidakbijakan"" yg syaratkan vasektomi u bs dpt beasiswa n bansos!Ini d luar kepribadian yg dikenal dr KDM yg terkesan slalu memberi tanpa pamrih! 
Krn syrt ini terkait soal ""haram"" dlm Islam (fatwa MUI),kudu ditolak n ada yg ingatkan!",2025-04-29T04:04:24.000Z,
twitter,"Vasektomi itu haram,",2025-04-29T03:59:39.000Z,
twitter,"Program vasektomi BKKBN bertujuan mengendalikan pertumbuhan penduduk dan mendorong tanggung jawab pria dalam keluarga berencana, bukan hanya soal agama, tapi untuk kesehatan masyarakat. Meski ada resistensi karena dianggap haram dalam Islam dan bertentangan dengan ajaran Katolik,",2025-04-29T03:55:53.000Z,
twitter,"Dalam Islam, menurut fatwa MUI 2012, vasektomi umumnya haram karena dianggap steril permanen, tetapi boleh jika reversibel, tidak merusak tubuh, dan tidak untuk program kontrasepsi permanen. Namun, banyak ulama, seperti NU, tetap menolak karena keraguan keberhasilan rekinalisasi.",2025-04-29T03:52:42.000Z,
twitter,"Dalam Islam, Majelis Ulama Indonesia (MUI) menetapkan bahwa vasektomi hukumnya haram, terutama karena dianggap sebagai tindakan pemandulan permanen, kecuali ada kondisi darurat medis tertentu atau dapat dipastikan tidak menyebabkan kemandulan permanen dan bisa dipulihkan kembali.",2025-04-29T03:51:11.000Z,
twitter,"@grok
 @AskPerplexity
 apakah vasektomi haram?",2025-04-29T03:50:12.000Z,
twitter,"Vasektomi haram, berarti KB juga haram??",2025-04-29T03:46:44.000Z,
twitter,"Diselingkuhi udah sakit banget, apalagi ditambah rela vasektomi demi pasangan. Wuajor poll.
Atleast win win solution. Lakinya vasektomi, Perempuannya juga harus histerektomi. Terkadang yang namanya cinta bikin buta
BTW, Vasektomi itu haram.",2025-04-21T21:16:52.000Z,
twitter,"Enak kalian aja yang vasektomi, toh kalian pelaku dan kalian yang bisa bikin anak... Jangan ngebebanin apa-apa ke cewe

Ini lagi ga ngomongin halal haram yak, gue ngomong belas kasih sayang, maksud gue itu bini udah setres pas hamil, ada kemungkinan meninggal pas ngelahirin",2025-04-21T18:54:33.000Z,
twitter,"Seharusnya kalo lakinya mesti di vasektomi, Perempuannya juga harus histerektomi.. Kadang manusia itu memang bodoh sih karena cinta.. atleast win win solution..
BTW, Vasektomi itu haram.",2025-04-21T03:07:53.000Z,
twitter,Suruh je si suami tu buat vasektomi. Dah alang2 perangai haram jaddah,2025-04-19T17:27:47.000Z,
twitter,Setahu q haram kalo yg permanen kak. Kalo hamil memiliki mudharat dan vasektomi yg bsa d balikin  itu g papa. Lupa pernah baca d mana ini. Cmiw,2025-04-19T09:45:47.000Z,
twitter,"Karena vasektomi haram buat laki2, kecuali bisa dipasang kembali. 

Lebih ke gw ngeri aja sih ni timeline twt dari fomo ga mau nikah, fomo ga mau punya anak, sekarang fomo vasektomi laki. 

Sadar ga kalo banyak kehidupan kelen dipengaruhi twt?",2025-04-18T15:11:19.000Z,
twitter,"Haram halal mah tergantung. Kalo lo ga mau vasektomi karena lo anggap haram ya udah ga ada yg ngurusin lo. Titit lo juga
Nah sama aja lu jg jgn ngurusin orang lain. Cuma vadektomi aja lo mempertanyakan manhood? 
Fragile bgt maskulinitas lu, small dicc energy bgtt lu jd laki wkwk",2025-04-18T11:51:16.000Z,
twitter,"Feminis: Suami yang mau vasektomi ya biarin lah, kan urusan hidup mereka.
Muslim: Vasektomi itu haram.
Feminis: 

Muslim: Poligami adalah ajaran Rasulullah.
Feminis: Itu bentuk perbudakan dalam rumah tangga! 
Muslim: Lo ngapain ngurusin rumah tangga orang? ",2025-04-18T08:04:52.000Z,
twitter,"Analoginya sama. Pacaran itu haram juga. Haram itu bukan perkara vasektomi aja, banyak. Kamu sok iye bahas laki² vasektomi, tapi apakah kamu negur orang yg pacaran itu haram juga?? Aku juga ga ngurus perngentotan orang pacaran, tapi kamu itu mengaitkan vasektomi dgn agama",2025-04-18T07:09:15.000Z,
twitter,"Kalo menurut Lo vasektomi itu haram ya udah sih itu pribadi si pengambil keputusan. Di luar sana banyak kok yg pacaran sambil ngewe, kan haram juga, malah lebih banyak yg pacaran trus iclik daripada jumlah suami yg memutuskan vasektomi ",2025-04-18T06:42:15.000Z,
twitter,"Tapi vasektomi ga bikin mandul, masih bisa di reverse 

Trus yg bikin haram apa dong?

Kalo alesannya efek samping, kb2 lain yg ditanggung perempuan lebih banyak efek samping, dan justru vasektomi yg paling minim efek samping",2025-04-18T06:01:59.000Z,
twitter,"Bawa vasektomi haram? Kalo cuman sekadar ""pingin doang"" emang haram.

Tapi kalo cermati di video ceramah, bahkan gw baca lagi sih FATWA MUI, juga diizinkan apabila kondisi MENDESAK.

Lah ini kondisi si istri mendesak, KB lain GA 100% jamin ga hamil. Malah nyuruh angkat rahim.",2025-04-18T04:22:56.000Z,
twitter,"kamu sendiri yg dr kemarin ngasumsiin kalo aku cari pembelaan buat vasektomi ga halal. padahal tinggal bilang ""terakhir fatwa MUI tentang vasektomi haram, jadi tetap haram karena gaada pembaruan lagi"" udah sgt menjawab. tapi lebih milih kaya gini",2025-04-18T04:19:19.000Z,
twitter,"Fatwanya tetap tidak berubah jika vasektomi tidak dapat direhabilitasi maka vasektomi haram, jika vasektomi dapat direhabilitasi maka vasektomi bisa menjadi mubah.",2025-04-18T04:05:14.000Z,
twitter,"Bro??? Liat info di atas, ibu temennya (walau udah punya cucu) selingkuh...

Vasektomi atau KB permanen buat pria hukumnya haram karena merubah ciptaan-Nya",2025-04-18T03:43:57.000Z,
twitter,"Tapi tetep sih, kl alasannya ""gak mau punya anak banyak"" vasektomi dan tubektomi ttp haram hukumnya, krn selain yang kamu sebutin tadi masih ada bbrp cara lain yg bisa diusahakan.",2025-04-18T03:36:09.000Z,
twitter,"Udahlah pake kondom aja. 

""Ah pke kondom ga enak"", ya lu pakenya yg tipis kocak. Dr pd musingin vasektomi haram, kb perempuan ga nyaman. Ya udh tinggal pake kondom yg bagus. Selain itu, kondom juga mencegah penularan infeksi menular seksual.",2025-04-18T02:58:13.000Z,
twitter,Vasektomi haram ini nemu di mana ya kak sumbernya? Aku belum nemu di google bisa tolong share sumber kredibelnya? Ini aku beneran  penasaran,2025-04-18T02:06:34.000Z,
twitter,"Dia pikir tuhan sekeras itu  Tuhan yang Maha Tau, Maha Pengasih, Maha Pemaaf, Tuhan yg paling tau kondisi manusia dan lu tukang ketok palu bilang haram padahal lu sendiri ngasih vidio ada kata KALAU. Lagian vasektomi ada yg reversibel dibanding angkat rahin
 Kek begini dosen",2025-04-18T01:36:37.000Z,
twitter,"untuk pihak perempuan aja (tubektomi) krn resiko kehamilan ada di perempuan. jadi vasektomi tetap haram, tubektomi haram tapi bisa jadi gapapa kalo ada resiko saat kehamilan terjadi. ini videonya, menurut aku udah cukup jelas",2025-04-18T01:01:53.000Z,
twitter,"pendapat tentang hukum nikah. bisa wajib, sunnah, mubah, makruh, bahkan haram. (kalo mau baca saya ada kitab mu'in)

nah bisa dipastikan apakah hadis ini cocok buat masalah vasektomi apa ngga.",2025-04-17T17:33:01.000Z,
twitter,vasektomi/tubektomi haram hukumnya karena sifatnya permanen + merubah ciptaan Allah. Wallahu a'lam bishawab,2025-04-17T17:25:31.000Z,
twitter,"bukan anti, cuma kan masnya tanya lqbt perlu qiyas ama ngga.

lgbt sepakat haram, tpi apakah keharaman ini berlaku ke vasektomi?

ini ga pake qiyas? pake rujukan? hadis mana? yg masnya pake di gus baha? konteks hukumnya gimana? alhukmu yaduru ma illatihi gimana?",2025-04-17T16:06:30.000Z,
twitter,"Aku gak tau dalam Islam atau ada/tdk fatwa MUI yang menyatakan hukumnya vasektomi ini. Tapi pemerintah punya program ini, bukannya kalau ada fatwa MUI yg menyatakan haram, program ini sulit terealisasi yaa??",2025-04-17T12:13:18.000Z,
twitter,"Ketika vasektomi dibilang haram dengan alasan merubah tatanan ciptaan Tuhan, tapi dianya memberi opsi untuk angkat rahim. Emang rahim ciptaan billgates?",2025-04-17T12:10:43.000Z,
twitter,"Laki gue ditanya soal mau atau tidak dia melakukan vasektomi?

Jawabannya TIDAK. Karena ikut fatwa MUI Bahwa kalau tidak ada urgensinya, maka vasektomi hukumnya secara agama HARAM.

Ya guenya atau dianya ga kenapa2. Terutama gue selama hamil dan proses persalinan aman aja. Jadi",2025-04-17T11:57:19.000Z,
twitter,"2 hal tsb sama besar resikonya, gabisa dibandingkan. bahkan vasektomi juga kecuali alasannya tidak syar'i juga hukumnya haram, tidsk relevan dengan tujuan menikah dalam islam. Makanya sblm menikah wajib diskusi masalah keturunan dan rencana anak nantinya",2025-04-17T10:36:37.000Z,
twitter,"Dari tahun 90 an udah jelas vasektomi dan tubektomi haram. Masih banyak cara KB lain yg ga haram, ngapain bikin polemik soal ini?",2025-04-17T10:03:59.000Z,
twitter,"Dua duanya difatwa haram 

Kenapa ribut? tubektomi pilihan istri dampak dan benefitnya ya kembali ke istri, 
Vasektomi? Yang pingin dapat benefit si istri, yang berkorban seumur hidup malah si suami

Klo heran kenapa laki ribut bukti klo cew jarang berusaha memahami laki",2025-04-17T09:30:44.000Z,
twitter,"Btw menurut fatwa MUI, KB steril (vasektomi dan tubektomi) hukumnya haram kecuali darurat (ada udzur syar'i). Jadi bukan yg mutlak haram banget ya. Udzur syarinya bisa macam-macam:
1. Riwayat kehamilan/kelahiran mengancam nyawa
2. Kegagalan dan/atau efek samping metode KB lain",2025-04-17T06:54:17.000Z,
twitter,"Kenapa sih ribet2 angkat rahim kalo bisa tubektomi aja kalo cuma buat gak hamil aja.

Gini ya, KB permanen dengan vasektomi pada lelaki tu haram dalam islam. Tp tubektomi pada peremuan masih ada kemungkinan bolehnya misal karena risiko kehamilan meningkat di usia >35 thn.",2025-04-17T05:47:47.000Z,
twitter,gak usahlah. banyak buruk nya dan Hukum vasektomi dalam Islam adalah haram dan menurut fatwa MUI,2025-04-17T04:54:37.000Z,
twitter,"Setahuku ini tuh perbuatan yang haram/makruh dalam Islam, ya  no problem sih kalo pasangan ini non muslim, tapi bagi Muslim ya vasektomi ini lebih besar mudharatnya apalagi kalo dasarnya nggak mau punya anak cuma karena 'males' mengasuhnya.",2025-04-17T04:34:53.000Z,
twitter,Kalo anda laki-laki Islam dan ga ada kegawatdaruratan medis (emang ada?) ya haram buat vasektomi.,2025-04-17T03:18:43.000Z,
twitter,"Hukum vasektomi dan tubektomi, itu haram tanpa ada alasan medis yang kuat spt membahayakan nyawa jika terjadi kehamilan. Haramnya kenapa? Karena prosedurnya mengubah 'bentuk' ciptaan Allah. Seperti itu, tp kalau tindakannya digunakan untuk mencegahh kehamilan yg mengancam nyawa,",2025-04-16T21:29:07.000Z,
twitter,"Enak banget ngetiknya, tinggal jelasin kenapa vasektomi dan tubektomi dihukumi haram diagama islam. Tp kemana2 ga dijelasin kenapa.

Sejauh pemahaman ak, dulu pernah matkul dikampus termasuk hukum KB, sekitar 5 thn lalu. Kesimpulan dari dosen aku, continue...",2025-04-16T21:26:56.000Z,
twitter,Iya intinya disitu. Semoga teknologi makin maju lah dan bikin Vasektomi bisa dibalikin lagi jadi ga haram  soalnya itu yg kayanya paling enak dan efek sampingnya ga terlalu gede buat keduanya. Kalo dari testi orang-orang mah,2025-04-16T21:18:56.000Z,
twitter,"Vasektomi haram karena memutus keturunan, gitu kan maksudnya? Tapi skrg vasektomi ada yg bs reversible alias bs disambung lg. Dibandingkan istri yg harus menderita kesakitan bukannya sang suami justru dosa?",2025-04-16T17:49:12.000Z,
twitter,"Pertanyaan sederhana ini dihakimi patriarki

MUI sudah mengeluarkan fatwa haram dengan pengecualian.
Memang Vasektomi sendiri bisa dibatalkan dengan operasi, tapi prosedurnya sulit dan tidak selalu berhasil. Ini Dokter yang bilang, bukan gue.
Tidak selalu bukan berarti tidak ada.",2025-04-16T17:40:14.000Z,
twitter,Klo saya pilih jalan lain selain vasektomi. Kecuali ada alasan klinis yg jk tidak dilakukan maka madhorotnya besar. Dr laman ini beberapa kali MUI sidang fatwa nya tetap haram. Hanya disidang terakhir dg pengecualian. Tp hk dasarnya tetap haram.,2025-04-16T16:35:55.000Z,
twitter,"Yang mendasari terjadinya vasektomi adalah banyak hal, terutama terkait masalah kesehatan. Kalau ditanya halal-haram, yang menjadikannya keharamnya adalah karena diputusnya kemampuan untuk bereproduksi. Vasektomi bisa DIBATALKAN dengan prosedur medis yang sudah ada.",2025-04-16T16:14:43.000Z,
twitter,"bisa jadi gk haram gmn sih? dari screen shot yg lo kasih aja sudah jelas fatwanya haram dan syarat untuk vasektomi halal aja sudah gagal karena 

1. ada prosedur lain seperti pil kb
2. vasektomi irreversible alias mandul permanen
3. 2 syarat sebelumnya sudah gagal.",2025-04-16T14:28:59.000Z,
twitter,"mana coba tunjukin gw vasektomi itu gk irreversible, karena yg gw temuin ini permanent mandul alias seumur hidup gk bisa reproduksi lagi, no debat sudah pasti haram.",2025-04-16T14:24:43.000Z,
twitter,"Ask dong

Dalil yang mengharamkan vasektomi itu apa aja ya? Apakah dalilnya kuat? Aku ntar kalo udah nikah dan punya anak sesuai target mau vasektomi aja, kasihan istriku ntar. Tapi baru tau klo ada yg bilang vasektomi haram",2025-04-16T13:32:19.000Z,
twitter,"SHCOK, gw baru tau bahwa vasektomi is haram",2025-04-16T10:49:12.000Z,
twitter,"Sad but true
Soalnya klo ga kepikiran, pasti bakalan mau dong. 

Harusnya, satu2nya alasan gamau adalah krna vasektomi haram dalam islam",2025-04-16T09:37:27.000Z,
twitter,"kurangnya edukasi di masyarakat kak menurutku, di kampungku sendiri yg di edukasi cuman istri nya suami nya gak ada edukasi vasektomi dan ada bbrpa orng yg beranggapan vasektomi tuh haram trud kalau mau edukasi jg hrusnya bapak2 yg vasektomi jg klau ibu2 yg edukasi alamat",2025-04-16T09:35:30.000Z,
twitter,Kenapa? apa vasektomi haram? atau merayakan suami yang vasektomi-nya yang haram?,2025-04-16T08:10:08.000Z,
twitter,"Vasektomi=haram, suaminya mempertaruhkan nyawa, ini itu

Hisek= bodo amat, lo mati suamilu tinggal nikah lagi.

Masih ga liat lo masalahnya?",2025-04-16T07:53:12.000Z,
twitter,"yg oon itu kamu mbak, vasektomi itu hukum haram, no debat.",2025-04-16T06:52:05.000Z,
twitter,"Haram kalau tujuannya buat zina sana-sini tanpa takut hamil dan belum nikah duh

Hukumnya ya di kolom ""pengecualian"".. karena vasektomi gak bikin mandul, vas deferens bisa berfungsi kembali kok sesuai kesepakatan. Mikir yaaa tolong",2025-04-16T06:05:07.000Z,
twitter,"Perkasa vasektomi ini menurut jumhur ulama gimana ya?  Udh baca beberapa refrensi hasilnya sm aja yg pada intinya ""kalo sementara dan tidak merusak alat reproduksi, boleh. Tapi kalo merusak permanent, haram."" https://x.com/noniksipit/sta/noniksipit/status/1911950577011200362…",2025-04-16T05:50:43.000Z,
twitter,Vasektomi haram secara Islam kak kecuali dalam keadaan darurat medis tertentu. Qs. Al-Isra :31 #cmiiw,2025-04-16T05:42:35.000Z,
twitter,Vasektomi haram,2025-04-16T04:45:55.000Z,
twitter,"kalo yg gw baca, vasektomi itu asalnya haram trs dipertimbangin ulang krn ternyata ga permanen, bisa dibalikin lagi ke kondisi awal, fatwanya udh berubah, cmonnn",2025-04-16T04:35:40.000Z,
twitter,"klo vasektomi bisa direkanalisasi berarti vasektomi ngga menyebabkan mandul total 

jadi hukumnya boleh dong dan ngga haram? kan dulunya pada bilang vasektomi haram karena bikin mandul permanen pada laki-laki? https://x.com/noniksipit/sta/noniksipit/status/1911981778266689976…",2025-04-16T04:31:57.000Z,
twitter,"Boleh jelasin ga klo orang orang yg punya anak cuma 2, kemudian memutuskan menghentikan punya anak lagi dengan segala cara kb yang ada, kenapa vasektomi haram? Tp kondom biar ga punya anak lagi ga haram?

Kan yg dinilai niatnya kan? 
Atau karena permanen ga permanen?",2025-04-16T04:09:38.000Z,
twitter,"Wkwk yg gini ya bakal diserang baik cowo/cewe yg suka sex tanpa hamil.
Individu punya pikihan tak perlu serang""an. Mau KB monggo mau vasektomi monggo, haram kan ditanggung individu.",2025-04-16T03:48:54.000Z,
twitter,"Dalam Islam, metode KB sementara seperti pil KB, suntik, IUD, implan, kondom, dan 'azal diperbolehkan, asal dengan izin istri dan untuk kemaslahatan keluarga. Efektivitasnya bervariasi, misalnya implan 99,95%. Metode permanen seperti vasektomi dan tubektomi umumnya haram, kecuali",2025-04-15T15:52:14.000Z,
twitter,Jadi vasektomi haram ?,2025-04-15T12:46:31.000Z,
twitter,"bahasan vasektomi ini lama2 merujuk ke cowo yg gamau vasektomi brrt ga sayang istrinya, gamau ngebelain istrinya dll. Menurut gw itu adalah hal yang prinsipal ga si? perlu diingat bahwa hukum vasektomi dlm islam itu haram kalau dilakukan tanpa keadaan yg darurat/membahayakan.",2025-04-15T12:38:43.000Z,
twitter,"Sadly dalam islam hukumnya haram,-vasektomi jelas memutuskan untuk tidak punya keturunan, yang mana hal itu dilarang oleh agama.
Tapi, dalam kondisi2 tertentu hukumnya mubah / boleh. Misal, kalau istrinya hamil-melahirkan akan mengancam nyawa istrinya dsb. 
CMIIW ",2025-04-14T16:32:47.000Z,
twitter,"Dalam Islam, vasektomi umumnya tidak dibolehkan, terutama dalam mazhab Sunni, karena sifatnya yang permanen, bertentangan dengan anjuran untuk berkembang biak. Al-Qur'an dan hadis mendorong umat memiliki keturunan, sehingga mengubah ciptaan Allah dianggap haram. Namun, ada",2025-04-14T15:55:49.000Z,
twitter,Tapi kalau dalam Islam setahuku vasektomi itu hukumnya haram kalau tidak ada unsur kesehatan cmiiw,2025-04-14T15:33:25.000Z,
twitter,"Dalam Islam, vasektomi umumnya dianggap haram karena bersifat permanen dan mencegah keturunan, yang bertentangan dengan anjuran untuk berkembang biak. Banyak ulama menyatakan bahwa ini mengubah ciptaan Allah. Namun, ada pengecualian jika ada kebutuhan medis yang mendesak, tapi",2025-04-11T15:55:13.000Z,
twitter,"@grok
 apakah vasektomi haram grok?",2025-04-11T15:52:49.000Z,
twitter,"temen temen mau tanya, apakah vasektomi itu haram? suamiku udah mau, tapi dia belum yakin sama syariatnya, nyari nyari ceramah banyak yang jawabannya gantung, jadi gimana yaa?",2025-04-05T14:03:19.000Z,
twitter,"Dan standar gue tuh beneran klo mo nikah sama cowo, he must be pro vasektomi. Gapeduli gue ajg soal agama. Mau dikata haram lah apalah. Gue muslim, berhijab. Tapi udah cukup perempuan disetir lakik tiap hari sampe ke rahim",2025-02-26T20:54:02.000Z,
twitter,"Mau lo nangis darah, mau edukasi ampe jungkir balik, mau teriak sampe mati… vasektomi ya haram dan akan tetap haram. 

Keukeuh banget pengen bikin laki jadi eunuch ",2025-02-26T14:09:19.000Z,
twitter,Iyaa Kak katanya vasektomi haram karena mengubah organ tubuh manusia secara permanen. Agak aneh ya kalau NU aja sudah ngasih fatwa tapi negara malah membiayai ,2025-02-26T12:14:36.000Z,
twitter,"cewe2 yg berharap bisa di hamili sm suaminya?
laki2 tuh kl ud ad anak 2-3 mending vasektomi dah
Biar kedepan ga ad drama anak haram rebutan warisan",2025-02-26T09:17:05.000Z,
twitter,Jgn sembarangan haram-haramin sesuatu. Vasektomi bahkan udh masuk program pemerintah yg bs diakses gratis kok buat yg mau,2025-02-26T04:41:12.000Z,
twitter,"BKKBN harusnya ngasih iklan

""KB ama vasektomi sama"" haram tapi kalo mau ngentot tanpa beban pikiran mending vasektomi""

""gaperlu kondom, tembak sana sini, gaperlu kawatir mood istri kacau karna KB yang penting ngentot""

niscaya laku tuh vasektomi https://x.com/noniksipit/sta/noniksipit/status/1894257859275493577…",2025-02-25T19:30:33.000Z,
twitter,"Bilangin kak, padahal KB juga haram kek vasektomi kalo gada unsur syar'i. Cherry picking bgt ya societt kita:(",2025-02-25T18:23:39.000Z,
twitter,"Kocak.
Btw kak, are you muslim?
Kalau iya, give me your 2 cents dong, soalnya ini aku maju mundur mau vasektomi tapi fatwa MUI haram kalau ga bisa dibalikin lagi.

Setahuku vasektomi ya emang permanen ga sih?",2025-02-25T16:28:11.000Z,
twitter,"Di beberapa mazhab bahkan kb juga haram (klo vasektomi diharamkan juga, soalnya dasar berpikirnya sama). Cuma manusia2 ini emg suka cherry picking aja",2025-02-25T16:22:59.000Z,
twitter,Tingkat kegagalannya tinggi ka. Makanya haram. Vasektomi dianjurkan untuk yg bener2 berhenti punya anak bukan untuk menunda anak seperti KB.,2025-02-25T16:00:41.000Z,
twitter,"Harusnya BKKBN ngiklanin vasektomi ini y drpd KB, cewe udh sakit krna hamil & menyusui msh hrs kena efek KB jg tuh kek g adil bgt. Tp btw wktu itu prnh baca katanya di Islam vasektomi haram y?",2025-02-25T14:47:53.000Z,
twitter,Kebanyakan juga faktor agama gak maunya. KB untuk cewe aja dianggep Haram. Apalagi Vasektomi . Sudah pasti melukai ego maka mereka mengeluarkan dalil agama,2025-02-25T13:34:02.000Z,
twitter,"pdhl vasektomi gk ganggu kehidupan seksual laki2, org yg divasektomi masih ttp bisa ejakulasi dan orgasme. Tpi di Islam sterilisasi permanen itu haram mau vasektomi ataupun tubektomi kecuali ada alasan darurat medis",2025-02-25T08:18:26.000Z,
twitter,"Ada isu KB di timeline.
Gue sebagai laki setuju vasektomi. Tapi yg sifatnya temporer. Karena kalau permanen haram. Kecuali ada faktor medis.",2025-02-25T07:24:16.000Z,
twitter,"temen temen semuanya, mau nanya nih tentang kb, emang vasektomi itu haram? kalo ga vasektomi, opsi lain buat cowo kb apa dong?",2025-02-07T12:16:58.000Z,
twitter,"Sumpah aku kesel bgt pas ada yg bilang vasektomi haram karena merubah tubuh, padahal perempuan lebih beresiko kena penyakit dari KB apalagi yg hormonal",2025-02-07T11:58:39.000Z,
twitter,"Sebab tu vasektomi ke apa semua tu tak sepatutnya jadi “haram”.

Sepatutnya sebelum berkahwin kena buat ujian la, tendency untuk jadi pendera ke apa ke. So even ada tendency tu, terus vasektomi or ikat tiub falopia betina tu.",2025-01-31T02:02:03.000Z,
twitter,"Dok debat mcm isu vasektomi la..Mufti Malaysia kta Haram, kita ikut je dan bila mufti kluar ftwa IB hukum harus nk kta mufti slh pulak..we are in Malaysia dan 'uruf  x sma dgn tmpt lain n further more, kita org awam shj.Hukum harus je, nk buat loan buat, xnk buat smpn lah duit.",2025-01-23T15:42:20.000Z,
twitter,"Lagi prefer tgk org gaduh pasal IB. Tak kisah lah halal haram, at least Safdar tu memang ada kepakaran. You can make sense all the arguments.

Kalau tgk markonajis and konco dia gaduh pasal vasektomi, kau akan bersyukur yang kau bukanlah manusia paling bangang kat dunia ni.",2025-01-23T10:11:58.000Z,
twitter,Sebab ramai feminis bangang yg sampai mempersoalkan ajaran Islam. Mufti ckp vasektomi haram pun smpai bergaduh dgn mufti. Kalau feminist tp masih hormat ajaran Islam org xkisah pun.,2025-01-21T23:24:55.000Z,
twitter,"Mufti cakap vasektomi haram sebab ubah ciptaan Allahu SWT tapi waniter makan pil rosakkan rahim bole,,,,  https://x.com/kcreloaded3678/kcreloaded36780/status/1879541695781687554…",2025-01-15T16:15:05.000Z,
twitter,"yang ni jantan jantan alpha terpaling sembang childfree tu pilihan hina takmau debat pulak, kalau sembang vasektomi dia la terpaling tau segala hukum hakam agama, terpaling haram, sebab tu jantan jantan barua macam anon kat bawah ni patut kerat takyah ada anak https://x.com/senzawakun/sta/senzawakun/status/1877921983674933387…",2025-01-12T11:38:15.000Z,
twitter,"Nasib ler. Patut bagi video ceramah macam brader atas. Pastu jangan petik benda tak berkait. Tu mcm simbah minyak.
Poligami tak salah kalau ikut betul2 panduan agama dan ajaran Nabi, scandal dosa sebab menjurus kepada maksiat, vasektomi haram sebab lawan fitrah.",2025-01-10T14:36:58.000Z,
twitter,Vasektomi; menghalang organ peranakan adalah haram berdasarkan larangan al-ikhtisa'. Tiada keringanan daripada sang maksum. Manakala mengekalkan kemandulan adalah lebih dahsyat lagi keharamannya; bertentangan dengan sunnatullāh. أَلَا لَهُ الْخَلْقُ وَالْأَمْرُ,2025-01-08T01:14:23.000Z,
twitter,Salam kalau wanita ikat peranakan tu hukum sama dengan vasektomi jatuh as haram juga ka? Terima kasih,2025-01-07T22:21:02.000Z,
twitter,Kalau perempuan ikat peranakan apa hukum dia ek? Sama ke haram sbb sama mcm vasektomi kan????? Anyone can answer?  Malas google,2025-01-07T22:17:37.000Z,
twitter,ahh bodo dah agama kata haram vasektomi tu haram lah. Opinion kau tak penting pon after that,2025-01-06T11:12:43.000Z,
twitter,"Aku drpd hari tu x fhm isu ni start mcm mana 

Kenapa vasektomi? Kenapa xnak pakai kondom? Perempuan x suka laki pakai kondom ke? Kenapa pilih jalan haram..? Fuh",2025-01-06T11:08:29.000Z,
twitter,"Sebenarnya inilah jawapan sebenar.

Vasektomi haram tapi kalau suami sedar diri perancang kehamilan dalam bentuk hormon bahaya untuk kesihatan isteri, dia akan pakai kondom. 

Kalau vasektomi halal tapi berkahwin dengan suami tagune, ingat dia nak ke buat vasektomi?

Khalasss",2025-01-06T07:16:46.000Z,
twitter,"hukum vasektomi haram, buka aurat haram, makan minum benda haram pun haram. kalau dah jatuh hukum haram tetaplah haram dan berdosa. takdenya argue benda haram dgn benda haram yg lain tibe2 jadi halal. itu baru ikut tekak kau namanya haram jadah.",2025-01-06T06:29:12.000Z,
twitter,"This is an odd take. By your reasoning the medical field shouldn't exist. Removing a cancerous tumour pun mengubah ciptaan Allah.
Hukum isn't all about logic, it's about understanding the maqasid syariah, dalils & the norms. 
“Haram vasektomi so haram beranak"" do u hear urself?",2025-01-06T06:17:05.000Z,
twitter,Yk u can do the same thing right??? Mufti kata vasektomi haram tp klsu kau nk potong gak then potong je lah bknnya dia tunggu depan pintu hospital pon,2025-01-06T06:17:03.000Z,
twitter,"Isu ni lebih kepada kegagalan individu untuk membaca. Artikel yang disediakan lengkap dengan citation.

Tweet Dr Zul pun tak pusing apa sebab dalam ijma' ulama conclude perihal VASEKTOMI tu sendiri adalah haram.",2025-01-06T04:48:39.000Z,
twitter,"Mohon beritahu apa yang kamu tak setuju/faham dengan haramnya vasektomi walaupun ada reversal?

Orang berkelayakan (ulama) putuskan ia tetap haram (kecuali ada sebab dibenarkan syarak). Saya nak tahu, ulama mana yang benarkan atau kamu berpendapat tanpa sandaran?",2025-01-05T15:51:49.000Z,
twitter,"Hukum vasektomi lelaki bleh terima haram sebab dia tak perlu bawa mudarat pada dirinya. Tapi hukum rokok yg haram dilanggar walaupun jelas mudarat pada dirinya. Apalah lelaki ni, ambik hukum ikut tekak/selera je.",2025-01-05T10:43:53.000Z,
twitter,"Dah baca ke metodologi dan sumber yang digunakan sebelum beliau dan musyawarah berpendapat vasektomi itu haram? Kalau korang stakat buat kesimpulan atas ilmu yang korang dapat dari persekitaran dan mass media wokeism barat, tak payah nak menyalak..",2025-01-05T07:22:01.000Z,
twitter,Tanya je bukan nak kondem orang buat atau tak nak vasektomi sebab haram. Boleh guna kondom?,2025-01-05T06:32:34.000Z,
twitter,Ada terbaca jugak yang vasektomi ni haram. Katanya vasektomi ni irreversible once dah buat. Idk lah. Maybe dr. boleh advice.,2025-01-05T06:11:07.000Z,
twitter,"Pasal qualification tu pun, bukannya Ya cakap pasal kenapa vasektomi haram yada yada. Cakap in a general tone je. Kalau gitu no one is allowed to say anything ke? Hshshs gerammm",2025-01-05T02:50:01.000Z,
twitter,"Yang saya tak faham ni, bukan vasektomi ni reversible? Jadi dia bukan lah mandul sampai bila-bila. Kalau begitu kenapa sampai jadi haram ?",2025-01-04T23:31:21.000Z,
twitter,"Ok. Kalau isteri tu surirumah, macam mana pula? Bukan ke isteri bawah tanggungjawab suami? Takkan parents pula nak tanggung kos beranak, kos pil perancang? Lelaki mmg la haram vasektomi. Faham je tapi fun fact ni tak pernah dgr. Boleh bg tak kat sini sumber rujukan fun fact ni?",2025-01-04T23:12:03.000Z,
twitter,"Vasektomi haram sebab ada high chances benda tu tak boleh reverse which is i clearly understand, tapi kalau ada kajian atau teknologi yang lagi bagus, boleh mandulkan only 2 tahun max. Lepas 2 tahun reverse balik. Adakah hukum tersebut berubah sbb dah tak jadi permanent mandul?",2025-01-04T18:30:48.000Z,
twitter,"Baru masuk 5hb peminis malaya tak rehat. Dari 1 quoted Dr Zul share fatwa vasektomi is haram . Melalut sampai ke zakat lah tibe sgt. 

dah boleh tutup kes kot ,dari layan manusia berhujah dengan hawa nafsu kah!",2025-01-04T16:14:13.000Z,
twitter,"I know a thing or two jugak about human behavior on social media. Satunya, menyalahkan orang tidak buat full article/thread dalam X. Yang kedua, memendekkan statement orang untuk mengundang  impression views yang tinggi ""Respon Dr Zul: SAYA DAH ULAS. VASEKTOMI HARAM.""",2025-01-04T13:56:27.000Z,
twitter,"Suami: Saya kesian kt isteri, jadi saya buat vasektomi. Kalau nk anak lg, kitorang akan buat IVF
Ex-Mufti: Haram!

Haram tu mmg betul, tapi itu secara am. Hukum untuk individual case kena selidik situasi kes tu, bukan boleh pukul rata. Ini hukum dr ulama', bukan dr Quran/Nabi SAW",2025-01-04T13:55:18.000Z,
twitter,"Kalau benar, agama kita sudah haramkan semua kaedah pencegahan kehamilan. Tetapi tidak, vasektomi sahaja yang red flag. Ini kerana vasektomi menyebabkan permanent change, yang haram di sisi agama. 3/6",2025-01-04T13:26:14.000Z,
twitter,"Kesian ye, perkahwinan yang sepatutnya membawa mawaddah, jadi punah sebab sikap mementingkan diri sendiri.

Isu vasektomi, memang haram di sisi agama, baik lelaki atau perempuan. Namun masih ada mengeluh dan mempertikai autoriti hukum dan fatwa. Mereka ini dah tersilap. 1/6",2025-01-04T13:26:13.000Z,
twitter,"Hampa kalau nak suruh husband buat vasektomi pun buat ja la. Bukannya Mufti nak tunggu depan klinik halang hampa. Sama macam fatwa rokok la, semua orang tahu haram, tapi merokok jugak orang lain macam biasa. Cumanya, takda la perokok beria menyanggah fatwa argue kata depa betul.",2025-01-04T08:33:29.000Z,
twitter,"Tapi, bukan sewenang-wenangnya benda tu diharuskan. Lagipun, dalam Islam, Islam sngt mementingkan nyawa. Kita tngk  susunan pada Maqasid Syariah. Mnjaga nyawa dduk pd tangga kedua. Sebab tu pemandulan vasektomi jadi haram. Kalau belajar lagi ilmu fiqh, kita akan lagi faham.",2025-01-04T08:15:08.000Z,
twitter,Jadi kenapa korang nak melenting dengan fatwa haram vasektomi? Memang taknak ikut pun kan dari awal lagi.,2025-01-04T08:03:54.000Z,
twitter,"Sebenarnya untuk pemandulan kekal ni jadi haram sebab berlakunya perubahan pada ciptaan Allah tu sendiri. Mind to you, kekal. Sama ibarat tatu. Anything yg ubah ciptaan asal yang bersifat kekal adalah haram. Vasektomi untuk lelaki dan ikat peranakan bagi perempuan, kduanya haram",2025-01-04T08:02:28.000Z,
twitter,"Yang menggelupur bila mufti cakap vasektomi haram tu tak nak baca atau ambil tahu pun  kenapa untuk masa sekarang hukumnya sebegitu. 

Sebab ia prosedur pemandulan yang KEKAL (for now).

Bukan sebab vasektomi tu prosedur di badan lelaki. 

Bukan juga sebab mufti tu lelaki.

Bukan",2025-01-04T07:56:02.000Z,
twitter,"vasektomi haram 
g konsert haram 
bank/insurans konvensional haram 
merokok haram 
couple haram 

tapi kalau kau still nak buat & guna 

kau jgn nak persoalkan hukum Allah itu aje",2025-01-04T07:44:56.000Z,
twitter,"Ulama ckp vasektomi haram kau ikut? Tapi bab nafkah it's suddenly ""saja letak""?? Ala babi nya perangai babi pon lagi suci dari kau https://t.co/PRLmf2Lh63",2025-01-04T07:41:47.000Z,
twitter,"Geng2 yang anti-haram vasektomi ni lupa yang ada masih ada satu lagi kontraseptif halal: kondom. Kalau masih ada gap ubat l-ubatan, mintak saintis dan farmasis buat ubat hormon untuk lelaki pulak.",2025-01-04T07:26:11.000Z,
twitter,"Vasektomi - hukumnya haram. 

Panjang perbahasan tentang ini tetapi dalil yang paling ringkas:

Ada sahabat cerita,

Dulu kami berperang bersama Nabi. Tiada wanita bersama kami. Maka kami bertanya: 

'Boleh tak kami melakukan Khisa'? 

Baginda melarangnya.",2025-01-04T07:20:14.000Z,
twitter,"Perhatikan luahan hati yang dikongsi oleh warganet di bawah. Isinya rumit dan berselirat: Kasih sayang suami isteri, ekonomi keluarga, naluri keibu bapa, kesihatan reproduktif, kemelut emosi, dsb.

Respon Dr Zul: SAYA DAH ULAS. VASEKTOMI HARAM. Apa masalah respon ini? 4/n",2025-01-04T06:10:25.000Z,
twitter,"Vasektomi haram unless darurat. Sama macam ikat rahim. Hukum islam tak buat perempuan jadi menyedihkan. Tapi dapat suami bodo tu buat perempuan menyedihkan. So before kahwin cuba borak topik2 camni more, baru tahu sekufu dari sudut pemikiran ke tak.",2025-01-04T04:13:07.000Z,
twitter,"Contoh mcm reply pasal rokok, bukannya orang dengar pun. Kenapa blame mufti pulak cakap vasektomi haram sebab masalahnya bukan hukum tu. masalah dia lelaki tak guna yg tak reti jaga bini sendiri",2025-01-04T04:07:33.000Z,
twitter,"Cakap macam terpaksa layan suami  Mufti just cakap vasektomi tu haram tu je, Balik kepada laki ko la lemah tak lemah nak kesian kan ko ke tak. Duhh buat teruk",2025-01-04T04:03:11.000Z,
twitter,"masalahnya tu bukan wishes. itu kau yang salah paham dan tak membaca. 

perlu ke dia tulis BTL dan Vasektomi Haram ketika melibatkan darurat sedangkan isu yang dibincangkan vasektomi. ngok-ngok la memasing.",2025-01-04T04:02:45.000Z,
twitter,Semua teknik pemandulan haram dilakukan tanpa sebab kukuh disegi Islam. Kenapa BTL tak haram tapi vasektomi haram kena tanya ustaz,2025-01-04T03:32:41.000Z,
twitter,rokok haram vasektomi pun haram . kalau nak buat tanggung je la dosa sendiri,2025-01-04T03:29:36.000Z,
twitter,"Pasal vasektomi haram pon kecoh nak dalil bagai. Ko nak buat, buat la. Macam la x pernah buat benda Haram.",2025-01-04T03:04:59.000Z,
twitter,Tak faham orang yang nak argue mufti pasal hukum vasektomi. Kitonyo pun frust sbb haram tapi jatuh haram sebab benda tu bersifat kekal. Tapi hukum bertukar harus kalau bagi kemudaratan kalau x buat. Both BTL and vasectomy ade hukum same. Bukan sbb discrimination,2025-01-04T02:15:45.000Z,
twitter,"Simpati dengan perempaun yang ditindas dekat luar sana atau yg tak dapat keadilan sewajarnya. Tapi, isu vasektomi memang haram utk lelaki dan perempuan.",2025-01-04T01:20:13.000Z,
twitter,"sama dgn vasektomi, kalau saja2 haram, kalau ada keperluan baru dibolehkan",2025-01-04T00:57:59.000Z,
twitter,"Hg nk kata vasektomi haram.Pastu bini kena taat kat laki, tamau pakai kondom pancut dalam. Pastu anak berderet. Pastu tak cukup duit bini pon pi keja. Ni nk tolong laki ni sebab tak cukup duit nk bela anak berderet. Tapi laki tak bagi nafkah plak time keja. Ilmu apa hg belajaq ni",2025-01-03T23:34:10.000Z,
twitter,"you’re clearly overthinking. Not critical thinking. illogical? 

fatwa tu sebut lelaki sahaja ke yang haram vasektomi? tak kan. ada perkataan perempuan juga. 

budak ni kene baca lebih lagi kot.",2025-01-03T22:52:53.000Z,
twitter,"Bagaimana dgn wanita yg ""ikat"" peranakan? Adakah ia juga haram seperti vasektomi?",2025-01-03T20:21:59.000Z,
twitter,"Bukan mudarat secara kekal
Vasektomi haram kerana mudarat kekal",2025-01-03T18:42:37.000Z,
twitter,Xder sapa yg marah. Org pompuan bising pasal vasektomi tu knpe haram utk lelaki buat. Itu je. Tpi meleret2 sampai ke hal mufti.,2025-01-03T18:35:40.000Z,
twitter,"rokok haram takda sapa kesah. vasektomi haram kenapa nak kesah. nak buat, buat jela. bukan kena saman pun. women nak control, jumpa doktor mkn ubat, taknak sudah. nobody care",2025-01-03T16:57:44.000Z,
twitter,"Derma organ tidak darurat dalam keadaan umum. Tapi penerima organ adalah darurat.  Melainkan ada opsyen lain, maka darurat penerimaan organ diterima. Sama seperti vasektomi. Vasektomi tidak darurat dalam keadaan umum. Bahkan haram.  Tapi ada opsyen lain, seperti tidak pancut.",2025-01-03T16:21:14.000Z,
twitter,"Kau nak buat vasektomi kejadah tu lantak kau la ek. Tp kau jangan la argue benda yg mmg hukumnya haram nok. Nampak kau buduuhhhhh amat disituu. Rasa penat beranak ada anak ramai apa semua tu, tu kau simpan. Sbb bukan kau je rasa nok. Semua perempuan beranak PENAT!",2025-01-03T12:42:04.000Z,
twitter,"Siapa yang deviate isu at the first place?

Isu asal pasal vasektomi. Haram dilakukan.

Yang dibenarkan kondom dan cara pencegahan yg lain.

Isu masalah waktu mngandung, perubahan hormon, ni isu lain.",2025-01-03T12:13:41.000Z,
twitter,"apa yang susah sgt nak faham apa DrZul ckp ni, dia cakap vasektomi haram, kau prgi pusing smpai hal laki bini .. itu dh masuk perbincangan lain",2025-01-03T12:06:28.000Z,
twitter,"Dua2 pun sama haram. Kalau nak buat gak dosa masing2la tu je.

Pastu kena faham vasektomi (n ikat rahim) tanpa darurat ni hukumnya haram mutlak sbb dia kira proses pemandulan (sterile). Bukan ikut side effect.",2025-01-03T12:05:06.000Z,
twitter,"Aku tak faham. Vasektomi ni kan utk org lelaki, dan haram utk org lelaki buat vasektomi ni. Knp org perempuan pula yg bising ? ",2025-01-03T11:57:40.000Z,
twitter,"Herm, iucd kan ada. Tak perlu la lawan mufti. Beliau stating fact & hukum. Vasektomi tu memang haram. Iucd 99% Selamat daripada mengandung. Sekali pakai 5-7 tahun tak pregnant. 1% je kebarangkalian mengandung.",2025-01-03T11:22:04.000Z,
twitter,"Haram vasektomi pada lelaki utk family planning, tapi hormon perancang dibolehkan pada perempuan?
Last2 perempuan yg kena tanggung semua side effects. Jadi gemok, muka naik jerawat sebab hormonal changes, laki cari pompuan lain. Sial betol",2025-01-03T11:04:54.000Z,
twitter,"Jap… Allah tak haramkan. Dalam tulisan mufti tu, dia tulis ‘Saya berpendapat bahawa prosedur vasektomi adalah haram dan tidak dibenarkan’
Dalam tulisan dia yg panjang lebar tu pun, kesimpulan dia sama jugak ayatnya.
Kat mana Allah kata haram?",2025-01-03T11:02:38.000Z,
twitter,"THIS!!

Orang takde la nak menidakkan hukum vasektomi tu. Faham je haram. Tapi ada jenis spesis laki tak nak beri kerjasama. Balik2 perempuan je la kena merancang, ambil pil perancang semua sampai ganggu hormon, berat naik. Pastu reti komplen je bini tak jaga badan

Ahh butoh ",2025-01-03T10:57:05.000Z,
twitter,"Bila mufti keluar fatwa rokok haram takde sape pun marah mufti. Berbeza sgt dgn kes vasektomi ni, belambak2 org marah mufti",2025-01-03T10:41:46.000Z,
twitter,"Dia tak suruh tanggung seksa sendiri pon.

Dia cuma ckp; vasektomi haram.
Dia ada sebut laki bini kena bincang.

Kalau laki kau yg benak takde timbang rasa dgn bini sendiri, jgn salahkan hukum Tuhan.",2025-01-03T10:35:51.000Z,
twitter,iud bukannya masukin sesuatu ke rahim yah knp vasektomi HARAM,2025-01-03T10:05:01.000Z,
twitter,Mostly perempuan tak setuju vasektomi haram lepastu yang perempuan je kena pasang iud & pil perancang,2025-01-03T09:34:13.000Z,
twitter,"Isu vasektomi ni melarat larat ke isu yang totally berbeza.

Dari isu hormon kacau, perempuan terseksa, suami tak faham, etc.

Padahal isunya vasektomi tu haram tapi cara pencegahan macam kondom, lepas luar rahim, pil perancang tu dibolehkan.",2025-01-03T06:46:51.000Z,
twitter,"vasektomi - haram
Darurat - dibolehkan

Sama macam:

Babi - haram dimakan
Darurat - dibolehkan.

Simple, tak perlu pun menggelupur nak cari mufti perempuan.",2025-01-03T05:39:52.000Z,
twitter,"Isu vasektomi ni jadi bodoh sbb kluar ayat ""so only women should suffer???""

Dey mufti bg fatwa yg bnda tu haram yg ko p tnya dia mcm dia saintis yg cipta vasektomi tu dh kenapa",2025-01-03T05:32:33.000Z,
twitter,"Okay, kalau vasektomi tu dianggap haram, penyelesaiannya senang jelah. Pakai KONDOM. Murah, tiada kesan sampingan dan mudah dipakai. Tapi, korang mesti komplen jugak kan, tak sedap lah apa lah ",2025-01-03T05:28:11.000Z,
twitter,Dr Zulkifli Respon Pendedahan Suami Jalani Vasektomi Sebagai Ikhtiar Rancang Hamil – ‘Proses Ini Adalah Haram’,2025-01-03T04:53:58.000Z,
twitter,"Point dia sini vasektomi mmg haram, tapi lelaki perangai tahik taknak pakai kondom apa semua tu mmg bodoh pastu expect bini je makan pill https://t.co/F7rwaUOEML",2025-01-03T03:34:37.000Z,
twitter,"Diorang ni tak puas hati sebab vasektomi tu haram.
Lepas tu melaratttt.

Pil perancang, depo injection, mengandung tu, semuanya kacau hormon. Perempuan je seksa. Perempuan je tersakiti.

Padahal argumen asal: Vasektomi haram.

Kaedah prevention sahaja dibenarkan.",2025-01-03T02:27:43.000Z,
twitter,If you know what science n facts are ko takkan ckp “vasektomi haram utk lelaki dan wanita”. Wanita nak vasektomi apa diknon? Potong apa?  sapa la yg ckp semberono ni agaknya. 3 kali tanya satu soalan je pun tak boleh jawab. Lantakkk,2025-01-03T02:11:57.000Z,
twitter,"Vasektomi haram sebab dia jatuh hukum bawah perbuatan pengubahan ciptaan yang memandulkan. Hukum multak memandulkan adalah haram (ada dlm link Dr Zul).

Berkhatan pula buang ruang pembiakan kuman (foreskin kawasan kemaluan lelaki dan perempuan) ianya bukan proses pemandulan.",2025-01-03T00:51:18.000Z,
twitter,"Haram sbb perubahan kekal & melibatkan pengubahan ciptaan Allah.
Sebagai perbandingan, tubal ligation (ikat peranakan) untuk wanita juga hukum asal adalah haram, sama seperti vasektomi. 

Boleh baca link yg dia bg tu untuk penerangan terperinci.",2025-01-02T22:46:24.000Z,
twitter,BTL boleh tapi why vasektomi haram eh?,2025-01-02T22:38:06.000Z,
twitter,"Masih berfalasi. But let me entertain you;

Bdk vape kt kantin hospital, aku sound direct.
Org merokok kt uptown dpn anak sendiri, aku sound sampai hampir bergaduh.
Tgk twt aku, konsisten sebut rokok haram & bash perokok.

Jadi, boleh saya tegaskan balik yg vasektomi pon haram?",2025-01-02T22:35:43.000Z,
twitter,"Vasektomi haram... Hm interesting, apa la sangat macam tak biasa pula buat benda haram ",2025-01-01T23:20:20.000Z,
twitter,"korang tak takut ke buat kenyataan ""KENAPA VASEKTOMI HARAM PASTU POMPUAN YANG KENA SUFFER??? MUFTI BERAT SEBELAH!!!!"" kepala otak engko la eh perempuan serabut aku. haram sebab ubah ciptaan Allah. sama jela macam concept kau pakai braces takde keperluan tu aduhhh",2025-01-01T22:47:10.000Z,
twitter,"Buat vasektomi, rupanya jodoh tak panjang. Haram jadah namanya. Lepastu buat reverse, tapi tak berjaya lah pula.",2025-01-01T22:33:34.000Z,
twitter,Tahun baru da bermula dengan QT feminist emosi tanpa faham maksud dan sebab kenapa vasektomi haram melainkan terpaksa.,2025-01-01T18:29:58.000Z,
twitter,"Wow, aku baru tahu vasektomi haram.",2025-01-01T17:37:50.000Z,
twitter,Tak yg aku pelik kenapa diorng nk defend sgt vasektomi tu haram? How about rokok/vape? Tak haram kah? Tak penah lgi jumpa laki trpaling haram nk defend merokok/vape tu haram ,2025-01-01T17:35:50.000Z,
twitter, haram vasektomi,2025-01-01T16:52:51.000Z,
twitter,"Tadi dia cakap haram vasektomi siap tuduh i paksa lelaki buat vasektomi. Lepastu bila cakap kalau haram vasektomi boleh pakai condom, dia ckp kalau suami taknak pakai condom, kita kena taat pada suami utk suami tak pakai condom pulak",2025-01-01T15:17:39.000Z,
twitter,"Lelaki pun boleh je pergi klinik swasta untuk minta vasektomi. Tiada halangan fizikal pun.

Cuma sekarang ni, kita bincang dari sudut hukum. Sudah difatwa haram, kenapa pula nak dibandingkan dengan orang perempuan pula? Kalau perempuan rasa renyah, cari la fatwa untuk perempuan.",2025-01-01T15:14:59.000Z,
twitter,"Memanglah layan nafsu suami, dah kalau engko cakap vasektomi haram, lelaki pulak biol taknak pakai kondom. Kenapa taknak pakai condom???? Hilang nafsu ke kalau tak pakai condom???",2025-01-01T14:48:34.000Z,
twitter,"Sial eh lelaki ni suruh pakai condom taknak pakai condom, nak pancut dalam. Lepastu nak buat vasektomi haram pulak. Memang semua lah perempuan kena buat, kena fikir mcm mana nak elakkan mengandung after beranak, bila telan pill perancang bini hilang nafsu seks, salah bini jugak https://t.co/UWw4EQLLIf",2025-01-01T14:41:59.000Z,
twitter,"Sama prosedur macam potong tiub fallopio utk  taknak beranak lagi kan. Tp why potong tiub perempuan still boleh buat jika bertujuan untuk kesihatan, why lelaki nak buat vasektomi haram terus? Bukankah it is permissible to prevent pregnancy as long as the procedure is temporary?",2025-01-01T13:08:28.000Z,
twitter,"Apa yg perempuan buat semua haram lelaki semua halal tu???
Vasektomi tu untuk lelaki and haram",2025-01-01T13:03:39.000Z,
twitter,Haram untuk muslim. Tapi tak perlu kot siapa2 nak bodohkan lelaki yang nak buat vasektomi sebab kesian tengok bini sendiri terseksa. Macam takde empathy. Mungkin anon yg sent question tu non muslim sbb tu dia tahu apa itu vasectomy & almost ALL vasectomy can be reversed.,2025-01-01T12:02:28.000Z,
twitter,vasektomi haram,2025-01-01T11:31:28.000Z,
twitter,Haram hukumnya vasektomi.,2025-01-01T11:08:13.000Z,
twitter,Haram bila kekal bang oi. Vasektomi skang reversable,2025-01-01T10:54:35.000Z,
twitter,"Saya telah ulas pada Ogos 2024. Saya berpendapat prosedur vasektomi adalah haram dan tidak dibenarkan.

Rujuk kajian penuh di sini
https://maktabahalbakri.com/6547-prosedur-vasektomi-vasectomy/…

Atau muat turun aplikasi Al Inarah di Play Store dan App Store.",2025-01-01T09:49:19.000Z,
twitter,I’m not sure about how vasectomy works.. tapi bab hukum bolehlah rujuk yg arif atau yg pakar. Sbb yg sy dgr before ni mmg vasektomi itu haram.,2025-01-01T08:06:19.000Z,
twitter,"Aku memang cadang nak buat tapi bila research, haram untuk lelaki Islam buat vasektomi. 

https://instagram.com/p/C08zWeZx8Nd/?igsh=MWlxM3NuMGNkcm8xdg==…

(Tak jumpa fatwa asal)",2025-01-01T06:39:22.000Z,
twitter,"Mmg ada terbaca dan terdengar lelaki Islam tak boleh buat vasektomi sbb haram. Haram sebab perubahan tu bersifat kekal. Berbeza dgn perancang kehamilan yg diambil oleh wanita, sifatnya tak kekal. Bila stop perancang tu, boleh mengandung lg dgn izin Allah..",2025-01-01T04:42:39.000Z,
twitter,gen ask kenapa sunat perempuan itu dibilangnya ajaran islam sedangkan dalam islam jelas jelas yang merubah bentuk dan fungsinya itu disebut haram? giliran cowok disuruh vasektomi pada vocal bgt menolak tp kenapa kalo sunat perempuan ini dibolehkan?,2024-11-08T08:22:30.000Z,
twitter,"wadu lebih ngeri ya, ternyata lu ga baca full cuma sepotong² ,

wkwkwkw, vasektomi haram kecuali ada udzur syari dan itu last choice,

nonik seolah² blg ke org itu halal padahal haram asalnya, tapi dia udh tau haram btw , dan ya seolah² tell to others its halal,",2024-11-08T07:30:14.000Z,
twitter,"oke ngomong konteks ya,

knp cara pembawaanya seolah² konteks vasektomi halal padahal haram?

buktinya ada segelintir orang yg salah paham sampe qrt nanya within komun , jadi konteks nya yg salah siapa ?

knp pembawaanya ambigu ?",2024-11-08T07:28:44.000Z,
twitter,"poitnya nonik cara bahasanya salah, seolah² vasektomi halal padahal haram asalnya,

kalo seandainya kaga, trus knp ada org yg kebingungan sampe² ada yg qrt ke komun?

dan gua ga omdo, mangkanya gua ss as prove also karena perkataan ga etis, gitu aja simple",2024-11-08T04:16:08.000Z,
twitter,"meanwhile pp lu open aurot ,

aurot laki² antara pusar dan lutut, malah blgin gua boti dan sekomun sasaran empuk fitnah dajjal? wkwkw dont joking,

ada org qrt nonik dan nanya hukum vasektomi halal apa haram, karena nonik make people confuse",2024-11-08T00:48:53.000Z,
twitter,"kak maap aku bukan muslim, vasektomi emang dilarang ya? kalo kb buat cewe itu apakah dilarang juga? aku udah baca twit yg dikutip, dia selalu mention vasektomi itu haram lalu apakah kb cewe itu halal? kok malah jadi kesenjangan gender ginii. mohon dijawab ya kak makasihhh",2024-11-07T22:56:12.000Z,
twitter,"Vasektomi haram vasektomi haram, lu ngegibah, ngomongin orang, ngejudge, berasa paling bener juga haram!!!",2024-11-07T17:17:18.000Z,
twitter,Ah kan balik lagi soal vasektomi haram. Susah karena dia nggak punya kemampuan lihat konteks dan nuance.,2024-11-07T05:43:58.000Z,
twitter,"tanggung jawab dong, seolah² beri pemahaman ke org vasektomi itu halal padahal haram asalnya,

ke2, knp gua jadi di tuduh hubungan sx sama suami jadi haram?dari mana 

ke3, baca ulang. point yg salah sama nonik spread like its halal + bahasa kurang etis
https://x.com/catsbutanything/status/1854383379451617789?t=5-aF1qfJ-e6VTSs6qBCzdw&s=19…",2024-11-07T04:49:48.000Z,
twitter,"Kalo menurut sebagian orang itu haram dan gak boleh yaudah jangan dilakukan, kalo ada orang yang mau melakukannya juga gak masalah gak sih? Kok kayak setakut itu sama vasektomi padahal gak ada yang nyuruh juga",2024-11-07T04:24:46.000Z,
twitter,"ap sih inti problemnya inituh? gara2 ucapan doi yg ngomong ngentot brutal (ke dirinya & suaminya sndiri) bikin omongan doi jd invalid sma gitu?
kn udh jelas, intinya tred itu nge call out hipokrit masyarakat soal vasektomi haram tapi tubektomi boleh terlepas dari udzur syar'i nya",2024-11-07T03:55:17.000Z,
twitter,"Dikuatkan pernyataannya oleh ustadz sekaligus dokter

""Vasektomi haram""   https://x.com/MireinaRiviere/MireinaRiviere/status/1838012828541984813…",2024-09-28T03:59:25.000Z,
twitter,"Vasektomi haram. KB untuk perempuan juga haram. Kecuali ada alasan tertentu yang diperbolehkan.
Kalo cuma takut nambah anak ya tetep haram.
Kita ga tebang pilih bilang kontrasepsi haram. Bukan laki aja, yang perempuan juga kita ga dukung KB",2024-09-27T10:42:43.000Z,
twitter,"Vasektomi haram tanpa unsur syar'i 

Kita ngga bahas yang ada uzur 

Kehabisan alasan ya??? ",2024-09-27T09:14:22.000Z,
twitter,"vasektomi itu haram, masih ada yang cara  lebih baik",2024-09-27T02:53:00.000Z,
twitter,"Kalo yg aq tau, di islam vasektomi tu bisa haram kalo tanpa indikasi medis, jadi solusinya ya pake caps ato ditahan jgn sampe keluar di dalem, tinggal dibicarakan aja bisanya yg mana",2024-09-26T00:27:18.000Z,
twitter,Halal mbak kl sementara kl permanen jadinya haram sedangkan lebih dari 6 bulan setelah vasektomi kemungkinan sulit untuk di kembalikan asal dan biaya lumayan mulai dr 11juta dan harus siap tetek bengeknya 20%-30% dr harga tsb,2024-09-23T14:37:57.000Z,
twitter,"Ya coba saja anda vasektomi banyak juga jurnal kesehatan yg membuktikan vasektomi bisa permanen alias mandul jika tidak dilakukan penyambungan atau melepas ikatannya kurang dr 6 bulan, saya lebih ke fatwa haram drpda halal jika sementara anda tahu harga operasinya 12 juta",2024-09-23T14:30:51.000Z,
twitter,"iya benar. Ini yang menjadi landasan MUI memfatwakan haram. Mungkin jika nanti ada teknologi yang benar2 bisa pulih, status keharaman vasektomi bisa berubah.

https://fatwamui.com/storage/551/KEPUTUSAN-KOMISI-B-VASEKTOMI.pdf…",2024-09-23T03:46:48.000Z,
twitter,Ya memang vasektomi ini reversible kan? Jadi ngga sepenuhnya bener kalo lu ngomong ini haram tanpa ngejelasin konteks dan pengecualiannya. It's rather misleading.,2024-09-23T03:33:45.000Z,
twitter,"Only muslim 
VASEKTOMI ini boleh dilakukan jika dan jika suami atau istri memiliki mudharat untuk kesehatan dan keselamatan jiwa. 
Jika dilakukan hanya untuk mencegah kehamilan = HARAM
Dalam islam ada metode 'Azl untuk mencegah kehamilan.",2024-09-23T02:46:16.000Z,
twitter,Yap benar sekali halal kalau bisa di balikin lagi atau bersifat sementara di pikir mudah nyambungin lagi atau ngelepasnya adanya gk bisa kl udah vasektomi permanen mandul kl saya ikut MUI jaman dahulu haram hukumnya,2024-09-23T02:28:22.000Z,
twitter,Vasektomi permanen tetap haram di 2 agama.,2024-09-23T00:56:01.000Z,
twitter,"Ada disclaimer saya, jangan bawa2 subjek lain utk dipaksa fit-in dalam argumen saya.

Saya gak ada blg ustadz ABCD. Sy gak blg si Putra, si Heru, si Adi. Kalo gak masuk, ya jangan dipaksa fit in. Kalo blg rokok haram vasektomi halal, good for you. Jempol itu mah, ga saya debat.",2024-09-20T02:22:53.000Z,
twitter,"Kalo ustadz2 yg anda sebutkan pada blg rokok haram, then good. Tp apakah semua orang blg rokok haram? Gak juga toh? Makanya ada kata SEBAGIAN.

Yg sy kritisi adalah irisan yg blg HARAM tapi ttp merokok, tp ngecengin vasektomi. Si A si B si C engga, ya udah saya engga debatin.",2024-09-20T02:19:01.000Z,
twitter,"Saya ga nyinggung ustadz mana2. Balik lagi, Sy ga ada nyinggung ustadz2 panutan anda kok mas. Santai aja, Makanya di akhir ada disclaimer.

Orang2 blg vasektomi haram, rokok pun SEBAGIAN blg haram. Bedanya, rokok pada di gass aja. Konteks; mba2 yg lakinya dicengin gr2 vasektomi.",2024-09-20T02:16:42.000Z,
twitter,"1. Maksud tweetnya adalah ketika yg dibahas soal merokok, jarang dikaitkan sama halal/haram. Ketika vasektomi, netizen pd bercuit haram.

2. Ada kah dalilnya gak boleh parasmanan dalam beragama? Ato harus idolizing si ustadnya?

Thank you.",2024-09-20T01:40:52.000Z,
twitter,"Iya emg agak whataboutism sih, cuman mungkin konteksnya dia kyk gini:

Vasektomi org2 itu bilang haram, titik.
Rokok org2 itu tau klo haram, tp ttp dilakuin, kyk ada pengecualian dari mereka.",2024-09-20T00:45:20.000Z,
twitter,"Lu teh sakit hati sama omongan siapa ini sampe keluar kata pada diem-diem bae? ""Pada"" itu siapa? Soalnya perihal rokok mah emang haram dan harus ditinggalkan, perihal vasektomi juga MUI tidak mengharamkan.
Jadi ini ditunjukkan untuk siapa?",2024-09-19T22:51:28.000Z,
twitter,Vasektomi haram??? HAHAHAHAHAHAHHA,2024-09-19T21:55:14.000Z,
twitter,"harusnya kamu ga heran kenapa akhirnya banyak yang tersinggung, terutama dr org2 yg cuma mau mengamalkan ajaran agama (rokok & vasektomi sm2 haram). ya krn kalimatmu yg ga jelas objek yg dimaksud siapa. kesalahan di sini pure di penulis yg membuat tulisan yg ambigu..",2024-09-19T15:47:13.000Z,
twitter,"Yaudah bang rokok kan ga haram menurut lu, brarti bisa dong lu vasektomi ya ga? Kan ga haram juga",2024-09-19T15:21:11.000Z,
twitter,"cmiiw, dri yg gue pelajari dan baca, vasektomi dan tubektomi itu kalau tujuannya karna membatasi kehamilan karna takut harta nya habis karna anak, atau karna gamau punya anak perempuan, atau karna emg gamau punya anak aja soalnya ribet, itu hukumnya haram, tpi-",2024-09-19T13:56:23.000Z,
twitter,"Salah nangkap bang. 

Rokok udah haram tapi ada yang ngotot merokok, respons orang sekitarnya, sesama perokok, gak kayak suami pengen vasektomi. 

Kayak gini: rokok haram tetap ada yg ngerokok gak ada yg peduli. Tapi begitu ada yg pengen vasektomi eh semua lgs kebakaran jenggot.",2024-09-19T12:38:45.000Z,
twitter,"T-t-tapi maksud ts nyindir yang ini mas, yang haram-haramin vasektomi

https://x.com/noniksipit/status/1835914524962197644?t=T82lAndSjAZthDB6if6EVg&s=19…",2024-09-19T12:28:03.000Z,
twitter,Hah vasektomi haram?,2024-09-19T07:19:29.000Z,
twitter,"padahal gaada yang nyebut para ustadz yang diem diem. TAPI LO PADA TOT, giliran rokok santai. giliran vasektomi haram haram haram. udah tau rokok merusak tubuh, masih aja ngerorok. giliran saluran sperma diputus biar gak membuahi malah haram. otak di kontol doang kek gitu",2024-09-19T07:14:39.000Z,
twitter,"Dan jangan lupa sebelum terjadi pecahnya 98 mahasiswa konsisten tiap tahun buat demo soeharto.
Jadi lanjutan demo indonesia darurat mana?
Atau udah pada ganti pembahasan halal haram vasektomi?",2024-09-19T07:04:43.000Z,
twitter,Coba disurvey saja di temlen. Cowok yg kemaren bilang vasektomi haram apakah mereka tutup mata masalah rokok?,2024-09-19T06:40:42.000Z,
twitter,"enggak. gua nangkepnya ttp aja banyak cowo yg teriak"" vasektomi haram, takut gabisa punya anak klo nikah lg, tp giliran masalah rokok mereka tutup mata. padahal rokok haram.",2024-09-19T06:31:21.000Z,
twitter,"Mgkin tweets yg nyambungin soal rokok tu buah dr kekesalan. Pdhl banyak yg mnyatakan rokok haram tp ttp dilakukan sm org².

Vasektomi casenya rare dipraktekkan, mendadak heboh dan diharam²in. Sedangkan si Mba udh memenuhi udzur syar'i. Tp tetep diserang dan disalah²in ",2024-09-19T06:13:16.000Z,
twitter,"Tambahan: Sedangkan mba Noni yg suaminya vasektomi jelas² bilang kalau bakal bahaya kl dia hamil lagi, alergi latex yg biasa jd bahan kondom. Pokoknya memenuhi udzur syar'i. Langsung blg Vasektomi haram dan blg kenapa ga tubektomi dl? Lagi² Mba nya suruh ""ngalah"" -",2024-09-19T06:07:57.000Z,
twitter,Oh yang jelas MUI jelas kumpulan ulama dah acc sih dengan berbagai kriteria. Jadi dibilang haram kek babi juga ga tepat untuk vasektomi.,2024-09-19T05:38:51.000Z,
twitter,"Diem? Diem? DIEM? g pernah denger ceramah ya? G pernah liat isi ceramah ustad2 ya? Udah jelas dalil rokok apaan.

Kok dibilang diem, rokok haram dan memang benar. Vasektomi haram, dan kalau benar kenapa? Klo tidak mau ngikutin gpp, banyak juga kok org islam yg ngerokok. Sebalikny",2024-09-19T05:05:43.000Z,
twitter,"Ini mah mba nya bkn nyenggol ttg pemuka agama islam maliih....

Mbaknya lagi nyinggung org2 islam perokok yg vasektomi mikir2 ngeluarin dalih haram blabla tp kl rokok gas terus tanpa mikir...

Aelah gitu aja kok ndak pahaam maliiih",2024-09-19T03:01:21.000Z,
twitter,"Halo kakak, boleh minta artikel atau orang yg mengatakan vasektomi haram.
Terimakasih",2024-09-19T02:53:55.000Z,
twitter,Vasektomi haram ni menurut siapa nder?,2024-09-19T02:32:10.000Z,
twitter,"Bukan perkara rokonya haram ya temen2. Masalahnya rokok haram, tp orang2 masih pada merokok. Tuh banyak yg katanya ""ahli agama"" masih merokok. Sedangkan kalau bahas vasektomi bener2 gamau, bener2 ditolak. Berarti kan standard ganda yak kalau mau merusak tubuh hehe",2024-09-19T01:33:33.000Z,
twitter,Ya tapi COWO tuh ga bahas ini dan cuma bahas vasektomi itu HARAM. Ngerti ga sih lu kocak,2024-09-19T00:39:30.000Z,
twitter,"giliran tubektomi pd diem aja, kalau vasektomi haram. cowards.",2024-09-19T00:38:21.000Z,
twitter,"heran ya, baru disuruh vasektomi yg nanti bisa dibalikin lagi udah teriak2 haram. lah, dipikir cewe hamil, melahirkan, dan menyusui ga merubah/merusak sesuatu dalam tubuh cewe? udah gitu kerusakannya permanen pula, kok gaada yg teriak2 haram?",2024-09-19T00:27:44.000Z,
twitter,Rokok juga haram. Gak diem kok para da'i banyak yang menyampaikan itu. vasektomi ataupun KB yg lain juga terdapat perbedaan pendapat,2024-09-18T23:49:16.000Z,
twitter,Lha vasektomi memang haram.,2024-09-18T23:46:46.000Z,
twitter,"Karena hukum soal rokok masih belum satu suara antar ulama, ada yg mengharamkan ada juga yg memakruhkan. Sementara vasektomi satu suara haram jika permanen, tapi ""boleh"" jika sementara.",2024-09-18T23:07:47.000Z,
twitter,"Soal vasektomi juga karena kurang penyuluhan dan masih banyak perdebatan antarulama. Menurut fatwa MUI, vasektomi boleh asal bukan yg permanen, kalau permanen memang haram hukumnya.",2024-09-18T23:05:04.000Z,
twitter,"Kenapa ya gue nangkep tweets mba2 itu kayak gini:

Orang teriak² vasektomi haram, padahal rokok pun banyak dinyatakan haram, tapi tetep aja gas tetep dijalanin, gitu. CMIIW.",2024-09-18T21:32:47.000Z,
twitter,"Dih tubektomi gak haram kok vasektomi haram
DIH",2024-09-18T21:23:35.000Z,
twitter,knp gk vasektomi? haram?,2024-09-18T16:51:23.000Z,
twitter,"Ga ada hubungannya, Mbak. IMO rokok itu lain cerita.. sedang halal-haram vasektomi itu irisannya sama hegemoni partiarki. ",2024-09-18T16:50:20.000Z,
twitter,"i don't give a shit about haram...
i'll do it for my wife, side effect KB ke perempuan jauh lebih banyak ga sih, kalau vasektomi efek samping nya apa ya??
shittt... mesti research lagi wkwkwk",2024-09-18T15:59:46.000Z,
twitter,"Kalau memang kehamilan membahayakan istri, sebelum vasektomi bisa jd ""halal"", tetap perlu dicoba dulu upaya2 lain, kalau buntu ""harus"" vasektomi, baru pantas diperdebatkan, 

Same case dg pengangkatan rahim, itu juga haram, tp kalau ada udzur syari dan ""harus"" dilakukan, mk boleh",2024-09-18T15:56:15.000Z,
twitter,"yg disalahin perempuan lagi karena ""salah pilih suami"" katanya. Yg harusnya disalahin suaminya lah karena punya pemikiran tolol yg menganggap ""vasektomi haram karena merubah/merusak tubuh"" tapi tetep ngerokok dan tetep nyuruh istri kb. Cuaksss",2024-09-18T14:53:04.000Z,
twitter,"Masalahnya si S ni kayak ga terima kalo vasektomi haram. Makanya ngebandinginnya sama rokok yg masih ""pro-kontra"". 

Padahal kalau memang terjadinya kehamilan membahayakan istri, vasektomi bisa jadi halal karena udzur syar'i.",2024-09-18T14:06:57.000Z,
twitter,"Vasektomi haram katanya karena merubah diri sendiri, merusak diri sendiri.

Tapi pada sunat.",2024-09-18T13:31:39.000Z,
twitter,ini byk yg salah tangkep apa gmna deh? pdhl jelas bgt maksud kakaknya kalo ada laki laki yg koar koar vasektomi haram dan merusak eh mlh ngerokok,2024-09-18T13:03:36.000Z,
twitter,"Haram tapi masih banyak yg lakuin, kalo vasektomi haram ya tetep lakuin juga dong",2024-09-18T11:52:43.000Z,
twitter,"rokok yang katanya haram aja ttp aja tuh mulut ngebul kaya knalpot bobokan, mana pada peduli yang katanya sudah diharamkan. giliran kb vasektomi langsung menyala ya bilang haram alah kontol emang",2024-09-18T11:24:23.000Z,
twitter,"udah difatwa HARAM sebenernya ama mui cuma... selective mind aja kaga mau peduli seolah gatau :"")
KEPUTUSAN-KOMISI-B-HUKUM-MEROKOK.pdf (http://fatwamui.com)

meanwhile si vasektomi bisa halal jika ada unsur syar'i :""))",2024-09-18T11:15:57.000Z,
twitter,"Tubektomi HARAM, Vasektomi HARAM.
.
Tapi yg lagi rame diomongin kan boleh enggaknya vasektomi (aja).",2024-09-18T11:02:40.000Z,
twitter,"Vasektomi nggak diharamkan MUI kak, asal ada kemungkinan untuk tindakan reversal. Yg haram Tubektomi krn pure memandulkan rahim",2024-09-18T10:52:27.000Z,
twitter,"karna belum pernah tanya ke guru, buat gua vasektomi masih ada 2 kemungkinan, halal & haram. kalo rokok jelas haram.",2024-09-18T10:27:04.000Z,
twitter,Rokok haram vasektomi juga,2024-09-18T10:25:19.000Z,
twitter,"lu berdua yg gapaham konteks, dia justru mempertanyakan org2 yg soksokan bawa agama dengan bilang vasektomi haram, padahal SEPERTI YANG LU BILANG mau vasektomi atau kb ya dua dianya aslinya gaboleh kl dalam agama, jd kalo mau nentang vasektomi jangan sok bawa2 halal haram",2024-09-18T10:21:27.000Z,
twitter,"Vasektomi dibilang haram, giliran kb perempuan seakan boleh aja. The double standard",2024-09-18T08:58:13.000Z,
twitter,Membandingkan satu kesalahan dengan kesalahan gk akan ada habisnya. Vasektomi hukumnya haram dan rokok pun begitu. Satu lagi kalau anda gk punya ilmunya gk usah komentar terkait hal-hal yg anda gk punya ilmu terkaitnya,2024-09-18T08:50:07.000Z,
twitter,"Vasektomi haram katanya karena merubah diri sendiri, merusak diri sendiri.

Lahh kok pada marah-marah ketika wanita mengemukakan fakta hamil dpt merusak & merubah badan?!?!?",2024-09-18T08:30:43.000Z,
twitter,"Komparasi yg tepat tuh kalau pd bilang vasektomi haram karena merubah diri tapi pada diam pas pembahasan suntik silikon atau boobs job karena egois.
Pokoknya perempuan harus tobrut walau merusak diri ",2024-09-18T08:11:30.000Z,
twitter,"cowok cowok nih pada maju paling depan bilang kalo vasektomi haram, tapi pernah gak membela segitunya kalo tubektomi juga haram?",2024-09-18T06:57:23.000Z,
twitter,"Kodrat makhluk diciptakan berpasangan itu untuk bisa melahirkan keturunan sehingga ada generasi penerus. Vasektomi haram karena menyalahi kodrat. Jenis2 KB yg ada (kecuali kondom) ada efek samping kesehatan. Selain itu, ada KB alami seperti ful ASI, azl, kalender, dll. itu aman.",2024-09-18T06:55:25.000Z,
twitter,semua halal. yang haram cuma babi dan vasektomi,2024-09-18T06:53:22.000Z,
twitter,"knp malah pd bahas rokok nya, bukan isu vasektomi haram nya wkwk",2024-09-18T06:34:30.000Z,
twitter,Tubektomi dan vasektomi haram juga.,2024-09-18T06:32:02.000Z,
twitter,Kenapa iket saluran (vasektomi) haram tapi potong kulup (sunat) gpp padahal sama2 merubah diri sendiri?,2024-09-18T06:31:53.000Z,
twitter,"Vasektomi tanpa unsur syar'i = haram.
 Merokok = haram.
 Tapi dua2 tetap aja dilakukan orang.
Jadi point di twit ini apa?",2024-09-18T06:27:27.000Z,
twitter,"karena seharusnya udh clear, oke anggep dia awalnya gatau dan skrg kan dia udh tau kalo vasektomi itu haram kecuali udzur dan last choice, tpi seolah² dia spread to peoples kalo itu halal hukum asalnya.

just that the point yoow,
and i feel sorry to her tho, smoga",2024-09-18T06:14:58.000Z,
twitter,"Dengan kata lain, klo yg disebutin mas itu juga bener, tapi dampak negatif misal vasektomi ke laki2 yg ga bener, suka selingkuh dll itu bisa jadi alasan kenapa di haramkan.

Tujuan nya gak jelas klo dijabarkan, emg harus liat dari sisi personal haram atau tidaknya",2024-09-18T06:00:24.000Z,
twitter,"ya haram kalo gada uzur. kalau ada uzurnya hukumnya boleh. kalo koar-koar haram-haram tanpa ngasih keterangan lebih lanjut, yang ada orang awam mikir vasektomi hukumnya haram tok titik.",2024-09-18T05:57:30.000Z,
twitter,"Tinggal memahami kenapa vasektomi dianggap haram giliran tubektomi engga aja susah banget 

Padahal logika sederhananya itu KB yang sama persis cuman beda di gender doang. Tapi giliran cowo diharamkan giliran yang cewe diwajarkan. Padahal sama sama mengubah ciptaan Allah.",2024-09-18T05:54:05.000Z,
twitter,"Lalu knp rokok haram??

Ya krn emg pd dasarnya dia ngga ada manfaatnya kan, mau pengecualian apapun juga dia adanya ngasih asap ke paru2 dan jd sumber penyakit, gtu aja si :/

Jdi klo dibandingkan vasektomi dan rokok,
Agaknya ngga apple to apple...",2024-09-18T05:51:24.000Z,
twitter,"Pelan""dulu, jgn lngsung di ULTI kak 

Katanya vasektomi haram krna bikin mandul tp tubektomi halal walaupun bikin mandul, kan yg mandul perempuan jd halal kak. Kalo yg mandul laki ya haram 
Rokok makruh kalo buat laki, haram kalo buat cewek ",2024-09-18T04:13:40.000Z,
twitter,"rokok enak, soalnya. vasektomi haram karena pada takut nanti ga bisa ngaceng, atau memang punya obsesi untuk beranak pinak. dan anak adalah rezeki katanya, padahal bapaknya cuma leha-leha sambil ngerokok",2024-09-18T04:06:59.000Z,
twitter,"kl vasektomi haram krn ‘mengubah’ laki-laki, berarti sudah seharusnya KB untuk perempuan juga diharamkan krn ‘mengubah’ hormon perempuan jg ",2024-09-18T04:06:42.000Z,
twitter,"Kl maksudnya mokondo yg merasa harga dirinya terancam grgr vasektomi, well, mereka jg perokok soalnya wkwk
Kl yg ngomong bner² dr sudut pandang agama juga mengharamkan rokok sih. Malah lbh haram rokok drpd kb kan kb boleh kl ada uzur syar'i nya, wallahualam.",2024-09-18T03:56:23.000Z,
twitter,"marah gak papa, tapi gak mengubah kalo vasektomi dan KB tetap haram (kecuali ada uzur syari) 

kalo mau keadilan bagi pria dan wanita, sayangnya kita tinggal di (budaya) Indonesia.",2024-09-18T03:49:19.000Z,
twitter,"Segala bawa2 vasektomi haram, rokok lo tuh apa kabar? Blok.

#wowemosi",2024-09-18T03:15:59.000Z,
twitter,"Ahh nggak juga, gak usah dikit2 merasa paling terdzolimi dan tersakiti deh  jelas2 banyak yg ngomong klo tube/vasektomi sama2 haram klo dilakuin tanpa alasan. Klo krn alasan kesehatan ya gak masalah. Darah babi aja bisa jd halal klo dijadikan obat kok",2024-09-18T03:13:45.000Z,
twitter,"WKWKWKWKWK ROKOK LO NOH MERUSAK DIRI SENDIRI DAN LINGKUNGAN.

MUI: Vasektomi HALAL, Merokok Makruh & Haram.

Jadi laki-laki minimal pinter ",2024-09-18T03:08:43.000Z,
twitter,"Loh dimana berbelitnya?

Cuma mw kasih fakta, karena saya  punya teman yg konservatif kayak gitu

Bagi mereka KB itu haram, baik vasektomi ataupun KB buat perempuan...",2024-09-18T02:58:53.000Z,
twitter,"Ada istri hampir mati karena komplikasi melahirkan. Pun sudah melahirkan beberapa kali. Ada jg istri2 yang kalo KB efeknya luar biasa.
Yg disuruh KB tetap istri, kondom gak mau, vasektomi haram. Titik.

Tapi membuat istri berada dalam keadaan yang menyengsarakan adalah halal.",2024-09-18T02:42:35.000Z,
twitter,"kalo vasektomi haram, berarti KB pada perempuan juga haram dong ya?
karna banyak perempuan yg hormonnya berubah setelah menggunakan beberapa jenis KB",2024-09-18T02:38:48.000Z,
twitter,"Gak butuh alasan.
Gw butuh dalil atau semacamnya yg membolehkan suami Vasektomi ketika yg punya udzur syar'i untuk operasi adalah si istri.
Karena pada dasarnya vasek tubek itu haram.",2024-09-18T00:47:36.000Z,
twitter,"gini, intinya dia itu udh dikasih tau vasektomi haram kecuali ada udzur syar'i dan gaboleh bermudah²an, tpi dia ini dakwah seolah² hukum awalnya ga haram,

pertanyaannya, gua udh saling argumen tpi kok masih gini dia?

dalem hati gua nanya
""dia lagi caper""?",2024-09-17T22:01:52.000Z,
twitter,"Haram. Kalo pun ngga permanen, sejauh ini yg ngelakuin vasektomi pengen punya keturunan lagi peluangnya kecil. Kalo bawa embel² udzur syar'i apalagi sekedar self claim (*biar gamau punya anak), diposting/influence ke netizen, dan efeknya fomo nyuruh calon suaminya. Ini yg aneh.",2024-09-17T19:28:38.000Z,
twitter,"Vasektomi haram katanya karena merubah diri sendiri, merusak diri sendiri.

Lah??? Kok pada diem2 bae soal rokok???",2024-09-17T16:15:38.000Z,
twitter,"Haram, gak ada udzur syar'i nya.

Siapa yg ngatur si? Gw nanya udzur syar'i dia sampe suami yg Vasektomi.",2024-09-17T15:42:37.000Z,
twitter,"Udzur syar'i nya ada di perempuan.
Kalo udzur syar'i nya ada di laki laki silahkan vasektomi.
Jika tidak ada udzur syar'i haram dua dua nya.",2024-09-17T15:11:33.000Z,
twitter,"Saya pribadi sangat mengerti Bang Rian.

Saya juga menganut paham yang sama bahwa jika tidak ada urgensinya, vasektomi haram secara agama.

Yang di noted disini casenya kak 
@noniksipit
 ... ijin saya quote twit saya di kolom komen ya ...",2024-09-17T14:51:57.000Z,
twitter,Gue baru tau kalo vasektomi ternyata haram,2024-09-17T14:46:46.000Z,
twitter,"Tapi sy jg penasaran blio merujuk ke pendapat Imam siapa “Mubah”.

Kalo pendapat Imam Bajuri dalam Kitab Fath Qorib: Asal hukum Vasektomi / KB permanent adalah haram, hukum kedua makruh jika untuk menunda kehamilan / ada udzur Syar'i.",2024-09-17T14:27:41.000Z,
twitter,"di tautan disebut kalau vasektomi haram karena tidak bisa mempunyai keturunan lagi selama2nya (semacam steril), tapi pernah baca juga kalau vasektomi itu ngga permanen kok, masih bisa punya keturunan dengan operasi dibuka salurannya. CMIIW yaa gw ga mendalami banget masalah ini",2024-09-17T14:21:13.000Z,
twitter,"Ini mengambil pendapat Imam Siapa kak, boleh tau rujukannya?

Karena twet km sdh dilihat ribuan org, sy cb sertakan pendapat Imam Bajuri dalam Kitab Fath Qorib: Asal hukum Vasektomi / KB permanent adalah haram, hukum kedua makruh jika untuk menunda kehamilan / ada udzur Syar'i.",2024-09-17T14:20:45.000Z,
twitter,"Mau tanya kak, tubektomi haram jg kyk vasektomi nggak?",2024-09-17T14:03:59.000Z,
twitter,"Hukum pemandulan permanen (vasektomi/tubektomi) pada dasarnya haram, kecuali ada udzur syar'i.",2024-09-17T13:00:34.000Z,
twitter,"Kak ada referensi terkait hukum vasektomi dalam islam itu mubah ga ya? Ku tertarik tapi hasil gugling + temen-temen (from both gender) pada bilang haram  

semisal ada yang bisa meyakinkan kalau itu mubah akan sangat membantu ",2024-09-17T11:51:02.000Z,
twitter,"1. Tubektomi & Vasektomi jelas haram dan bukan KB.
2. Boleh dilakukan jika memenuhi udzur syar'i (Biasanya masalah kesehatan yg mengancam nyawa)
3. Kalau wanita yg sakit, ya silahkan Tubektomi
4. Pun sebaliknya, kalau laki yg sakit ya silahkan Vasektomi
Lanjut",2024-09-17T11:44:40.000Z,
twitter,"Kalo di islam jika melakukan pemandulan permanen(vasektomi) tanpa ada urgensi kesehatan tertentu hukumnya HARAM 

Dah gitu aja
Dasar hukumnya dah banyak",2024-09-17T11:02:20.000Z,
twitter,"Nggak tahu, tanya tim ahlinya aja, saya tim dukung vasektomi kok wkwkwk

Tanya yg punya pendapat haram, saya cuma jelasin doang kenapa vasektomi dianggap haram.",2024-09-17T08:36:30.000Z,
twitter,"""vasektomi hukumnya muhab"" ini ustadzhah ya claim mubah? mubah tuh apasih? kenapa dari mubah jadi halal saat ada uzur? bukannya mubah gak perlu uzur dan yang perlu uzur jadi halal itu ya lawan katanya halal yaitu haram. kocak https://x.com/noniksipit/sta/noniksipit/status/1835553649839509861…",2024-09-17T08:31:19.000Z,
twitter,"Vasektomi itu mubah atau haram tergantung metodenya. 
Kalau pemandulan permanen menjadi haram, kalau reverseable menjadi boleh.",2024-09-17T07:35:43.000Z,
twitter,"Iya betul, menurut Fatwa MUI, vasektomi itu haram, tapi bisa jadi makruh (dibolehkan) dengan bbrp syarat.",2024-09-17T06:46:34.000Z,
twitter,"secara spesifik gak dibilang vasektomi haram, tapi kalo kontrasepsi gak bisa dibalikin dan kalo bisa dibalikin pun gak seperti sedia kala, itu diharamkan",2024-09-17T05:46:52.000Z,
twitter,"Jeng, urusan vasektomi tubektomi emang diatur. Kalo emang gada uzur yang dibenarkan, haram loh. Kalo kehamilan membahayakan janin dan ibu yang mengandung, baru boleh memutus kehamilan. Selama belum segawat itu, paling mentok cuma boleh menunda kehamilan",2024-09-17T05:30:07.000Z,
twitter,"""vasektomi haram krn sama aja kaya menolak rezeki (anak)""
""kb haram krn bisa bikin penyakit""

YAUDA LU PADA PAKE KONDOM AJA NAPA SIH APA GAUSA NGENTOT GT, TIBANG GITU DOANG DIBIKIN MASALAH PUKI",2024-09-17T05:29:02.000Z,
twitter,"wa'alaikumsalam, menurut MUI Vasektomi HARAM dengan beberapa pengecualian.
sumber: https://fatwamui.com/storage/451/VASEKTOMI.pdf…",2024-09-17T05:23:57.000Z,
twitter,"Bang, pernah denger gak kalo menikah hukumnya bisa jadi haram? Tapi dengan syarat dan ketentuan yg mendukung. Sama bang, vasektomi juga bisa jadi halal dg syarat dan ketentuan yg mendukung. Hayuk sm2 belajar biar gak asal jeplak sebelum bebacotan di sosmed.",2024-09-17T00:30:42.000Z,
twitter,"""Pada Ijtima Ulama Komisi Fatwa di Padang Panjang 2009, masalah ini kembali dibahas. Namun, para ulama menegaskan bahwa vasektomi haram, karena merupakan pemandulan tetap,"" jelas Niam yang juga doktor hukum Islam UIN Jakarta ini.",2024-09-17T00:17:07.000Z,
twitter,"Kok rada ga nyambung ya 

Kalo claimnya ""vasektomi halal kalo ada udzur"", kalo gaada uzur berarti lawan kata halal = haram

Kalopun mau pake kata ""mubah"", maka harusnya diatas bukan halal, tapi ""sunnah"". Iya sunnah disini artinya ""dianjurkan"" karena ada udzur2nya https://x.com/noniksipit/sta/noniksipit/status/1835698429881889144…",2024-09-17T00:07:08.000Z,
twitter,"Sekarang tinggal tanya, vasektomi, tubektomi itu permanen ga? Kalo permanen ya haram. Karena dia mengubah desain biologis dr Alloh. Wong sulam alis aja haram kok, apalagi ini.",2024-09-16T22:12:35.000Z,
twitter,"""Ustazah"" twt ngaco deh. Aborsi, vasektomi, tubektomi tuh hukum dasarnya haram. 

Bisa menjadi MUBAH jika tidak menyebabkan mandul permanen, dan menjadi HALAL jika ada uzur syar'i.",2024-09-16T22:03:58.000Z,
twitter,"Tapi hukum asalnya tetep haram kak, karena pada hakikatnya merusak fungsi kenormalan saluran sperma pria.

Again, bisa jadi mubah kalo ada mudhorot (hal buruk) yang bila tidak dilakukan vasektomi, pasangan perempuan bisa tersakiti. Contohnya kehamilan beresiko",2024-09-16T21:47:30.000Z,
twitter,"Iya mbak..
Kalau memang hukum asal vasektomi itu mubah, mbak gak harus punya udzur syar'i buat lakuin vasektomi

Sesuatu yg butuh udzur syar'i untuk bisa jadi halal itu sesuatu yg haram",2024-09-16T16:17:57.000Z,
twitter,"Tweet ini yang kurang tepat. Harusnya, hukum asal Vasektomi itu haram, sehingga menjadi halal jika ada udzur syar'inya.",2024-09-16T16:14:09.000Z,
twitter,"Intinya kaidah fiqh yang betul:

Hal haram bisa jadi halal/mubah/jaiz (boleh) jika ada udzur syar'i

Hal halal/mubah/jaiz (boleh) itu bisa jadi haram karena udzur syar'i.

Hukum asal vasektomi itu haram, jadi halal/mubah/jaiz (boleh) kalau ada udzur syar'i.",2024-09-16T16:04:40.000Z,
twitter,"Mbak, mubah itu sama aja dengan halal. Saya ulangi lagi ya. Mubah = halal. 

Jadi salah lah kalimat = hukum asalnya mubah, bisa jadi halal. Lah orang mubah itu halal 

Hukum asal vasektomi itu haram, bisa jadi MUBAH/HALAL, kalo ada uzur syar'i.",2024-09-16T15:46:36.000Z,
twitter,"tttt-tapi vasektomi tanpa alasan medis dan dg alasan biar gabisa dikasih keturunan lagi haram loh :) kb pun diperbolehkan untuk menjaga jarak kehamilan, pu. boleh bukan yang permanen. jd sebenernya mah kb sama vasektomi gabisa disamakan ",2024-09-16T15:42:13.000Z,
twitter,"Haram mbaa, hukumnya dosa kalo vasektomi cuma buat “males punya anak” atau alasan gak jelas
Yang mubah itu kalo misal ada penyakit mematikan, intinya alasan yang syar’i atau yang bisa membahayakan kehidupan mereka",2024-09-16T15:30:10.000Z,
twitter,"harusnya antum lebih takut dosa jariyah dan hisab atas perkataan ""vasektomi hukumnya mubah"" 

""memubahkan"" hal yang haram tanpa udzur syar'i

antum juga tidak menyertakan secara lengkap kasus vasektomi antum, ternyata ada ""uzur syar'i"", secara kesehatan diperbolehkan https://x.com/noniksipit/sta/noniksipit/status/1835553649839509861…",2024-09-16T15:16:04.000Z,
twitter,"Alhamdulillah nemu jawabannya. Jujur gue pro vasektomi tapi beberapa waktu lalu ustadz yg gue follow nulis kalo itu haram. Salahnya gue, gue ga nyari tau lagi itu sebab musababnya haram tuh bagaimana. Thanks udah sharing yah kak https://x.com/noniksipit/sta/noniksipit/status/1835553649839509861…",2024-09-16T13:37:18.000Z,
twitter,padahal penjelasan warga sini tentang vasektomi tuh gampang bgt dicerna lohhh kenapaa pada kg ngerti ngerti sih? CAPEK BGTTTT BACAAA NJG MAKANYAAA jangan marah marah mulu haram hirim hurum herem,2024-09-16T13:37:13.000Z,
twitter,"oiya, aku abis baca ternyata hukum vasektomi menurut ulama Indonesia dari tahun ke tahun tu makin longgar ga seketat dulu yg emg bener2 haram bangett tanpa pengecualian. bagus lah ya",2024-09-16T11:38:38.000Z,
twitter,"Silahkan kalangan non muslim menormalkan, untuk kalangan muslimin ingat vasektomi adalah haram hukum nya... ",2024-09-16T05:28:07.000Z,
twitter,"Itu yang aktivis vasektomi bukan sih? Makin gembar-gembor soal vasektomi, jadi curiga itu KB gak worth it jadi banyak 'korban' yang nyari temen.

Pernah cuma nanya soal status halal haram, langsung ngajak bala-balanya buat nge-bully. Padahal aku dan suami pro vasektomi.",2024-09-14T12:34:14.000Z,
twitter,"Padahal di istri efeknya banyak. Ini ga haram, giliran vasektomi haram. Padahal ada yang NAMANYA REVERSE VASEKTOMI

Kalo bahas halal/haram mah pake Kondom (walau ga cegah hamil 100 persen full minimal win2 solution untuk sesama) tapi balik lagi banyak ga mau, katanya ga enak main",2024-08-28T15:42:00.000Z,
twitter,"Kalo istri ga cantik tetep salah istri. Kalau istri moodnya jelek, pokoknya salah istri. Semua salah istri, kayak suami sempurna aja (kerja juga kadang dibantu istri,kok)

Vasektomi ga mau, bilangnya haram dan kurang jantan, padahal efek negatifnya cenderung tidak ada/sedikit",2024-08-28T15:40:43.000Z,
twitter,"jarang liat ada bapak bapak di kasih tau bisa ngefilter saran dan memikirkannya, yg lain urng liat kek vasektomi dibilang haram. open minded si bapaknya kaget urng",2024-08-28T02:11:48.000Z,
twitter,"kalo di islam (sehemat pengetahuan gue ini) bayi tabung haram kalau sewa rahim wanita lain.

terus KB bisa jadi haram kalau dilakukan melanggar syariat islam kaya vasektomi sama aborsi.

mungkin bisa jadi di katholik sama",2024-08-27T15:23:44.000Z,
twitter,Halah vasektomi aja pada blg haram... Pokonya kaum mabok agama pada lucu2...,2024-08-14T03:00:42.000Z,
twitter,Muslim haram vasektomi,2024-08-11T12:02:22.000Z,
twitter,"Awalnya ada bapak bapak bilang vasektomi itu haram. Jadi kalo ada istri yang nyuruh suaminya vasektomi, karungin aja terus balikin ke orang tuanya.",2024-08-11T00:44:09.000Z,
twitter,yah makanya ada uzur kesehatan dan syar'i . kan kalimatku jelas kak vasektomi haram kecuali ada uzur kesehatan dan syar'i dan untuk lebih jelasnya bisa dikonsultasikan dengan ustadz yang ahli di bidang fiqih.,2024-08-10T06:16:55.000Z,
twitter,"Makanya kocak banget. Main judge haram aja! Kalo vasektomi haram, apa cangkok jantung, ginjal, hati juga haram? Aneh bener emang laki model gitu. Pede banget LG bilang istrinya karungin aja suruh balikin ke ortu kalo nyuruh vasektomi.",2024-08-10T05:44:47.000Z,
twitter,"seluruh ulama juga sepakat vasektomi haram kak , kecuali ada uzur kesehatan dan syar'i.",2024-08-10T05:06:23.000Z,
twitter,"Dari sini aja udah kelihatan kalau gak paham soal vasektomi. Tapi yaudahlah, nggak papa. 

Dunia yang sudah tua ini memang sudah disesaki dengan manusia yang tugasnya hanya label ""haram-halal"" bagi manusia lainnya.",2024-08-09T22:50:15.000Z,
twitter,"Vasektomi kan bisa balik lagi bang, udah ada yg bales di atas jugaan 

Cuma lu sendiri tetep gamau ambil pusing kan, pokoknya haram aja gitu, ya gapapa sih, cuma aneh aja kalo buat hal yg lain yg dianggap haram malah ga konsisten gini",2024-08-09T14:47:34.000Z,
twitter,nih baca bagian ini terus renungi maksudnya apa. mengapa sebelumnya difatwakan haram. memgapa BKKBN perlu meyakinkan bahwa vasektomi bisa dipasang kembali hgg akhirnya MUI mengubah keputusannya,2024-08-09T13:10:53.000Z,
twitter,vasektomi haram tapi banyak anak ga dinafkahi halal ,2024-08-09T12:59:55.000Z,
twitter,kayak instead of ngomong vasektomi sm tubektomi haram dia malah ngehighlight salah satunya ,2024-08-09T12:57:14.000Z,
twitter,"iyaa tp si masnya ini ngomong seolah vasektomi doang yg haram sampe bawa"" istri suruh balikin ke ortunya kayak.. tubektomi kan juga haram kalau gitu mah ini diluar udzur syar'i lainnya ya",2024-08-09T12:55:31.000Z,
twitter,Vasektomi haram dalilnya darimana sih? https://x.com/salazar_3232/s/salazar_3232/status/1821813080546062705…,2024-08-09T12:48:44.000Z,
twitter,"Kucing gw kastrasi+ovariohysterectomy, monyet-beruk gw tubektomi+vasektomi, gw sendiri udah vasektomi. 

Fair enough dong gw mau ngomong apa

Ya dari kajian yg ada terpeca dari haram-mubah. Tinggal kembali aja keyakinan masing2",2024-08-09T12:47:47.000Z,
twitter,w baru tau vasektomi merujuk ke haram,2024-08-09T12:09:58.000Z,
twitter,"seriously talking, by that logic harusnya KB juga haram dong ya kan mencegah/ngilangin potensi wanita buat hamil even for temporary? terus aku rasa banyak yang belum educated aja sih soal vasektomi ini, makanya pd takut dan ngeri duluan. semoga kedepannya makin banyak sosialiasi",2024-08-09T12:09:06.000Z,
twitter,"ga usah diladenin dok, manusia munafik, sok keras bilang vasektomi haram tp kalo di kasih bokep minta link",2024-08-09T11:50:22.000Z,
twitter,ngomong vasektomi haram tapi minta link bokep. tolol https://x.com/MireinaRiviere/MireinaRiviere/status/1821168628714369403…,2024-08-09T11:42:57.000Z,
twitter,"another manusia munafik, sama aja tuh kaya tg td teriak2 vasektomi haram.
kek tolol banget sih.",2024-08-09T10:45:43.000Z,
twitter,"Koar2 vasektomi haram

Tp ngatain orang, nonton bokep
Minimal malu https://x.com/salazar_3232/s/salazar_3232/status/1821790563324326161…",2024-08-09T09:49:09.000Z,
twitter,"Munafik sekali pak, vasektomi haram tp buka bokep halal yak wkwk ",2024-08-09T08:07:24.000Z,
twitter,"VASEKTOMI HARAM
BUKA BOKEP HALAL 
WKWKWK ",2024-08-09T08:06:15.000Z,
twitter,kan vasektomi sama aja ky IUD dan pil kb? kl perempuan yg pake kok ga haram? :/,2024-08-09T07:17:27.000Z,
twitter,"Mereka yg bilang vasektomi haram, ga semua melimpahkan kewajiban kb ke istri kok. Ada yg suaminya mau kb kondom dan berhubungan saat istri ga dalam masa subur. Coba aja ada yg komen maksa istri kb hormon, gw rujak tuh orang.",2024-08-09T06:56:51.000Z,
twitter,Nyindir orang yg bilang vasektomi haram keknya,2024-08-09T05:58:46.000Z,
twitter,"Vasektomi asas haramnya karena merusak bagian tubuh, kalo emang saluran sperma yg dipotong bisa dibalikin lagi semisal kelar dipotong ya ga haram, itu masuknya juga masi ranah fiqih kontenporer. Sementara dihukum Haram soale belom ada kepastian saluranya bisa disambung apa engga",2024-08-09T05:46:04.000Z,
twitter,"Maaf komparasinya emg krg tepat.

Dalam fatwa MUInya, vasektomi dihukumi haram karena ada potensi ga bisa kembali.

Selain MUI, kajian yg lain jg blg hal yg sama, bisa ga haram, selama bisa dijamin reversible. Boleh dicek

https://al-islam.org/islamic-edicts-family-planning/birth-control…
 https://rumaysho.com/2197-melakukan-azl-guna-mencegah-kehamilan.html…",2024-08-09T05:44:46.000Z,
twitter,Makan babi ya jelas haram lah. Unless you lagi survival mode di hutan dan ga ada makanan lain selain babi. Ini bikin komparasi kok ga apple to apple. Lagian vasektomi itu juga ga permanen. Bisa disambung lagi saluran yg tadinya diputus.,2024-08-09T05:33:29.000Z,
twitter,"bukan uzur, skrg vasektomi bisa dikembalikan ke fungsi dan kondisi semula, di 2012 mui menyatakan vasektomi haram KALAU gabisa dibalikin seperti semula. kalo baca informasi jangan setengah2.",2024-08-09T05:26:51.000Z,
twitter,"yah sok keras ngomong vasektomi haram, tau nya penyembah link.
dasar manusia2 munafik sangean, kontol doang yg dipikirin, tolol.",2024-08-09T05:18:16.000Z,
twitter,"Haram gimana sih njir?
 Vasektomi tuh maksudnya bukan potong titit yah pepek https://x.com/MireinaRiviere/MireinaRiviere/status/1821168628714369403…",2024-08-09T05:03:53.000Z,
twitter,"Yeu goblok, bilang aja vasektomi haram haram, pas ditanyain atas dasar apa, malah ngelak, tolol as usual https://x.com/MireinaRiviere/MireinaRiviere/status/1821422770389127318…",2024-08-09T04:49:11.000Z,
twitter,Serius ada yang ngomong vasektomi haram?,2024-08-09T04:33:57.000Z,
twitter,"mbak haram halal islam itu saklek, sesuai al quran, hadist dan ijma ijtihad ulama bukan harusnya harusnya. dan ini juga ngomongin tentang vasektomi yang mana seluruh ulama udah mengharamkan kecuali memang ada udzur secara medis.",2024-08-09T04:27:57.000Z,
twitter,haram soalnya lu gakmau di vasektomi ya lol tolol https://x.com/MireinaRiviere/MireinaRiviere/status/1821168628714369403…,2024-08-09T04:06:00.000Z,
twitter,"Dari kacamata agama haram kalo sifatnya permanen.
Mui bilang boleh setelah bkkbn bilang vasektomi itu bisa disambung kembali.

Mengedukasi memang jalan yang berat.",2024-08-09T03:19:36.000Z,
twitter,"makasih udh jelasin dan peduli klo kb ga harus di lakuiin

dsini gw cm bhs buat cwo yg msih memksaakan kb,tp ga ngbolehin vasektomi pdhl kb dan vasektomi sm sm haram klo itu permanen",2024-08-09T03:10:03.000Z,
twitter,"vasektomi klo permanen jadi haram,kb klo permanen juga jdi haram apa beda nya??? knp klo di perempuan itu jdi hal biasa aja?? pdhl ada resiko dan akibatnya sama",2024-08-09T03:06:09.000Z,
twitter,"plying victim alwys,udh jelas dia punya alsn sndiri,toh hukum vasektomi msih bisa di pake dngn pengecualian,sm hal dngnn kb,kb bisa haram klo itu permanen,ingetin dosa tp sndiri mengklaim kll yg dia lakuiin dosa pdhl dia ada alasan knl ngelakuiin itu.",2024-08-09T02:30:45.000Z,
twitter,"Orang yang ga ngerti bahwa tujuan hidup nyari ridha Allah ya begini. Dijelasin vasektomi haram ngamuk, apalagi disuruh nyembelih anaknya seperti nabi Ibrahim.",2024-08-09T02:27:45.000Z,
twitter,"Kb bukan kodrat istri.
Kb pun haram, kecuali dlm kondisi tertentu, sama aja lah kek hukum rincian vasektomi. 

Intinya kita better balik belajar agama dlu sebelum ngetweet bawa2 agama.",2024-08-09T02:24:18.000Z,
twitter,emang vasektomi haram?,2024-08-09T02:19:39.000Z,
twitter,"yg bisa menghukumi dosa, haram, halal ya Tuhan sendiri mba. lo cuma hamba-nya gausah men judge orang lain. lo aja sendiri gatau alasan sampe vasektomi tuh apa.",2024-08-09T02:11:08.000Z,
twitter,"Wait, vasektomi haram????",2024-08-09T02:11:01.000Z,
twitter,"vasektomi sm aja kek kb,ada yg ga bikin permanen apa slhnya?cwe boleh kb tp knl cwo disruh itu malah koar koar ga nerima?aplgi yg bilang haram padal sm sm ngbuat fungsi badan jdi berubah",2024-08-09T02:07:48.000Z,
twitter,Eh tapi vasektomi beneran haramkah? Selama ini belom banyak mengulik itu aga kaget juga ada yang bilang haram ,2024-08-09T01:50:59.000Z,
twitter,"Vasektomi permanen, KB engga
Kondom juga ga haram karena ga permanen",2024-08-09T01:26:58.000Z,
twitter,Kb gak haram? Vasektomi haram?  https://x.com/MireinaRiviere/MireinaRiviere/status/1821314124112146509…,2024-08-09T01:21:17.000Z,
twitter,"cowo vasektomi, haram
cewe kb, haram
itu yg pada anak seabrek tapi ga dinafkahi dg layak dan cukup kok ga dikata haram? ngewa ngewe tp anak masih kecil ujungnya ditaruh pesantren gratisan, gitu yg halal?
mereka bangga betul dzolim ke anak2 mereka, gimana tuh",2024-08-09T01:21:11.000Z,
twitter,"vasektomi haram ya karna merubah fungsi tubuh, tp kalo perempuan di kb gpp (walaupun banyak perempuan yg tubuhnya ""rusak"" sejak kb) ",2024-08-09T01:18:50.000Z,
twitter,"Kalau mau fair
Vasektomi dan tubektomi haram karena nutupnya permanen",2024-08-09T00:57:30.000Z,
twitter,"Haram itu kalo mengubah sesuatu scr permanen, misalnya vasektomi bikin ga bisa menghamili lagi. Kemarin sempet baca soal vasektomi, ternyata bisa dibalikin sprt kodratnya, jd ga haram. Wallahua'lam https://x.com/MireinaRiviere/MireinaRiviere/status/1821168628714369403…",2024-08-09T00:56:28.000Z,
twitter,gimana gimana bang? tiba-tiba bilang vasektomi haram? mau tau dong penjelasannya,2024-08-08T17:46:36.000Z,
twitter,"yang blg vasektomi haram kebanyakan jg gamau istrinya kb. alasannya kalo kebobolan ""udah rezekinya"" ",2024-08-08T17:34:39.000Z,
twitter,Yg haram kalo di cut habis. Vasektomi bisa disambung lagi walau resiko gagal 0.08%,2024-08-08T17:27:44.000Z,
twitter,Vasektomi haram. Tapi beranak sampe gak keurus itu halal (padahal dosa juga tapi pada tutup mata),2024-08-08T16:54:07.000Z,
twitter,"aku setuju soal ini, tapi jika keadaannya memang kepepet maka vasektomi dan tubektomi hukumnya bukan haram lagi kan?",2024-08-08T16:05:10.000Z,
twitter,"Lebih haram mana kak sm yg ngewe dn pnya anak trs tp anaknya gk keurus, gizi, pendidikan dn segala aspek gk tercukupi oleh orgtua nya, atau lebih haram istri nyuruh vasektomi tp bebas ngewe tanpa mikirin beban ekonomi hrs ngehidupin anak banyak?",2024-08-08T16:00:26.000Z,
twitter,Sptnya km lebih paham kalo vasektomi haram. Coba jelaskan kenapa haram?,2024-08-08T15:30:23.000Z,
twitter,"Yg enak buat laki2: halal
Contohnya: rokok
Yg gak enak buat laki2: haram
Contohnya: vasektomi",2024-08-08T15:10:49.000Z,
twitter,"nggak juga haram hukumnya, karna dengan alasan tertentu diperbolehkan kok vasektomi, ya berarti bukan haram hukumnya, bukan halal juga.",2024-08-08T15:08:14.000Z,
twitter,"idealnya dalam fikih munakahat perbuatan apapun yg menghambat kehamilan dilarang, bahkan azal (tembak luar) aja dihukumi makruh mendekati haram

tapi ya realita muslim disini aja yg maunya KB ke istri mulu, giliran suruh make kondom gasudi apalagi vasektomi awikwok https://x.com/noniksipit/sta/noniksipit/status/1821371959394828421…",2024-08-08T14:50:58.000Z,
twitter,"ya kak, tp yg mengamalkan cm beberapa terutama yg taat agama (karna mengerti). nah masalahnya yg rame ini doi maksa cewe yg kb dan maksa kl itu ga haram sedangkan vasektomi haram, emg dasarnya oknum ini gamau di vasektomi aja",2024-08-08T14:29:04.000Z,
twitter,"Tau kok tapi haram police yang langsung ketar ketir cuma karna baca kata 'vasektomi' mana tau. Malah kayanya banyak yg ngira vasektomi tuh kek steril kucing, testisnya yg diambil total",2024-08-08T14:26:08.000Z,
twitter,vasektomi haram tapi gapapa punya banyak anak trus ga bisa dibiayain anaknya hidup susah jadi sandwich generation  https://t.co/bQLjx5rMZm,2024-08-08T14:22:42.000Z,
twitter,Tapi ada dokter yg menyarankan steril utk perempuan krn terlalu beresiko jika hamil lagi. Contohnya anaknya udah banyak dan udah SC berkali-kali. Nah itu kalo ga disteril malah dosa lah kan membahayakan nyawa si ibu. Jadi halal haram nya vasektomi & tubektomi tergantung kondisi,2024-08-08T14:16:23.000Z,
twitter,"jelasin secara detil + sebutin ulama mana yang bilang vasektomi haram coba, gue mau tau. kalo modal cuap-cuap haram, anak sd juga bisa. https://x.com/MireinaRiviere/MireinaRiviere/status/1821168628714369403…",2024-08-08T14:16:00.000Z,
twitter,apa bedanya dengan kb kalo gitu?  lu tuh kalo buat statement coba dijelaskan dengan detail. dari mana asalnya bisa haram? Ayat Al-Qur'an dan surah apa yang menjelaskan kalau vasektomi itu haram? Hadist apa juga yang menetapkan kalau itu haram?,2024-08-08T14:13:04.000Z,
twitter,"Saya setuju dengan hal tsb. Namun, kalo merujuk ke fatwa MUI terbaru (silakan merujuk ke tweet di bawah), KB itu diperbolehkan dan vasektomi juga diperbolehkan dengan syarat tertentu. Jadi gak haram mutlak, masih ada pengecualian.",2024-08-08T14:12:10.000Z,
twitter,"Tapi..
Hukum fatwa vasektomi(permanen) masih perdebatan..

Tapi mayoritas haram ",2024-08-08T12:28:41.000Z,
twitter,coba mana dah yang bilang vasektomi haram,2024-08-08T12:11:22.000Z,
twitter,"Daging babi haram ini disebut spesifik
Vasektomi?
Lo ngabandingin sama hal yg Lo tafsir sendir
Giliran KB cewek ga haram
Standar Lo bukan syariat tapi patriarki",2024-08-08T11:54:59.000Z,
twitter,Adakah dalilnya dalam alquran yg menyatakan bahwa vasektomi itu haram? Kalo cuma fatwa mui doang ga bisa bener2 dijadiin acuan. Ulama bisa juga tetep salah,2024-08-08T11:53:48.000Z,
twitter,"Kemudian aku lihat tadi kamu juga share ini. Apakah di situ juga kurang jelas bahwa vasektomi haram tapi ada pengecualian. Opsi vasektomi apa sih? KB. Tapi KB itu banyak mudharat nya, mas. Karna bisa mempengaruhi sampe ke hormon2nya. Coba pelajari lagi

https://x.com/MireinaRiviere/status/1821426921739259987?t=h5RTrwhrxrUIGZoD_dZU9g&s=19…",2024-08-08T11:50:31.000Z,
twitter,sini sodorin ayat mana yang bilang vasektomi haram. https://x.com/MireinaRiviere/MireinaRiviere/status/1821422770389127318…,2024-08-08T11:46:05.000Z,
twitter,"Repnya 
Giliran vasektomi haram, kb apa kabar? 
Maunya cewe terus yg ngalamin susahnya, uda melahirkan sakit, yg kb jga harus istrinya
Damn https://x.com/noniksipit/sta/noniksipit/status/1821203178098241756…",2024-08-08T11:37:10.000Z,
twitter,Dasar fiqihnya sama sama ngga boleh atau haram ya sasuke. Baik vasektomi maupun tubektomi. Kecuali nanti ada hal hal yg mengubahnya jd halal contoh karena sudah tua dan keadaan tubuh sudah mengkhawatirkan atau menjadikan mudhorot. Itu pendapat NU,2024-08-08T11:32:37.000Z,
twitter,"hidup lu aje udah haram kak, sok sokan bilang vasektomi haram. duh. https://x.com/MireinaRiviere/MireinaRiviere/status/1821168628714369403…",2024-08-08T11:32:11.000Z,
twitter,"Vasektomi haram 

Repost ngemis link asupan viral  

Patriarkintil",2024-08-08T11:29:10.000Z,
twitter,"Aku terima, drop ayat kitab yg menjelaskan dengan eksplisit bahwa vasektomi itu haram dilakukan. Kalo perlu, silakan tambahkan literatur ilmiah yg mendukung kenapa bisa diharamkan.

Aku bisa menerima semua pendapat SELAMA ada sumber yg jelas, dapat dipercaya, dan logis. Ditunggu",2024-08-08T11:19:26.000Z,
twitter,"bukannya ada vasektomi raversal ya?
knp jadi haram? https://t.co/qCpFyXVPL4",2024-08-08T10:33:42.000Z,
twitter,"Yg membuat vasektomi haram karena merubah fitrah. Iya, makanya KB dengan pil juga masih jadi perdebatan.",2024-08-08T10:27:42.000Z,
twitter,"yg diharamkan tdk hanya vasektomi.

maaf aku kurang paham, tpi kalau menopause kan memang fitrahnya seorang wanita dan terjadi tanpa campur tangan manusia, tdk spt vasektomi/tubektomi. 2 kb tsb beda dengan menopause dan penundaan kehamilan. yg haram adl pemandulannya.",2024-08-08T10:27:13.000Z,
twitter,EH PUKI KAU SIAPA KUTANYA MANA BAHASAN VASEKTOMI HARAM DARIMANA PUKI https://x.com/MireinaRiviere/MireinaRiviere/status/1821168628714369403…,2024-08-08T10:26:39.000Z,
twitter,"Apapun klo yg merugikan pihak cowok selalu “HARAM” yaaa. Enak bgt jd suami gak ikut ngandung, gak ikut kontraksi klo punya anak byk mau vasektomi di bilang haram. Coba klo istri yg tubektomi “kasian nanti suaminua blablabla” KB ajaa. semua yg merugikan pihak cewek sll WAJAR. https://x.com/MireinaRiviere/MireinaRiviere/status/1821168628714369403…",2024-08-08T10:21:48.000Z,
twitter,"Haram klo dibuat permanen dan klo diniatkan utk sm sekali ga pny anak, tp klo bs dibuat ga permanen dan diniatkan memang untuk menunda, boleh, apalagi klo dia merasa membawa suatu penyakit yg bs diturunkan ke anaknya, diperbolehkan melakukan vasektomi. Allah ga sekejam itu",2024-08-08T10:20:31.000Z,
twitter,Yaudah ada gak ayat Al Quran yg bahas vasektomi haram?,2024-08-08T10:20:20.000Z,
twitter,BISA DIBALIKIN LAGI FUNGSINYA. KALO OPLAS IDUNG BIKIN MANCUNG GAAKAN DIBALIKIN LG JD PESEK ELAH. jujur w jg dulu taunya vasektomi haram tp ternyata ngga ya lu harus MAU BELAJAR.,2024-08-08T10:10:26.000Z,
twitter,Wkwkwk vasektomi haram sedangkan KB egk,2024-08-08T10:09:43.000Z,
twitter,"Bang maaf bgt ini tanpa bahas vasektomi halal atau haram ya
Mungkin ada ayat yang membahas vasektomi tapi ayatnya ga se-tekstual itu, layaknya rokok ada pendapat haram, tapi ga ada ayat yang tekstual bahas rokok.

Juga kata ust Hanan ada ayat move on, tapi ayatnya ga tekstual.",2024-08-08T10:04:32.000Z,
twitter,"Vasektomi jd haram itu klo dibuat jd permanen gabisa pny anak sm sekali, tp klo dibuat utk menunda itu boleh asal ga dibuat permanen dan hukumnya jd sama sama 'azl",2024-08-08T10:04:20.000Z,
twitter,"vasektomi: haram
KB yg banyak ngerusak hormon dan tubuh perempuan: halal https://x.com/MireinaRiviere/MireinaRiviere/status/1821168628714369403…",2024-08-08T10:01:17.000Z,
twitter,kalo bisa ngasih statement vasektomi itu haram. coba dong kasih bukti dalil atau artikel yang jelasin hal tsb? https://t.co/zZIcpRmfq2,2024-08-08T09:57:41.000Z,
twitter,"Mba nya keren nih, tapi baca komennya ternyata masih banyak yg belum tau tentang vasektomi dan terlalu banyak yang menjudge kalau vasektomi itu haram dan dosa. Lalu apakah beranak pinak banyak tapi ga mampu menghidupi anak tersebut tidak dzalim dan berdosa? Tolol https://x.com/noniksipit/sta/noniksipit/status/1821203178098241756…",2024-08-08T09:54:46.000Z,
twitter,"Ada bukti konkritnya ga? bisa disertakan dalil tidak? 
Kalo bisa ngehasilin anak sampa 4567 tapi ga bisa mendidik dan membesarkan dengan benar dosa tidak? 
Yang saya pelajari KB diperbolehkan untuk menjarakan kehamilan dan persalinan. 
Kalo vasektomi haram berarti semua KB Haram? https://t.co/0YU4HBFJNW",2024-08-08T09:53:44.000Z,
twitter,"Iya silahkan saja, asal beneran DIJAMIN bisa balik lagi. Kalo ga bisa ya hukumnya tetap haram, mau vasektomi ataupun tubektomi.",2024-08-08T09:45:25.000Z,
twitter,WKWKWKWK MALU HARUSNYA LU MAH. Bawa-bawa vasektomi haram tapi giliran ditanyain KB haram atau nggak malah ngelak bawa daging babi. Lu yang haram kata gua mah. Pengen enak aje tuh kontol lu. Maen pake sabun sampe ledes sono. https://x.com/MireinaRiviere/MireinaRiviere/status/1821412600535740880…,2024-08-08T09:40:21.000Z,
twitter,"Orang-orang kok gampang banget ya ngeharamin sesuatu 

Lebih haram mana, vasektomi atau ga ngatur kelahiran kemudian anaknya banyak lalu terbengkalai?  https://x.com/MireinaRiviere/MireinaRiviere/status/1821168628714369403…",2024-08-08T09:33:55.000Z,
twitter,"Kasih sumbernya jangan asal ngetik, bang. Karna kamu udh nyangkutin sama agama, silakan drop ayat kitab yg menjelaskan dengan eksplisit bahwa vasektomi itu haram dilakukan. Kalo perlu, silakan tambahkan literatur ilmiah yg mendukung kenapa bisa diharamkan.",2024-08-08T09:30:10.000Z,
twitter,"ntar sharing dusini ya na, aku baru kli ini baca vasektomi tu haram",2024-08-08T09:22:22.000Z,
twitter,"vasektomi haram, husband stitch bowleeh asal nyenengin swami https://x.com/MireinaRiviere/MireinaRiviere/status/1821168628714369403…",2024-08-08T09:11:34.000Z,
twitter,vasektomi emg haram karena apa guys https://t.co/DUDUNsVTjz,2024-08-08T09:10:58.000Z,
twitter,"kalo perbandingan haram nya daging babi mah bkn sama vasektomi, tpi sama sex bebas goblok bgt lu",2024-08-08T09:09:13.000Z,
twitter,"Sebenarnya, lebih ke vasektomi haram, kb juga haram. Tapi giliran terpaksa, yang boleh dipaksa cuman istri (kb), vasektomi tetap diharamin. Nanti anaknya kebanyakan, kewalahan, nitip urusin kalo ngga ke sodara yang anaknya dikit tapi mampu, ato bahkan ke yang childfree",2024-08-08T09:08:39.000Z,
twitter,Vasektomi haram tp KB gpp tu mksdnya bgmn https://x.com/umaralfaruq__//umaralfaruq__/status/1821387857220792409…,2024-08-08T09:08:17.000Z,
twitter,"Lebih ke gini sih
Vasektomi tubektomi haram karna tidak reversible, yang halal tuh KB suntik, pil, sejenisnya karna bisa distop kapan aja. Banyak efek samping ke tubuh perempuan? Oh gapapa, yang penting reversible, jadi kalau swamik mau anak lagi bisa nambah truzz",2024-08-08T09:07:56.000Z,
twitter,"Udang haram buat sebagian orang, engga buat sebagian kita. Anjing najis buat sebagian orang, mubah buat sebagian lain. Begitu juga vasektomi dll. Yg sepakat sama ga bolehnya ya kaya mvaknya ini, sombong dan ngerasa lebih bener dr yg lain",2024-08-08T09:05:08.000Z,
twitter,Masih nungguin jawaban reply dari twit ini sama mas2 yg bilang vasektomi itu haram dan ada dalilnya ,2024-08-08T09:02:30.000Z,
twitter,"1. Dalam fatwa mui ga haram
2. Apa hubungannya vasektomi dengan karungin istri dan dikembalikan ke orang tua selain ego rendahan laki-laki tsb
3. Ga semua orang capable untuk punya anak banyak
4. Vasektomi lebih tidak beresiko dibanding kb
5. Lu tolol https://x.com/MireinaRiviere/MireinaRiviere/status/1821168628714369403…",2024-08-08T08:57:49.000Z,
twitter,"Haram nya vasektomi itu apa kak kalo boleh tau? Soalnya materi saya semester depan sudah membahas vasektomi dan alat penunda kehamilan lainnya, agar bisa jadi bahan diskusi saya dan dosen",2024-08-08T08:57:16.000Z,
twitter,"Trs kb gak haram? Kan tujuannya sama malah kb tuh merusak hormon si istri jg, meanwhile vasektomi lebih aman, trs lebih jahat mana nyuruh suami vasektomi sama ngebiarin punya banyak anak tp nelantarin anaknya krn kondisi ekonomi skrng banyak yg lg gak stabil? https://x.com/umaralfaruq__//umaralfaruq__/status/1821387857220792409…",2024-08-08T08:32:30.000Z,
twitter,"Ya gue based on info yg lo kasih aja sih,
Tentu dokter lo lgsg yg lebih Tau detilnya,
Jika kehamilan akan mengancam jiwa,tentu histerektomi,
Jika histerektomi d lkukan mengancam jiwa,tentu vasektomi-tubektomi yg tadinya haram jadi halal, https://x.com/noniksipit/sta/noniksipit/status/1821440754537169282…",2024-08-08T08:30:05.000Z,
twitter,"Kan kata lu vasektomi itu haram, berdasar fatwa ulama siapa ya?",2024-08-08T08:11:14.000Z,
twitter,"Your husband and ngewe brutal tidak merubah apapun, vasektomi tetap haram hukumnya.",2024-08-08T08:02:06.000Z,
twitter,"Tapi,
Di beberapa pembahasan emang dihukumi haram jika yg dilakukan vasektomi/tubektomi permanen tanpa urgensi kesehatan yang mendesak,

Sampai tahun 2012 pun vasektomi/tubektomi masih dihukumi ""haram""

Kemudian dikaji ulang oleh kemenkes dan MUI lalu diubah ke ""haram,kecuali...""",2024-08-08T07:46:39.000Z,
twitter,"Setau aku, perbedaan pendapat pada vasektomi masih terjadi. Makanya ga bisa asal bilang saklek ini haram. Lagian ngewe halal kok takut, punya anak tanpa bisa ngurus tuh yg ditakutin ",2024-08-08T07:34:40.000Z,
twitter,"Wkwkwk udh serius bgt baca pgn tau ujung nya malah hilang, vasektomi haram apalah itulah noh cewe mulu yg berkorban anj lah bangsat emosi saya maapmaap rekan rekan",2024-08-08T07:20:45.000Z,
twitter,"Konteks?
Masak berkali2 strawman sih,
Klo konteksnya 
@noniksipit
Histerektomi  ya memang g haram, mengancam jiwanya sendiri,
Gue aj heran knp dia g histerektomi,mengingat riwayat kehamilannya,knp pilih vasektomi yg bisa juga jebol 1 persen?
Knp gak bikin 0 persen?",2024-08-08T06:49:10.000Z,
twitter,"Klo gak Salah,
Org yg anggap vasektomi itu haram,jg mnganggap tubektomi jg haram kok,",2024-08-08T06:41:40.000Z,
twitter,"N iya di awal konteks debat kita lu bilang vasek termasuk haram. Coba deh lu jawab dulu yang ini. Terus lu cari sendiri vasektomi reversal. Kalo lu masih bilang haram, ya berarti IUD yang lu bilang DIPERBOLEHKAN itu termasuk haram juga.
https://x.com/sweetsourcndy/status/1821423809976828380?t=sU9RCpN7p3vMCifXdOsE2w&s=19…",2024-08-08T06:29:49.000Z,
twitter,Boleh minta ayat Qur'an atau Hadist yang bilang vasektomi haram?,2024-08-08T05:52:31.000Z,
twitter,"AUD? Mungkin maksudnya IUD kali ya? Itu untuk perempuan biar mengontrol kehamilan, intinya untuk memperkecil terjadinya kehamilan, kan? vasektomi pun dibuat untuk tujuan yang sama. Kalo tujuannya sama, harusnya KB untuk perempuan yang lu maksud (IUD) itu haram juga dong?",2024-08-08T05:28:21.000Z,
twitter,"vasektomi haram karna mengubah ciptaan tuhan, tapi tubektomi gak haram",2024-08-08T05:23:44.000Z,
twitter,apakah ada dalilnya kalo vasektomi haram? gimana dengan kb untuk perempuan apakah jadi halal? solusinya juga dong kalo haram semua itu biar ga banyak anak gimana caranya?,2024-08-08T05:16:58.000Z,
twitter,"Vasektomi: haram
Kb isteri yg jelas merusak siklus haid dan hormon: halal
Merokok yg jelas punya slogan merokok membunuhnu: halal

Kenapa laki2 (yg itu2 aja) punya obsesi menghalalkan sakit dan penyakit.",2024-08-08T05:14:04.000Z,
twitter,"sori bang

Sebetulnya ada konflik mengenai halal/haramnya vasektomi dalam islam. Dulu disepakati haram, tapi sekarang diperbolehkan karena sudah ada metode untuk penyambungan kembali.

https://nu.or.id/nasional/mui-kb-vasektomi-halal-bagi-pria-FmyMD…",2024-08-07T17:14:29.000Z,
twitter,"Sengaja dibikin mandul biar bisa puasin nafsu itu dosa besar, pemandulan itu masuknya kebiri, haram, apalagi alasan melakukan vasektomi cuma biar bisa ngewe tanpa takut hamil, double tuh dosanya https://x.com/noniksipit/sta/noniksipit/status/1821203178098241756…",2024-08-07T16:02:05.000Z,
twitter,"Kalau lihat postingan ini, bahkan ada beberapa anggapan kalau melakukan vasektomi tuh haram dan dalam kondisi tertentu hukumnya bisa jadi mubah. Mungkin itulah kenapa ada yang kontra sama childfree selain alasan yang diutarain postsbyfar",2024-07-29T07:52:09.000Z,
twitter,"kalo udah punya pasangan, jangan asal nuntut buat vasektomi. selain haram, biasanya orang vasektomi cacat logika dengan nyebarin syubhat kayak gini. sorry to say tapi kebenaran harus disampaikan.",2024-07-06T22:46:39.000Z,
twitter,"Setahuku, memang pil KB atau KB yang bersifat hormonal itu fatwanya dari makruh sampai haram. Karena mempengaruhi fungsi tubuh. Aku pribadi g ngikut fatwa yang mengharamkan vasektomi, cuma ya sebagai muslim menghindari yang bersifat meragukan aja.",2024-07-06T22:20:46.000Z,
twitter,Vasektomi tubektomi dalam islam seinget saya haram sih hukumnya,2024-07-06T15:53:40.000Z,
twitter,"Pengharaman vasektomi atau KB secara umum itu karena 'illah nya, bukan  karena dzat/perbuatannya

Sebelum mengangkat fatwa keharamannya, cek dulu sebabnya, kalau sebabnya gak sesuai, yaa fatwanya gak jadi haram",2024-07-06T10:03:52.000Z,
twitter,"Iya. Ini menurutku masalah kontemporer dan furu'. Jadi silakan berbeda dan bertukar pendapat dengan kepala dingin, baik yg ambil hukum haram, makruh, atau mubah. Dan tetap menghargai satu sama lain

Apalagi dengan teknologi terbaru vasektomi pun masih..",2024-07-06T00:45:38.000Z,
twitter,"Premis 1: vasektomi haram jika bersifat tetap
Premis 2: vasektomi tdk bersifat tetap
Kesimpulan: ngga haram.

Jd problem nya apa ya?  https://x.com/postsbyfar/sta/postsbyfar/status/1809222709232222549…",2024-07-05T15:23:17.000Z,
twitter,"opinimu jelek, vasektomi haram lesbi gpp ",2024-05-22T13:45:20.000Z,
twitter,"Gak cuma tumor otak, tumor payudara pokoknya salah satu regulator siklus sel itu ada growth factor nah hormon seks itu mempengaruhi growth factor ini. Kalo argumennya gamau vasektomi grgr haram g sesuai fitrah kl gitu pil KB juga dong ga sesuai fitrah fisiologis endokrin manusia? https://x.com/ini_bri/status/ini_bri/status/1792913123080274232…",2024-05-22T09:51:59.000Z,
twitter,"Gini dulu ya, pada prinsipnya, KB dalam Islam itu boleh, selama tidak permanen. vasektomi/tubektomi irreversible tanpa udzur syari itu jatohnya haram. ""Takut miskin"" bukan udzur syari.

Tapi kalo emg khawatir dzolim, bisa pake cara KB non hormonal yg nyaman untuk kedua nyaman.",2024-05-22T09:25:05.000Z,
twitter,"Membatasi keturunan itu haram dudul. Kecuali kondisi medis

Mengatur keturunan itu baru boleh

Lah vasektomi ini sifatnya cenderung permanen. Dihalalkan MUI dg syarat dipasang kembali dul",2024-05-22T04:44:25.000Z,
twitter,"Ya jd haram kalau niatnya membatasi keturunan dul. Baca lg jurnalnya ya.

Kan dibilang MUI berubah jadi menghalalkan karena vasektomi bisa dipasang lg meski belum teruji keberhasilannya. Intinya ga permanen

Tp kalau dr awal mikirnya mau permanen ya haram tetep.",2024-05-22T04:40:11.000Z,
twitter,"dikaji ulang pun ttp fatwa utamanya haram. Karena pemandulan itu HARAM di islam. Shohih

 Halal itu hanya kalau ada kondisi tertentu. Bukan brati semua bebas boleh vasektomi",2024-05-22T04:27:24.000Z,
twitter,Goblog kalau niat vasektomi utk mandul dan child free ya tetep haram goblok,2024-05-22T04:24:52.000Z,
twitter,"Sempet tertarik soal vasektomi ini, tapi setelah dicari tau lebih lanjut, vasektomi untuk yg muslim itu haram kalo bukan karena alasan medis.
Simplenya islam ngebolehin buat ngatur jeda anak tapi ga boleh bener bener nutup permanen, berlaku baik buat cowo ataupun cewe.",2024-05-22T00:40:05.000Z,
twitter,"and setuju, karena sekarang udah ga haram dan resiko kb pada istri itu bisa kemana-mana yang membahayakan nyawa wanita juga but for vasektomi itu resikonya lebih dikit dibanding kb atau bahkan minim sih. cmiiw lagi",2024-05-14T15:26:05.000Z,
twitter,"Kalo menurut Kajian Islam, vasektomi haram hukum ny. Termasuk merusak kondisi fisik secara sengaja.",2024-05-12T06:14:54.000Z,
twitter,"Aku udh deal2an mau vasektomi sm suami udh dr lama, dr aku hamil (sebelum akhirnya ragu krn katanya haram tp ternyata halal dg prosedur tertentu). Trs aku cerita ke temenku, terus temenku bilang “justru serem ga sih kalo selingkuh ga ada jejaknya” terus ku terdiam https://x.com/boluwortel/sta/boluwortel/status/1789447597046046931…",2024-05-12T03:32:43.000Z,
twitter,"Nggakk, KB nggak haram. 
Yg haram tubektomi dan vasektomi kalo gak ada darurat medis. 
Misal aku udah 3x melahirkan sesar, nah boleh tuh disteril. Karna bahaya kan kalo hamil lagi. 
Gitu kurang lebih",2024-05-11T12:05:19.000Z,
twitter,"Aku lagi hamil anak ke 4 dan stress mau KB apa. 
Ini aku KB suntik 3 bulan dan tetep kebobolan. 
Implan ku ga berani. IUD rawan kebobolan juga. 
Kondom aku gak gak bisa. 
Mau tubektomi ga bisa, 
Mau vasektomi ga jg, kbetulan aku dan suami meyakini itu haram tanpa indikasi medis",2024-05-11T11:56:36.000Z,
twitter,"Semua upaya untuk pemandulan permanen baik cewe/cowo  banyak yg menghukumi haram (vasektomi&tubektomi)

Kalo KB yg bersifat bisa kembali ke kondisi semula masih banyak yg memperbolehkan~

(Misal pil,spiral,kondom,dll)

CMIIW",2024-05-11T09:58:23.000Z,
twitter,"Nggakk, KB nggak haram. 
Yg haram tubektomi dan vasektomi kalo gak ada darurat medis. 
Misal aku udah 3x melahirkan sesar, nah boleh tuh disteril. Karna bahaya kan kalo hamil lagi. 
Gitu kurang lebih",2024-05-11T12:05:19.000Z,
twitter,"Aku lagi hamil anak ke 4 dan stress mau KB apa. 
Ini aku KB suntik 3 bulan dan tetep kebobolan. 
Implan ku ga berani. IUD rawan kebobolan juga. 
Kondom aku gak gak bisa. 
Mau tubektomi ga bisa, 
Mau vasektomi ga jg, kbetulan aku dan suami meyakini itu haram tanpa indikasi medis",2024-05-11T11:56:36.000Z,
twitter,"Semua upaya untuk pemandulan permanen baik cewe/cowo  banyak yg menghukumi haram (vasektomi&tubektomi)

Kalo KB yg bersifat bisa kembali ke kondisi semula masih banyak yg memperbolehkan~

(Misal pil,spiral,kondom,dll)

CMIIW",2024-05-11T09:58:23.000Z,
twitter,"Kb laki-laki (vasektomi) yg permanen masih dihukumi haram sejauh ini,karena dianggap sebagai upaya pemandulan secara sengaja,

Tp untuk vasektomi non-permanen masih jadi perdebatan..",2024-05-11T09:50:38.000Z,
twitter,"Dulu Iya sempet ada fatwa vasektomi itu haram tanpa ada alasan syar'i, karena dianggap bersifat permanen. Tp seiring berkembangnya teknologi ada yg namanya rekanalisasi yg tingkat keberhasilan tinggi jd vasektomi tdk lg bersifat permanen. Makanya hukum vasektomi ya spt KB yg lain",2024-05-06T17:43:02.000Z,
twitter,"Mas, serius nanya nih. Sampeyan bayangin vasektomi massal itu pesertanya berapa kok sampai ganggu roda ekonomi? Sepelataran Masjidil Haram?",2024-05-06T04:09:53.000Z,
twitter,"tercengang banget, vasektomi ternyata haram",2024-05-05T15:10:48.000Z,
twitter,"Tp setelah baca-baca berbagai sumber,

Hukum vasektomi permanen ini masih jadi perdebatan ya bang?

Kecuali ada urgensi tertentu,
Selain itu mayoritas pendapat bilang haram,

Tp MUI mengeluarkan fatwa tahun 2012 itu juga atas permintaan kemenkes",2024-05-04T14:43:40.000Z,
twitter,"Karena vasektomi kan pemandulan pak, dan di Islam haram untuk pemandulan, saya masih mencari fatwa MUI terbaru yg membolehkan vasek, mungkin saya kurang membaca untuk hal ini",2024-05-04T11:57:07.000Z,
twitter,"pertanyaan klasik, 

gimana educated orang yg bilang vasektomi haram? ",2024-05-04T11:49:20.000Z,
twitter,"Alasan haram yg aku baca bukan karna menolak pemberian anak, operasi, atau gimana tapi karna irreversible alias itu kemandulan permanen jd itu haram. Beda sama IUD yg bisa dicopot jd bisa hamil lg dll. Nah makanya aku jg penasaran sbnrnya tu reversible apa ngga sih vasektomi tu..",2024-05-04T10:23:46.000Z,
twitter,"Kenapa orang nanya kek gini BYK BGT YG SALTY. Jujur akupun penasaran vasektomi halal/haram. Karna aku googling tuh haram, pdhl aku dan suami udh mau ngelakuin nanti. Kan jd galau. Tinggal jwb aja pake dalil atau apa yg membuktikan kalo halal??? Akupun seneng kalo ternyata halal??",2024-05-04T10:23:45.000Z,
twitter,"Maaf om mau tanya, vasektomi dalam Islam hukumnya bagaimana ya?
Saya Googling dari MUI menyatakan haram ",2024-05-04T06:06:54.000Z,
twitter,"Vasektomi memang haram yang permanen, tapi kalau non permanen itu boleh. Di Korea ada vasektomi yang non permanen, kalau di Indonesia rumornya udah ada. Netizen yang ngetawain pertanyaan ini, pasti belum pernah baca fikihnya.",2024-05-04T05:19:57.000Z,
twitter,Vasektomi (yang permanen)kalo bukan karena alasan kesehatan/keterpaksaan bukannya haram ya??,2024-04-24T12:23:08.000Z,
twitter,Vasektomi bukannya haram ya?,2024-04-24T12:20:22.000Z,
twitter,"Vasektomi, tubektomi haram. Rokok halaaal",2024-04-24T11:25:24.000Z,
twitter,"Kalo lu vaseltomi terus istri lu hamil, lu tau itu bukan anak lo. Tp kalau lo ga vasektomi, terus istri lo dihamilin org lain. Nikmati aja nafkahin anak haram org sebagai anak sendiri.",2024-04-23T09:16:49.000Z,
twitter,Orang2 pada ribut KB vasektomi sama tubektomi Di Islam Haram ga sih hukumnya tuh? karna merubah ciptaan Allah SWT ini dibahas waktu matkul Agama di kampus makanya suka berat saranin pake KB ini,2024-04-23T01:26:27.000Z,
twitter,T...tapi ust. Raehanul Bahraen bilang vasektomi dan tubektomi itu haram...,2024-04-23T00:53:27.000Z,
twitter,"Tadi jadi googling tentang vasectomy and tubectomy in Islam.

Vasektomi dan tubektomi itu haram karena mengubah bentuk dan fungsi yang sudah diciptakan, kecuali reversible vasectomy.

Nanti baca-baca dan tanya-tanya lagi deh ke yang lebih ahli. https://x.com/ribonk/status//ribonk/status/1782418467658039310…",2024-04-22T15:49:53.000Z,
twitter,Yg haram tuh vasektomi sm tubektomi deh,2024-04-22T06:17:20.000Z,
twitter,"Aku juga kurang tau ka, itu nanya karna baca bbrp rep ada yg bilang/pernah dibilang haram. Tapi kalo haram gak mungkin kan bkkbn masih buka vasektomi gratis ? Mungkin ada beberapa perbedaan pendapat aja kali ya",2024-04-21T15:36:19.000Z,
twitter,emang vasektomi haram ya? Jujur gatau https://x.com/noniksipit/sta/noniksipit/status/1781221656574435478…,2024-04-21T02:21:50.000Z,
twitter,"Ka, izin tanya. Kalo vasektomi/tubektomi haram kenapa bkkbn buka vasektomi gratis ya ? Atau udah gak ada ? Soalnya papaku yg ikut vasektomi gratis dari bkkbn kurleb 10thn lalu. Itu juga karna mamaku yg gk bisa kb lagi. Op termasuk cepet dan langsung pulang.",2024-04-21T00:29:13.000Z,
twitter,"Sebenarnya vasektomi bisa dipulihkan tapi pasti tidak akan 100% dibandingkan natural

Also, fatwa MUI tentang vasektomi dan tubektomi itu haram.",2024-04-20T22:17:25.000Z,
twitter,"Yes UU No 52 th 2009 menyebutkan bahwa kontrasepsi itu  mempertimbangkan usia, paritas, JUMLAH ANAK, kondisi kesehatan, dan norma agama.

Bagian akhir jg relevan, krn faktanya, vasektomi itu memperoleh fatwa haram dari MUI",2024-04-20T22:15:48.000Z,
twitter,????? TERUS KENAPA BUKA JASA VASEKTOMI KALO HARAM????? https://x.com/noniksipit/sta/noniksipit/status/1781221656574435478…,2024-04-20T06:33:59.000Z,
twitter,"Hukum Vasektomi dan Tubektomi adalah haram.
 https://muftiwp.gov.my/en/artikel/irsyad-fatwa/irsyad-fatwa-umum-cat/1847-irsyad-al-fatwa-series-146-the-ruling-of-family-planning-for-low-income-families…

Sentiasalah kita saling memperingati antara satu sama lain. Sekiranya puan dan suami berasa susah hati, berdoalah dan teruskan berusaha menjadi muslim yang terbaik.",2024-03-07T04:04:10.000Z,
twitter,"Dalam Islam, Vasektomi(M) dan Tubektomi(F) adalah haram",2024-03-07T03:58:40.000Z,
twitter,Yees btul dlm islam kaedah vasektomi adalah haram..,2024-02-29T09:48:37.000Z,
twitter,"tak baca2 argumenmu cuma muter2 di : sterilisasi kucing haram, mutilasi organ.

u melupakan point :
1. itu pilihan mereka
2. udah ada banyak paper pros cons vasektomi utk kesehatan. mostly cons atau efek sampingnya ga seberapa & kecil banget.
3. ELU SIAPEEEE RONIN IKUT CAMPUR????",2024-01-27T00:07:23.000Z,
twitter,Kak tapi menurut pandangan islam vasektomi boleh kah? Karna setau aku haram hehe correct me if im wrong yahhh,2024-01-26T14:17:34.000Z,
twitter,"Anj. Semakin mendalami dia jawab2 komen org, emosi ini semakin menggebu
Gblk bgt bapak² itu, kasian yg jadi istrinya hidup sma cowo patriaki. Ngmongin vasektomi haram, realistis aja yekan bukan gmau anak bnyak, tp kita kan yg ngrti kapasitas kita kya gmna",2024-01-26T11:49:12.000Z,
twitter,"Wkwkwkwwkwk ini gw nangkepnya tubektomi halal tp vasektomi haram apa gemana sig 

Gw menghargai keberanian menyuarakan opininya yang jelek bianget ini",2024-01-26T11:35:07.000Z,
twitter,lu liat di rep katanya kl punya anak cewe jd istri ke 4 gpp yg penting vasektomi haram orgil,2024-01-26T10:44:47.000Z,
twitter,vasektomi ga haram tolol,2024-01-26T10:06:45.000Z,
twitter,"MUI aja udah mencabut fatwa haram vasektomi dari tahun kapan wkwkwk malu banget ketawan ga riset.

budayakan ngomong yang penting, bukan yang penting ngomong. selamat belajar",2024-01-26T10:04:32.000Z,
twitter,mana kata rasul pernah ngomong vasektomi haram manaaaaa,2024-01-26T10:03:30.000Z,
twitter,"Setauku dlm islam Vasektomi itu hukumnya haram deh, kecuali dlm keadaan yg memang  darurat tingkat tinggi kyk misal klu istrinya hamil lagi bisa menyebabkan kematian. Tapi kalau misal memang ada Vasektomi yang sementara & bisa dikembalikan lagi kyk gini hukumnya jadi gmn ya? ",2024-01-26T09:34:28.000Z,
twitter,"Vasektomi haram tpi mencak-mencak ngurusin rumah tangga org lain gk haram vasektomi haram tpi goblok-goblokin org lain gk haram habib tolong liat ini bib 
@Husen_Jafar",2024-01-26T09:33:44.000Z,
twitter,Klo pun vasektomi haram apa urusannya ama lu njir tanya MUI dlu lah haram apa egk,2024-01-26T09:32:01.000Z,
twitter,"itu fatwa halal udh ada masih aja ngotot haram, lu siape?? ulama??? dokter?? yg biayain vasektomi ny jg bukan elu dih",2024-01-26T09:30:28.000Z,
twitter,"Ya elu aja yang dipotong Tubektomi. Ngapain maksa suami lu Vasektomi sampe utang² Promo Aplikasi Tabungan Scam ga jelas.

Ya belum tentu lah jodoh ditangan Allah. Bisa aja cerai hidup / mati. Atau anak ga ada umur mau nambah susah udah mandul. Intinya Lu tanya ustad HARAM ga?",2024-01-26T09:25:03.000Z,
twitter,Dalam agama dibolehkan. Yang HARAM itu Vasektomi,2024-01-26T09:21:56.000Z,
twitter,"Minimal punya etika tolol, kan bisa nanya baik baik “Bukannya vasektomi itu haram ya kak? Kata Niam doktor hukum Islam UIN Jakarta.” Kan bisa njing nanya kek gitu, cowok goblok gapunya etika, otak kek cicak gepeng, bodohhhhh",2024-01-26T09:03:11.000Z,
twitter,Duh lu mending urus kucing beranak aja. Hukum islam itu haram Vasektomi,2024-01-26T08:43:02.000Z,
twitter,"""Pada Ijtima Ulama Komisi Fatwa di Padang Panjang 2009, masalah ini kembali dibahas. Namun, para ulama menegaskan bahwa vasektomi haram, karena merupakan pemandulan tetap,"" jelas Niam yang juga doktor hukum Islam UIN Jakarta ini.",2024-01-26T08:40:20.000Z,
twitter,Vasektomi bukannya haram ya kalau gak ada kondisi tertentu? Apa ada banyak jenis vasektomi?  Jadi ada yang haram ada yang halal?,2024-01-25T10:58:37.000Z,
twitter,"Kenalam w anaknya 5,mereka berpedoman vasektomi itu haram :))
Skrg yg KB estrinya :))) https://x.com/halopunten/sta/halopunten/status/1748883843975946394…",2024-01-22T11:42:14.000Z,
twitter,Vasektomi haram,2024-01-21T14:31:24.000Z,
twitter,vasektomi haram lol,2024-01-21T08:33:32.000Z,
twitter,Perdebatan soal halal-haram vasektomi,2024-01-21T08:22:01.000Z,
twitter,gue setelah mencari tau apa itu vasektomi dan tenggelam dalam artikel dan ternyata haram... ok... gwenchana.. siap.. oke....,2024-01-21T07:51:33.000Z,
twitter,"Buat temen2 muslim, vasektomi permanen itu haram ya.",2024-01-21T01:04:17.000Z,
twitter,"AFAIK, di agamaku vasektomi permanen untuk laki2 itu masih haram, apa ada opsi non permanennya dok?",2024-01-20T21:32:05.000Z,
twitter,vasektomi jg haram?,2024-01-16T03:47:11.000Z,
twitter,"Prosedur vasektomi juga diperbolehkan oleh MUI asal dilakukan sesuai syariat Islam. Sementara jika vasektomi dilakukan dengan tujuan maksiat, hukumnya haram.

Moms, pastikan sudah atas persetujuan bersama, ya!

#momsupdate #update #mom #infog",2023-12-16T14:27:52.000Z,
twitter,Kalo irreversible mah haram ceunah tp katanya vasektomi ada yg reversible? Kalo bisa balik lg berarti boleh wkwk. Yg haram tuh kalo kayak disteril gituu. Soalnya ku mikir yg ada istilah “ektomi” gitutuh diilangin/dicabut/dipotong yg mana irreversible. Kudu belajar deui aingna:(,2023-11-20T05:51:51.000Z,
twitter,"Gausah skeptis, jaman udah maju. Setiap orang pasti punya alasan kenapa mau ngelakuin sesuatu dan udah riset dulu pastinya. Kalau yg muslim dimulai dari haram kah di agama? Vasektomi menurutku adalah win win solution bagi suami istri yg sama sama sepakat ",2023-11-20T00:53:23.000Z,
twitter,Vasektomi itu dampakny permanen nggak sih sekarang? Klo permanent bukanny hukumny haram ya dalam islam?,2023-11-11T05:06:01.000Z,
twitter,Oh haram ya? Jujur baru tau  di RS ada beberapa kriteria sbg anjuran utk yg berminat vasektomi. Ttd persetujuan tindakan disaksikan istri. Beberapa orang yg aku kenal udah melakukannya. Minimal dia yg pake kondom lah dan bertanggung jawab terkait jumlah populasi la yaa ,2023-10-07T15:33:45.000Z,
twitter,"normal atau tato alis. Maka itu haram (menurut Al Qur'an dan ulama).

Pernah beberapa kali sy ditawari utk operasi seperti itu. Misal memperpanjang Mr P atau vasektomi dgn tanpa indikasi medis yg kuat atau memotong Mr P utk berubah jd transgender. 

Tp y karena hal tsb dilarang",2023-09-19T06:59:40.000Z,
twitter,vasektomi haram rupanya,2023-09-15T13:57:59.000Z,
twitter,"Masa haram sih? Vasektomi kan bukan kebiri, vasektomi itu cuma mengikat saluran sperma, bukan dipotong..",2023-08-01T16:23:27.000Z,
twitter,"Kalau dlm Islam vasektomi haram. Kalau mau aman pake kb alami, istri ga hrs kb, tmn sama tanteku ada yg pake kb alami dan cuma anaknya 2 aja itu pun jaraknya jauhan bgt. Tp kb alami itung kalender gini emg suaminya hrs bsa kontrol nafsunya  istrinya jg udh tahu masa ga suburnya",2023-07-31T22:56:26.000Z,
twitter,"Sayangnya dari beberapa diskusi, vasektomi masih dianggap haram sama Islam 

Tp dengan segala macam pembenaran, saya yakin si Allah paham dan mengerti pilihan umat-Nya soal ini",2023-07-16T11:36:14.000Z,
twitter,Ini saya sempat kepikiran untuk vasektomi..ternyata haram diagama saya ,2023-06-29T12:36:00.000Z,
twitter,"Lho, bukannya yg dimaksud itu secara general yah? Dia g nyampein kalo  ""cowok kb = haram/tidak diijinkan"" Tapi lebih menjelaskan vasektomi atau sejenisnya, baik ke laki2 dan perempuan secara permanen tidak diijinkan.. Gitusih",2023-06-20T03:12:47.000Z,
twitter,"Tolong buatkan meme 
@KatolikG
Babi halal
Khamr halal
Spiral/vasektomi haram ",2023-06-20T00:02:46.000Z,
twitter,"Laki-laki itu egonya besar sih, mana perempuan juga ngeladenin egonya wkwkwk Jadi kalo vasektomi berasa kek haram gitu bagi mereka yang egonya besar  Padahal itu lebih simpel kan, daripada perempuan tersiksa masalah hormon, dsb",2023-06-11T22:25:34.000Z,
twitter,"Ya itu bener sih, karena lebih dosa kalo kita para suami gabisa nafkahin anak dan istri. Miskin bukan pilihan emang, tapi untuk ga banyak anak itu pilihan. Tolong buat orang yg percaya KB haram, silahkan pria nya vasektomi aja ",2023-04-21T21:43:08.000Z,
twitter,"Emang kebanyakan akar masalah beginian itu di suaminya sih. Suami gamau vasektomi lah, suami ngelarang istri KB karena katanya haram, dsb",2023-04-19T13:31:41.000Z,
twitter,"Aku salah satu yg buat program kb vasektomi dan tubektomi, bah kebnykn itu g mau dnegan alasan haram atau enga alasan burung nya mati gbsa bediri lgii pdhl ga bgtu anjir dri pada anak terlantar, prnh nemu 1kluarga anak nya 6 bapanya g kerja ibu ny mash nifas bingung kan",2023-04-18T10:26:00.000Z,
twitter,"KB permanen (vasektomi dll) aja sama MUI udah diubah fatwanya dari haram jadi boleh, bisa googling. Apalagi kalau KB tidak permanen, yang kalau dirasa udah siap untuk punya anak lagi, ya tinggal lepas aja.",2023-04-17T21:57:40.000Z,
twitter,"haram sih engga ya tapi memang tidak dianjurkan permanen (eg. vasektomi,tubektomi), tapi yang gue tangkep contoh kayak aborsi due to health complication rasanya ga masalah

(((masih cari2 jurnal yang lebih akurat)))

https://bbc.co.uk/religion/religions/islam/islamethics/contraception.shtml…",2023-04-17T21:17:59.000Z,
twitter,"haram sih engga ya tapi memang tidak dianjurkan permanen (eg. vasektomi,tubektomi), tapi yang gue tangkep contoh kayak aborsi due to health complication rasanya ga masalah

(((masih cari2 jurnal yang lebih akurat)))

https://bbc.co.uk/religion/religions/islam/islamethics/contraception.shtml…",2023-04-17T21:17:59.000Z,
twitter,"Dulu teknik vasektomi dengan memotong jalur sperma jadi dianggap haram karena pemandulan tetap, sekarang cukup diikat.  Kalau ingin punya anak cukup dibuka ikatannya lagi.",2023-04-17T21:00:26.000Z,
twitter,"Biasanya yang begini orang2 yang super religius dan fanatik. Atasan gw dlu ada juga begini. Anaknya 10 orang dan dia bilang KB dan vasektomi itu haram dalam agama. 
Mereka juga dididik super strict. Ga boleh nonton tv, berteman dengan non muslim dan lain2. https://x.com/anaive__/statu/anaive__/status/1647121113334579201…",2023-04-17T20:08:23.000Z,
twitter,"Yaudah, mungkin vasektomi, atau mungkin ada yang anggep haram juga bagi beberapa orang?",2023-04-17T11:50:26.000Z,
twitter,Memikirkan mau vasektomi atau tubektomi. Tapi begitu buka google MUI bilang itu haram. Lah kudu piye? Mau nyari yg aman tanpa mempengaruhi hormon malah haram ,2023-04-17T10:57:37.000Z,
twitter,"selain kb haram. ada juga kaum2 yg lebih percaya katanya katanya tp belum nyobain kb. kan mending dicobain, dibadan gimana kalo gak cocok pindah jenis kb. dari sekian banyak masa iya gak ada yg cocok. atau sekalian aja diiket kantungnya untuk cewe atau vasektomi untuk cowok.",2023-04-17T06:27:03.000Z,
twitter,"kalo masalah vasektomi memang beberapa pendapat masih mengharamkan, tapi kalo kontrol KB dengan cara keluar di luar (al-'azl/'azl) itu udah banyak dilakuin dari zaman dulu, dan itu boleh. kalo emang takut KB dengan cara yang lain haram, minimal lakuin itu lah.",2023-04-17T05:37:07.000Z,
twitter,"emg semua punya akses ke vasektomi?
selain itu ada fatwa dari beberapa ormas bilang vasektomi haram",2023-04-17T05:34:16.000Z,
twitter,Vasektomi dan tubektomi haram ternyata gaes,2023-03-01T01:02:14.000Z,
twitter,Kalo childfreenya diupayakan kayak vasektomi dan tubektomi haram.,2023-02-09T14:14:01.000Z,
twitter,yaelah vasektomi aja haram,2022-12-26T15:44:13.000Z,
twitter,"Kan kembali ke tujuannya mas.
Vasektomi yang bertujuan untuk pemandulan atau menghentikan keturunan haram.
Well, im not gonna argue ",2022-12-25T23:38:36.000Z,
twitter,"Kalo ada suami yg ngelarang istri KB karena haram, suruh aja suaminya vasektomi",2022-12-15T12:27:29.000Z,
twitter,"Kalau Islam, lelaki tak boleh buat vasektomi. Haram, ada baca di fb Dr  Imelda Bachin dan laman web mufti WPKL",2022-12-04T15:17:09.000Z,
twitter,ada pendapat yang bilang vasektomi haram,2022-11-20T03:11:08.000Z,
twitter,"Siapa tu kata vasektomi dan ikat tiub falopio tu haram sebab merubah ciptaan allah? tahu tak dedua ni boleh sambung balik. ni ada doktor ni siap cakap, tiub dia boleh cantum sendiri after 10yrs",2022-11-07T06:53:59.000Z,
twitter,"I dont know, tak terer agama tp i think tweet ni misleading. Tak boleh jatuh hukum suka2 tanpa bg penjelasan. Cuba baca fatwa mufti tu sampai habis. Ada 2 hukum. Vasektomi ni bukan ke reversible? Kalau permanent pemandulan barulah jatuh haram.  https://t.co/khRQUQoMOy",2022-11-06T08:35:44.000Z,
twitter,haah. sbb vasektomi tu prosedur kekal. even reversible tp chance dia very low. utk mandulkan perempuan also haram. citer dia anything yg ubah ciptaan tuhan tu haram.,2022-11-06T04:40:26.000Z,
twitter,"Jelas, tp yg dia mislead tu adalah vasektomi haram which is NOT. as to why the ustaz said, jika tiada hukum yang jelas yang mengharamkan,",2022-11-06T03:36:55.000Z,
twitter,Baru tahu vasektomi tu haram. Baru nak suruh suami buat wahahahahha,2022-11-05T14:33:21.000Z,
twitter,"So supposedly since dia reversible, boleh dibuat dengan niat kesihatan golongan wanita/nak jarakkan anak, kalau baca fatwa tu reasoning dia harus.

Kalau haram vasektomi sebab pemandulan (walaupun sementara), then haram jugalah ambil pil perancang surely?",2022-11-05T12:31:43.000Z,
twitter,Vasektomi tu haram.,2022-11-05T11:32:20.000Z,
twitter,Rasanya dia nak bg tahu yg btl/vasektomi adalah haram kalau atas alasan kewangan. Bukan dia nak ckp kondom etc tu haram kalau ada masalah kewangan,2022-11-05T11:01:16.000Z,
twitter,"Ya aku ada dicuss semalam pasal perkara ni. Yes vasektomi haram. BTL pon haram hukumnya tapi kalau ada indikasi/akan memudaratkan ibu utk next pregnancy, hukum dia berubah jadi harus. https://t.co/wkICHBr3lf",2022-11-05T09:07:06.000Z,
twitter,Wow baru tahu vasektomi haram… https://t.co/js15snQw7w,2022-11-05T07:44:21.000Z,
twitter,BTL dgn Vasektomi haram. Betul ka gais?,2022-11-05T07:10:40.000Z,
twitter,"Mula2 aku tanya kau nak anak berapa,kau cakap 4. Lepas tu dok pusing,pusing tiber nak 10 atau lebih. Tanya soalan simple je,lah tiber smpai vasektomi

Buat vasektomi,xpercaya Allah. Mufti 
@drzul_albakri
 vasektomi haram ke?",2022-08-14T07:34:06.000Z,
twitter,"Sekarang udh gk ribet sebenarnya, soalnya udh ada tuh program kb utk laki2nya. Cuman fatwa MUI vasektomi itu haram. Terus, masih banyak ketakutan2 kedepannya kaya anak meninggal, dll",2022-07-10T11:20:47.000Z,
twitter,"Iya. Haram dengan pengecualian. 
Bisa googling ""vasektomi mui"".",2022-07-10T10:31:02.000Z,
twitter,Vasektomi haram menurut MUI.,2022-07-10T10:22:41.000Z,
twitter,"Ib feminist suruh buat vasektomi, tapi bukan ke haram? Aku tengok perempuan ramai dah termakan dakyah dorang ni. — Cakap kat depa vasektoyou jela. https://curiouscat.me/Ibjela/post/1278023593…",2022-05-29T14:07:55.000Z,
twitter,"Iyaa..
Dan edukasi jg. Banyak yg ga ngerti trg vasektomi, takut ini itu. 

Dan ada jg bbrp org kenalan sy yg anggap kontrasepsi haram, ya terserah sih, tp kan beranak terus risikonya, jarak dekat-dekat. Kasian.",2022-05-18T06:40:49.000Z,
twitter,"trus ada lagi yg bawa² maqashid syariah hukum Islam katanya haram krn menghilangkan keturunan, yailah ngab kan ini judulnya kontrasepsi ngab, ya vasektomi nya ketika dirasa jmlh anak sudah cukup. gitu lho. ah udahlah~ emang bener banyak alesan aja pada",2022-01-22T11:36:57.000Z,
twitter,"Aku habis ngecek, jd metode kb vasektomi atau tubektomi tuh haram jd mungkin itu alasannya dokter2 pada gamau nanganin, cm ya gmn ya:// masa semua dokter senegara gaada yg mau sih,,,yg agama lain kek",2022-01-22T10:48:42.000Z,
twitter,Komennya pada bilang vasektomi haram. Ada yang tau kenapa pemandulan diharamin ya dalam agama?,2022-01-21T23:32:59.000Z,
twitter,"kalo vasektomi jare haram, kalo kondom jare gaenak  iki menurut testimoni orang2 hhaha",2022-01-12T06:56:22.000Z,
twitter,kebanyakan jg milih kondom drpd vasektomi. Baru jg baca-baca vasektomi msi krg jelas hukumny nder menurut syariah dan byk yg sepakat haram...,2021-10-06T12:50:42.000Z,
twitter,menurut agama saya vasektomi dan KB haram hukumnya. karena menghalangi takdir,2021-10-06T10:41:11.000Z,
twitter,"Pernah baca waktu nyari jurnal buat tugas kuliah, klo gak salah vasektomi ini kalo dalam agama islam haram, soalnya sifatnya merubah ciptaan secara permanen cmiiw",2021-10-06T10:20:01.000Z,
twitter,"Maka sudah sepatutnya bahwa pemikiran tersebut menyimpang dari syariat sehingga bisa jadi karena alasan itu itu maka hukumnya menjadi haram, ini bisa dicontohkan implementasinya nya dengan contoh KB dengan cara vasektomi.",2021-08-16T16:26:28.000Z,
twitter,"nah iyaa jd mau ada yg masih denial pun udh gaada kemungkinan bapaknya gimyung punya anak selain doi, coba kalo gk di vasektomi dah punya berapa anak haram coba wkwkwk org dia aja main sm cewek terus. makanya karena tau gt divasektomi",2021-03-31T14:25:19.000Z,
twitter,"şunu anlatamıyorum sanırım ortada size gösterilen bir şiddet söz konusu değil. kimse yazdıklarını erkeklere hakaret etme amaçlı yazmıyor, kimse siz vasektomi yaptırabilir misiniz yaptıramaz mısınız bunu tartışmıyor, kimse bütün gün haram mısınız değil misiniz bunu konuşmuyor",2020-06-06T10:33:19.000Z,
twitter,gw malah pernah mau KB Vasektomi tpi makruh katanya. Sejak jd org tua di zaman saat ini. kita harus berikan yg terbaik buat Anak jadi Jumlah anak matters. Jika ada yg bilang makruh atau haram KB apapun. Harus melihatnya secara kontekstual.,2020-01-29T01:49:38.000Z,
twitter,"Selain haram, suami ga ngebolehin kb tu kenapa ya mba?
Misal ga pake kb, bisa pake kondom bukannya?
Tubektomi? Vasektomi?
Denger denger sudah ada pil kb buat cowo",2020-01-28T09:30:35.000Z,
twitter,"kan belum ada anak. jd tak ada yg dibunuh. Jadi modelnya menunda kehamilan utk menjaga jarak kelahiran demi memaksimalkan pengasuhan bayi dan balita agar berkualitas 

Vasektomi yg permanen hukum haram kecuali krn ada darurat.",2019-11-22T11:57:22.000Z,
twitter,"Kok aneh sih? Mosok ga bole? Setahuku RS Katolik saja yang menolak karena haram menurut Vatikan. Temenku anak satu, langsung vasektomi. Lancar aja tuh.",2018-11-06T14:13:07.000Z,
twitter,"tapi RS katolik emang ndak bole, haram menurut Vatikan. Istri lahiran di RS Carolus, vasektomi di RS lain, di Cibinong :)",2018-11-06T14:10:12.000Z,
twitter,"Hukum Menggunakan KB Spiral (IUD/AKDR)  https://muslimafiyah.com/hukum-menggunakan-kb-spiral-iudakdr.html…  
|| Vasektomi Dan Tubektomi (KB Streril) Haram Hukumnya  https://muslimafiyah.com/vasektomi-dan-tubektomi-kb-streril-haram-hukumnya.html… 

|| KB Islami  https://muslim.or.id/1055-keluarga-berencana-islami.html… 

|| Hukum Seputar KB  https://almanhaj.or.id/127-hukum-seputar-keluarga-berencana.html…",2018-02-25T17:05:10.000Z,
twitter,"Vasektomi dan Tubektomi Dinyatakan Haram oleh MUI, IDI Medan Akan Berkoordinasi dengan Dokter http://dlvr.it/Nh6lK3",2017-03-21T14:30:45.000Z,
twitter,"Vasektomi dan Tubektomi Dinyatakan Haram oleh MUI, IDI Medan Akan Berkoordinasi dengan Dokter http://dlvr.it/Nh67PD",2017-03-21T14:02:59.000Z,
twitter,"Vasektomi dan Tubektomi Dinyatakan Haram oleh MUI, IDI Medan Akan Berkoordinasi dengan Dokter http://dlvr.it/Nh677Y",2017-03-21T14:02:36.000Z,
twitter,"[BP] MUI Keluarkan Fatwa Haram Untuk KB Vasektomi dan Tubektomi, Ini Alasannya http://dlvr.it/NfnFdz",2017-03-18T08:53:34.000Z,
twitter,"Dinyatakan Haram, Sepanjang 2016 Sudah 13.263 Warga Sumut Gunakan Vasektomi dan Tubektomi https://goo.gl/fb/jI9zed",2017-03-18T00:49:32.000Z,
twitter,"Dinyatakan Haram, Sepanjang 2016 Sudah 13.263 Warga Sumut Gunakan Vasektomi dan Tubektomi http://dlvr.it/NffdFg",2017-03-18T00:01:41.000Z,
twitter,"Dinyatakan Haram, Sepanjang 2016 Sudah 13.263 Warga Sumut Gunakan Vasektomi dan Tubektomi http://dlvr.it/NffPB9",2017-03-17T23:43:09.000Z,
twitter,"Dinyatakan Haram, Sepanjang 2016 Sudah 13.263 Warga Sumut Gunakan Vasektomi dan Tubektomi http://dlvr.it/NffP4c",2017-03-17T23:43:07.000Z,
twitter,"MUI Tegaskan KB Vasektomi dan Tubektomi Haram, Inilah Jawaban dari BKKBN Sumut http://dlvr.it/Nf2RSp",2017-03-16T17:17:43.000Z,
twitter,"MUI Tegaskan KB Vasektomi dan Tubektomi Haram, Inilah Jawaban dari BKKBN Sumut http://dlvr.it/Nf1rH2",2017-03-16T16:50:10.000Z,
twitter,"MUI Tegaskan KB Vasektomi dan Tubektomi Haram, Inilah Jawaban dari BKKBN Sumut http://dlvr.it/Nf1r8B",2017-03-16T16:50:07.000Z,
twitter,"MUI Tegaskan KB Vasektomi dan Tubektomi Haram, Inilah Jawaban dari BKKBN Sumut https://goo.gl/fb/MC5UzJ",2017-03-16T16:46:41.000Z,
twitter,"KB Vasektomi dan Tubektomi, MUI Tegaskan Haram! http://dlvr.it/Nf1mkV",2017-03-16T16:46:10.000Z,
twitter,"KB Vasektomi dan Tubektomi, MUI Tegaskan Haram! https://goo.gl/fb/MY2S1J",2017-03-16T16:46:02.000Z,
twitter,"KB Vasektomi dan Tubektomi, MUI Tegaskan Haram! http://dlvr.it/Nf1Bv6",2017-03-16T16:19:08.000Z,
twitter,"MUI Keluarkan Fatwa Haram Untuk KB Vasektomi dan Tubektomi, Ini Alasannya http://medan.tribunnews.com/2017/03/16/mui-keluarkan-fatwa-haram-untuk-kb-vasektomi-dan-tubektomi-ini-alasannya… lewat 
@tribunmedan",2017-03-16T15:19:22.000Z,
twitter,"MUI Keluarkan Fatwa Haram Untuk KB Vasektomi dan Tubektomi, Ini Alasannya http://medan.tribunnews.com/2017/03/16/mui-keluarkan-fatwa-haram-untuk-kb-vasektomi-dan-tubektomi-ini-alasannya… lewat 
@tribunmedan
 http://fb.me/61aQV1xfh",2017-03-16T12:26:23.000Z,
twitter,"MUI Keluarkan Fatwa Haram Untuk KB Vasektomi dan Tubektomi, Ini Alasannya http://medan.tribunnews.com/2017/03/16/mui-keluarkan-fatwa-haram-untuk-kb-vasektomi-dan-tubektomi-ini-alasannya… lewat 
@tribunmedan
 http://fb.me/8pt1zTTfn",2017-03-16T12:26:20.000Z,
twitter,"MUI Tegaskan KB Vasektomi dan Tubektomi Haram, Inilah Jawaban dari BKKBN Sumut http://dlvr.it/Nf1r8B",2017-03-16T16:50:07.000Z,
twitter,"MUI Tegaskan KB Vasektomi dan Tubektomi Haram, Inilah Jawaban dari BKKBN Sumut https://goo.gl/fb/MC5UzJ",2017-03-16T16:46:41.000Z,
twitter,"KB Vasektomi dan Tubektomi, MUI Tegaskan Haram! http://dlvr.it/Nf1mkV",2017-03-16T16:46:10.000Z,
twitter,"KB Vasektomi dan Tubektomi, MUI Tegaskan Haram! https://goo.gl/fb/MY2S1J",2017-03-16T16:46:02.000Z,
twitter,"KB Vasektomi dan Tubektomi, MUI Tegaskan Haram! http://dlvr.it/Nf1Bv6",2017-03-16T16:19:08.000Z,
twitter,"MUI Keluarkan Fatwa Haram Untuk KB Vasektomi dan Tubektomi, Ini Alasannya http://medan.tribunnews.com/2017/03/16/mui-keluarkan-fatwa-haram-untuk-kb-vasektomi-dan-tubektomi-ini-alasannya… lewat 
@tribunmedan",2017-03-16T15:19:22.000Z,
twitter,"MUI Keluarkan Fatwa Haram Untuk KB Vasektomi dan Tubektomi, Ini Alasannya http://medan.tribunnews.com/2017/03/16/mui-keluarkan-fatwa-haram-untuk-kb-vasektomi-dan-tubektomi-ini-alasannya… lewat 
@tribunmedan
 http://fb.me/61aQV1xfh",2017-03-16T12:26:23.000Z,
twitter,"MUI Keluarkan Fatwa Haram Untuk KB Vasektomi dan Tubektomi, Ini Alasannya http://medan.tribunnews.com/2017/03/16/mui-keluarkan-fatwa-haram-untuk-kb-vasektomi-dan-tubektomi-ini-alasannya… lewat 
@tribunmedan
 http://fb.me/8pt1zTTfn",2017-03-16T12:26:20.000Z,
twitter,"MUI Keluarkan Fatwa Haram Untuk KB Vasektomi dan Tubektomi, Ini Alasannya http://medan.tribunnews.com/2017/03/16/mui-keluarkan-fatwa-haram-untuk-kb-vasektomi-dan-tubektomi-ini-alasannya… lewat 
@tribunmedan",2017-03-16T12:26:15.000Z,
twitter,"MUI Keluarkan Fatwa Haram Untuk KB Vasektomi dan Tubektomi, Ini Alasannya http://dlvr.it/NdvKyZ",2017-03-16T11:41:47.000Z,
twitter,"MUI Keluarkan Fatwa Haram Untuk KB Vasektomi dan Tubektomi, Ini Alasannya http://dlvr.it/NdvKrb",2017-03-16T11:41:44.000Z,
twitter,"MUI Keluarkan Fatwa Haram Untuk KB Vasektomi dan Tubektomi, Ini Alasannya http://dlvr.it/NdvKlF",2017-03-16T11:41:42.000Z,
twitter,"@Nadir_Monash
 jd Vasektomi dan Tubektomi itu haram ya?",2016-09-10T01:52:51.000Z,
twitter,"Coba, kata si Mamah #KB haram, pake kondom (suami istri) makruh, 'azl makruh,vasektomi/tubektomi haram! Duh mah..! #stopmamahdedeh",2016-05-23T23:20:51.000Z,
twitter,7. “Selama ini kurang efektifnya program KB vasektomi karena adanya fatwa haram dari MUI mengenai vasektomi.,2015-05-14T11:46:08.000Z,
twitter,"# Vasektomi Dan Tubektomi (KB Streril) Haram Hukumnya

Jelas metode ini adalah haram karena membuat laki-laki dan... http://fb.me/733kxCjfF",2015-02-13T15:00:02.000Z,
twitter,"# Vasektomi Dan Tubektomi (KB Streril) Haram Hukumnya 

Jelas metode ini adalah haram karena membuat laki-laki... http://fb.me/4fE3ju5wf",2015-02-09T03:31:02.000Z,
twitter,MUI menyatakan vasektomi dan tubektomi haram http://goo.gl/fb/aGr1XX #indonesia #news #dantubektomi #haram #mui,2014-09-20T02:16:08.000Z,
twitter,"Fatwa MUI 2013: vasektomi haram, kecuali yakin bisa disambung kembali #AllAboutPenis",2014-08-28T02:32:37.000Z,
twitter,"# Vasektomi Dan Tubektomi (KB Streril) Haram Hukumnya 

Jelas metode ini adalah haram karena membuat laki-laki... http://fb.me/36vNYUAEU",2014-04-29T10:03:13.000Z,
twitter,"Fatwa MUI 2013: vasektomi haram, kecuali yakin bisa disambung kembali #AllAboutPenis",2014-08-28T02:32:37.000Z,
twitter,"# Vasektomi Dan Tubektomi (KB Streril) Haram Hukumnya 

Jelas metode ini adalah haram karena membuat laki-laki... http://fb.me/36vNYUAEU",2014-04-29T10:03:13.000Z,
twitter,"# Vasektomi Dan Tubektomi (KB Streril) Haram Hukumnya 

Jelas metode ini adalah haram karena membuat laki-laki... http://fb.me/2hbFmzCxW",2014-04-29T03:00:01.000Z,
twitter,"# Vasektomi Dan Tubektomi (KB Streril) Haram Hukumnya 

Jelas metode ini adalah haram karena membuat laki-laki... http://fb.me/1lvxjZyjZ",2014-04-28T10:25:00.000Z,
twitter,"Wadduh -_-'RT 
@IslamituIndah_
: # Vasektomi Dan Tubektomi (KB Streril) Haram Hukumnya 

Jelas metode ... http://m.tmi.me/1eczjA",2014-04-28T03:25:33.000Z,
twitter,"# Vasektomi Dan Tubektomi (KB Streril) Haram Hukumnya 

Jelas metode ini adalah haram karena membuat laki-laki... http://fb.me/6RerHzXWO",2014-04-28T03:05:01.000Z,
twitter,"# Vasektomi Dan Tubektomi (KB Streril) Haram Hukumnya 

Jelas metode ini adalah haram karena membuat laki-laki... http://fb.me/6T7HgiVHL",2014-04-27T09:36:53.000Z,
twitter,"# Vasektomi Dan Tubektomi (KB Streril) Haram Hukumnya 

Jelas metode ini adalah haram karena membuat laki-laki... http://fb.me/6tHl7bijV",2014-04-27T06:08:51.000Z,
twitter,"# Vasektomi Dan Tubektomi (KB Streril) Haram Hukumnya 

Jelas metode ini adalah haram karena membuat laki-laki... http://fb.me/1iCRMe2BR",2014-04-26T09:07:34.000Z,
twitter,islam >  Vasektomi Dan Tubektomi (KB Streril) Haram Hukumnya http://goo.gl/vuhsyh #jfb #f4f #teamfollowback,2014-04-26T04:12:07.000Z,
twitter,islam >  Vasektomi Dan Tubektomi (KB Streril) Haram Hukumnya http://goo.gl/vuhsyh #Manhaj #jfb #f4f #islam,2014-04-26T04:12:05.000Z,
twitter,Vasektomi Dan Tubektomi (KB Streril) Haram Hukumnya http://goo.gl/fb/3h0cI,2014-04-26T04:10:37.000Z,
twitter,"Vasektomi Dan Tubektomi (KB Streril) Haram Hukumnya

Jelas metode ini adalah haram karena membuat laki-laki dan... http://fb.me/6tOkn30yF",2014-04-26T03:29:42.000Z,
twitter,http://muslimafiyah.com Vasektomi Dan Tubektomi (KB Streril) Haram Hukumnya http://bit.ly/1jOfiyw,2014-04-26T00:18:59.000Z,
twitter,Vasektomi Dan Tubektomi (KB Streril) Haram Hukumnya http://bit.ly/1jOfiyw,2014-04-26T00:18:59.000Z,
twitter,"# Vasektomi Dan Tubektomi (KB Streril) Haram Hukumnya 

Jelas metode ini adalah haram karena membuat laki-laki... http://fb.me/37JH99g8d",2014-04-26T00:10:17.000Z,
twitter,MUI: Vasektomi dan Tubektomi Haram : http://kompasislam.com/2013/11/12/mui-vasektomi-dan-tubektomi-haram/…,2014-03-12T12:51:41.000Z,
twitter,"Jika manusia bisa vasektomi/tubektomi, kenpa binatang harus di kebiri ? Bukan kah daging hasil penyiksaan itu haram?",2014-01-14T11:18:04.000Z,
twitter,pilihan.. Vasektomi Dan Tubektomi Hukumnya Haram - Berita Sore http://dlvr.it/4b6L8c ..lelaki,2013-12-27T11:49:35.000Z,
twitter,Vasektomi Dan Tubektomi Hukumnya Haram: Islam melarang manusia untuk merusak organisme tubuhnya karena hal itu... http://bit.ly/1g5TDm0,2013-12-27T08:22:33.000Z,
twitter,"@nongandah
 sudah... sudah... jgn dibully di sini. Nanti aj di bullynya di akherat :p *fatwa MUI haram utk vasektomi",2013-12-02T02:29:37.000Z,
twitter,MUI: Vasektomi dan Tubektomi Haram : http://kompasislam.com/2013/11/12/mui-vasektomi-dan-tubektomi-haram/…,2014-03-12T12:51:41.000Z,
twitter,"Jika manusia bisa vasektomi/tubektomi, kenpa binatang harus di kebiri ? Bukan kah daging hasil penyiksaan itu haram?",2014-01-14T11:18:04.000Z,
twitter,pilihan.. Vasektomi Dan Tubektomi Hukumnya Haram - Berita Sore http://dlvr.it/4b6L8c ..lelaki,2013-12-27T11:49:35.000Z,
twitter,Vasektomi Dan Tubektomi Hukumnya Haram: Islam melarang manusia untuk merusak organisme tubuhnya karena hal itu... http://bit.ly/1g5TDm0,2013-12-27T08:22:33.000Z,
twitter,"@nongandah
 sudah... sudah... jgn dibully di sini. Nanti aj di bullynya di akherat :p *fatwa MUI haram utk vasektomi",2013-12-02T02:29:37.000Z,
twitter,MUI: Vasektomi dan Tubektomi Haram http://bit.ly/1bxJyv9 #reportasi,2013-11-12T07:01:43.000Z,
twitter,MUI: Vasektomi dan Tubektomi Haram http://kompasislam.com/2013/11/12/mui-vasektomi-dan-tubektomi-haram/…,2013-11-12T06:48:53.000Z,
twitter,"Alat KB tertentu (vasektomi dan Tubektomi) adlh haram, kcuali ada jaminan dpt dlkkn rekanalisasi yg dpt mengembalikan fungsi reproduksi",2013-05-29T10:32:00.000Z,
twitter,Vasektomi Kurang Populer Karena Dianggap Haram http://sehatnews.com/2012/11/20/vasektomi-kurang-populer-karena-dianggap-haram/…,2013-02-22T04:26:06.000Z,
twitter,Gapernah merhatiin presentasi agama --> RT @belkuskus: karena ? RT @prikamaulina: ternyata vasektomi sama tubektomi haram :o :/,2013-01-02T12:35:42.000Z,
twitter,Vasektomi bkannya haram ya?kok ini scra ga lngsung menyrankan buat vsektomi ya,2012-12-28T17:45:31.000Z,
twitter,Vasektomi Kurang Populer Karena Dianggap Haram http://bit.ly/103wA4b,2012-11-20T08:20:32.000Z,
twitter,"@mudominang
 iyasih da, lgian fatwa vasektomi haram karna vasektomi disamakan dgn pemandulan dan Indonesia blm dpt dibuktikan",2012-11-18T06:42:54.000Z,
twitter,Hukum Vasektomi dalam Islam Terbaru: Bagaimana Hukum Vasektomi dalam Islam ? Apakah Vasektomi Haram?Apakah penge...  http://armhando.com,2012-11-11T02:56:44.000Z,
twitter,"Itu mah istri tua-nya aja yg sakit jiwa.. RT 
@adam_the
 Aaaaargh! Cc 
@limbad
 RT @FZamahsyarie: Vasektomi haram.. http://republika.co.id/r/mczknc""",2012-11-05T00:07:40.000Z,
twitter,"Aaaaargh! Cc 
@limbad
 ""@FZamahsyarie: Vasektomi haram.. RT 
@republikaonline
 Vasektomi, Apa Hukumnya? (2) http://republika.co.id/r/mczknc""",2012-11-04T23:51:12.000Z,
twitter,"Vasektomi haram.. RT 
@republikaonline
 Vasektomi, Apa Hukumnya? (2) http://republika.co.id/r/mczknc",2012-11-04T23:43:30.000Z,
twitter,KB Vasektomi itu sama saja dikebiri. Hukumnya haram. Yang ada malah istri jd selingkuh. Kok ada ya pria yg mau dikebiri? Gak tau x ya...,2012-11-04T23:30:24.000Z,
twitter,Vasektomi massal di medan brarti berbuat hal haram secara massal....http://po.st/n90kZG,2012-11-03T07:46:13.000Z,
twitter,"5 Alasan MUI Tetapkan Vasektomi Haram Tapi dengan Perkecualian via 
@detiknews
 http://de.tk/M4q2d",2012-11-03T02:50:40.000Z,
twitter,5 Alasan MUI Tetapkan Vasektomi Haram Tapi dengan Perkecualian http://de.tk/pu2qW,2012-11-02T17:56:16.000Z,
twitter,5 Alasan MUI Tetapkan Vasektomi Haram Tapi dengan Perkecualian http://de.tk/D5jlp,2012-11-02T14:17:38.000Z,
twitter,"Calon peserta-->>
@wemust_radit
 RT 
@infoSMG
 Vasektomi Tak Lagi Haram, Akseptor Diharap Bertambah http://bit.ly/SZQJFa",2012-10-17T10:38:15.000Z,
twitter,"Vasektomi haram.. RT 
@republikaonline
 Vasektomi, Apa Hukumnya? (2) http://republika.co.id/r/mczknc",2012-11-04T23:43:30.000Z,
twitter,KB Vasektomi itu sama saja dikebiri. Hukumnya haram. Yang ada malah istri jd selingkuh. Kok ada ya pria yg mau dikebiri? Gak tau x ya...,2012-11-04T23:30:24.000Z,
twitter,Vasektomi massal di medan brarti berbuat hal haram secara massal....http://po.st/n90kZG,2012-11-03T07:46:13.000Z,
twitter,"5 Alasan MUI Tetapkan Vasektomi Haram Tapi dengan Perkecualian via 
@detiknews
 http://de.tk/M4q2d",2012-11-03T02:50:40.000Z,
twitter,5 Alasan MUI Tetapkan Vasektomi Haram Tapi dengan Perkecualian http://de.tk/pu2qW,2012-11-02T17:56:16.000Z,
twitter,5 Alasan MUI Tetapkan Vasektomi Haram Tapi dengan Perkecualian http://de.tk/D5jlp,2012-11-02T14:17:38.000Z,
twitter,"Calon peserta-->>
@wemust_radit
 RT 
@infoSMG
 Vasektomi Tak Lagi Haram, Akseptor Diharap Bertambah http://bit.ly/SZQJFa",2012-10-17T10:38:15.000Z,
twitter,"infoSMG: Vasektomi Tak Lagi Haram, Akseptor Diharap Bertambah http://bit.ly/SZQJFa http://ow.ly/2sIQiE",2012-10-17T10:24:30.000Z,
twitter,"Vasektomi Tak Lagi Haram, Akseptor Diharap Bertambah http://bit.ly/SZQJFa",2012-10-17T09:55:28.000Z,
twitter,"#kliks : Vasektomi Tak Lagi Haram, Akseptor Diharap Bertambah http://bit.ly/QqapOb",2012-10-17T09:01:08.000Z,
twitter,"#TeamFollowBack #TeamFollowBack Vasektomi Tak Lagi Haram, Akseptor Diharap Bertambah http://dlvr.it/2KsQJd #AutoFollowBack #AutoFollowBack",2012-10-17T08:02:02.000Z,
twitter,"[ #BERITA - SUARAMERDEKA ] - Vasektomi Tak Lagi Haram, Akseptor Diharap Bertambah http://dlvr.it/2KrSZQ http://chilp.it/f648df",2012-10-17T07:21:31.000Z,
twitter,"Vasektomi Tak Lagi Haram, Akseptor Diharap Bertambah http://dlvr.it/2Krdry",2012-10-17T07:06:09.000Z,
twitter,"Vasektomi Tak Lagi Haram, Akseptor Diharap Bertambah http://bit.ly/WxCCIq",2012-10-17T07:04:10.000Z,
twitter,"Vasektomi Tak Lagi Haram, Akseptor Diharap Bertambah http://bit.ly/WxCCIq",2012-10-17T07:04:08.000Z,
twitter,"Berita AKTUAL | Vasektomi Tak Lagi Haram, Akseptor Diharap Bertambah http://bit.ly/V8r0xB",2012-10-17T07:02:28.000Z,
twitter,"Vasektomi Tak Lagi Haram, Akseptor Diharap Bertambah http://dlvr.it/2KrZwC",2012-10-17T07:02:06.000Z,
twitter,"Sunyalangu News .... Vasektomi Tak Lagi Haram, Akseptor Diharap Bertambah: SEMARANG… http://goo.gl/fb/pDBxO",2012-10-17T06:53:14.000Z,
twitter,"Vasektomi Tak Lagi Haram, Akseptor Diharap Bertambah: SEMARANG, http://suaramerdeka.com - Badan Kependudukan dan Kel... http://bit.ly/WlD3ae",2012-10-17T06:49:14.000Z,
twitter,"Vasektomi Tak Lagi Haram, Akseptor Diharap Bertambah: SEMARANG, http://suaramerdeka.com - Badan Kependudukan dan Kel... http://bit.ly/WlD3ae",2012-10-17T06:49:14.000Z,
twitter,"Vasektomi Tak Lagi Haram, Akseptor Diharap Bertambah: SEMARANG, http://suaramerdeka.com - Badan Kependudukan dan Kel... http://bit.ly/WlD3ae",2012-10-17T06:49:14.000Z,
twitter,"Vasektomi Tak Lagi Haram, Akseptor Diharap Bertambah http://bit.ly/WlD3ae | #infoJatengDIY",2012-10-17T06:49:13.000Z,
twitter,"Vasektomi Tak Lagi Haram, Akseptor Diharap Bertambah http://dlvr.it/2KrSZQ",2012-10-17T06:49:12.000Z,
twitter,"Vasektomi Tak Lagi Haram, Akseptor Diharap Bertambah http://dlvr.it/2KrSZD",2012-10-17T06:49:11.000Z,
twitter,"Vasektomi Tak Lagi Haram, Akseptor Diharap Bertambah: SEMARANG, http://suaramerdeka.com - Badan Kependudukan dan Kel... http://bit.ly/WlD3ae",2012-10-17T06:49:14.000Z,
twitter,"Vasektomi Tak Lagi Haram, Akseptor Diharap Bertambah: SEMARANG, http://suaramerdeka.com - Badan Kependudukan dan Kel... http://bit.ly/WlD3ae",2012-10-17T06:49:14.000Z,
twitter,"Vasektomi Tak Lagi Haram, Akseptor Diharap Bertambah: SEMARANG, http://suaramerdeka.com - Badan Kependudukan dan Kel... http://bit.ly/WlD3ae",2012-10-17T06:49:14.000Z,
twitter,"Vasektomi Tak Lagi Haram, Akseptor Diharap Bertambah http://bit.ly/WlD3ae | #infoJatengDIY",2012-10-17T06:49:13.000Z,
twitter,"Vasektomi Tak Lagi Haram, Akseptor Diharap Bertambah http://dlvr.it/2KrSZQ",2012-10-17T06:49:12.000Z,
twitter,"Vasektomi Tak Lagi Haram, Akseptor Diharap Bertambah http://dlvr.it/2KrSZD",2012-10-17T06:49:11.000Z,
twitter,"Vasektomi Tak Lagi Haram, Akseptor Diharap Bertambah http://dlvr.it/2KrNhF",2012-10-17T06:41:03.000Z,
twitter,"Vasektomi Tak Lagi Haram, Akseptor Diharap Bertambah http://dlvr.it/2KrNbS #Suaramerdeka",2012-10-17T06:41:02.000Z,
twitter,"#TuitSemarang Vasektomi Tak Lagi Haram, Akseptor Diharap Bertambah #Semarang #Tuit",2012-10-17T06:41:02.000Z,
twitter,"#News Vasektomi Tak Lagi Haram, Akseptor Diharap Bertambah http://dlvr.it/2KrLT5 #Berita #Semarang",2012-10-17T06:36:04.000Z,
twitter,"MUI mengeluarkan Fatwa Haram ttg Vasektomi,pada awalnya karna menyebabkan kemandulan permanen,namun saat ini bs direkanalisasi",2012-10-11T03:51:46.000Z,
twitter,"Kmrn blg haram, skrg halal, bisa ya brubah2 gt 
@Metro_TV
: BKKBN Sambut Fatwa Halal MUI terkait Vasektomi http://metrotvn.ws/N107974""",2012-09-29T23:09:18.000Z,
twitter,"@detikcom
 @detikHealth
 @#. bukankah vasektomi itu haram hukumnya bagi umat islam.. !!!!!!!!!",2012-09-04T05:38:19.000Z,
twitter,"Klo ada yg halal berarti ada versi haram nya ya? RT 
@Metro_TV
: Vasektomi Halal Ada di Situbondo http://metrotvn.ws/N101080",2012-08-05T15:52:50.000Z,
twitter,"Tanya 
@halalcorner
 ""
@imamnurazis
: Halal atau Haram dok? 
@dr_piprim
: Wah ogah saya mah.. ""@bdSalsha: 34. Vasektomi, #KB permanen utk pria",2012-08-05T15:26:22.000Z,
twitter,"Halal atau Haram dok? 
@dr_piprim
: Wah ogah saya mah.. ""@bdSalsha: 34. Vasektomi, #KB permanen utk pria, efektifitas mncegah kehamilan >99%",2012-08-05T14:50:15.000Z,
twitter,"berarti selama ini vasektomi haram? 
@metro_tv",2012-08-05T14:46:40.000Z,
twitter,"5 Alasan MUI Tetapkan Vasektomi Haram Tapi dengan Perkecualian http://dakwatuna.com/2012/07/21504/5-alasan-mui-tetapkan-vasektomi-haram-tapi-dengan-perkecualian/… via 
@dakwatuna",2012-07-18T02:32:02.000Z,
twitter,5 Alasan MUI Tetapkan Vasektomi Haram Tapi dengan Perkecualian - http://dakwatuna.com/2012/07/21504/5-alasan-mui-tetapkan-vasektomi-haram-tapi-dengan-perkecualian/…,2012-07-09T05:20:42.000Z,
twitter,nick tweetnya MUI apaan dah? mau nanya gue kalo kastrasi kucing itu haram apa kagak? kalo vasektomi kan katanya haram :|,2012-07-08T02:28:36.000Z,
twitter,5 Alasan MUI Tetapkan Vasektomi Haram Tapi dengan Perkecualian - http://dakwatuna.com/2012/07/21504/5-alasan-mui-tetapkan-vasektomi-haram-tapi-dengan-perkecualian/…,2012-07-06T07:10:21.000Z,
twitter,"@dakwatuna
: 5 Alasan MUI Tetapkan Vasektomi Haram Tapi dengan Perkecualian http://dlvr.it/1pr2cr",2012-07-06T03:03:36.000Z,
twitter,5 Alasan MUI Tetapkan Vasektomi Haram Tapi dengan Perkecualian http://dlvr.it/1pr2cr,2012-07-06T02:50:33.000Z,
twitter,"@detikcom
 @detikHealth
 @#. bukankah vasektomi itu haram hukumnya bagi umat islam.. !!!!!!!!!",2012-09-04T05:38:19.000Z,
twitter,"Klo ada yg halal berarti ada versi haram nya ya? RT 
@Metro_TV
: Vasektomi Halal Ada di Situbondo http://metrotvn.ws/N101080",2012-08-05T15:52:50.000Z,
twitter,"Tanya 
@halalcorner
 ""
@imamnurazis
: Halal atau Haram dok? 
@dr_piprim
: Wah ogah saya mah.. ""@bdSalsha: 34. Vasektomi, #KB permanen utk pria",2012-08-05T15:26:22.000Z,
twitter,"Halal atau Haram dok? 
@dr_piprim
: Wah ogah saya mah.. ""@bdSalsha: 34. Vasektomi, #KB permanen utk pria, efektifitas mncegah kehamilan >99%",2012-08-05T14:50:15.000Z,
twitter,"berarti selama ini vasektomi haram? 
@metro_tv",2012-08-05T14:46:40.000Z,
twitter,"5 Alasan MUI Tetapkan Vasektomi Haram Tapi dengan Perkecualian http://dakwatuna.com/2012/07/21504/5-alasan-mui-tetapkan-vasektomi-haram-tapi-dengan-perkecualian/… via 
@dakwatuna",2012-07-18T02:32:02.000Z,
twitter,5 Alasan MUI Tetapkan Vasektomi Haram Tapi dengan Perkecualian - http://dakwatuna.com/2012/07/21504/5-alasan-mui-tetapkan-vasektomi-haram-tapi-dengan-perkecualian/…,2012-07-09T05:20:42.000Z,
twitter,nick tweetnya MUI apaan dah? mau nanya gue kalo kastrasi kucing itu haram apa kagak? kalo vasektomi kan katanya haram :|,2012-07-08T02:28:36.000Z,
twitter,5 Alasan MUI Tetapkan Vasektomi Haram Tapi dengan Perkecualian - http://dakwatuna.com/2012/07/21504/5-alasan-mui-tetapkan-vasektomi-haram-tapi-dengan-perkecualian/…,2012-07-06T07:10:21.000Z,
twitter,"@dakwatuna
: 5 Alasan MUI Tetapkan Vasektomi Haram Tapi dengan Perkecualian http://dlvr.it/1pr2cr",2012-07-06T03:03:36.000Z,
twitter,5 Alasan MUI Tetapkan Vasektomi Haram Tapi dengan Perkecualian http://dlvr.it/1pr2cr,2012-07-06T02:50:33.000Z,
twitter,"Klo tubektomi? (¬.¬""!) RT 
@tweetdetik
: 5 Alasan MUI Tetapkan Vasektomi Haram Tapi dengan Perkecualian",2012-07-05T06:36:22.000Z,
twitter,"Cuma ya atau tidak !!! ""
@detikcomnews
: 5 Alasan MUI Tetapkan Vasektomi Haram Tapi dengan Perkecualian http://bit.ly/PgYwPc""",2012-07-05T06:32:42.000Z,
twitter,5 Alasan MUI Tetapkan Vasektomi Haram Tapi dengan Perkecualian http://dlvr.it/1pcCKC,2012-07-05T06:30:34.000Z,
twitter,5 Alasan MUI Tetapkan Vasektomi Haram Tapi dengan Perkecualian http://dlvr.it/1pcBqm,2012-07-05T06:29:34.000Z,
twitter,5 Alasan MUI Tetapkan Vasektomi Haram Tapi dengan Perkecualian http://dlvr.it/1pcBlF,2012-07-05T06:29:09.000Z,
twitter,5 Alasan MUI Tetapkan Vasektomi Haram Tapi dengan Perkecualian http://dlvr.it/1pcBMh,2012-07-05T06:28:04.000Z,
twitter,5 Alasan MUI Tetapkan Vasektomi Haram Tapi dengan Perkecualian http://dlvr.it/1pcB7s,2012-07-05T06:27:18.000Z,
twitter,#DAGR #DAGR 5 Alasan MUI Tetapkan Vasektomi Haram Tapi dengan Perkecualian http://dlvr.it/1pc6Nw #Checkthisout #Checkthisout,2012-07-05T06:16:20.000Z,
twitter,"Ada"" aaj dh ini -_- RT 
@tweetdetik
: 5 Alasan MUI Tetapkan Vasektomi Haram Tapi dengan Perkecualian: Majelis Ulama ... http://m.tmi.me/sUCQV",2012-07-05T06:15:40.000Z,
twitter,5 Alasan MUI Tetapkan Vasektomi Haram Tapi dengan Perkecualian http://dlvr.it/1pc4c3,2012-07-05T06:11:19.000Z,
twitter,5 Alasan MUI Tetapkan Vasektomi Haram Tapi dengan Perkecualian http://dlvr.it/1pc2cz << #selengkapnya ...,2012-07-05T06:05:17.000Z,
twitter,5 Alasan MUI Tetapkan Vasektomi Haram Tapi dengan Perkecualian http://wp.me/p22BhY-vAK,2012-07-05T05:49:37.000Z,
twitter,"Jgn vasektomi,skalian aja kebiriRT 
@tweetdetik
: 5 Alasan MUI Tetapkan Vasektomi Haram Tapi dengan (cont) http://tl.gd/i60vsm",2012-07-05T05:45:14.000Z,
twitter,5 Alasan MUI Tetapkan Vasektomi Haram Tapi dengan Perkecualian http://dlvr.it/1pcBMh,2012-07-05T06:28:04.000Z,
twitter,5 Alasan MUI Tetapkan Vasektomi Haram Tapi dengan Perkecualian http://dlvr.it/1pcB7s,2012-07-05T06:27:18.000Z,
twitter,#DAGR #DAGR 5 Alasan MUI Tetapkan Vasektomi Haram Tapi dengan Perkecualian http://dlvr.it/1pc6Nw #Checkthisout #Checkthisout,2012-07-05T06:16:20.000Z,
twitter,"Ada"" aaj dh ini -_- RT 
@tweetdetik
: 5 Alasan MUI Tetapkan Vasektomi Haram Tapi dengan Perkecualian: Majelis Ulama ... http://m.tmi.me/sUCQV",2012-07-05T06:15:40.000Z,
twitter,5 Alasan MUI Tetapkan Vasektomi Haram Tapi dengan Perkecualian http://dlvr.it/1pc4c3,2012-07-05T06:11:19.000Z,
twitter,5 Alasan MUI Tetapkan Vasektomi Haram Tapi dengan Perkecualian http://dlvr.it/1pc2cz << #selengkapnya ...,2012-07-05T06:05:17.000Z,
twitter,5 Alasan MUI Tetapkan Vasektomi Haram Tapi dengan Perkecualian http://wp.me/p22BhY-vAK,2012-07-05T05:49:37.000Z,
twitter,"Jgn vasektomi,skalian aja kebiriRT 
@tweetdetik
: 5 Alasan MUI Tetapkan Vasektomi Haram Tapi dengan (cont) http://tl.gd/i60vsm",2012-07-05T05:45:14.000Z,
twitter,5 Alasan MUI Tetapkan Vasektomi Haram Tapi dengan Perkecualian: Majelis Ulama Indonesia (MUI) mengharamkam vasek... http://bit.ly/OrKHeh,2012-07-05T05:40:59.000Z,
twitter,5 Alasan MUI Tetapkan Vasektomi Haram Tapi dengan Perkecualian: Majelis Ulama Indonesia (MUI) mengharamkam vasek... http://bit.ly/O7GJE8,2012-07-05T05:40:58.000Z,
twitter,5 Alasan MUI Tetapkan Vasektomi Haram Tapi dengan Perkecualian: Majelis Ulama Indonesia (MUI) mengharamkam vasek... http://adf.ly/ANJjR,2012-07-05T05:40:55.000Z,
twitter,5 Alasan MUI Tetapkan Vasektomi Haram Tapi dengan Perkecualian: Majelis Ulama Indonesia (MUI) mengharamkam vasek... http://bit.ly/OrKHeh,2012-07-05T05:40:50.000Z,
twitter,5 Alasan MUI Tetapkan Vasektomi Haram Tapi dengan Perkecualian http://bit.ly/OrKHeh,2012-07-05T05:40:48.000Z,
twitter,5 Alasan MUI Tetapkan Vasektomi Haram Tapi dengan Perkecualian: Majelis Ulama Indonesia (MUI) mengharamkam vasek... http://bit.ly/PgYCqg,2012-07-05T05:40:32.000Z,
twitter,5 Alasan MUI Tetapkan Vasektomi Haram Tapi dengan Perkecualian http://bit.ly/OrKHeh,2012-07-05T05:40:16.000Z,
twitter,5 Alasan MUI Tetapkan Vasektomi Haram Tapi dengan Perkecualian http://dlvr.it/1pbtC5,2012-07-05T05:39:17.000Z,
twitter,5 Alasan MUI Tetapkan Vasektomi Haram Tapi dengan Perkecualian http://dlvr.it/1pbtC0,2012-07-05T05:39:17.000Z,
twitter,#TEAMFOLLOWBACK 5 Alasan MUI Tetapkan Vasektomi Haram Tapi dengan Perkecualian http://dlvr.it/1pbsGG #AUTOFOLLOW,2012-07-05T05:36:03.000Z,
twitter,5 Alasan MUI Tetapkan Vasektomi Haram Tapi dengan Perkecualian http://dlvr.it/1pbsB8,2012-07-05T05:36:02.000Z,
twitter,5 Alasan MUI Tetapkan Vasektomi Haram Tapi dengan Perkecualian http://dlvr.it/1pbs9y,2012-07-05T05:36:02.000Z,
twitter,"RT 
@tweetdetik
: 5 Alasan MUI Tetapkan Vasektomi Haram Tapi dengan Perkecualian: Majelis Ulama Indonesia (MUI) me... http://bit.ly/PgXrXG",2012-07-05T05:35:29.000Z,
twitter,"pengecualiannya 1000 sama saja cuy :thuengg RT 
@tweetdetik
 5 Alasan MUI Tetapkan Vasektomi Haram Tapi dengan Perkecualian:",2012-07-05T05:35:24.000Z,
twitter,5 Alasan MUI Tetapkan Vasektomi Haram Tapi dengan Perkecualian http://dlvr.it/1pbrV0,2012-07-05T05:34:08.000Z,
twitter,5 Alasan MUI Tetapkan Vasektomi Haram Tapi dengan Perkecualian http://dlvr.it/1pbtC0,2012-07-05T05:39:17.000Z,
twitter,#TEAMFOLLOWBACK 5 Alasan MUI Tetapkan Vasektomi Haram Tapi dengan Perkecualian http://dlvr.it/1pbsGG #AUTOFOLLOW,2012-07-05T05:36:03.000Z,
twitter,5 Alasan MUI Tetapkan Vasektomi Haram Tapi dengan Perkecualian http://dlvr.it/1pbsB8,2012-07-05T05:36:02.000Z,
twitter,5 Alasan MUI Tetapkan Vasektomi Haram Tapi dengan Perkecualian http://dlvr.it/1pbs9y,2012-07-05T05:36:02.000Z,
twitter,"RT 
@tweetdetik
: 5 Alasan MUI Tetapkan Vasektomi Haram Tapi dengan Perkecualian: Majelis Ulama Indonesia (MUI) me... http://bit.ly/PgXrXG",2012-07-05T05:35:29.000Z,
twitter,"pengecualiannya 1000 sama saja cuy :thuengg RT 
@tweetdetik
 5 Alasan MUI Tetapkan Vasektomi Haram Tapi dengan Perkecualian:",2012-07-05T05:35:24.000Z,
twitter,5 Alasan MUI Tetapkan Vasektomi Haram Tapi dengan Perkecualian http://dlvr.it/1pbrV0,2012-07-05T05:34:08.000Z,
twitter,#teamfollowback 5 Alasan MUI Tetapkan Vasektomi Haram Tapi dengan Perkecualian http://dlvr.it/1pbrP0 #autofollow,2012-07-05T05:34:01.000Z,
twitter,5 Alasan MUI Tetapkan Vasektomi Haram Tapi dengan Perkecualian http://dlvr.it/1pbrNx,2012-07-05T05:34:01.000Z,
twitter,5 Alasan MUI Tetapkan Vasektomi Haram Tapi dengan Perkecualian: Majelis Ulama Indonesia (MUI) mengharamkam vasek... http://bit.ly/MzdluO,2012-07-05T05:33:47.000Z,
twitter,5 Alasan MUI Tetapkan Vasektomi Haram Tapi dengan Perkecualian: Majelis Ulama Indonesia (MUI) mengharamkam vasek... http://bit.ly/MzdluO,2012-07-05T05:33:41.000Z,
twitter,5 Alasan MUI Tetapkan Vasektomi Haram Tapi dengan Perkecualian: Majelis Ulama Indonesia (MUI) menghar... http://bit.ly/MzdluO Detik News,2012-07-05T05:33:40.000Z,
twitter,5 Alasan MUI Tetapkan Vasektomi Haram Tapi dengan Perkecualian http://de.tk/D5jlp,2012-07-05T05:33:09.000Z,
twitter,5 Alasan MUI Tetapkan Vasektomi Haram Tapi dengan Perkecualian http://bit.ly/OrKHeh,2012-07-05T05:32:18.000Z,
twitter,5 Alasan MUI Tetapkan Vasektomi Haram Tapi dengan Perkecualian http://bit.ly/OrKHeh @dapitarchuletoy,2012-07-05T05:32:14.000Z,
twitter,./. 5 Alasan MUI Tetapkan Vasektomi Haram Tapi dengan Perkecualian: Majelis Ulama Indonesia (MUI) mengharamk... http://bit.ly/OrKHeh .\.,2012-07-05T05:30:18.000Z,
twitter,(►_◄) 5 Alasan MUI Tetapkan Vasektomi Haram Tapi dengan Perkecualian: Majelis Ulama Indonesia (MUI) me... http://bit.ly/OrKHeh (►_◄),2012-07-05T05:30:11.000Z,
twitter,Info 5 Alasan MUI Tetapkan Vasektomi Haram Tapi dengan Perkecualian: Majelis Ulama Indonesia (MUI) men... http://bit.ly/OrKHeh Arvian_--,2012-07-05T05:30:09.000Z,
twitter,5 Alasan MUI Tetapkan Vasektomi Haram Tapi dengan Perkecualian http://dlvr.it/1pbq73,2012-07-05T05:30:03.000Z,
twitter,#OPENFOLLOW | 5 Alasan MUI Tetapkan Vasektomi Haram Tapi dengan Perkecualian http://bit.ly/OrKHeh | #TEAMFOLLOWBACK,2012-07-05T05:29:24.000Z,
twitter,#OPENFOLLOW | 5 Alasan MUI Tetapkan Vasektomi Haram Tapi dengan Perkecualian http://bit.ly/OrKHeh | #TEAMFOLLOWBACK,2012-07-05T05:29:23.000Z,
twitter,5 Alasan MUI Tetapkan Vasektomi Haram Tapi dengan Perkecualian: Majelis Ulama Indonesia (MUI) mengharamkam vasek... http://bit.ly/MzdluO,2012-07-05T05:33:41.000Z,
twitter,5 Alasan MUI Tetapkan Vasektomi Haram Tapi dengan Perkecualian: Majelis Ulama Indonesia (MUI) menghar... http://bit.ly/MzdluO Detik News,2012-07-05T05:33:40.000Z,
twitter,5 Alasan MUI Tetapkan Vasektomi Haram Tapi dengan Perkecualian http://de.tk/D5jlp,2012-07-05T05:33:09.000Z,
twitter,5 Alasan MUI Tetapkan Vasektomi Haram Tapi dengan Perkecualian http://bit.ly/OrKHeh,2012-07-05T05:32:18.000Z,
twitter,5 Alasan MUI Tetapkan Vasektomi Haram Tapi dengan Perkecualian http://bit.ly/OrKHeh @dapitarchuletoy,2012-07-05T05:32:14.000Z,
twitter,./. 5 Alasan MUI Tetapkan Vasektomi Haram Tapi dengan Perkecualian: Majelis Ulama Indonesia (MUI) mengharamk... http://bit.ly/OrKHeh .\.,2012-07-05T05:30:18.000Z,
twitter,(►_◄) 5 Alasan MUI Tetapkan Vasektomi Haram Tapi dengan Perkecualian: Majelis Ulama Indonesia (MUI) me... http://bit.ly/OrKHeh (►_◄),2012-07-05T05:30:11.000Z,
twitter,Info 5 Alasan MUI Tetapkan Vasektomi Haram Tapi dengan Perkecualian: Majelis Ulama Indonesia (MUI) men... http://bit.ly/OrKHeh Arvian_--,2012-07-05T05:30:09.000Z,
twitter,5 Alasan MUI Tetapkan Vasektomi Haram Tapi dengan Perkecualian http://dlvr.it/1pbq73,2012-07-05T05:30:03.000Z,
twitter,#OPENFOLLOW | 5 Alasan MUI Tetapkan Vasektomi Haram Tapi dengan Perkecualian http://bit.ly/OrKHeh | #TEAMFOLLOWBACK,2012-07-05T05:29:24.000Z,
twitter,#OPENFOLLOW | 5 Alasan MUI Tetapkan Vasektomi Haram Tapi dengan Perkecualian http://bit.ly/OrKHeh | #TEAMFOLLOWBACK,2012-07-05T05:29:23.000Z,
twitter,#BreakingNews 5 Alasan MUI Tetapkan Vasektomi Haram Tapi dengan Perkecualian  #FF,2012-07-05T05:29:18.000Z,
twitter,5 Alasan MUI Tetapkan Vasektomi Haram Tapi dengan Perkecualian: Majelis Ulama Indonesia (MUI) menghar... http://bit.ly/PgVWJe #berita_on,2012-07-05T05:29:17.000Z,
twitter,5 Alasan MUI Tetapkan Vasektomi Haram Tapi dengan Perkecualian: Majelis Ulama Indonesia (MUI) mengharamkam vasek... http://bit.ly/OrKHeh,2012-07-05T05:29:14.000Z,
twitter,coba liat deh 5 Alasan MUI Tetapkan Vasektomi Haram Tapi dengan Perkecualian http://bit.ly/OrKHeh,2012-07-05T05:29:11.000Z,
twitter,5 Alasan MUI Tetapkan Vasektomi Haram Tapi dengan Perkecualian: Majelis Ulama Indonesia (MUI) mengharamkam vasek... http://bit.ly/OrKHeh,2012-07-05T05:29:11.000Z,
twitter,5 Alasan MUI Tetapkan Vasektomi Haram Tapi dengan Perkecualian: Majelis Ulama Indonesia (MUI) mengharamkam vasek... http://bit.ly/OrKHeh,2012-07-05T05:29:08.000Z,
twitter,Andre 5 Alasan MUI Tetapkan Vasektomi Haram Tapi dengan Perkecualian: Majelis Ulama Indonesia (MUI) men... http://bit.ly/OrKHeh Manabung,2012-07-05T05:29:07.000Z,
twitter,5 Alasan MUI Tetapkan Vasektomi Haram Tapi dengan Perkecualian: Majelis Ulama Indonesia (MUI) mengharamkam vasek... http://bit.ly/OrKHeh,2012-07-05T05:28:59.000Z,
twitter,5 Alasan MUI Tetapkan Vasektomi Haram Tapi dengan Perkecualian: Majelis Ulama Indonesia (MUI) mengharamkam vasek... http://bit.ly/OrKHeh,2012-07-05T05:28:58.000Z,
twitter,5 Alasan MUI Tetapkan Vasektomi Haram Tapi dengan Perkecualian: Majelis Ulama Indonesia (MUI) mengharamkam vasek... http://bit.ly/PgVU40,2012-07-05T05:28:57.000Z,
twitter,Nice Tweet 5 Alasan MUI Tetapkan Vasektomi Haram Tapi dengan Perkecualian: Majelis Ulama Indonesia (MUI) menghar... http://bit.ly/NB7qQf,2012-07-05T05:28:56.000Z,
twitter,Detik: 5 Alasan MUI Tetapkan Vasektomi Haram Tapi dengan Perkecualian: Majelis Ulama Indonesia (MUI) mengharamka... http://bit.ly/OrKHeh,2012-07-05T05:28:54.000Z,
twitter,5 Alasan MUI Tetapkan Vasektomi Haram Tapi dengan Perkecualian http://bit.ly/OrKHeh,2012-07-05T05:28:54.000Z,
twitter,5 Alasan MUI Tetapkan Vasektomi Haram Tapi dengan Perkecualian: Majelis Ulama Indonesia (MUI) mengharamkam vasek... http://bit.ly/OrKHeh,2012-07-05T05:29:08.000Z,
twitter,Andre 5 Alasan MUI Tetapkan Vasektomi Haram Tapi dengan Perkecualian: Majelis Ulama Indonesia (MUI) men... http://bit.ly/OrKHeh Manabung,2012-07-05T05:29:07.000Z,
twitter,5 Alasan MUI Tetapkan Vasektomi Haram Tapi dengan Perkecualian: Majelis Ulama Indonesia (MUI) mengharamkam vasek... http://bit.ly/OrKHeh,2012-07-05T05:28:59.000Z,
twitter,5 Alasan MUI Tetapkan Vasektomi Haram Tapi dengan Perkecualian: Majelis Ulama Indonesia (MUI) mengharamkam vasek... http://bit.ly/OrKHeh,2012-07-05T05:28:58.000Z,
twitter,5 Alasan MUI Tetapkan Vasektomi Haram Tapi dengan Perkecualian: Majelis Ulama Indonesia (MUI) mengharamkam vasek... http://bit.ly/PgVU40,2012-07-05T05:28:57.000Z,
twitter,Nice Tweet 5 Alasan MUI Tetapkan Vasektomi Haram Tapi dengan Perkecualian: Majelis Ulama Indonesia (MUI) menghar... http://bit.ly/NB7qQf,2012-07-05T05:28:56.000Z,
twitter,Detik: 5 Alasan MUI Tetapkan Vasektomi Haram Tapi dengan Perkecualian: Majelis Ulama Indonesia (MUI) mengharamka... http://bit.ly/OrKHeh,2012-07-05T05:28:54.000Z,
twitter,5 Alasan MUI Tetapkan Vasektomi Haram Tapi dengan Perkecualian http://bit.ly/OrKHeh,2012-07-05T05:28:54.000Z,
twitter,5 Alasan MUI Tetapkan Vasektomi Haram Tapi dengan Perkecualian http://bit.ly/OrKHeh,2012-07-05T05:28:50.000Z,
twitter,5 Alasan MUI Tetapkan Vasektomi Haram Tapi dengan Perkecualian: Majelis Ulama Indonesia (MUI) mengharamkam vasektomi. Namun keharaman...,2012-07-05T05:28:49.000Z,
twitter,5 Alasan MUI Tetapkan Vasektomi Haram Tapi dengan Perkecualian: Majelis Ulama Indonesia (MUI) mengharamkam vasektomi. Namun keharaman...,2012-07-05T05:28:49.000Z,
twitter,5 Alasan MUI Tetapkan Vasektomi Haram Tapi dengan Perkecualian: Majelis Ulama Indonesia (MUI) mengharamkam vasek... http://bit.ly/OrKHeh,2012-07-05T05:28:47.000Z,
twitter,5 Alasan MUI Tetapkan Vasektomi Haram Tapi dengan Perkecualian: Majelis Ulama Indonesia (MUI) mengharamkam vasek... http://bit.ly/OrKHeh,2012-07-05T05:28:47.000Z,
twitter,5 Alasan MUI Tetapkan Vasektomi Haram Tapi dengan Perkecualian: Majelis Ulama Indonesia (MUI) mengharamkam vasek... http://bit.ly/OrKHeh,2012-07-05T05:28:46.000Z,
twitter,5 Alasan MUI Tetapkan Vasektomi Haram Tapi dengan Perkecualian http://bit.ly/OrKHeh,2012-07-05T05:28:44.000Z,
twitter,5 Alasan MUI Tetapkan Vasektomi Haram Tapi dengan Perkecualian: Majelis Ulama Indonesia (MUI) mengharamkam vasek... http://bit.ly/OrKHeh,2012-07-05T05:28:43.000Z,
twitter,5 Alasan MUI Tetapkan Vasektomi Haram Tapi dengan Perkecualian: Majelis Ulama Indonesia (MUI) me... http://bit.ly/OrKHeh #teamfollowback,2012-07-05T05:28:36.000Z,
twitter,5 Alasan MUI Tetapkan Vasektomi Haram Tapi dengan Perkecualian: Majelis Ulama Indonesia (MUI) mengharamkam vasek... http://bit.ly/OrKHeh,2012-07-05T05:28:34.000Z,
twitter,5 Alasan MUI Tetapkan Vasektomi Haram Tapi dengan Perkecualian http://bit.ly/OrKHeh,2012-07-05T05:28:32.000Z,
twitter,5 Alasan MUI Tetapkan Vasektomi Haram Tapi dengan Perkecualian: Majelis Ulama Indonesia (MUI) mengharamkam vasek... http://bit.ly/OrKHeh,2012-07-05T05:28:32.000Z,
twitter,5 Alasan MUI Tetapkan Vasektomi Haram Tapi dengan Perkecualian: Majelis Ulama Indonesia (MUI) mengharamkam vasek... http://bit.ly/OrKHeh,2012-07-05T05:28:30.000Z,
twitter,5 Alasan MUI Tetapkan Vasektomi Haram Tapi dengan Perkecualian: Majelis Ulama Indonesia (MUI) mengharamkam vasek... http://bit.ly/OrKHeh,2012-07-05T05:28:30.000Z,
twitter,5 Alasan MUI Tetapkan Vasektomi Haram Tapi dengan Perkecualian: Majelis Ulama Indonesia (MUI) mengharamkam vasek... http://bit.ly/OrKHeh,2012-07-05T05:28:29.000Z,
twitter,5 Alasan MUI Tetapkan Vasektomi Haram Tapi dengan Perkecualian: Majelis Ulama Indonesia (MUI) me... http://bit.ly/OrKHeh #teamfollowback,2012-07-05T05:28:36.000Z,
twitter,5 Alasan MUI Tetapkan Vasektomi Haram Tapi dengan Perkecualian: Majelis Ulama Indonesia (MUI) mengharamkam vasek... http://bit.ly/OrKHeh,2012-07-05T05:28:34.000Z,
twitter,5 Alasan MUI Tetapkan Vasektomi Haram Tapi dengan Perkecualian http://bit.ly/OrKHeh,2012-07-05T05:28:32.000Z,
twitter,5 Alasan MUI Tetapkan Vasektomi Haram Tapi dengan Perkecualian: Majelis Ulama Indonesia (MUI) mengharamkam vasek... http://bit.ly/OrKHeh,2012-07-05T05:28:32.000Z,
twitter,5 Alasan MUI Tetapkan Vasektomi Haram Tapi dengan Perkecualian: Majelis Ulama Indonesia (MUI) mengharamkam vasek... http://bit.ly/OrKHeh,2012-07-05T05:28:30.000Z,
twitter,5 Alasan MUI Tetapkan Vasektomi Haram Tapi dengan Perkecualian: Majelis Ulama Indonesia (MUI) mengharamkam vasek... http://bit.ly/OrKHeh,2012-07-05T05:28:30.000Z,
twitter,5 Alasan MUI Tetapkan Vasektomi Haram Tapi dengan Perkecualian: Majelis Ulama Indonesia (MUI) mengharamkam vasek... http://bit.ly/OrKHeh,2012-07-05T05:28:29.000Z,
twitter,5 Alasan MUI Tetapkan Vasektomi Haram Tapi dengan Perkecualian: Majelis Ulama Indonesia (MUI) mengharamkam vasek... http://bit.ly/OrKHeh,2012-07-05T05:28:27.000Z,
twitter,"@ladygaga
 5 Alasan MUI Tetapkan Vasektomi Haram Tapi dengan Perkecualian: Majelis Ulama Indonesia (MUI) menghara... http://bit.ly/OrKHeh",2012-07-05T05:28:25.000Z,
twitter,5 Alasan MUI Tetapkan Vasektomi Haram Tapi dengan Perkecualian: Majelis Ulama Indonesia (MUI) mengharamkam vasek... http://bit.ly/OrKHeh,2012-07-05T05:28:23.000Z,
twitter,5 Alasan MUI Tetapkan Vasektomi Haram Tapi dengan Perkecualian: Majelis Ulama Indonesia (MUI) mengharamkam vasek... http://bit.ly/PgVL0q,2012-07-05T05:28:21.000Z,
twitter,5 Alasan MUI Tetapkan Vasektomi Haram Tapi dengan Perkecualian: Majelis Ulama Indonesia (MUI) mengharamkam vasek... http://bit.ly/OrKHeh,2012-07-05T05:28:20.000Z,
twitter,Kabar terbaru --> 5 Alasan MUI Tetapkan Vasektomi Haram Tapi dengan Perkecualian http://dlvr.it/1pbpRR #F4F #1000aday #JFB,2012-07-05T05:28:19.000Z,
twitter,5 Alasan MUI Tetapkan Vasektomi Haram Tapi dengan Perkecualian: Majelis Ulama Indonesia (MUI) mengharamkam vasek... http://bit.ly/OrKHeh,2012-07-05T05:28:17.000Z,
twitter,5 Alasan MUI Tetapkan Vasektomi Haram Tapi dengan Perkecualian: Majelis Ulama Indonesia (MUI) mengharamkam vasek... http://bit.ly/OrKHeh,2012-07-05T05:28:16.000Z,
twitter,5 Alasan MUI Tetapkan Vasektomi Haram Tapi dengan Perkecualian: Majelis Ulama Indonesia (MUI) mengharamkam vasek... http://bit.ly/NB7krK,2012-07-05T05:28:14.000Z,
twitter,5 Alasan MUI Tetapkan Vasektomi Haram Tapi dengan Perkecualian: Majelis Ulama Indonesia (MUI) mengharamkam vasek... http://bit.ly/OrKHeh,2012-07-05T05:28:09.000Z,
twitter,5 Alasan MUI Tetapkan Vasektomi Haram Tapi dengan Perkecualian: Majelis Ulama Indonesia (MUI) mengharamkam vasek... http://bit.ly/OrKHeh,2012-07-05T05:28:07.000Z,
twitter,#TEAMFOLLOWBACK 5 Alasan MUI Tetapkan Vasektomi Haram Tapi dengan Perkecualian: Majelis Ulama Indonesia (MUI) me... http://bit.ly/OrKHeh,2012-07-05T05:28:02.000Z,
twitter,5 Alasan MUI Tetapkan Vasektomi Haram Tapi dengan Perkecualian: Majelis Ulama Indonesia (MUI) mengharamkam vasek... http://bit.ly/OrKHeh,2012-07-05T05:28:00.000Z,
twitter,#followme 5 Alasan MUI Tetapkan Vasektomi Haram Tapi dengan Perkecualian: Majelis Ulama Indonesi... http://bit.ly/OrKHeh #teamfollowback,2012-07-05T05:27:57.000Z,
twitter,5 Alasan MUI Tetapkan Vasektomi Haram Tapi dengan Perkecualian: Majelis Ulama Indonesia (MUI) mengharamkam vasek... http://bit.ly/OrKHeh,2012-07-05T05:27:55.000Z,
twitter,5 Alasan MUI Tetapkan Vasektomi Haram Tapi dengan Perkecualian: Majelis Ulama Indonesia (MUI) mengharamkam vasek... http://bit.ly/OrKHeh,2012-07-05T05:27:54.000Z,
twitter,5 Alasan MUI Tetapkan Vasektomi Haram Tapi dengan Perkecualian: Majelis Ulama Indonesia (MUI) mengharamkam vasek... http://bit.ly/OrKHeh,2012-07-05T05:28:09.000Z,
twitter,5 Alasan MUI Tetapkan Vasektomi Haram Tapi dengan Perkecualian: Majelis Ulama Indonesia (MUI) mengharamkam vasek... http://bit.ly/OrKHeh,2012-07-05T05:28:07.000Z,
twitter,#TEAMFOLLOWBACK 5 Alasan MUI Tetapkan Vasektomi Haram Tapi dengan Perkecualian: Majelis Ulama Indonesia (MUI) me... http://bit.ly/OrKHeh,2012-07-05T05:28:02.000Z,
twitter,5 Alasan MUI Tetapkan Vasektomi Haram Tapi dengan Perkecualian: Majelis Ulama Indonesia (MUI) mengharamkam vasek... http://bit.ly/OrKHeh,2012-07-05T05:28:00.000Z,
twitter,#followme 5 Alasan MUI Tetapkan Vasektomi Haram Tapi dengan Perkecualian: Majelis Ulama Indonesi... http://bit.ly/OrKHeh #teamfollowback,2012-07-05T05:27:57.000Z,
twitter,5 Alasan MUI Tetapkan Vasektomi Haram Tapi dengan Perkecualian: Majelis Ulama Indonesia (MUI) mengharamkam vasek... http://bit.ly/OrKHeh,2012-07-05T05:27:55.000Z,
twitter,5 Alasan MUI Tetapkan Vasektomi Haram Tapi dengan Perkecualian: Majelis Ulama Indonesia (MUI) mengharamkam vasek... http://bit.ly/OrKHeh,2012-07-05T05:27:54.000Z,
twitter,5 Alasan MUI Tetapkan Vasektomi Haram Tapi dengan Perkecualian: Majelis Ulama Indonesia (MUI) mengharamkam vasek... http://bit.ly/OrKHeh,2012-07-05T05:27:51.000Z,
twitter,5 Alasan MUI Tetapkan Vasektomi Haram Tapi dengan Perkecualian: Majelis Ulama Indonesia (MUI) mengharamkam vasek... http://bit.ly/OrKHeh,2012-07-05T05:27:46.000Z,
twitter,5 Alasan MUI Tetapkan Vasektomi Haram Tapi dengan Perkecualian: Majelis Ulama Indonesia (MUI) mengharamkam vasek... http://bit.ly/OrKHeh,2012-07-05T05:27:45.000Z,
twitter,5 Alasan MUI Tetapkan Vasektomi Haram Tapi dengan Perkecualian: Majelis Ulama Indonesia (MUI) mengharamkam vasek... http://bit.ly/OrKHeh,2012-07-05T05:27:43.000Z,
twitter,5 Alasan MUI Tetapkan Vasektomi Haram Tapi dengan Perkecualian: Majelis Ulama Indonesia (MUI) me... http://bit.ly/OrKHeh #teamfollowback,2012-07-05T05:27:40.000Z,
twitter,#OPENFOLLOW 5 Alasan MUI Tetapkan Vasektomi Haram Tapi dengan Perkecualian  #TEAMFOLLOWBACK,2012-07-05T05:27:31.000Z,
twitter,5 Alasan MUI Tetapkan Vasektomi Haram Tapi dengan Perkecualian http://bit.ly/OrKHeh |via detikcom,2012-07-05T05:27:21.000Z,
twitter,5 Alasan MUI Tetapkan Vasektomi Haram Tapi dengan Perkecualian: Majelis Ulama Indonesia (MUI) mengharamkam vasek... http://bit.ly/OrKHeh,2012-07-05T05:27:19.000Z,
twitter,5 Alasan MUI Tetapkan Vasektomi Haram Tapi dengan Perkecualian: Majelis Ulama Indonesia (MUI) mengharamkam vasek... http://bit.ly/OrKHeh,2012-07-05T05:27:17.000Z,
twitter,5 Alasan MUI Tetapkan Vasektomi Haram Tapi dengan Perkecualian http://bit.ly/OrKHeh,2012-07-05T05:27:12.000Z,
twitter,5 Alasan MUI Tetapkan Vasektomi Haram Tapi dengan Perkecualian: Majelis Ulama Indonesia (MUI) mengharamkam vasek... http://bit.ly/OrKHeh,2012-07-05T05:27:11.000Z,
twitter,5 Alasan MUI Tetapkan Vasektomi Haram Tapi dengan Perkecualian: Majelis Ulama Indonesia (MUI) mengharamkam vasek... http://bit.ly/OrKHeh,2012-07-05T05:27:03.000Z,
twitter,5 Alasan MUI Tetapkan Vasektomi Haram Tapi dengan Perkecualian http://bit.ly/NB76AZ,2012-07-05T05:27:02.000Z,
twitter,5 Alasan MUI Tetapkan Vasektomi Haram Tapi dengan Perkecualian http://bit.ly/PgVwT6,2012-07-05T05:27:01.000Z,
twitter,5 Alasan MUI Tetapkan Vasektomi Haram Tapi dengan Perkecualian http://bit.ly/PgVtXl,2012-07-05T05:26:59.000Z,
twitter,http://sollyez.com :  5 Alasan MUI Tetapkan Vasektomi Haram Tapi dengan Perkecualian: Majelis Ulama… http://goo.gl/fb/0e0Na,2012-07-05T05:26:59.000Z,
twitter,5 Alasan MUI Tetapkan Vasektomi Haram Tapi dengan Perkecualian: Majelis Ulama Indonesia (MUI) mengharamkam vasek... http://bit.ly/OrKHeh,2012-07-05T05:27:03.000Z,
twitter,5 Alasan MUI Tetapkan Vasektomi Haram Tapi dengan Perkecualian http://bit.ly/NB76AZ,2012-07-05T05:27:02.000Z,
twitter,5 Alasan MUI Tetapkan Vasektomi Haram Tapi dengan Perkecualian http://bit.ly/PgVwT6,2012-07-05T05:27:01.000Z,
twitter,5 Alasan MUI Tetapkan Vasektomi Haram Tapi dengan Perkecualian http://bit.ly/PgVtXl,2012-07-05T05:26:59.000Z,
twitter,http://sollyez.com :  5 Alasan MUI Tetapkan Vasektomi Haram Tapi dengan Perkecualian: Majelis Ulama… http://goo.gl/fb/0e0Na,2012-07-05T05:26:59.000Z,
twitter,5 Alasan MUI Tetapkan Vasektomi Haram Tapi dengan Perkecualian http://bit.ly/PgVtXh,2012-07-05T05:26:58.000Z,
twitter,5 Alasan MUI Tetapkan Vasektomi Haram Tapi dengan Perkecualian http://bit.ly/NB75x8,2012-07-05T05:26:57.000Z,
twitter,5 Alasan MUI Tetapkan Vasektomi Haram Tapi dengan Perkecualian http://bit.ly/NB75wW,2012-07-05T05:26:56.000Z,
twitter,5 Alasan MUI Tetapkan Vasektomi Haram Tapi dengan Perkecualian http://bit.ly/NB72Bq,2012-07-05T05:26:55.000Z,
twitter,5 Alasan MUI Tetapkan Vasektomi Haram Tapi dengan Perkecualian: Majelis Ulama Indonesia (MUI) mengharamkam vasek... http://bit.ly/OrKHeh,2012-07-05T05:26:54.000Z,
twitter,Update news : 5 Alasan MUI Tetapkan Vasektomi Haram Tapi dengan Perkecualian: Majelis Ulama Indonesia (MUI) meng... http://bit.ly/OrKHeh,2012-07-05T05:26:53.000Z,
twitter,5 Alasan MUI Tetapkan Vasektomi Haram Tapi dengan Perkecualian: Majelis Ulama Indonesia (MUI) mengharamkam vasek... http://bit.ly/OrKHeh,2012-07-05T05:26:45.000Z,
twitter,5 Alasan MUI Tetapkan Vasektomi Haram Tapi dengan Perkecualian http://bit.ly/OrKSWU #infoindonesian,2012-07-05T05:26:37.000Z,
twitter,#teamautofollow #ins 5 Alasan MUI Tetapkan Vasektomi Haram Tapi dengan Perkecualian: Majeli... http://bit.ly/OrKHeh #teamfollowback #100,2012-07-05T05:26:33.000Z,
twitter,5 Alasan MUI Tetapkan Vasektomi Haram Tapi dengan Perkecualian http://bit.ly/OrKHeh,2012-07-05T05:26:26.000Z,
twitter,Detik News : 5 Alasan MUI Tetapkan Vasektomi Haram Tapi dengan Perkecualian: Majelis Ulama Indonesia (MUI) mengh... http://bit.ly/OrKHeh,2012-07-05T05:26:20.000Z,
twitter,5 Alasan MUI Tetapkan Vasektomi Haram Tapi dengan Perkecualian: Majelis Ulama Indonesia (MUI) mengharamkam vasek... http://bit.ly/OrKHeh,2012-07-05T05:26:19.000Z,
twitter,5 Alasan MUI Tetapkan Vasektomi Haram Tapi dengan Perkecualian: Majelis Ulama Indonesia (MUI) mengharamkam vasek... http://bit.ly/OrKHeh,2012-07-05T05:26:18.000Z,
twitter,"RT 
@detikcom
: 5 Alasan MUI Tetapkan Vasektomi Haram Tapi dengan Perkecualian http://bit.ly/OrKHeh",2012-07-05T05:26:17.000Z,
twitter,"RT 
@detikcom
: 5 Alasan MUI Tetapkan Vasektomi Haram Tapi dengan Perkecualian http://bit.ly/PgVmeh",2012-07-05T05:26:16.000Z,
twitter,5 Alasan MUI Tetapkan Vasektomi Haram Tapi dengan Perkecualian: Majelis Ulama Indonesia (MUI) mengharamkam vasek... http://bit.ly/OrKHeh,2012-07-05T05:26:14.000Z,
twitter,5 Alasan MUI Tetapkan Vasektomi Haram Tapi dengan Perkecualian http://bit.ly/OrKHeh,2012-07-05T05:26:14.000Z,
twitter,5 Alasan MUI Tetapkan Vasektomi Haram Tapi dengan Perkecualian http://bit.ly/OrKHeh,2012-07-05T05:26:11.000Z,
twitter,"RT 
@detikcom
: 5 Alasan MUI Tetapkan Vasektomi Haram Tapi dengan Perkecualian http://bit.ly/OrKHeh",2012-07-05T05:26:17.000Z,
twitter,"RT 
@detikcom
: 5 Alasan MUI Tetapkan Vasektomi Haram Tapi dengan Perkecualian http://bit.ly/PgVmeh",2012-07-05T05:26:16.000Z,
twitter,5 Alasan MUI Tetapkan Vasektomi Haram Tapi dengan Perkecualian: Majelis Ulama Indonesia (MUI) mengharamkam vasek... http://bit.ly/OrKHeh,2012-07-05T05:26:14.000Z,
twitter,5 Alasan MUI Tetapkan Vasektomi Haram Tapi dengan Perkecualian http://bit.ly/OrKHeh,2012-07-05T05:26:14.000Z,
twitter,5 Alasan MUI Tetapkan Vasektomi Haram Tapi dengan Perkecualian http://bit.ly/OrKHeh,2012-07-05T05:26:11.000Z,
twitter,5 Alasan MUI Tetapkan Vasektomi Haram Tapi dengan Perkecualian: Majelis Ulama Indonesia (MUI) mengharamkam vasek... http://bit.ly/OrKHeh,2012-07-05T05:26:08.000Z,
twitter,5 Alasan MUI Tetapkan Vasektomi Haram Tapi dengan Perkecualian: Majelis Ulama Indonesia (MUI) mengharamkam vasek... http://bit.ly/OrKHeh,2012-07-05T05:26:00.000Z,
twitter,5 Alasan MUI Tetapkan Vasektomi Haram Tapi dengan Perkecualian: Majelis Ulama Indonesia (MUI) me... http://bit.ly/OrKHeh #TEAMFOLLOWBACK,2012-07-05T05:25:58.000Z,
twitter,5 Alasan MUI Tetapkan Vasektomi Haram Tapi dengan Perkecualian: Majelis Ulama Indonesia (MUI) mengharamkam vasek... http://bit.ly/OrKHeh,2012-07-05T05:25:55.000Z,
twitter,5 Alasan MUI Tetapkan Vasektomi Haram Tapi dengan Perkecualian: Majelis Ulama Indonesia (MUI) mengharamkam vasek... http://bit.ly/OrKHeh,2012-07-05T05:25:47.000Z,
twitter,5 Alasan MUI Tetapkan Vasektomi Haram Tapi dengan Perkecualian http://bit.ly/MZeyZP (via: detikcom),2012-07-05T05:25:45.000Z,
twitter,#TEAMFOLLOWBACK 5 Alasan MUI Tetapkan Vasektomi Haram Tapi dengan Perkecualian: Majelis Ulama In... http://bit.ly/MZeyZP #TEAMFOLLOWWACK,2012-07-05T05:25:43.000Z,
twitter,5 Alasan MUI Tetapkan Vasektomi Haram Tapi dengan Perkecualian: Majelis Ulama Indonesia (MUI) mengharamkam vasek... http://bit.ly/MZeyZP,2012-07-05T05:25:40.000Z,
twitter,5 Alasan MUI Tetapkan Vasektomi Haram Tapi dengan Perkecualian: Majelis Ulama Indonesia (MUI) mengharamkam vasek... http://bit.ly/OrKHeh,2012-07-05T05:25:39.000Z,
twitter,5 Alasan MUI Tetapkan Vasektomi Haram Tapi dengan Perkecualian: Majelis Ulama Indonesia (MUI) mengharamkam vasek... http://bit.ly/MZeyZP,2012-07-05T05:25:38.000Z,
twitter,#TEAMFOLLOWBACK 5 Alasan MUI Tetapkan Vasektomi Haram Tapi dengan Perkecualian: Majelis Ulama In... http://bit.ly/MZeyZP #TEAMFOLLOWBACK,2012-07-05T05:25:35.000Z,
twitter,5 Alasan MUI Tetapkan Vasektomi Haram Tapi dengan Perkecualian: Majelis Ulama Indonesia (MUI) mengharamkam vasek... http://bit.ly/OrKHeh,2012-07-05T05:25:34.000Z,
twitter,http://starspotnews.com 5 Alasan MUI Tetapkan Vasektomi Haram Tapi dengan Perkecualian: Majelis Ulama Indonesia (MU... http://awe.sm/f0g6e,2012-07-05T05:25:31.000Z,
twitter,5 Alasan MUI Tetapkan Vasektomi Haram Tapi dengan Perkecualian: Majelis Ulama Indonesia (MUI) mengharamkam vasek... http://bit.ly/MZeyZP,2012-07-05T05:25:30.000Z,
twitter,5 Alasan MUI Tetapkan Vasektomi Haram Tapi dengan Perkecualian: Majelis Ulama Indonesia (MUI) mengharamkam vasek... http://bit.ly/MZeyZP,2012-07-05T05:25:27.000Z,
twitter,(http://detik.com) 5 Alasan MUI Tetapkan Vasektomi Haram Tapi dengan Perkecualian: Majelis Ulama Indonesia (M... http://bit.ly/OrKHeh,2012-07-05T05:25:22.000Z,
twitter,5 Alasan MUI Tetapkan Vasektomi Haram Tapi dengan Perkecualian: Majelis Ulama Indonesia (MUI) mengharamkam vasek... http://bit.ly/MZeyZP,2012-07-05T05:25:21.000Z,
twitter,5 Alasan MUI Tetapkan Vasektomi Haram Tapi dengan Perkecualian http://bit.ly/MZeyZP,2012-07-05T05:25:20.000Z,
twitter,http://starspotnews.com 5 Alasan MUI Tetapkan Vasektomi Haram Tapi dengan Perkecualian: Majelis Ulama Indonesia (MU... http://awe.sm/f0g6e,2012-07-05T05:25:31.000Z,
twitter,5 Alasan MUI Tetapkan Vasektomi Haram Tapi dengan Perkecualian: Majelis Ulama Indonesia (MUI) mengharamkam vasek... http://bit.ly/MZeyZP,2012-07-05T05:25:30.000Z,
twitter,5 Alasan MUI Tetapkan Vasektomi Haram Tapi dengan Perkecualian: Majelis Ulama Indonesia (MUI) mengharamkam vasek... http://bit.ly/MZeyZP,2012-07-05T05:25:27.000Z,
twitter,(http://detik.com) 5 Alasan MUI Tetapkan Vasektomi Haram Tapi dengan Perkecualian: Majelis Ulama Indonesia (M... http://bit.ly/OrKHeh,2012-07-05T05:25:22.000Z,
twitter,5 Alasan MUI Tetapkan Vasektomi Haram Tapi dengan Perkecualian: Majelis Ulama Indonesia (MUI) mengharamkam vasek... http://bit.ly/MZeyZP,2012-07-05T05:25:21.000Z,
twitter,5 Alasan MUI Tetapkan Vasektomi Haram Tapi dengan Perkecualian http://bit.ly/MZeyZP,2012-07-05T05:25:20.000Z,
twitter,http://starspotnews.com 5 Alasan MUI Tetapkan Vasektomi Haram Tapi dengan Perkecualian: Majelis Ulama Indonesia (MU... http://awe.sm/o0DWh,2012-07-05T05:25:18.000Z,
twitter,#TeamFollowBack 5 Alasan MUI Tetapkan Vasektomi Haram Tapi dengan Perkecualian: Majelis Ulama Indon... http://bit.ly/OrKHeh #SougoFollow,2012-07-05T05:25:16.000Z,
twitter,5 Alasan MUI Tetapkan Vasektomi Haram Tapi dengan Perkecualian: Majelis Ulama Indonesia (MUI) mengharamkam vasek... http://bit.ly/MZeyZP,2012-07-05T05:25:14.000Z,
twitter,5 Alasan MUI Tetapkan Vasektomi Haram Tapi dengan Perkecualian http://bit.ly/OrKHeh #Detikcom,2012-07-05T05:25:11.000Z,
twitter,5 Alasan MUI Tetapkan Vasektomi Haram Tapi dengan Perkecualian: Majelis Ulama Indonesia (MUI) mengharamkam vasek... http://bit.ly/OrKHeh,2012-07-05T05:25:08.000Z,
twitter,5 Alasan MUI Tetapkan Vasektomi Haram Tapi dengan Perkecualian http://bit.ly/NB6Hi5,2012-07-05T05:25:04.000Z,
twitter,5 Alasan MUI Tetapkan Vasektomi Haram Tapi dengan Perkecualian http://bit.ly/OrKHeh #news,2012-07-05T05:25:02.000Z,
twitter,5 Alasan MUI Tetapkan Vasektomi Haram Tapi dengan Perkecualian: Majelis Ulama Indonesia (MUI) mengharamkam vasek... http://bit.ly/MZeyZP,2012-07-05T05:24:52.000Z,
twitter,5 Alasan MUI Tetapkan Vasektomi Haram Tapi dengan Perkecualian http://bit.ly/OrKHeh [DETIK],2012-07-05T05:24:48.000Z,
twitter,5 Alasan MUI Tetapkan Vasektomi Haram Tapi dengan Perkecualian: Majelis Ulama Indonesia (MUI) mengharamkam vasek... http://bit.ly/NB6ICD,2012-07-05T05:24:47.000Z,
twitter,5 Alasan MUI Tetapkan Vasektomi Haram Tapi dengan Perkecualian http://bit.ly/OrKHeh #juju,2012-07-05T05:24:44.000Z,
twitter,5 Alasan MUI Tetapkan Vasektomi Haram Tapi dengan Perkecualian http://bit.ly/OrKHeh,2012-07-05T05:24:43.000Z,
twitter,5 Alasan MUI Tetapkan Vasektomi Haram Tapi dengan Perkecualian http://bit.ly/OrKHeh,2012-07-05T05:24:42.000Z,
twitter,#botspammers 5 Alasan MUI Tetapkan Vasektomi Haram Tapi dengan Perkecualian http://bit.ly/OrKHeh,2012-07-05T05:24:29.000Z,
twitter,5 Alasan MUI Tetapkan Vasektomi Haram Tapi dengan Perkecualian http://bit.ly/PgUXbQ,2012-07-05T05:24:27.000Z,
twitter,5 Alasan MUI Tetapkan Vasektomi Haram Tapi dengan Perkecualian: Majelis Ulama Indonesia (MUI) mengharamkam vasek... http://bit.ly/OrKHeh,2012-07-05T05:24:26.000Z,
twitter,5 Alasan MUI Tetapkan Vasektomi Haram Tapi dengan Perkecualian http://bit.ly/OrKHeh #detikNews #bd,2012-07-05T05:24:24.000Z,
twitter,5 Alasan MUI Tetapkan Vasektomi Haram Tapi dengan Perkecualian http://bit.ly/OrKHeh #juju,2012-07-05T05:24:44.000Z,
twitter,5 Alasan MUI Tetapkan Vasektomi Haram Tapi dengan Perkecualian http://bit.ly/OrKHeh,2012-07-05T05:24:43.000Z,
twitter,5 Alasan MUI Tetapkan Vasektomi Haram Tapi dengan Perkecualian http://bit.ly/OrKHeh,2012-07-05T05:24:42.000Z,
twitter,#botspammers 5 Alasan MUI Tetapkan Vasektomi Haram Tapi dengan Perkecualian http://bit.ly/OrKHeh,2012-07-05T05:24:29.000Z,
twitter,5 Alasan MUI Tetapkan Vasektomi Haram Tapi dengan Perkecualian http://bit.ly/PgUXbQ,2012-07-05T05:24:27.000Z,
twitter,5 Alasan MUI Tetapkan Vasektomi Haram Tapi dengan Perkecualian: Majelis Ulama Indonesia (MUI) mengharamkam vasek... http://bit.ly/OrKHeh,2012-07-05T05:24:26.000Z,
twitter,5 Alasan MUI Tetapkan Vasektomi Haram Tapi dengan Perkecualian http://bit.ly/OrKHeh #detikNews #bd,2012-07-05T05:24:24.000Z,
twitter,5 Alasan MUI Tetapkan Vasektomi Haram Tapi dengan Perkecualian: Majelis Ulama Indonesia (MUI) mengharamkam vasek... http://bit.ly/OrKHeh,2012-07-05T05:24:15.000Z,
twitter,Detik : 5 Alasan MUI Tetapkan Vasektomi Haram Tapi dengan Perkecualian: Majelis Ulama Indonesia (MUI) mengharamk... http://bit.ly/OrKSWU,2012-07-05T05:24:15.000Z,
twitter,#detikcom 5 Alasan MUI Tetapkan Vasektomi Haram Tapi dengan Perkecualian: Majelis Ulama Indonesia (MUI) menghara... http://tinyurl.com/6w7lc2e,2012-07-05T05:24:13.000Z,
twitter,5 Alasan MUI Tetapkan Vasektomi Haram Tapi dengan Perkecualian http://goo.gl/fb/hSWcu,2012-07-05T05:23:36.000Z,
twitter,5 Alasan MUI Tetapkan Vasektomi Haram Tapi dengan Perkecualian: Majelis Ulama Indonesia (MUI) mengharamkam vasek... http://bit.ly/PgRs5a,2012-07-05T05:23:05.000Z,
twitter,#OPENFOLLOW 5 Alasan MUI Tetapkan Vasektomi Haram Tapi dengan Perkecualian http://bit.ly/PgRs5a #TEAMFOLLOWBACK,2012-07-05T05:23:04.000Z,
twitter,5 Alasan MUI Tetapkan Vasektomi Haram Tapi dengan Perkecualian: Majelis Ulama Indonesia (MUI) mengharamkam vasek... http://bit.ly/PgRs5a,2012-07-05T05:23:02.000Z,
twitter,5 Alasan MUI Tetapkan Vasektomi Haram Tapi dengan Perkecualian http://bit.ly/PgRs5a,2012-07-05T05:23:01.000Z,
twitter,#Detik 5 Alasan MUI Tetapkan Vasektomi Haram Tapi dengan Perkecualian http://bit.ly/OrKHeh,2012-07-05T05:20:34.000Z,
twitter,#OPENFOLLOW 5 Alasan MUI Tetapkan Vasektomi Haram Tapi dengan Perkecualian http://bit.ly/OrKHeh #TEAMFOLLOWBACK,2012-07-05T05:20:25.000Z,
twitter,#OPENFOLLOW 5 Alasan MUI Tetapkan Vasektomi Haram Tapi dengan Perkecualian http://bit.ly/OrKHeh #TEAMFOLLOWBACK,2012-07-05T05:20:24.000Z,
twitter,5 Alasan MUI Tetapkan Vasektomi Haram Tapi dengan Perkecualian http://bit.ly/OrKHeh,2012-07-05T05:20:12.000Z,
twitter,5 Alasan MUI Tetapkan Vasektomi Haram Tapi dengan Perkecualian: Majelis Ulama Indonesia (MUI) mengharamkam vasek... http://bit.ly/OrKHeh,2012-07-05T05:20:09.000Z,
twitter,5 Alasan MUI Tetapkan Vasektomi Haram Tapi dengan Perkecualian: Majelis Ulama Indonesia (MUI) mengharamkam vasek... http://bit.ly/OrKHeh,2012-07-05T05:20:08.000Z,
twitter,5 Alasan MUI Tetapkan Vasektomi Haram Tapi dengan Perkecualian: Majelis Ulama Indonesia (MUI) mengharamkam vasek... http://chilp.it/9c4844,2012-07-05T05:20:06.000Z,
twitter,5 Alasan MUI Tetapkan Vasektomi Haram Tapi dengan Perkecualian,2012-07-05T05:20:00.000Z,
twitter,5 Alasan MUI Tetapkan Vasektomi Haram Tapi dengan Perkecualian http://bit.ly/OrKHeh,2012-07-05T05:20:00.000Z,
twitter,#OPENFOLLOW 5 Alasan MUI Tetapkan Vasektomi Haram Tapi dengan Perkecualian http://bit.ly/OrKHeh #TEAMFOLLOWBACK,2012-07-05T05:20:25.000Z,
twitter,#OPENFOLLOW 5 Alasan MUI Tetapkan Vasektomi Haram Tapi dengan Perkecualian http://bit.ly/OrKHeh #TEAMFOLLOWBACK,2012-07-05T05:20:24.000Z,
twitter,5 Alasan MUI Tetapkan Vasektomi Haram Tapi dengan Perkecualian http://bit.ly/OrKHeh,2012-07-05T05:20:12.000Z,
twitter,5 Alasan MUI Tetapkan Vasektomi Haram Tapi dengan Perkecualian: Majelis Ulama Indonesia (MUI) mengharamkam vasek... http://bit.ly/OrKHeh,2012-07-05T05:20:09.000Z,
twitter,5 Alasan MUI Tetapkan Vasektomi Haram Tapi dengan Perkecualian: Majelis Ulama Indonesia (MUI) mengharamkam vasek... http://bit.ly/OrKHeh,2012-07-05T05:20:08.000Z,
twitter,5 Alasan MUI Tetapkan Vasektomi Haram Tapi dengan Perkecualian: Majelis Ulama Indonesia (MUI) mengharamkam vasek... http://chilp.it/9c4844,2012-07-05T05:20:06.000Z,
twitter,5 Alasan MUI Tetapkan Vasektomi Haram Tapi dengan Perkecualian,2012-07-05T05:20:00.000Z,
twitter,5 Alasan MUI Tetapkan Vasektomi Haram Tapi dengan Perkecualian http://bit.ly/OrKHeh,2012-07-05T05:20:00.000Z,
twitter,5 Alasan MUI Tetapkan Vasektomi Haram Tapi dengan Perkecualian: Majelis Ulama Indonesia (MUI) mengharamkam vasek... http://bit.ly/OrKHeh,2012-07-05T05:19:59.000Z,
twitter,5 Alasan MUI Tetapkan Vasektomi Haram Tapi dengan Perkecualian http://bit.ly/OrKHeh,2012-07-05T05:19:57.000Z,
twitter,5 Alasan MUI Tetapkan Vasektomi Haram Tapi dengan Perkecualian,2012-07-05T05:19:55.000Z,
twitter,5 Alasan MUI Tetapkan Vasektomi Haram Tapi dengan Perkecualian: Majelis Ulama Indonesia (MUI) mengharamkam vasek... http://bit.ly/MZeyZP,2012-07-05T05:19:53.000Z,
twitter,5 Alasan MUI Tetapkan Vasektomi Haram Tapi dengan Perkecualian: Majelis Ulama Indonesia (MUI) mengharamkam vasek... http://bit.ly/MZeyZP,2012-07-05T05:19:52.000Z,
twitter,5 Alasan MUI Tetapkan Vasektomi Haram Tapi dengan Perkecualian: Majelis Ulama Indonesia (MUI) mengharamkam vasek... http://bit.ly/MZeyZP,2012-07-05T05:19:51.000Z,
twitter,5 Alasan MUI Tetapkan Vasektomi Haram Tapi dengan Perkecualian: Majelis Ulama Indonesia (MUI) mengharamkam vasek... http://bit.ly/OrKHeh,2012-07-05T05:19:50.000Z,
twitter,5 Alasan MUI Tetapkan Vasektomi Haram Tapi dengan Perkecualian: Majelis Ulama Indonesia (MUI) mengharamkam vasek... http://bit.ly/MzdluO,2012-07-05T05:15:39.000Z,
twitter,"Syarat  yg mmungkinkan vasektomi diprbolehkan""
@detikcom
 5 Alasan MUI Tetapkan Vasektomi Haram Tapi dengan Perkecualian http://de.tk/RJJHC",2012-07-05T05:14:55.000Z,
twitter,5 Alasan MUI Tetapkan Vasektomi Haram Tapi dengan Perkecualian: Majelis Ulama Indonesia (MUI) mengharamkam vasek... http://bit.ly/PgRs5a,2012-07-05T05:11:36.000Z,
twitter,"Ulama Membolehkan Vasektomi Selama Tidak Menyalahi Syariat: Vasektomi hukumnya haram, kecuali:  (a) untuk tujuan... http://bit.ly/OpBDXf",2012-07-04T18:49:02.000Z,
twitter,"""
@ifanidea
 MUI itu suka sesuai selera kdg2. dulu vasektomi haram,skrg stlh terbukti efektifitasnya blg mubah (boleh). semua kb itu halal #kb",2012-07-04T15:27:33.000Z,
twitter,"MUI sempat keluarkan fatwa haram utk: foto pre wedding, yoga, rokok. nanti bs jd berubah lagi spt hukum vasektomi. MUI ngawur? #kb",2012-07-04T15:03:52.000Z,
twitter,"MUI itu suka sesuai selera kdg2. dulu vasektomi haram,skrg stlh terbukti efektifitasnya blg mubah (boleh). semua kb itu halal. #kb",2012-07-04T15:01:56.000Z,
twitter,MUI Bolehkan Vasektomi  : MUI masih menetapkan hukum haram terhadap praktik vasektomi jika tindakan mencegah mem... http://bit.ly/OlMTUt,2012-07-04T03:48:00.000Z,
twitter,"Ulama Membolehkan Vasektomi Selama Tidak Menyalahi Syariat: Vasektomi hukumnya haram, kecuali:  (a) untuk tujuan... http://bit.ly/OpBDXf",2012-07-04T18:49:02.000Z,
twitter,"""
@ifanidea
 MUI itu suka sesuai selera kdg2. dulu vasektomi haram,skrg stlh terbukti efektifitasnya blg mubah (boleh). semua kb itu halal #kb",2012-07-04T15:27:33.000Z,
twitter,"MUI sempat keluarkan fatwa haram utk: foto pre wedding, yoga, rokok. nanti bs jd berubah lagi spt hukum vasektomi. MUI ngawur? #kb",2012-07-04T15:03:52.000Z,
twitter,"MUI itu suka sesuai selera kdg2. dulu vasektomi haram,skrg stlh terbukti efektifitasnya blg mubah (boleh). semua kb itu halal. #kb",2012-07-04T15:01:56.000Z,
twitter,MUI Bolehkan Vasektomi  : MUI masih menetapkan hukum haram terhadap praktik vasektomi jika tindakan mencegah mem... http://bit.ly/OlMTUt,2012-07-04T03:48:00.000Z,
twitter,MUI Bolehkan Vasektomi: MUI masih menetapkan hukum haram terhadap praktik vasektomi jika tindakan mencegah memil... http://bit.ly/Mv2cLM,2012-07-04T03:46:08.000Z,
twitter,MUI masih menetapkan hukum haram terhadap praktik vasektomi jika tindakan mencegah memiliki anak itu bertentanga... http://bit.ly/MVhzdB,2012-07-04T03:44:26.000Z,
twitter,MUI Bolehkan Vasektomi: MUI masih menetapkan hukum haram terhadap praktik vasektomi jika tindakan mencegah memil... http://bit.ly/R7O6Pk,2012-07-04T03:44:25.000Z,
twitter,#Nasional : MUI Bolehkan Vasektomi  : MUI masih menetapkan hukum haram terhadap praktik vasektomi jik... http://adf.ly/AKeC8 #SohmiNews,2012-07-04T03:40:47.000Z,
twitter,MUI Bolehkan Vasektomi  : MUI masih menetapkan hukum haram terhadap praktik vasektomi jika tindakan mencegah mem... http://bit.ly/OlMTUt,2012-07-04T03:40:47.000Z,
twitter,http://sollyez.com :  MUI Bolehkan Vasektomi &#160;: MUI masih menetapkan hukum haram terhadap… http://goo.gl/fb/aC1ys,2012-07-04T03:38:19.000Z,
twitter,http://sollyez.com :  MUI Bolehkan Vasektomi: MUI masih menetapkan hukum haram terhadap praktik… http://goo.gl/fb/aT6je,2012-07-04T03:37:49.000Z,
twitter,"WTF???? RT 
@korantempo
: MUI Bolehkan Vasektomi: MUI masih menetapkan hukum haram terhadap praktik (cont) http://tl.gd/i5en4f",2012-07-04T03:30:23.000Z,
twitter,Tempo News : MUI Bolehkan Vasektomi: MUI masih menetapkan hukum haram terhadap praktik vasektomi jika tindakan m... http://bit.ly/R7O6Pk,2012-07-04T03:29:27.000Z,
twitter,MUI Bolehkan Vasektomi: MUI masih menetapkan hukum haram terhadap praktik vasektomi jika tindakan mencegah memil... http://bit.ly/R7O6Pk,2012-07-04T03:29:24.000Z,
twitter,MUI Bolehkan Vasektomi: MUI masih menetapkan hukum haram terhadap praktik vasektomi jika tindakan mencegah memil... http://bit.ly/R7O6Pk,2012-07-04T03:29:23.000Z,
twitter,MUI Bolehkan Vasektomi: MUI masih menetapkan hukum haram terhadap praktik vasektomi jika tindakan mencegah memil... http://bit.ly/R7O6Pk,2012-07-04T03:29:22.000Z,
twitter,MUI Bolehkan Vasektomi: MUI masih menetapkan hukum haram terhadap praktik vasektomi jika tindakan mencegah memil...  http://goo.gl/Pb3my,2012-07-04T03:29:21.000Z,
twitter,Meninjau Fatwa Haram Vasektomi |Suara Merdeka CyberN| #Indonesia http://goo.gl/lf9pl,2012-06-29T16:26:10.000Z,
twitter,"@sholehmaula
  Ass...Ust.. KB steril ( vasektomi / Tubektomi ) haram ga ust..., ada yang bilang haram ada yg g., blm manteb klo blm nanya ust",2012-06-11T08:39:07.000Z,
twitter,Kita beri apresiasi kepada MUI yang tetap teguh memegang fatwa bahwa vasektomi dan tubektomi HARAM...... apa itu... http://fb.me/1QrGMLWTq,2012-06-07T05:15:31.000Z,
twitter,"vasektomi dan tubektomi tetap HARAM kata MUI. Salut pak yai, sampeyan gak nurut order fatwa #BKKBN",2012-06-06T15:52:17.000Z,
twitter,"Katanya kalo Vasektomi bisa disambung lg, maka fatwa haram MUI bisa dicabut. Haram kok bs dicabut?? #pfftt",2012-06-06T04:39:54.000Z,
twitter,"Rame bicara alat kontrasepsi "" VASEKTOMI "" halal apa Haram ?",2012-06-05T06:51:09.000Z,
twitter,"""
@Metro_TV
: Ratusan Pria di Jakarta akan Dimandulkan http://metrotvnews.com/read/news/2012/06/01/93203/Ratusan-Pria-di-Jakarta-akan-Dimandulkan/6…"" wow. ... Vasektomi haram bukan? :(",2012-06-01T22:52:27.000Z,
twitter,"Pardon my French, tapi bukannya vasektomi itu haram ya?",2012-05-12T01:36:42.000Z,
twitter,Berita Cerita: Bupati Bengkulu bergeming fatwa haram vasektomi http://bbc.in/IO86Vi,2012-04-18T02:54:41.000Z,
twitter,Bupati Bengkulu bergeming fatwa haram vasektomi http://goo.gl/fb/Jk4N2,2012-04-18T02:54:40.000Z,
twitter,Bupati Bengkulu bergeming fatwa haram vasektomi: Pimpinan kota kabupaten di Bengkulu tetap konsisten mengkampany... http://bbc.in/IO86Vi,2012-04-18T02:51:01.000Z,
twitter,Pimpinan kota kabupaten di Bengkulu tetap konsisten mengkampanyekan vasektomi meski ada fatwa haram dari MUI. http://bbc.in/JCjXBo,2012-04-18T02:51:01.000Z,
twitter,Bupati Bengkulu bergeming fatwa haram vasektomi http://bbc.in/JCjW0h,2012-04-18T02:51:00.000Z,
twitter,BKKBN: Vasektomi tidak lagi haram,2012-04-18T02:13:09.000Z,
twitter,MUI menyatakan vasektomi dan tubektomi haram: Badan Kependudukan dan Keluarga Berencana Nasional (BKKBN) mendoro... http://bit.ly/JahAc1,2012-04-17T12:21:11.000Z,
twitter,MUI menyatakan vasektomi dan tubektomi haram: Badan Kependudukan dan Keluarga Berencana Nasional (BKKBN) mendoro... http://bit.ly/JahAc1,2012-04-17T12:21:10.000Z,
twitter,MUI menyatakan vasektomi dan tubektomi haram http://goo.gl/fb/yGMQx,2012-04-17T10:08:49.000Z,
twitter,Berita Cerita: MUI menyatakan vasektomi dan tubektomi haram http://bbc.in/JvhI2O,2012-04-17T10:08:48.000Z,
twitter,"Yg dulu pake minyak babi :) RT 
@Moqsith
 Loh dr dulu emang haram? He...RT 
@Rumadi04
: RT 
@suaramerdeka
: Vasektomi Kini Halal",2012-04-17T08:51:57.000Z,
twitter,[Seks & Seksi] BKKBN: Vasektomi Tidak Lagi Haram http://bit.ly/IRXIxg,2012-04-17T07:53:55.000Z,
twitter,"BKKBN: Vasektomi Tidak Lagi Haram: Majelis Ulama Indonesia (MUI) Situbondo, Jawa Timur mengeluarkan fatwa mengha... http://bit.ly/IRXIxg",2012-04-17T07:46:16.000Z,
twitter,BKKBN: Vasektomi Tidak Lagi Haram http://bit.ly/IRXIxg,2012-04-17T07:39:10.000Z,
twitter,"cc: @_bep44 RT 
@liputan6dotcom
: BKKBN: Vasektomi Tidak Lagi Haram http://bit.ly/Ii3vZ3",2012-04-17T07:20:47.000Z,
twitter,"@isa_al_isa » RT 
@liputan6dotcom
: BKKBN: Vasektomi Tidak Lagi Haram http://bit.ly/Ii3vZ3",2012-04-17T07:17:37.000Z,
twitter,"mengandung khamr kali Mas RT 
@Moqsith
 Loh dr dulu emang haram? He. RT 
@Rumadi04
: RT 
@suaramerdeka
: Vasektomi Kini Halal http://dlvr.it/1RqggS",2012-04-17T06:55:14.000Z,
twitter,"Loh dr dulu emang haram? He...RT 
@Rumadi04
: RT 
@suaramerdeka
: Vasektomi Kini Halal http://dlvr.it/1RqggS",2012-04-17T06:49:46.000Z,
twitter,MUI menyatakan vasektomi dan tubektomi haram: Majelis Ulama Indonesia mengeluarkan fatwa melarang vasektomi dan ... http://bbc.in/JvhI2O,2012-04-17T06:41:01.000Z,
twitter,MUI menyatakan vasektomi dan tubektomi haram http://bbc.in/ITH2Dd,2012-04-17T06:41:00.000Z,
twitter,"BKKBN: Vasektomi Tidak Lagi Haram: 01/01/1970 07:00 (Keluarga Berencana) 
Majelis Ulama Indonesia (MUI) Situbond... http://bit.ly/JuiJYM",2012-04-17T05:18:21.000Z,
twitter,Vasektomi Tidak Lagi Haram http://bit.ly/HPWFxQ,2012-04-17T05:01:20.000Z,
twitter,"@isa_al_isa » RT 
@liputan6dotcom
: BKKBN: Vasektomi Tidak Lagi Haram http://bit.ly/Ii3vZ3",2012-04-17T07:17:37.000Z,
twitter,"mengandung khamr kali Mas RT 
@Moqsith
 Loh dr dulu emang haram? He. RT 
@Rumadi04
: RT 
@suaramerdeka
: Vasektomi Kini Halal http://dlvr.it/1RqggS",2012-04-17T06:55:14.000Z,
twitter,"Loh dr dulu emang haram? He...RT 
@Rumadi04
: RT 
@suaramerdeka
: Vasektomi Kini Halal http://dlvr.it/1RqggS",2012-04-17T06:49:46.000Z,
twitter,MUI menyatakan vasektomi dan tubektomi haram: Majelis Ulama Indonesia mengeluarkan fatwa melarang vasektomi dan ... http://bbc.in/JvhI2O,2012-04-17T06:41:01.000Z,
twitter,MUI menyatakan vasektomi dan tubektomi haram http://bbc.in/ITH2Dd,2012-04-17T06:41:00.000Z,
twitter,"BKKBN: Vasektomi Tidak Lagi Haram: 01/01/1970 07:00 (Keluarga Berencana) 
Majelis Ulama Indonesia (MUI) Situbond... http://bit.ly/JuiJYM",2012-04-17T05:18:21.000Z,
twitter,Vasektomi Tidak Lagi Haram http://bit.ly/HPWFxQ,2012-04-17T05:01:20.000Z,
twitter,BKKBN: Vasektomi Tidak Lagi Haram http://dlvr.it/1RqSd6,2012-04-17T03:41:48.000Z,
twitter,"BKKBN: Vasektomi Tidak Lagi Haram: Balikpapan (ANTARA) - Majelis Ulama Indonesia (MUI) Situbondo, Jawa Timur men... http://bit.ly/IBn0Ji",2012-04-17T03:16:08.000Z,
twitter,BKKBN: Vasektomi Tidak Lagi Haram http://dlvr.it/1RqJ7v #teamfollowback #teamfollowback,2012-04-17T03:13:07.000Z,
twitter,BKKBN: Vasektomi Tidak Lagi Haram http://dlvr.it/1RqHLJ,2012-04-17T03:09:18.000Z,
twitter,BKKBN: Vasektomi Tidak Lagi Haram: 17/04/2012 09:48 (Keluarga Berencana)  Majelis Ulama Indonesia (MUI) Situbond... http://bit.ly/IR7JdX,2012-04-17T03:01:44.000Z,
twitter,BKKBN: Vasektomi Tidak Lagi Haram http://dlvr.it/1RqDSJ,2012-04-17T03:00:06.000Z,
twitter,"Manusia mana berhak sih ngasih label halal haram?!RT 
@detikcom
: Vasektomi Diupayakan Dapat Fatwa Halal http://de.tk/zk2M5 via 
@detikhealth",2012-04-16T10:50:46.000Z,
twitter,#TEAMFOLLOWBACK Vasektomi Diupayakan Dapat Fatwa Halal: Ada anggapan vasektomi haram karena prosedur itu tidak d... http://bit.ly/IQiwjT,2012-04-16T07:43:42.000Z,
twitter,Vasektomi Diupayakan Dapat Fatwa Halal: Ada anggapan vasektomi haram karena prosedur itu tidak dapat dikembalika... http://adf.ly/7TXiJ,2012-04-16T06:49:46.000Z,
twitter,Vasektomi Diupayakan Dapat Fatwa Halal: Ada anggapan vasektomi haram karena prosedur itu tidak dapat dikembalika... http://bit.ly/IMtXh5,2012-04-16T06:49:42.000Z,
twitter,Vasektomi Diupayakan Dapat Fatwa Halal: Ada anggapan vasektomi haram karena prosedur itu tidak dapat dikembalika... http://adf.ly/7TXiJ,2012-04-16T06:49:42.000Z,
twitter,Vasektomi Diupayakan Dapat Fatwa Halal: Ada anggapan vasektomi haram karena prosedur itu tidak dapat dikembalika... http://bit.ly/IMtXh5,2012-04-16T06:49:41.000Z,
twitter,Vasektomi Diupayakan Dapat Fatwa Halal: Ada anggapan vasektomi haram karena prosedur itu tidak dapat dikembalika... http://bit.ly/J086gJ,2012-04-16T06:49:39.000Z,
twitter,Vasektomi Diupayakan Dapat Fatwa Halal: Ada anggapan vasektomi haram karena prosedur itu tidak dapat dikembalika... http://adf.ly/7TXi6,2012-04-16T06:49:38.000Z,
twitter,Vasektomi Diupayakan Dapat Fatwa Halal: Ada anggapan vasektomi haram karena prosedur itu tidak dapat dikembalika... http://bit.ly/IMtXh5,2012-04-16T06:49:30.000Z,
twitter,Vasektomi Diupayakan Dapat Fatwa Halal: Ada anggapan vasektomi haram karena prosedur itu tidak dapat dikembalika... http://bit.ly/IMtXh5,2012-04-16T06:49:29.000Z,
twitter,Vasektomi Diupayakan Dapat Fatwa Halal: Ada anggapan vasektomi haram karena prosedur itu tidak dapat dikembalika... http://bit.ly/IMtXh5,2012-04-16T06:48:32.000Z,
twitter,"Manusia mana berhak sih ngasih label halal haram?!RT 
@detikcom
: Vasektomi Diupayakan Dapat Fatwa Halal http://de.tk/zk2M5 via 
@detikhealth",2012-04-16T10:50:46.000Z,
twitter,#TEAMFOLLOWBACK Vasektomi Diupayakan Dapat Fatwa Halal: Ada anggapan vasektomi haram karena prosedur itu tidak d... http://bit.ly/IQiwjT,2012-04-16T07:43:42.000Z,
twitter,Vasektomi Diupayakan Dapat Fatwa Halal: Ada anggapan vasektomi haram karena prosedur itu tidak dapat dikembalika... http://adf.ly/7TXiJ,2012-04-16T06:49:46.000Z,
twitter,Vasektomi Diupayakan Dapat Fatwa Halal: Ada anggapan vasektomi haram karena prosedur itu tidak dapat dikembalika... http://bit.ly/IMtXh5,2012-04-16T06:49:42.000Z,
twitter,Vasektomi Diupayakan Dapat Fatwa Halal: Ada anggapan vasektomi haram karena prosedur itu tidak dapat dikembalika... http://adf.ly/7TXiJ,2012-04-16T06:49:42.000Z,
twitter,Vasektomi Diupayakan Dapat Fatwa Halal: Ada anggapan vasektomi haram karena prosedur itu tidak dapat dikembalika... http://bit.ly/IMtXh5,2012-04-16T06:49:41.000Z,
twitter,Vasektomi Diupayakan Dapat Fatwa Halal: Ada anggapan vasektomi haram karena prosedur itu tidak dapat dikembalika... http://bit.ly/J086gJ,2012-04-16T06:49:39.000Z,
twitter,Vasektomi Diupayakan Dapat Fatwa Halal: Ada anggapan vasektomi haram karena prosedur itu tidak dapat dikembalika... http://adf.ly/7TXi6,2012-04-16T06:49:38.000Z,
twitter,Vasektomi Diupayakan Dapat Fatwa Halal: Ada anggapan vasektomi haram karena prosedur itu tidak dapat dikembalika... http://bit.ly/IMtXh5,2012-04-16T06:49:30.000Z,
twitter,Vasektomi Diupayakan Dapat Fatwa Halal: Ada anggapan vasektomi haram karena prosedur itu tidak dapat dikembalika... http://bit.ly/IMtXh5,2012-04-16T06:49:29.000Z,
twitter,Vasektomi Diupayakan Dapat Fatwa Halal: Ada anggapan vasektomi haram karena prosedur itu tidak dapat dikembalika... http://bit.ly/IMtXh5,2012-04-16T06:48:32.000Z,
twitter,"RT 
@felixsiauw
: Haram mbak :) >>RT ustad afwan, saya mau tanya vasektomi itu boleh atau tidak dalam agama?",2012-04-03T14:16:29.000Z,
twitter,"Ooh syukron ustad :) ana menanti jawaban anda dari tadi :) RT ""
@felixsiauw
: Haram mbak :) >>RT ustad afwan, saya mau tanya vasektomi",2012-04-03T14:12:58.000Z,
twitter,"Penjelasan'o ust? :) RT 
@felixsiauw
: Haram mbak :) >>RT ustad afwan, saya mau tanya vasektomi itu boleh atau tidak dalam agama?",2012-04-03T14:11:28.000Z,
twitter,"Haram mbak :) >>RT ustad afwan, saya mau tanya vasektomi itu boleh atau tidak dalam agama?",2012-04-03T14:08:06.000Z,
twitter,"Mohon penjelasannya mas 
@Yukosiswanto
 re :vasektomi - tubektomi haram",2012-02-14T13:50:32.000Z,
twitter,"Hukumnya haram.. RT @uutrahmat: Mas 
@Yukosiswanto
 , maaf tny..anda tau vasektomi & tubektomi? Pemotongan ... http://m.tmi.me/lU0W0",2012-02-14T13:37:50.000Z,
twitter,Well.. Vasektomi masih haram hukumnya.. #linglung,2011-12-26T12:42:11.000Z,
twitter,Vasektomi itu haram? Di perbolehkan atau tidak? Coba di lihat dr segi hukum dan agama ...,2011-11-18T08:09:52.000Z,
twitter,"@Imin_Muhai
 yeeee, kalo sterilisasi (vasektomi dan tubektomi) emang haram, bang.",2011-10-26T08:30:11.000Z,
twitter,"Menurut buku yg saya baca, kb, tubektomi, vasektomi, dll itu HARAM!! Karena menyimpang dari tujuan pernikahan yaitu ""MEMPERBANYAK KETURUNAN""",2011-10-22T13:06:12.000Z,
twitter,"@VIVAnews
 haram vasektomi itu..",2011-07-16T14:30:46.000Z,
twitter,Kata Kepala BKKBN vasektomi itu haram? Eh? Eh? Terus? http://bit.ly/iSc4xG,2011-07-05T14:05:38.000Z,
twitter,"Hukumnya haram.. RT @uutrahmat: Mas 
@Yukosiswanto
 , maaf tny..anda tau vasektomi & tubektomi? Pemotongan ... http://m.tmi.me/lU0W0",2012-02-14T13:37:50.000Z,
twitter,Well.. Vasektomi masih haram hukumnya.. #linglung,2011-12-26T12:42:11.000Z,
twitter,Vasektomi itu haram? Di perbolehkan atau tidak? Coba di lihat dr segi hukum dan agama ...,2011-11-18T08:09:52.000Z,
twitter,"@Imin_Muhai
 yeeee, kalo sterilisasi (vasektomi dan tubektomi) emang haram, bang.",2011-10-26T08:30:11.000Z,
twitter,"Menurut buku yg saya baca, kb, tubektomi, vasektomi, dll itu HARAM!! Karena menyimpang dari tujuan pernikahan yaitu ""MEMPERBANYAK KETURUNAN""",2011-10-22T13:06:12.000Z,
twitter,"@VIVAnews
 haram vasektomi itu..",2011-07-16T14:30:46.000Z,
twitter,Kata Kepala BKKBN vasektomi itu haram? Eh? Eh? Terus? http://bit.ly/iSc4xG,2011-07-05T14:05:38.000Z,
twitter,"@rajaharahapp setau gw, kalo vasektomi itu boleh hukumnya asal bener2 darurat dan memang harus di vasektomi. klo gak ada apa2 mah ia Haram",2011-06-06T15:43:01.000Z,
twitter,"Eh tiba tiba kepikiran kalo katanya sterilisasi(tubek/vasektomi) itu haram hukumnya,nah kalo ada ibu2 disteril yang nanggung dosanya siapa?",2011-06-06T15:39:41.000Z,
twitter,"Waduh vasektomi haram mir, kaya biksu-biksu himalaya aja lu haha RT 
@EmirSjarif
: gw vasektomi kalo ama bojo gw lol ... http://tmi.me/azSMQ",2011-05-24T09:09:04.000Z,
twitter,Tomi gak gitu deeeh :p RT @IqbalManise Ternyata vasektomi dan tubektomi itu haram,2011-04-17T05:18:37.000Z,
twitter,"Iya,tp msh dgalakkan do,kyk dt4q jg gtuRT @akebanar: HARAM... RT 
@kompasdotcom
: Puluhan Pria Ikut Sosialisasi Vasektomi http://bit.ly/hlOFcb",2010-11-23T05:47:52.000Z,
twitter,"""Haram, haram dan haram...""?: Mnrut ijma' ulama : menjdkan mandul(sterilisasi) bg wanita dan mlakukan Vasektomi bg... http://bit.ly/cTL8jk",2010-08-15T04:55:48.000Z,
twitter,"@quraishshihab
 prof, apakah birth control haram? Baik dgn alat kontrasepsi maupun pil KB? Bagaimana vasektomi atau tubektomi? Terima kasih",2010-07-28T18:53:31.000Z,
twitter,"Ho oh,nonton Mamah Dedeh dong,curhat dong Maaah RT @Rheta_Nia: Serius jar?RT vasektomi dan tubektomi itu haram http://myloc.me/5vIE0",2010-04-02T03:30:18.000Z,
twitter,Baru tahu kalo vasektomi dan tubektomi itu haram http://myloc.me/5vIE0,2010-04-02T03:18:25.000Z,
twitter,MUI juga bilang pernikahan dini haram.  Er... tapi vasektomi juga ga boleh? Itu cara KB efektif banget loh...,2009-01-29T00:40:28.000Z,
twitter,Fatma MUI: vasektomi haram hukumnya (doh),2009-01-25T15:04:52.000Z,
