platform,komentar,timestamp,sentimen
twitter,"Tdk ada sistem yg menciptakan org miskin, semua tergantung pola pikir. Klo sdh tahu miskin minimal tdk menambah beban sendiri utk menambah anak dan pemerintah sdh memberi solusinya yaitu KB. Dirasa masih kurg efektif jg maka skrg dikeluarkan KB untuk pria yaitu vasektomi",2025-05-02T07:12:04.000Z,
twitter,Itu cuma substansi subjektif lu doang krn benci pemerintah gua gak bela KDM gua cuma pengen punya anak itu tanggung gede jgn pake pakem konvensional yg kalo ada anak nanti ada rejekinya. Sisanya bisa liat sendiri aja digambar ini udh closed intinya gua setuju kb pria ini,2025-05-02T06:29:49.000Z,
twitter,"Vasek itu ga sama sama pil KB yg km bisa lepas trs besok bisa pny anak lagi. Vasek itu kayak tubektomi, hasilnya permanen. Sejauh yg aku tau (selain kondom) alat kontrasepsi pria blm ada yg kayak pil KB.",2025-05-02T06:27:55.000Z,
twitter,"Majelis Ulama Indonesia (MUI) Provinsi Jawa Barat menegaskan sterilisasi pada pria atau vasektomi sangat tidak diperbolehkan atau haram dalam pandangan Islam karena dianggap sebagai tindakan pemandulan yang permanen.

Diketahui KB vasektomi ini menjadi sorotan setelah Gubernur",2025-05-02T06:00:26.000Z,
twitter,Berarti KB perempuan jg melanggar uud dong? Kan sama aja kaya KB perempuan cuma bedanya ini dipasang di pria,2025-05-02T05:41:58.000Z,
twitter,"Padahal KB, IUD, pil, suntik untuk cewek juga sama loh kerjanya sama vasektomi di pria. Kalo gitu selama ini program KB buat cewek juga haram kah?",2025-05-02T05:03:32.000Z,
twitter,"Gubernur Jawa Barat, Dedi Mulyadi, mengusulkan agar kepesertaan dalam program keluarga berencana (KB), khususnya vasektomi, menjadi syarat bagi pria yang ingin menerima bantuan sosial (bansos) dan beasiswa di wilayahnya",2025-05-02T04:14:24.000Z,
twitter,"Orang miskin banyak anak karena mereka emang gk ada yg dikerjakan, jadinya otaknya cuma ngewe. Apalagi kalo lakinya pengangguran total, yg kasian emang si wanita yg tersiksa lahir, batin dan pikiran. Udah bener emang KB pria/vasektomi diberlakukan",2025-05-02T02:52:11.000Z,
twitter,"Nih ya saya kasih kasus. Istri datang, suntik ulang kb, d suruh suaminya masuk. Tujuan apa? Biar d edukasi jg kan. Berarti edukasi udh nih
Responnya apa? Bs nebak dong. Ada yg nerima pria berperan dlm kb ada yg engga. Sama2 d edukasi nih. Berarti apa? Kesadaran dlm ikut serta",2025-05-02T02:51:02.000Z,
twitter,"Terus solusinya apa untuk mencegah? Kb wanita? Kurang apa kb d wanita. Wanita posisinya seakan d paksa lho menerima tanggung jawab kb oleh pria. Karena apa? Pria ga mau tau ttg kb. Bukan pemaksaan? Karena apa nurut? Ga berdaya kudu nurut, ngalah sm suami? Yok diskusi deh bang",2025-05-02T02:39:11.000Z,
twitter,"coba kalo pemerintah bikin kebijakan KB untuk pria, ga peduli kaya atau miskin harus menekan angka kelahiran. Krn yg kaya ga menutup kemungkinan nantinya jatuh miskin. Kenapa cuma org miskin yg diatur? krn bisa diatur lewat bansos yg merupakan haknya?",2025-05-02T02:35:07.000Z,
twitter,"3. Vasektomi klo dibilang melawan takdir tuhan, apakabar dengan kb perempuan yg banyak mudharatnya seperti dari segi kesehatan, emosional, dll. Vasektomi tidak memberikan efek buruk. Para pria masih bisa melakukan HB tanpa kehilangan esensi dari HB tersebut.",2025-05-02T02:25:55.000Z,
twitter,"Pro, pria juga kudu KB kali yakali wanita doang
Gerah banget disuruh vasektomi, bilangnya ga adil dan sok ngatur tubuh mereka, giliran KB buat cewe koar-koar sekencang-kencangnya ",2025-05-02T02:23:21.000Z,
twitter,"Entah ketakutan apa yang ada dipikiran pria, pasti kalo mereka disuruh KB selalu berlebihan tanggepannya ",2025-05-02T02:18:04.000Z,
twitter,Apa bedanya vasektomi dan kb yang diterapkan pada pria?,2025-05-02T00:29:49.000Z,
twitter,"Kalau jadi dibikin KB pria ...bingung lah si Nanda alias @ ProfOnline_id mendapat pria sejati utk menjadi kekasih homonya ...dia kan pemburu lobang pantat, banyak anak SD jadi sasaran hasrat nafsu sex homonya .",2025-05-02T00:22:17.000Z,
twitter,"Faris afif tolol!!!!!!!. Dulu kb yg di gembor2kan ke wanita, skrang ke pria biar adil, guru suruh siswa gambar alat kelamin sendiri, KELAMIN DOANG?? MANFAATNYA? MENDING KALAU GAMBAR ALAT REPRODUKSI GBLK!!. TERNYATA IQ ORG2 KAYA ELU TUH CUMA MENTOK DI 50 KEK NYA",2025-05-01T22:52:00.000Z,
twitter,"Lu emang ga pernah belajar soal gizi buruk ini berdampak nya ga disatu generasi aja ya? 

Semua ada konsekuensi nya, kalau dia mau punya banyak anak ya dia harus bs menghidupi nya dgn layak. Yg di vasektomi juga pria umur >35 thn dgn 2 ank. Kb pd wanita jga sama aj kok konsepnya",2025-05-01T20:00:13.000Z,
twitter,"yang dulunya punya anak diatas 5 dianggap wajar sekarang dinilai terlalu banyak. 

itu bukti program KB cukup berhasil, bisa dong di tambah lagi sosialisasi nya. kalo gamau KB buat perempuan bisa pilihan lain vasektomi buat pria, asal bukan paksaan bagus kok programnya",2025-05-01T19:10:07.000Z,
twitter,"ingat setiap apapun tindakan individu itu berefek pada kehidupan sosial. 

jika selama lebih 50 tahun edukasi dan program KB tak berhasil, ditambah semua masalah sering terjadi akibat pria. maka merubah cara adalah jalan terbaik

lagi pula vasektomi kn KB. bisa juga di Onkan lagi",2025-05-01T19:01:41.000Z,
twitter,"KDM kasih solusi vaksetomi(kb pria) klo mau terima bansos aja diseruduk sono sini,baru cakupan gubernur loh udh banyak kecaman apalagi klo diterapin skala RI bisa2 ada yg minta merdeka ntar, sdh di edukasi malah diblng konspirasi kerjasama dgn dokter seperti vaksin dahlah ",2025-05-01T18:38:16.000Z,
twitter,"Nah ini rata rata yg pro tuh ngeliatnya dari jumlah kb pria lebih dikit, terus juga beberapa kali Twitter rame bgt masalah cowo"" yang nolak vaksetomi",2025-05-01T17:56:50.000Z,
twitter,"Lo bayangin kalo force yang tadinya societal norms itu jadi aturan hukum beneran, mengikat & tertulis. Jangan lo kira pemerintah akan berhenti di KB pria. Justru karena gue tau betapa bahayanya kalo ini dipaksa jd kebijakan publik makanya gue ga kicep.",2025-05-01T15:45:21.000Z,
twitter,"betul bgt. dr dulu kb dibebankan ke wanita. buat pria yg bilang gak pernah dibebankan, coba sekali sekali datang ke posyandu/puskesmas. edukasi kb yg digencarin tuh kb iud. yg udah kb disarankan ngecek terus sedangkan yg belum kb disegerakan.masih mau bilang gak diwajibkan, mikir",2025-05-01T14:06:54.000Z,
twitter,"149. Di tengah wacana kesetaraan gender dan pentingnya partisipasi aktif pria dalam Keluarga Berencana (KB), pertanyaan mendasar pun muncul: mengapa masih begitu banyak pria yang enggan memilih vasektomi?

https://kompasiana.com/wawan0314/68121ff034777c48e701f922/vasektomi-mengapa-pria-sulit-berperan-aktif-dalam-kb?page=all#section2…

#kb #vasektomi #kesehatan #pria #pasutri",2025-05-01T11:57:43.000Z,
twitter,"Tenang aja.. mreka msih bs kok ngentod, coli dll.. toh nnti jg kalau udh kaya bisa vasektomy reversal kok..
Drpda kb ke wanita, mnding ke pria yg tdk menggangu hormon samsek.. kasian kalau cwe trs yg jdi korban, sesekali laki aja yaa…",2025-05-01T11:54:29.000Z,
twitter,"Denger ceramahnya, dia sebut pria yg harus berKB jangan wanita, pakai kondom itu juga KB, tahan diri disaat subur juga KB, jgn asal ngecrot bikin anak sebanyak mungkin trus urusan kasih makannya diserahkan ke aulloh atau negara aja.",2025-05-01T10:59:37.000Z,
twitter,"Hb Hanif  kecam keras wacana 
@DediMulyadi71
 yg ingin jadikan KB Vasektomi ( Pemutusan Saluran Mani ) sbg syarat wajib penerima bansos bagi pria di Jabar. disertai dgn uraian Ilmiah tentang KB Vasektomi, dampaknya pada seseorang dan Hukumnya dalam Islam  !",2025-05-01T10:46:46.000Z,
twitter,"Emang vasektomi yang dimaksud KDM berlaku untuk pria dewasa yang belum punya anak juga? Misal si penerima sudah punya anak 3 lalu divasektomi, apa harus rekanalisasi? Toh kampanye KB kan 2 anak cukup?",2025-05-01T09:59:10.000Z,
twitter,"kalau ga karna kebijakan, apa mau kalian kontra terhadap kb wanita? engga kan wkwk
wanita marah kalau dapurnya diganggu
pria marah kalau kontolnya diganggu",2025-05-01T09:46:25.000Z,
twitter,Berarti gpp kalau misalkan skenarionya dibalik jadi wanita yg wajib melakukan kb? Gw si kgk setuju pemaksaan/mewajibkan kb bagi pria/wanita.,2025-05-01T09:45:41.000Z,
twitter,"Kyai... 
Spt nya yg dipahami KDM bhw vasektomi reversibel bs dilakukan shg pemandulan ini sifatnya tidak permanent. 
Mengingat efek KB hormonal bagi wanita jg sangat berat ditanggung stp hari pdhl masa suburnya hy 3 hari, beda dg pria yg bs menghamili kpn pun..
Wallahu a'lam ",2025-05-01T09:35:07.000Z,
twitter,"""gak ada yang maksa"" tapi kalau mau dapat bansos harus vasektomi. Kalau bukan maksa apa namanya? Lagipun bansos tuh dah wajib diberikan ma negara. Kalau emang mau kontrol populasi untuk menyelamatkan mereka dari jurang kemiskinan liat dong edukasi KB ke pria dah maksimal belum?",2025-05-01T07:34:20.000Z,
twitter,"Pro kb pria tapi, tdk setuju itu jd syarat subsidi dll. 
PRnya pemda cari cara spy masy sadar untuk mau membatasi jumlah anak kalau memang tidak mampu secara mental dan ekonomi.",2025-05-01T07:29:41.000Z,
twitter,"Gubernur Jawa Barat Dedi Mulyadi, mengusulkan mewajibkan peserta bantuan sosial di Jawa Barat untuk menjadi bagian dari program Keluarga Berencana (KB) terutama KB pria Vasektomi. Langkah tersebut diperlukan agar bantuan pemerintah tidak terus menumpuk pada satu keluarga yang tak",2025-05-01T07:19:25.000Z,
twitter,"Gini ya, yg salah itu ""paksaan""nya, bukan ""kb pria"" nya

Ibarat lo itu anak sd yg yg nilainya jelek lalu disuruh ikut les, kalau ngga ya ga dapat makan. Les itu kan demi kebaikan lo juga, tapi lo bener2 ga mau les, tapi karena ancaman nya ga dapat makan yaudah iyain aja",2025-05-01T06:58:30.000Z,
twitter,Nah bner dong brrti skrg sasaran kb lebih merujuk ke pria,2025-05-01T06:35:36.000Z,
twitter,Pil kb pria,2025-05-01T05:27:06.000Z,
twitter,"1) katanya kalau mau banyak duit, jangan banyak anak

2) ada yang nyaranin KB Pria untuk penerima bansos

Udah jelaskan bahwa banyak anak -> ngidupinnya susah.. biaya hidup besar sekali.. cari kerja susah..  yang punya usaha/jualan pun, pendapatannya ga seberapa..

Apakah 2",2025-05-01T05:10:12.000Z,
twitter,"Wanita mau KB = Biasa aja udah seharusnya
Pria mau Vasektomi = harus di rayakan, karena jarang ada pria yg peduli wanita

Kerjasama aja susah ya, tapi terima kasih kepada semua pria diluar sana yang mau vasektomi. Kalian sudah meringankan rasa sakit istri ",2025-05-01T04:56:44.000Z,
twitter,"Whats so wrong with kb pria saat keluarga sudah punya dua anak? Ini kan program kb dua anak sudah berlangsung bertahun tahun, angka kelahiran di jawa barat tuh tertinggi seindonesia, meanwhile angka penganggurannya top 3",2025-05-01T04:34:07.000Z,
twitter,"Anjuran Vasektomi untuk Pria dan KB untuk wanita itu BAGUS. Tpi tidak dengan tekanan dan paksaan. Vasektomi dan KB hrsnya berlaku untuk semua kalangan, bukan org miskin aja. Krn kekayaan seseorang bisa hilang dalam hitungan bulan atau tahun dijaman skrg.",2025-05-01T04:33:16.000Z,
twitter,"Masyarakat sudah melek dari dulu cuma tutup mata sama kb pria terutama vasektomi, diminimarket banyak alat kontrasepsi apa menekan jumlah anak yang lahir?",2025-05-01T03:30:57.000Z,
twitter,"Setuju dengan pendapat Dedi Mulyadi tentang vasektomi untuk pria! Setelah punya 3 anak, saya rasa sudah cukup. Vasektomi bisa jadi pilihan yang tepat untuk keluarga yang sudah ideal.

KB lain sering kebobolan soale ",2025-05-01T03:12:58.000Z,
twitter,"Problemnya itu mereka gak mau karena egonya, bukan karena finansial. Masyarakat kita itu buta sama 'KB' bentuk vasektomi. Isitilah KB di masyarakat itu anggapanya pil untuk wanita, kalo pria kondom.

Kalo vasektomi digratiskan dan dijalankan kebijakan itu berarti oke kan?",2025-05-01T03:06:41.000Z,
twitter,"Btw kdm kenapa bilangnya harus kb pria ya? Kenapa harus vasektomi? Kan kb ada banyak. Kalo emang tujuannya buat menekan angka kelahiran dari kalangan yg kurang mampu, ga harus vasektomi ga sih, yg penting kb. Apa gara2 bahasan vasektomi ini lagi sering dibicarakan?",2025-05-01T03:00:39.000Z,
twitter,"Karna di kasus ini ada unsur pemaksaan

Dan Kayaknya anda gak tau kalo KB pria itu bukan cuma vasektomi, dan gak tau kalo KB wanita ada beberapa jenis juga",2025-05-01T02:44:35.000Z,
twitter,"Menurut gw, KB pria harusnya mandatory ketika istrinya menolak KB dan tidak mau punya anak lagi, apapun status sosialnya (unless they want to have sexless marriage).",2025-05-01T02:34:28.000Z,
twitter,Dedi Mulyadi Usulkan KB Vasektomi Pria Jadi Syarat Menerima Bansos,2025-05-01T02:29:47.000Z,
twitter,"Vaksetomi pada pria gua rasa ga terlalu bermasalah, apa bedanya dengan KB yg kalo gua perhatiin justru lebih banyak efek sampingnya.
Bikin badan membesar, nyeri PD, perubahan siklus menstruasi, belum lg perubahan mood ",2025-05-01T02:25:16.000Z,
twitter,"perasaan dulu cewek disuruh kb biar ga beranak mulu pada anteng aja meskipun banyak dampak negatif ke tubuh cewek.
lah ini gantian cowok yg disuruh vasektomi biar istrinya ga hamil kalo ngewe kok pada bacot banget ya? tercoreng kah egomu kaum pria?",2025-05-01T02:12:47.000Z,
twitter,"Ya emang, knp kb pilihannya lebih banyak perempuan? Drpd laki2. Dulu aja kb pil/suntik khusus pria ada risetnya, tp dihentikan krn punya efek samping sama kaya KB perempuan.",2025-05-01T02:09:20.000Z,
twitter,"Yang jadi pertanyaan, kenapa program KB di negara lain, inisiatif/sukarela peserta program KB dari pihak prianya ada dibanding disini? jadi pemerintah tidak perlu report2 sampai buat iming2 syarat bansos buat para pria yang mau sukarela menjalankan program KB tsb.",2025-05-01T02:07:18.000Z,
twitter,"Perempuan memakai KB dengan segala risikonya ke kulit , hormon, perubahan tubuh sedangkan pria ga ada loh efek samping vasektomi. Mentalnya aja takut ga bisa EJAKULASI. astagaa geramnya",2025-05-01T02:01:10.000Z,
twitter,"gue di KB ko bang, maksud gue tuh nanggepin yg diatas krn katanya vasektomi membunuh otonomi tubuh pria, memang KB yg di perempuan itu tidak membunuh otonomi tubuh wanita, sama aja tp kenapa laki2 pada marah. perempuan banyak yg terpaksa di KB krn keegoisan laki2.",2025-05-01T01:52:39.000Z,
twitter,"Agree kok kak, i juga salah satu yg pro sm KB Pria. But still, ga begini cara nya.",2025-05-01T00:28:02.000Z,
twitter,KB wanita tidak wajib. Begitu pula dengan KB pria tidak boleh diwajibkan. KB bagi wanita aman.,2025-05-01T00:25:23.000Z,
twitter,"Dampak kesehatan KB pria (vasektomi) ada positif dan negatif. Positif: 1. Kontrasepsi efektif, hampir 100% cegah kehamilan. 2. Tidak ganggu gairah seks, hormon, atau ereksi. 3. Tidak meningkatkan risiko kanker atau penyakit jantung. 4. Pemulihan cepat, minim komplikasi. Negatif:",2025-05-01T00:14:03.000Z,
twitter,"@Grok
 Bisa bantu jelaskan dampak positif dan negatif dari melakukan KB pada Pria dari segi kesehatan ?",2025-05-01T00:12:30.000Z,
twitter,"Klo dibilang “ngerusak reproduksi pria” ini gak tepat ya, KB buat perempuan justru yg banyak merusak mood, kondisi kulit, kesehatan, dll. Klo cwo2 bisa protes ky gtu harusnya sadar dong jgn asal gaspol nebar benih trs jadi anak yg banyak.",2025-04-30T22:34:29.000Z,
twitter,"Ini bukan masalah KB wanita atau pria. Tapi tentang negara yg lepas tangan tentang ""kemiskinan""",2025-04-30T21:57:03.000Z,
twitter,"Kalimat pertama aja salah  malu gk sih?
Inilah knp KB vasektomi utk pria lebih disarankan dibandingkan histerektomi utk wanita. Krn vasektomi bisa direverse.",2025-04-30T21:22:05.000Z,
twitter,"Karena pengandaian itu kan juga masih dalam batas normal (masih mungkin terjadi). Namanya variabel ya juga harus dijadikan pertimbangan. 

It will be better kalau ditemukan obat kb pria yang fungsinya menonaktifkan sel sperma dalam beberapa hari.l misalnya.",2025-04-30T19:37:41.000Z,
twitter,"aku simak secara sekilas km fokus ke adanya eksploitasi orang miskin menggunakan vasek yg dibenturkan dg bansos.

tidak ada pembelaan dari mu atau kontra dengan vasek untuk pria.

jadi clear aku jga sependapat, setelah dipikir2 memang seharusnya kb jgn benturkan dengan bansos.",2025-04-30T18:50:40.000Z,
twitter,"Ini tuh sma halnya ky "" kdm mwajibkan KB implan untuk ibu2 yg mnrima bnsos"" klo udh dignti yg dibbankan ke wnita psti pd mwjarkan kan? Knp pda protes klo vasek mulai digaungkan. Ini scr ga lngsung mlatih wrga indo mwjarkann KB pria n jg efek smpingnya lbih rndah dibnding KB wnita",2025-04-30T18:32:47.000Z,
twitter,"itu sm kok kya istilah ""kalo mau dpt bnsos ibu dr klrga miskin yg pny ank bnyak wjib KB"" psti bnyak yg mwajarkan krn di indo bag.Yg nhan sakit dibbankan ke istri.ini jg scr ga lngsung mlatih org indo bahwa KB pria itu bkan hal tabu,dn jg knytaanya efeknya jg sdikit dibnding KB pr",2025-04-30T18:24:51.000Z,
twitter,"Di lingkungan patriarki spt Indo, Kb pria harus jd prioritas. Kb wanita opsional (klo mau)

KB pria bs jadi mandatory klo istri tdk mau KB dan tdk mau punya anak lagi (unless they want to have sexless marriage)

Indo bkn gender-equal society where women hv full freedom to say no",2025-04-30T17:48:35.000Z,
twitter,"4. Ngebiarin kemiskinan, judol, dan pinjol, biar pada punya utang, stress dan akhirnya bunuh diri
5. Nyuruh rakyatnya KB, dan yang baru viral Vasektomi, yang bikin Pria jadi mandul dan ga bisa punya anak lagi.",2025-04-30T17:14:10.000Z,
twitter,"Ya masalahnya bukan di edukasinya atau intelektualitasnya doang berarti karena salah 1 penyebabnya malas sehingga jadinya ga efektif.
Doktrin soal efek kb segala macam emang masih banyak terdengar.
Sehingga skrg ada solusi kb untum pria.",2025-04-30T17:11:25.000Z,
twitter,"Padahal permasalahan utamanya itu kemiskinan, kalau permasalahannya over populasi kurasa masuk akal digencarkan program KB wanita dan Vasektomi (nggak tebang pilih, mau pria dan wanita tentu punya hak yang sama)",2025-04-30T17:05:40.000Z,
twitter,bukannya seliweran yg kb mending pria lah bla blabla kmrn. trus bnyk jg yg koar kl miskin jng beranak pinak bnyak. di realisasikan malah bgini. jd mw nyh afh syg2 q,2025-04-30T16:50:39.000Z,
twitter,"Rangkuman jawaban Fachri di Space:

1. Betul perempuan doang yg KB itu gaadil
2. Tapi secara UU, baik kontrasepsi pria maupun wanita tidak boleh berupa paksaan
3. Dibahas soal extrajudicial punishment (look it up) 

Kesimpulan: bukan vasektominya yg bermasalah tp POLICY MAKINGNYA",2025-04-30T16:39:46.000Z,
twitter,"Cara si kdm ini mumpung lagi jadi momok menurut saya bisa menjadi suatu upaya masyarakat menyampaikan aspirasi dan advokasi. Yah meskipun gatau didenger apa enggak. Tapi mumpung, jadi bisa disosialisasikan pentingnya KB pada pria kalau gamau vasektomi.",2025-04-30T16:21:57.000Z,
twitter,"Wkwk ini gimana siiii vasektomi kan jenis KB untuk pria dan dilakukan setelah mendapatkan jumlah anak yg diinginkan. Kalau udah tau duit dikit mah kerja yg bener bukan malah bikin anak yg banyak. Udah banyak anak, submit bansos lagi.",2025-04-30T16:18:46.000Z,
twitter,Ranah pribadi masyarakat tidak boleh dimasuki oleh pemerintah. Contohnya kek penggunaan KB baik untuk wanita atau pria. Pemerintah hanya harus memberi edukasi dan memfasilitasi tidak boleh masuk dalam keputusan pribadi masyarakatnya.,2025-04-30T15:58:10.000Z,
twitter,Sifatnya permanen. Vasektomi pria ejakulasi g bisa kluat sperma lagi. Misal punya anak 2 karna hal yg g diinginkan dtang ntah prrcraian atau kmalangan anaknya. Trus gmana mau balikinya?. Klo kb ce yg sifatnya non permanen aja bnyak knpa harus yg permanen ?.,2025-04-30T15:44:13.000Z,
twitter,"iya kayanya ya, jadi yang oon siapa ya giliran info kb buat pria aja kebakaran jembut tuh, berat bgt berat kayanya ya",2025-04-30T15:10:09.000Z,
twitter,"Tim pro dong nder, ini pendapat aku

- Vasektomi KB dengan minim resiko ke tubuh pria tpi punya tingkat keberhasilan yg tinggi. Beda sama KB perempuan yg kebanyakan malah beresiko ke tubuh perempuan dan tingkat keberhasilannya ada yg sukses ada yg ngga",2025-04-30T15:00:16.000Z,
twitter,"Apa bedanya sih, dgn bikin syarat BUAT YG ANAKNYA BANYAK TAPI MISKIN, hrs KB istrinya... Perdebatannya kan nanti balik ke vasektomi adalah jenis KB, tapi pria yg lakukan.

Kan fakta ini udah dibantu beranak terus? Lantas dibiarkan saja? Mmg ga mikirin itu kesejahteraan si anak?",2025-04-30T14:41:07.000Z,
twitter,Kalau aturannya diharuskan sih agak kontra ya. Better untuk biayanya digratiskan saja supaya mendukung yang mau vasektomi tapi tidak mampu. Hal ini juga dapat menyokong sosialisasi bahwasanya yang KB tidak hanya wanita tetapi pria juga bisa.,2025-04-30T14:33:37.000Z,
twitter,"kalo gmau ya harus wajib cari alternatif KB yg lain. Pasangan yg ga setuju vasektomi bkn berarti mreka mau beranak pinak sebanyak2 nya kok, tp mungkin ada hal lain yg dipertimbangkan. Respect sm pria yg bersedia vasektomi, tp lebih respect lg sm orang yg bisa ngehargain perbedaan",2025-04-30T14:28:23.000Z,
twitter,"nice, kalo kebijakan yg mau di terapkan KDM  itu cenderung mengarah fasis... mbak,masak syarat dpt bansos 500k harus KB vasektomi permanen ke pria??? mengatasi kemiskinan ga hanya KB,Ada Cara2 lain yg lebih bijak,pak harto yg identik militeristik saja tdk smpe fasis kaya gitu...",2025-04-30T14:21:56.000Z,
twitter,"Ya banyak. Ini aja gw liat 3 media  mengangkatnya berbeda (kepaksa gw liat pdhl males). Yg door stop interview, gw br liat, dia angkat soal ANAK BANYAK. bukan ga blh beranak. Dia jg blg soal vasektomi, pria yg ""maju"" soal KB jgn cm dibebankan pada wanita.",2025-04-30T14:19:30.000Z,
twitter,"KB wanita : pil, suntik 1 bulan, suntik 3 bulan, implan, iud (pada umumnya jenis KB ini)
KB pria : kondom, keluar diluar, vasektomi (sama pada umumnya jenis KB ini)

Baru segini aja udah pada kesulut apalagi disuruh pake KB berbagai jenis persis kaya wanita",2025-04-30T14:17:54.000Z,
twitter,"terlepas segala kontroversinya.
program ini bagus sebenernya, bisa mutus rantai kemiskinan
anak dapet beasiswa, ortunya KB
ga nambah anak lagi, vasektomi juga ga memberikan efek buruk buat si pria
ga nambah beban hidup lagi, anak bisa dpt pendidikan dgn beasiswat",2025-04-30T13:22:28.000Z,
twitter,"Jadi antum maunya rakyat miskin makin banyak anak gitu? Padahal program KB adalah utk mengendalikan jumlah penduduk. Udah dijelaskan dlm videonya KDM, yg di vasektomi adalah pria yg anaknya sdh banyak. Tapi antum mah gak ngerti juga bahasa sederhana.",2025-04-30T13:14:03.000Z,
twitter,"1)
kontra.
untuk dapat bansos dengan syarat harus KB dahulu (KB pria ataupun KB wanita). saya tidak setuju.

bansos itu harus diberikan kepada orang yg tepat dan membutuhkan tanpa syarat.",2025-04-30T12:58:41.000Z,
twitter,omongan pria yang ga mau KB,2025-04-30T12:53:52.000Z,
twitter,"Salah satu sesat pikir, kb pria supaya bisa perencanaan keluarga lebih baik dibilang memberantas orang miskin.
Apa yang mau diberantas coba orang belum jadi anak, mau pake klausul genosida?
Ya gamasuk lah wkwkwk.

Jangan2 kalian ini sebenernya yang pengen memelihara kemiskinan ",2025-04-30T12:24:53.000Z,
twitter,"kan yg diwajibkan peserta KB pria/vasektomi yg mau terima bansos dll aja, yg bkn penerima bansos dsb ya gak usah khawatir lah.",2025-04-30T12:20:19.000Z,
twitter,"Gubernur Jawa Barat, Dedi Mulyadi, mengusulkan kebijakan program Keluarga Berencana (KB) terutama vasektomi sebagai syarat bagi pria dalam keluarga penerima bantuan sosial (bansos). Dengan mewajibkan partisipasi dalam program Keluarga Berencana (KB), khususnya melalui metode",2025-04-30T11:56:51.000Z,
twitter,"gue gak anti sama KB pria ini, tp kalo jadi syarat penerimaan bansos kayaknya agak salah tempat dan berkesan memaksakan.

hak masyarakat itu diterima tanpa syarat dan ke orang yang memang harusnya menerima.

kalo mau edukasi tentang KB pria ya bikin lah program sendiri.",2025-04-30T11:08:42.000Z,
twitter,"1) kalau memang tetap KB itu disyaratkan untuk mengurangi anak pada keluarga miskin,. menurutkan sekalian saja KB nya jangan vasektomi saja, si ibunya angkat rahim saja.
agar klo nanti si ibu keluarga miskin itu janda dan menikah dengan pria lain,...",2025-04-30T11:05:57.000Z,
twitter,Akhirnya alias seneng bgt metode operasi pria (mop) ini pada dibahas jadi bisa banyak yang tau kalau kb gak harus perempuan tapi laki² jg bisa dan ini tuh gak mempengaruhi orgasm dan ejakulas laki2. Berharap semua orang terbuka walaupun mungkin gak semua melakukannya,2025-04-30T11:04:02.000Z,
twitter,"ya karena selama ini program KB cuma ditekankan kepada perempuan yang mana efek sampingnya lebih banyak negatifnya, sedangkan vasektomi ini gak berdampak buruk buat pria. dan setelah itu juga ada vasektomi reversal, ditambah program ini masih sekedar usulan, belum di sahkan",2025-04-30T11:01:30.000Z,
twitter,"lah komtol, baca keseluruhan twit & memahami pointnya ja otaklu gagal

mau KB untuk pria ataupun KB untuk wanita, jangan dijadikan syarat dapat bansos 

klo KB tetep mau dijadikan syarat, ikutin kata-kata lu ""vasektomi biar bisa pilihan"",
syarat KB nya sekalian aja buat cwe/cwo",2025-04-30T10:59:13.000Z,
twitter,"Giliran wanita disuruh KB, tapi wanita nggak pernah tuh koar sana-sini. Sementara para pria disuruh vasectomies pada bacot.",2025-04-30T10:54:12.000Z,
twitter,"dari pada ngurusin KB pria, mending bantuin yg ginian pak 
@DediMulyadi71",2025-04-30T10:49:54.000Z,
twitter,"bansos itu hak warga miskin, kalo cuma gara2 si suami gamau ikut KB pria.. terus bansosnya mau dimakan siapa??
udh cukup tekan KB wanitanya aja, gausah aneh aneh lah.. udh bagus kmren programnya bersihin lingkungan, brantas premanisme, taat pajak,
makin kesini makin aneh lagi aja",2025-04-30T10:38:39.000Z,
twitter,"i can see the vision, i understand the bigger picture. tapi kalo menentang vasektomi untuk pria karena atas dasar otoritas tubuh itu pengen gw remes mulutnye kek kemana aja ya tot ibuk gw dari jaman jebot udah KB tau lu",2025-04-30T10:36:08.000Z,
twitter,"Sejujurnya gue tim yg pro kb pria.
Tapi emg bukan ranah nya pemerintah buat ngatur ini",2025-04-30T10:34:51.000Z,
twitter,"banyak anak, miskin, dan terus menerus dapat bansos dari pemerintah ga ajan bikin mereka sadar sih menurut aku, jd dgn adanya paksaan kb untuk pria/wanita tuh menurutku bisa mengatasi masalah itu deh",2025-04-30T10:13:51.000Z,
twitter,"Ya bagus aja itu, memberikan daya ungkit mempopulerkan kb pria. Mestinya narasi media massa lebih menggambarkan suasana yg mengajak/mengkampanyekan",2025-04-30T10:12:23.000Z,
twitter,"Gubernur Jabar Dedi Mulyadi mendorong pria sebagai kepala keluarga untuk ikut program KB. Edukasi dan sosialisasi metode vasektomi masih minim di Jabar.

Via 
@detikjabar_",2025-04-30T10:04:00.000Z,
twitter,"mulai pada muncul pria"" yg komen soal vasektomi, lu kira para wanita atau ibu layak juga dipaksa kb? giliran diminta tolong pake kndm aja pada teriak alesan ngga enak",2025-04-30T09:07:20.000Z,
twitter,"Padahal zaman dulu sampe ada kebijakan terkait Kampung KB, pemerintah cuma subsidi untuk 2 anak aja, dan ya program KB untuk perempuan wkwkwk.

Ya goalsnya bener aja pemerintah kok, kalo emg para pria blm sanggup untuk menafkahi keluarga ya jgn dipaksa.",2025-04-30T08:41:15.000Z,
twitter,Kemiskinan ini tergantung dari erg tsb. Ini cuma saran aja gak wajib. Knp bisa gt karena keuangan kita menipis gara2 korupsi di segala bidang jadi salah 1 sarannya kb pada pria apalagi pria yg GK bertanggung jawab dan cuma nafsu doang. akhirnya si bayi kena imbas,2025-04-30T08:35:53.000Z,
twitter,"aku rasa baik itu pria atau wanita jika dipaksa ngejalanin suatu prosedur medis sebagai syarat buat dia ngakses hak dasar (bansos/beasiswa) tuh bentuk kekerasan struktural dan pelanggaran otonomi tubuh.

makannya aku bilang keputusan untuk vasektomi/kb tuh gabisa dipaksa",2025-04-30T08:27:16.000Z,
twitter,"Ada, pemerintah punya program semua jenin kb, bahkan tubektomi (untuk wanita) maupun vasektomi (untuk pria) cuma untuk yg tubektomi dan vasektomi biasanya setahun sekali programnya",2025-04-30T08:18:23.000Z,
twitter,"Kita harus bisa membedakan antara vasektomi pada pria dan KB pada wanita..
Vasektomi otomatis lu akan mandul selamanya, sedangkan KB pada wanita tidak memberikan efek mandul selamanya. Silahkan pilih...",2025-04-30T08:14:47.000Z,
twitter,Kenapa emng min KB pria? (Menanya dengan suara lembut dan tidak tahu menahu),2025-04-30T08:07:56.000Z,
twitter,"Lah kok jadi ke sana arahnya. 
@DediMulyadi71
 
Konsepnya tdk mengambil alih otoritas tubuh individu melalui kebijakannya. Program vasektomi atau KB pria yang disarankan adalah berbasis insentif, bukan paksaan.",2025-04-30T08:04:24.000Z,
twitter,"jangankan kita bahas tentang aborsi, bagaimana dengan betapa normalnya pil kb di indonesia ini? lantas apa bedanya pil kb dengan vasektomi bagi pria?",2025-04-30T07:36:33.000Z,
twitter,"""Lah bagus dong KB pria dinormalisasi dengan insentif yang jelas""

Masalahnya itu beasiswa sama bansos bukan kompensasi karena udah vasektomi, euy. Itu keluarganya dihukum kalau gak vasektomi kagak dapet beasiswa sama bansos ",2025-04-30T07:28:20.000Z,
twitter,"iya, aku gak akan bela beliau soal itu. 

tapi selama ini udah ada program vasektomi as KB yg cuma dianjurkan juga masih banyak kaum pria yg menentang.",2025-04-30T07:27:03.000Z,
twitter,"Gubernur Jawa Barat Dedi Mulyadi berencana menerapkan kebijakan program KB bagi pria sebagai syarat menerima bantuan sosial. Bagaimana tanggapan warga?
 #Nusantara #AdadiKompas",2025-04-30T07:21:24.000Z,
twitter,"Gubernur Jawa Barat Dedi Mulyadi berencana menerapkan kebijakan program KB bagi pria sebagai syarat menerima bantuan sosial. Bagaimana tanggapan warga?
 #Nusantara #AdadiKompas",2025-04-30T07:19:07.000Z,
twitter,"@Kub1kOfficial
 @kompascom
 @DediMulyadi71
 Kebijakan vasektomi Dedi Mulyadi bertujuan mengurangi kelahiran tak direncanakan dan kemiskinan, sejalan dengan program KB nasional yang didukung BKKBN. Insentif Rp 500.000 ditawarkan untuk pria penerima bansos, mengurangi beban keluarga.",2025-04-30T06:33:06.000Z,
twitter,pria gk mau KB Buanyaaaakkk bang. dan gw tanya lu sekarang dengar banyakan mana denger cewek steril sama cowok steril.,2025-04-30T06:12:28.000Z,
twitter,"Kalau pria yg KB, kira2 spermanya masih bisa keluar gak ya ?",2025-04-30T05:56:10.000Z,
twitter,"KB Vasektomi adalah prosedur bedah sederhana untuk sterilisasi pria, dengan memotong atau memblokir saluran vas deferens agar sperma tidak bercampur dengan air mani, mencegah kehamilan. Efektivitasnya hampir 100%, dilakukan dalam 10-30 menit dengan anestesi lokal, dan pemulihan",2025-04-30T05:44:16.000Z,
twitter,"Tolol, giliran KB pria ngikut fatwa MUI, giliran rokok haram ngikut kata hati  emang dasarnya problematik ngikut fatwa MUI pengen yg enak enaknya aja. Lu muslim apa syaiton ",2025-04-30T05:39:06.000Z,
twitter,"idiot, jadi kalo lu miskin terus gapunya duit bebas gitu buat terus beranak tanpa peduli nasib anak lu gimana? lagian itu syarat KB pria juga hanya pasangan yang udah punya 2 ANAK.",2025-04-30T05:24:42.000Z,
twitter,"Kb pria itu udh bisa di normalisasi kn apalagi di negara banyak penduduk kek indo, jgn cakap haram2 tp anak smpe 6 tp gabisa nafkahin",2025-04-30T05:21:58.000Z,
twitter,"Untuk syaratnya sudah tidak minimal 4 anak lagi. Karena program ini, presentase jumlah KB pria di kabupaten lebih tinggi dibanding rerata provinsi.",2025-04-30T05:06:18.000Z,
twitter,Kaum pria pada kepanasan disuruh KB,2025-04-30T05:03:55.000Z,
twitter,"aku sih setuju2 aja ada KB untuk pria karena selama ini KB perempuan juga udah ada. tapi mungkin kalimat bpk ini agak keras dan blak blakan jadi sulit untuk diterima opininya oleh publik. sebenarnya gak salah programnya, cuma pemilihan kalimat aja yg kurang tepat.",2025-04-30T04:52:43.000Z,
twitter,"Tapi kayanya berita ini rame gara-gara frasa ""KB Pria"". Coba aja kalo kalimatnya ""KB akan jadi syarat terima beasiswa dan bansos"", pasti gaakan serame ini wkwkwk",2025-04-30T04:49:33.000Z,
twitter,"Kebiasaan ngga enlightenment & enrichment dulu kalo baca-baca ginian, satu kata ""TUMAN""

Bukannya dari dulu udah ada program pemerintah yang 2 anak cukup ya, cuma beda sasaran aja, dulu yang dituntut KB wanita bukan pria.",2025-04-30T04:49:30.000Z,
twitter,"Gubernur JawaBarat Dedi Mulyadi 
@DediMulyadi71
 akan menerapkan kebijakan yang mewajibkan peserta penerima bantuan sosial di JawaBarat untuk ikut program Keluarga Berencana (KB), terutama KB pria Vasektomi. Langkah ini diambil agar bantuan pemerintah tak menumpuk pd satu keluarga.",2025-04-30T03:13:51.000Z,
twitter,Bandingin efek samping KB pria sama wanita dulu deh,2025-04-30T02:52:30.000Z,
twitter,"Capek orang miskin anaknya banyak tapi gabisa ngurusinnya. Cuman vasektomi mahal yah, mendingan pemerintah fasilitasi vasektomi buat pria sama KB IUD buat wanita.",2025-04-30T02:45:14.000Z,
twitter,"Aku mah maunya yg alamiah,yg disahkan agama. Yg dilarang ya tidak mau.
Klo pria ga di KB kalau main gila sama perempuan nanti hamil dan ketahuan ambyar mereka. Kalau di KB,ya aman aja sih.",2025-04-30T02:44:50.000Z,
twitter,"Makanya, dari dulu ada KB dari sisi wanita, merusak hormon wanita, jangka panjang bisa bikin banyak sakit
Kalau KB non hormonal masukin barang asing ke tubuh yg berpotensi berpindah tempat 

Vs KB pria, cowoknya pada haram haramin
Padahal lebih aman ehlahh",2025-04-30T02:30:58.000Z,
twitter,"Setuju sihh, yg KB bukan cuma wanita saja. Pria jga bisa KB

AdiL kan",2025-04-30T02:24:06.000Z,
twitter,"riiiil bgt. kemarin aja koar2 wanita ga boleh kb, pria jgn egois pria aja yg kb. giliran ada pejabat mulai suarain vasektomi malah dihujat. maunya apeee",2025-04-30T01:54:14.000Z,
twitter,"menyadarkan kaum pria untuk mengikuti program kb vaksektomi itu susah karena mindset patriarki yg gabisa diubah, kalo wanita mah udah banyak yg sukarela ikut program kb padahal dampaknya lebih banyak ke wanita baik dari segi fisik dan kesehatan",2025-04-30T01:32:46.000Z,
twitter,"jangan salah faham yah, tujuan vaksektomi pria ini untuk anaknya yang banyak supaya mencegah kemiskinan, kasian si anak kalo harus disuruh ngertiin kondisi orang tua nya, anak gak minta di lahirkan tapi orang tua yang milih buat anak itu lahir. kb banyak kebobolan.",2025-04-30T01:23:37.000Z,
twitter,"Wah kasian kalo sampe suami yg KB, burungnya harus dipotong  kalian para pria siap kah?
Saya dari dulu ga suka sama KDM",2025-04-30T01:04:47.000Z,
twitter,"Tapi ka.. Aku setuju. No offense ya ka. indonesia butuh menurun kan angka kelahiran.. KB wanita itu rata-rata merugikan wanita ka.. wanita sudah berkorban untuk melahirkan, apakah salah pria ber-kb?",2025-04-30T00:20:52.000Z,
twitter,"Tapi agak aneh juga sih respon masyarakat.
Pas ada program KB buat wanita, mereka diam.
Pas ada program KB buat laki-laki, langsung pada protes. (Diluar konteks beasiswa dan bansos)

Padahal kalo dipikir2, wanita hanya bisa hamil 1x dalam setahun.
Pria? Coba pikir sendiri wkwk",2025-04-30T00:09:58.000Z,
twitter,"Bayangin kang DediMulyadi... kalo si pria di beri KB vasektomi, suatu hari istrinya meninggal lebih dulu ?? Entah si pria atau istri baru kehidupannya mapan dan ingin punya anak ??? Bila istri barunya gadis, maka anda membunuh harapan perempuan itu selamanya -mikir-",2025-04-30T00:08:42.000Z,
twitter,"Saya 'juga' pilih anda 
@DediMulyadi71
 karena saya anggap anda terbaik. Tapi saya kecewa dgn program anda yg akan mewajibkan KB vasektomi ke pria miskin yg keluarganya butuh bansos diluar nalar sangat tidak manusiawi. Anda membunuh kehidupan mereka 'kedepan' selamanya -mikir-",2025-04-30T00:07:59.000Z,
twitter,"Bayangin kang DediMulyadi... kalo si pria di beri KB vasektomi, suatu hari istrinya meninggal lebih dulu ?? Entah si pria atau istri baru kehidupannya mapan dan ingin punya anak ??? Bila istri barunya gadis, maka anda membunuh harapan perempuan itu selamanya -mikir-",2025-04-30T00:04:11.000Z,
twitter,"Saya 'juga' pilih anda 
@DediMulyadi71
 karena saya anggap anda terbaik. Tapi saya kecewa dgn program anda yg akan mewajibkan KB vasektomi ke pria miskin yg keluarganya butuh bansos diluar nalar sangat tidak manusiawi. Anda membunuh kehidupan mereka 'kedepan' selamanya -mikir-",2025-04-30T00:01:11.000Z,
twitter,"KB pria dengan vasektomi juga bisa mengurangi tingkat kawin cerai di jawa barat yang sangat tinggi saat ini.
kalau pria sudah tak bisa buat keturunan, calon istri muda mana yg mau terima dia? kecuali wanita itu sudah punya anak dari suami sebelumnya.",2025-04-29T23:58:30.000Z,
twitter,Dedi Mulyadi Usulkan Pria Wajib KB Vasektomi Syarat Terima Bansos,2025-04-29T23:30:00.000Z,
twitter,"11-12 ini bahkan ame Jokowi

Otong Pria mao dimasukin gitu benda2/alat biar sperma nya MATI/TIDAK MASUK...!!!

KEGILAAN NYATA INI SESAT LO : DEDI MULYADI.

Cewe pake KB aje udeh banyak yg salah arti.

PIKIRAN SESAT INI",2025-04-29T23:25:23.000Z,
twitter,"Ga konyol sih ini, masalah skrg adalah orang miskin ga tau diri, duit minim beranak mulu. Lagian vasektomi ada syaratnya, dia kan KB cuma buat pria, dan itu sah2 aja. Cara mengurangi jumlah orang miskin salah satunya adalah mencegah pasangan miskin melahirkan org miskin lainnya",2025-04-29T22:52:50.000Z,
twitter,"kalian harus tau realitanya org miskin itu memang demen bikin anak. aku sih setuju dg ini, meski harus dikaji lg krn ga mungkin jg semua langsung diwajibkan vasektomi (mungkin bisa liat jumlah anaknya dl). kenapa pada emosi sama kb pria? your pride hurted?",2025-04-29T17:27:50.000Z,
twitter,Kb pria atau perempuan itu ga boleh di tuntut dari pihak luar. Lagi orang miskin punya anak banyak solusinya jg bukan bapaknya di vasek tapi sekolahin dan bikin mandiri. Dari dlu kuncinya itu emang ga di lakuin aja.,2025-04-29T17:12:51.000Z,
twitter,"kalian gak memikirkan efek samping vasektomi utk pria kan, 
Yg kalian pikirkan siapa yg lebih rendah, so itu yg harus dikorbankan

Equality bukan ttg mikirin perasaan
So emang harusnya kedua pihak KB, bukan cuma satu pihak",2025-04-29T17:10:01.000Z,
twitter,"Nih gua runut kenapa harus kontra
1. Kb pria ini di pake buat syarat beasiswa, yg di mana itu adalah hal yg salah. 
2. Bantuan apapun itu hak dan ga boleh ada embel2 tertentu
3. Kb pria itu sah sah saja asal tanpa ada tuntutan dari pihak luar.",2025-04-29T17:07:17.000Z,
twitter,"Tapiiii beliau benar, KB ga mulu harus wanita, pria juga, kalo dilihat mudhorotnya, apakah kalian tidak sadar kalo kb pada wanita itu memberikan banyak kerugian dan ketidaknyamanan, apalagi yang hormonal, kenapa giliran digalakkan kb untuk lelaki malah dianggap aneh??",2025-04-29T16:46:43.000Z,
twitter,"Entahlah, kalo aku ngeliatnya lebih ke ‘motivasi’ buat vasektomi. Soalnya buat ekonomi menengah ke bawah ga familiar dan cenderung tabu tentang kb pria ini. Sedangkan ketika disandingkan dengan ‘iming2 bansos’ mungkin bakal bikin masyarakat ‘termotivasi’ ngelakuinnya.",2025-04-29T16:43:27.000Z,
twitter,"Ya vasektomi itu malah bentuk equality, wanita kan sudah mengandung, melahirkan, menyusui ya pria bisa berkontribusi buat vasektomi. Kalo wanitnya juga disuruh kb ya malah berat sebelah dong. Lagian kenapa vasektomi? Ya karena vasektomi efek sampingnya ngga separah KB",2025-04-29T16:19:30.000Z,
twitter,"Reply nya pada salty, padahal gak ada yg nyuruh kb wanita doang tapi knp vasektomi
Apa para makhluk twitter lupa KB pria BUKAN CUMA vasektomi, ada pil, suntik, dll.

Kenapa gak suruh KB dua pihaknya juga? Apa equality yg di gaungkan selama ini hanya berpihak ke wanita saja? https://x.com/golekkeringet//golekkeringet/status/1917157690540961848…",2025-04-29T16:10:19.000Z,
twitter,"""KB-nya harus KB laki-laki, KB pria. Ini serius. Walaupun saya tidak punya istri, saya berpihak kepada kaum perempuan, tapi perempuan yang memiliki tekad kuat mewujudkan kualitas dan kesejahteraan keluarga”

Menyala gubernur feminis 
Heran kenapa ga didukung",2025-04-29T16:03:30.000Z,
twitter,Banyak pria kesentil egonya. Apa kabar wanita yang berbelas tahun minum pil atau suntik KB ditambah efek sampingnya lebih banyak dibanding vasektomi???,2025-04-29T15:57:58.000Z,
twitter,"Itu pertanyaan aku reply utk sender op yg dia bilang banyak pilihan KB lain knp pilih vasektomi? 
Sementara pilihan KB lainnya itu mempengaruhi hormon perempuan & utk pria cuma disuruh pake kondom pun pada gak mau banyak alasan. Kalo syarat bansos steril istri pasti fine aja ",2025-04-29T14:58:40.000Z,
twitter,"Loh kak, dr awal jg pemerintah udh nyuruh KB, itu jg trmsuk jht krna ad efek smpngny buat pr ibu,  dn dri situ jg byk ortu yg gk pake KB alhasil byk ngelahirin anak lbh dri 2 kan? Makanya ini di perjelas vasektomi sekalian, jdi gk cuman dari wanita tpi pria jg buat pencegahannya. https://x.com/pumpimpaw/stat/pumpimpaw/status/1917199779324678427…",2025-04-29T14:56:31.000Z,
twitter,Gubernur Jawa Barat Dedi Mulyadi menyampaikan rencana kebijakan agar vasektomi atau KB pria menjadi syarat untuk menjadi penerima bantuan sosial masyarakat prasejahtera di wilayahnya . hdeh bego lah,2025-04-29T14:53:47.000Z,
twitter,"Akirnya nemu yg cocok buat qrt,  gaperlu SS sendiri.

Mansetnya udah ampas. Singkatnya dia menganggap orang miskin adl beban negara, vasektomi di sini cuma satu dr sekian alat utk mengontrol rakyat. Gada perspektif keberpihakan, gada pengetahuan ttg vasektomi adl KB pria yg aman.",2025-04-29T14:51:55.000Z,
twitter,"Gubernur Jawa Barat Dedi Mulyadi menggulirkan kebijakan baru yang cukup kontroversial, yaitu pria dari keluarga prasejahtera wajib ikut program Keluarga Berencana (KB), terutama metode vasektomi. Hal itu sebagai syarat menerima bantuan sosial (bansos) dari pemerintah provinsi",2025-04-29T14:00:32.000Z,
twitter,Bukan semacam KB pria,2025-04-29T13:51:29.000Z,
twitter,"Searching deh KB wanita itu gimana, terus bandingin sama KB pria, abis itu baru boleh beropini.",2025-04-29T13:36:33.000Z,
twitter,""" : Bro, aku mau tanya serius nih, vasektomi itu apa sih? Takut banget dengernya 
 : Hahaa, santai, Ji! Vasektomi itu KB pria, katanya dipotong sedikit biar ga bisa bikin anak lagi 
 : HAH?! Dipotong?! Aku takut jadi vas bunga beneran dong! 
 : Wkwk, gak usah KB",2025-04-29T13:32:17.000Z,
twitter,"Yang lagi ngetrend vasektomi hmmmm
Pembahasan beberapa tahun kebelakang yg kontradiktif terhadap pria/laki2 yg sangat menentang kebijakan ini karena dianggap tidak ""laki2"" or gagah lah gitu.
Padahal penyampaian gw simpel, kl perempuan dipaksa harus KB kenapa laki2 tidak?",2025-04-29T13:30:10.000Z,
twitter,"""Vasektomi katanya solusi KB pria, eh temenku bilang, 'Aku takut, nanti malah jadi vas bunga beneran!"" ",2025-04-29T13:20:29.000Z,
twitter,Yakin? Dalil nya juga jelas ... Mau kb wanita pria harusnya tau hukum nya jadi apa,2025-04-29T13:00:48.000Z,
twitter,"Gw paham niatnya cuman agak salah dg caranya.

KB pria gw sangat2 mendukung karena udah pasti ampuh dan gak bikin tersiksa berkepanjangan.

Cuman yg salah disini, KB tak selayaknya dipaksakan. Karena memiliki anak dan bangun keluarga itu hak tiap manusia.",2025-04-29T12:55:24.000Z,
twitter,"Perempuan yg KB rasa dibadan mereka ga enak, hormon naik turun lg. Lah sang pria mau ngews doang mau nya",2025-04-29T12:48:02.000Z,
twitter,"Ini maksudnya KB pria syarat terima beasiswa & bansos ini apa ya?

Apakah laki² usia 20an yg masih ingin melanjutkan pendidikan biar dpt beasiswa harus gitu ikut KB VASEKT0MI?

Apakah kalian para lelaki mau dikebiri dg kedok KB agar bisa terima BANSOS dr pemerintah?",2025-04-29T12:45:11.000Z,
twitter,"Vasektomi Trending, Alasan Dedi Mulyadi Dorong Jadikan KB Pria Syarat Terima Beasiswa dan Bansos

#Vasektomi #trending #DediMulyadi #GubernurJabar #InfoJabar #BeritaJabar #kabarjabar

https://kaltim.tribunnews.com/2025/04/29/vasektomi-trending-alasan-dedi-mulyadi-dorong-jadikan-kb-pria-syarat-terima-beasiswa-dan-bansos… lewat 
@tribunkaltim",2025-04-29T09:21:54.000Z,
twitter,"Gubernur Jabar wajibkan KB pria sebagai syarat terima bansos di Jabar. 

Gubernur sadar kalo laki2 muslim kaya tikus, kerjaannya cuma ngeuwe nunggang-nungging bikin anak! 

Yg penting kuantitas, kualitas sebodo amat ",2025-04-29T09:03:59.000Z,
twitter,"pemerintah tuh wajib membantu rakyat miskin tanpa syarat apapun selagi masih penduduk wilayah dia, kenapa ditambahin syarat harus ini harus itu? silahkan aja bikin program KB pria, sosialisasi kan dan gratiskan buat yang gak mampu tapi jangan di wajibkan",2025-04-29T09:00:34.000Z,
twitter,"Alasan KB Jadi Syarat Warga Jabar Dapat Bansos-Beasiswa, Dedi Mulyadi: Vasektomi Bagi Pria Diutamakan",2025-04-29T08:40:30.000Z,
twitter,KB steril pria atau Vesektomi tepatnya diterapkan sebagai sanksi vonis pidana dengan gugatan telantarkan istri anak dan nikah siri agar pelaku tidak lagi menghamili perempuan lain dan melahirkan anak miskin tanpa tanggung jawab nafkah dan hak waris.,2025-04-29T08:32:54.000Z,
twitter,"Dedi Mulyadi mengatakan KB, terlebih KB pria berupa vasektomi, akan menjadi syarat untuk penerimaan bantuan sosial, mengingat dari temuannya banyak keluarga prasejahtera ternyata memiliki banyak anak, padahal kebutuhan tidak tercukupi.
MISKIN LITERASI !",2025-04-29T08:27:09.000Z,
twitter,Dedi Mulyadi akan Wajibkan Pria Ikut KB sebagai Syarat Terima Bantuan Sosial,2025-04-29T07:53:08.000Z,
twitter,"ternyata emang kualitas pria di sini cuma sebatas sperma yg dikeluarin doang
cewe boleh KB tp laki2 gak boleh vasektomi, haram pokoknya",2025-04-29T05:17:41.000Z,
twitter,KB pria sama vasektomi harusnya adalah opsi yang mudah diakses masyarakat. OPSI. pilihan. kalo disyaratkan sama pejabat namanya sterilisasi.,2025-04-29T05:05:35.000Z,
twitter,Gubernur Jabar Dedi Mulyadi mengusulkan vasektomi atau KB pria sebagai syarat untuk menjadi penerima bansos masyarakat prasejahtera di wilayahnya.,2025-04-29T04:40:00.000Z,
twitter,"BKKBN memang rutin mengadakan program vasektomi sebagai bagian dari upaya pengendalian pertumbuhan penduduk dan mendorong peran serta pria dalam program KB, dengan alasan utama kesehatan masyarakat, pemerataan bantuan, dan kesejahteraan keluarga, bukan semata-mata pertimbangan",2025-04-29T03:56:47.000Z,
twitter,"Bgmn tanggapan feminis ""my body my choice"" ? 

Dedi Mulyadi Dorong Program Vasektomi, KB Pria Akan Jadi Syarat Terima Beasiswa dan Bansos",2025-04-29T03:31:57.000Z,
twitter,Hiks  emang Pria ngepek minun KB andalan?,2025-04-29T03:13:23.000Z,
twitter,"Elite LOKAL

Dedi Mulyadi Dorong Program Vasektomi, KB Pria Akan Jadi Syarat Terima Beasiswa dan Bansos

Klik untuk baca: https://kompas.com/jawa-barat/read/2025/04/28/153814288/dedi-mulyadi-dorong-program-vasektomi-kb-pria-akan-jadi-syarat-terima?utm_source=Twitter&utm_medium=Referral&utm_campaign=AIML_Widget_Mobile…

Kompascom+ baca berita tanpa iklan: https://kmp.im/plus2
Download aplikasi: https://kmp.im/app2",2025-04-29T03:12:37.000Z,
twitter,maksudnya KB pria itu bagaimana? apakah dikebiri?,2025-04-29T03:11:48.000Z,
twitter,"gak apa-apa juga sih pria kb. 
soalnya punya anak banyak yang disalahkan wanita, gak punya anak pun yang disalahkan wanita. ",2025-04-29T03:02:48.000Z,
twitter,"Sebagai orang yg tinggal di JABAR saya mecoba memahami semangat PEMPROV JABAR yg berusaha meningkatkan efektivitas program KB dan memastikan distribusi  Bansos secara merata. Tapi, kebijakan yg menjadikn pasrtisipasi KB pria khususnya Vasektomi u/ syarat bansos hars dikaji lagi",2025-04-29T02:42:23.000Z,
twitter,Kementerian Kependudukan dan Pembangunan Keluarga menggelar kegiatan Pelayanan KB vasektomi/Metode Operasi Pria (MOP) serentak se-Indonesia yang dilakukan selama dua hari pada 21-22 April 2025. #momsupdate #update #mom #oneliner #kumparanmom,2025-04-23T12:01:03.000Z,
twitter,Kontrasepsi/KB utk pria yaitu vasektomi prosedur KB permanen pd pria dilakukan dg cara memutus saluran sperma dr testis shg air mani yg dikeluarkan saat ejakulasi tdk lg mengandung sperma & mencegah tjdnya pembuahan.,2025-04-22T19:29:01.000Z,
twitter,Pemerintah Tekan Angka Penduduk Melalui KB Bagi Kaum Pria (Suami) https://nusantaratop.co/daerah/pemerintah-tekan-angka-penduduk-melalui-kb-bagi-kaum-pria-suami/…,2025-04-22T10:21:17.000Z,
twitter,Gmn pandanganmu tentang KB pria? Contohnya vasektomi yg agak rame akhir-akhir ini.,2025-04-22T06:06:22.000Z,
twitter,"Tidak semuanya saya setuju, bahkan siapapun berhak punya anak byk sesuai kemampuan. KB pun byk yg tersiksa kok dgn segala metodenya. Kecuali kondom pria, itu pun mnrt saya byk yg kontra. Jadi peran utamanya adalah sadari dahulu semua pasangan ttg berkeluarga esensinya sprti apa.",2025-04-22T03:50:52.000Z,
twitter,"Makanya jangan KB demi orang lain, KB mah demi diri sendiri

Segala mau nembak peluru kosong biar nyenengin istri

Istrimu noh siap dibuahi pria lain",2025-04-22T03:40:26.000Z,
twitter,BNN Kota Binjai Mengikuti Kegiatan Kunjungan kerja Wakil Menteri Kependudukan dan Pembangunan  Keluarga /BKKBN dan Launching gerakan  ayah teladan Indonesia/ GATI serta pelayanan KB medis pria /MOP,2025-04-21T09:41:02.000Z,
twitter,"[4] bisa melakukan program KB (Keluarga Berencana).

Parminto memastikan KB MOP ini juga tidak memiliki efek samping apapun sehingga dianjurkan untuk mereka yang sudah memiliki minimal 2 orang anak. [foto skrining KB pria di Kota Blitar. -dinda]

#PatriaNews #InfoPatria #Viral",2025-04-21T06:17:02.000Z,
twitter,"[3] tetap bisa memenuhi kebutuhan keluarganya selama proses penyembuhan pasca operasi. Anggaran itu diberikan melalui APBD Kota Blitar 2025, sehingga ada pemotongan pajak.

Parminto berharap para kaum pria sadar akan pentingnya vasektomi atau KB pria, utamanya jika istri tidak",2025-04-21T06:16:42.000Z,
twitter,"Temukan Waskito Kemeja Batik Katun Premium Pria Slimfit White KB 47528 PR di Blibli, lagi diskon 40% harganya jadi Rp191.940 ! Coba buka link-nya, deh:",2025-04-19T01:04:24.000Z,
twitter,"Pov ak sebagai apoteker & pria yg blum menikah ya ditanya terkait vasektomi. Ak blum riset lebih lanjut terkait pro & cons nya. Tapi ak udah putusin nanti buat ga KB hormonal (Suntik, pil & lain2). Karena emang ga bagus buat kesehatan si istri. Jadi main aman pake kondom aja.",2025-04-18T12:58:45.000Z,
twitter,"Halo kak, kebetulan sy dokter dan krn sy jg perempuan tentu aja saya sangat paham soal kb ke perempuan itu sangat merugikan perempuan dan kesannya gak adil bagi kita.

Dan saya tentu aja paham vasek itu bukan kebiri ya, saya juga sebelumnya ikut mempertegas ke pria soal ini:",2025-04-18T06:21:14.000Z,
twitter,"Bro??? Liat info di atas, ibu temennya (walau udah punya cucu) selingkuh...

Vasektomi atau KB permanen buat pria hukumnya haram karena merubah ciptaan-Nya",2025-04-18T03:43:57.000Z,
twitter,"- Vasektomi: Jenis KB/kontrasepsi ini menutup saluran sperma pria dengan metode operasi.

- Tubektomi: Menutup saluran telur wanita dgn metode operasi sehingga sel telur tidak dapat dibuahi sperma.",2025-04-18T02:17:23.000Z,
twitter,"gapapa, ntar baka ada KB pria non permanen kok",2025-04-17T22:25:38.000Z,
twitter,"Biar ga bingung ni
Histerektomi = pengangkatan rahim pada wanita.
Orkiektomi = pengangkatan testis pada pria.
Tubektomi = kb dengan menutup/mengikat saluran tuba palopi ,proses cuma beberapa jam.
Vasektomi = kb dengan memotong / menutup saluran sperma , proses kurang dari 1 jam.",2025-04-17T12:28:43.000Z,
twitter,"Saya juga setuju kak. Entah kenapa terlalu banyak perdebatan soal KB pria dan wanita ini. Semua dipilih pasti ada alasannya masing2, kenapa lantas kalo pria yg KB jadi dianggap salah ",2025-04-17T12:16:31.000Z,
twitter,Egonya tersakiti krn skrg kb permanen bisa buat pria jg wkwk,2025-04-17T11:31:27.000Z,
twitter,"Bisa, tapi emang susah dan butuh waktu haha. Karena ya balik lagi banyak faktor faktor lain yang harus kita pikirin sebelum mensosialisasikan mengenai KB pria. Apalagi konsep KB itu adalah tugas perempuan udah tertanam turun temurun. Tp, BKKBN sekarang udah sering promosiin kok",2025-04-17T11:07:22.000Z,
twitter,"Tubektomi : steril utk wanita, vasektomi : steril utk pria.

Kalo istilah KB di indonesia: 
Tubektomi = MOW (metode operasi wanita)
Vasektomi = MOP (metode operasi pria)",2025-04-17T09:21:30.000Z,
twitter,terimakasih pemerintah kab.tegal sudah mengadakan kb pria vasektomi di hr kartini,2025-04-17T02:48:18.000Z,
twitter,"semangat kampanye pria vasektomi
KB Pria semakin terdepan!",2025-04-16T11:10:23.000Z,
twitter,"Karena kurang edukasi. Cowok mikir tuh vasektomi tuh macam dikebiri keknya, jadi mikir bakal berat banget prosesnya, pride nya jg hilang. Padahal kaga. Malah lebih aman vasektomi daripada kb. Emang butuh edukasi aja sih para pria nih.",2025-04-16T10:32:13.000Z,
twitter,"dateng ke posyandu, bilang sama kader yg jaga mau pasang KB pria (vasektomi). nanti kader yg bantu lapor ke petugas KB kelurahan/desa, utk selanjutnya dibikinin janji ke rs yang nanganin vasektomi (biasanya kader&pkb dampingi. setau saya, ini gratis.",2025-04-16T08:15:51.000Z,
twitter,Pertemuan Kepala Perwakilan Kemendukbangga/BKKBN Provinsi Bangka Belitung bersama Sekretaris Daerah Kab. Bangka Barat Bapak Muhammad Soleh membahas mengenai penguatan program quickwin dan pelaksanaan pelayanan KB Pria (MOP/Vasektomi),2025-04-16T07:06:39.000Z,
twitter,"Knpa sih harus wanita, perempuan, dan cewe yg pusing mikirin kb biar menjaga jarak dan jumlah anak? Mau enaknya aja mulu, giliran kaum pria, laki2, cowok suruh kb berisik bgt bnyk aumannya",2025-04-16T06:49:51.000Z,
twitter,Pria kok tega istrinya kesakitan karena melahirkan dan sakit karena efek kb. Gak gentle. ,2025-04-16T05:26:45.000Z,
twitter,"Vasectomy tu perlu kalau, KB pil, suntik, IUD pun masih kelolosan, dan jika kondom pun tetap gk bisa ya mending Vasectomy, dan harga diri pria bukan dari bijinya",2025-04-16T03:40:41.000Z,
twitter,"Loh kok jauh banget ditarik kemana2 kesimpulanya, ada saya bilang Perempuan wajib KB ?? Sempit amat pemikiranya, semua punya alasan masing2 mau wanita atau pria, semua harus didiskusikan trlebih dahulu, sy cman penasaran alasanya aplgi yg permanen. orang pnya pandangan masing2",2025-04-16T03:23:05.000Z,
twitter,"vasectomy itu kb juga tp permanen dan dilakukan di pria, toh jg ini pilihan masing masing, kenapa lu mengharamkan sesuatu yg bisa jadi baik? klo emg pilihan gw mau suami yg bersedia untuk vasectomy demi istrinya ga kb ya whats the poin lu ngeharam haramin sesuatu?",2025-04-16T02:33:55.000Z,
twitter,"Cewe hamil 9 bulan buat melahirkan min 1 bayi. Tapi dalam 9 bulan, bayangkan berapa wanita yang bisa hamil dari satu pria. Tapi tetap yg disuruh kb adalah wanita. Itu yg pernah gw tonton dari suatu penggalan video di yt https://x.com/noniksipit/sta/noniksipit/status/1911826224068141327…",2025-04-15T16:56:09.000Z,
twitter,KB tp buat pria,2025-04-15T13:16:05.000Z,
twitter,"Karena suamiku takut hal - hal begituan, udah alhmdulillah dia nemenin pasang IUD, besok aku aja deh yg tubektomi. Penting hohohihe lancar jaya aman  (mana disini pake iming2 uang saku dll untuk pria wanita yg mau KB lagi, apa gak ngebet jiwaku ini )",2025-04-15T08:01:31.000Z,
twitter,"menarik. KB juga punya efek jangka pendek dan panjang, tapi jarang sekali rasanya ada orang gak setuju dengan Suntik KB, IUD atau sejenisnya untuk perempuan.

Dan selebrasi, menurutku jarang sekali ada pria yang sepakat untuk Vasektomi, jadi itu pengungkapan rasa bahagia aja dan—",2025-04-15T07:45:11.000Z,
twitter,Cek Durex Pleasuremax 3's (Pink) / Alat Kontrasepsi / KB / Sexualitas Pria / Rubbers / Condom / Kondom dengan harga Rp47.889. Dapatkan di Shopee sekarang! https://s.shopee.co.id/7KjTlr0Q5q?share_channel_code=7…,2025-04-08T00:54:04.000Z,
twitter,bapakku terverifikasi wibu bjir sama gk kusangka blio tau girls generation + pendukung berisik palestine dan setuju pria kb ,2025-04-05T08:10:12.000Z,
twitter,"Polisi menangkap seorang pria yang diduga pengedar shabu berinisial KB, 30, warga Kelurahan Penarukan, Kecamatan/Kabupaten Buleleng.",2025-04-04T05:05:50.000Z,
twitter,"Nang njero mobil parkir pinggir embong diparani ibuk2 sepeda onthelan trs ngomong : nyuwun sewu smpean nggada yotro 2000 damel tambahan tumbas pil KB?

aku :  ???",2025-03-20T14:12:39.000Z,
twitter,"Apakah estrogen di pria bisa naik kalau makan pil kb, dan jadi belok dok?",2025-03-20T08:37:39.000Z,
twitter,"Iya vasektomi untuk pria, jdi ya wanita gak akan ngerasain apa2 tapi cowoknya mau gak, biasanya kan gk mau, yg paling aman KB buat wanita ya Suntik sama pil, paling basic, tapi org2 rata2 gak tahan sama perubahan hormon, tpi itu better dri implan yg punya resiko lepas/copot?",2025-03-17T14:27:58.000Z,
twitter,"Tahun lalu bulan puasa materinya anatomi pria, skrng KB",2025-03-17T06:22:52.000Z,
twitter,"Kalau gamau yg mengganggu hormon, disarankan kb yg non-hormonal nder (contoh kondom pria/wanita, IUD, metode kalender, senggama terputus,dll) bisa ditanya di puskesmas/klinik/apotek terdekat adanya jenis/merk apa.",2025-03-16T13:34:20.000Z,
twitter,"Make kondom nder...
Itu KB terbaik yg ga ada efeknya untuk perempuan maupun pria nya.
Pastiin make kondom yg ukurannya pas dan masangnya bener biar ga bocor.

Kalo mo nyaman, cari yg tipis kaya okamoto 001.",2025-03-16T03:42:49.000Z,
twitter,"Dah siap nih berarti ya bang, btw selain cond ada lagi ga kb pria?",2025-03-14T05:47:17.000Z,
twitter,Mungkin karena masih banyak pasangan legal yg KB nya menggunakan kondom,2025-03-13T14:33:13.000Z,
twitter,"begini. ada kalanya kehamilan meski sudah menggunakan KB itu masih bisa terjadi. saya pria sudah vasektomi di dokter spesialis, sudah ikuti anjuran dokter, nyatanya istri saya bisa hamil kata dokter terjadi rekanalisasi.  jangan nge judge kamu tidak hidup di jalannya :D",2025-03-13T14:22:44.000Z,
twitter,Cek kemeja kotak kotak hem baju pria  laki laki cowok jumbo big size 3xl 4xl 5xl 6xl 7xl pendek ventt kb dengan harga Rp130.000. Dapatkan di Shopee sekarang! https://s.shopee.co.id/2B0PycjpIg?share_channel_code=7…,2025-03-01T15:34:18.000Z,
twitter,Si paling ngerti perempuan. Dijaman yg semakin modern perkembangan kb semakin modern masih di perdebatkan sma perempuan yg ngerasa spesial ingin mengontrol pria dengan berbagai cara. Supaya tunduk,2025-02-28T08:53:40.000Z,
twitter,"Lanjut ke bagian KB non-hormonal
1. Kondom
Fungsi :
- mencegah kehamilan (perfect use : 98%) 
- melindungi dari IMS ( infeksi menular seksual) 

Efek samping: ga ada selama penggunaannya tepat + ga alergi LATEKS 

Jenisnya : kondom pria dan wanita (ada)",2025-02-28T08:07:33.000Z,
twitter,"tdak ada yang menolak pria untuk minum pil KB, masalahnya pil KB cwo belum disetujui dan dipasarkan secara luas. Jika tersedia dengan standar yang sama, cowo juga bisa menggunakan",2025-02-28T06:16:38.000Z,
twitter,"Sssttt..tetep KB wanita bakal ada side effect dan gak 100% efektif. KB buat pria (vasektomi) jg gak 100% efektif.
Ekualisasi lbh kpd kesepakatan dua pihak (pria-wanita) tp klo pendapat pribadi lbh condong ke KB pria krn less effect.",2025-02-28T01:09:13.000Z,
twitter,"Secara logika,

Ideal adalah pria yang KB memang, kenapa?
Karena dari puber sampe mau mati, sperma masih bisa membuahi dan jadi anak.
Tanpa jeda, asal dengan wanita yg berbeda. https://t.co/l1q9AtpUSd",2025-02-27T15:09:21.000Z,
twitter,"Ada kok suntuk KB pria, dengan suntik hormon testosteron. Kamu kira suntik KB wanita ga menyuntukkan hormon progesteron?",2025-02-27T13:56:22.000Z,
twitter,"FYI skripsi S.Ked gw adalah kb pria dengan biji pohon jarak hutan/liar. Berhasil di mencit. Disuruh lanjutin penelitian dan publish, gw malah males 

Seandainya dulu gw rajin...",2025-02-27T11:07:29.000Z,
twitter,"Dihentikannya clinical trial karena adverse effect nya lebih dari batas wajar, bahkan jika dibandingkan ke KB perempuan. 

Tapi para pria tetep mau pakai. 

Menarik, berarti sebenernya banyak yang mau pakai kalau KB tsb dilepas ke pasar.",2025-02-27T05:52:52.000Z,
twitter,"semangat juga kak, semoga kecapai buat bikin pil KB pria 
kita2 yg cewek butuh bgt biar gk kita doang yg KB",2025-02-26T17:30:13.000Z,
twitter,"Prosedurnya lbh susah, kesempatan tidak bisa hamil tinggi dibanding vaksetomi jd byk yg nentang (karna yg kb kebanyakan cm nunda dan msh pengen nambah anak), masih jd kontroversi di islam, dan apa jaminannya gak bakal ditentang lg sm para pria dan mertua ??",2025-02-26T12:31:02.000Z,
twitter,"Daritadi di tl ku lewat soal kb pada wanita dan pria
Mau ikut berkomentar
Tapi nanti dibilang ""kalau belum nikah gak usah sok tau""",2025-02-26T08:35:23.000Z,
twitter,"hamil, menyusui, nyari uang, saya tidak melarang vasektomi tetapi poin saya adalah suami istri yang punya banyak anak memang harus KB dikarenakan biaya hidup. tetapi keputusan harus matang di karenakan wanita dan pria punya resiko untuk KB.",2025-02-26T07:37:40.000Z,
twitter,gaada informasi klo kb suntik atau pil pada pria bikin impoten,2025-02-26T04:17:41.000Z,
twitter,Semoga lebih banyak promosi KB pria dimedia agar orang-orang makin tahu dan siapa tau tertarik. Pihak kesehatan juga tolong lebih banyak memberi edukasi dan promosi.,2025-02-26T04:17:25.000Z,
twitter,"Pake kondom tuh ga ada efek samping ke pria mas. Pake kb suntik, pil, iud itu efek samping bnyk. Ada yg flek di kulit, ada yg jd gemuk, hormon ga stabil malahan.
Vasektomi pun ga bs dibandingin sama tubektomi. Vasektomi op minor, tubektomi op lebih besar dan efek samping lbh bny",2025-02-25T13:30:35.000Z,
twitter,"KB dong kak, kan masuknya ke metode kontrasepsi pria malah kondom itu termasuk KB Modern. Banyak juga ibu² muda yg masih setia dengan kondom.
Seharusnya tidak boleh menjudge dan memaksa pilihan akseptor tp menjelaskan dari segi efektifitasnya dll",2025-02-25T12:39:30.000Z,
twitter,"Di replies lain banyak lho yg cerita pengalaman mereka sendiri atau orang terdekatnya. Atau kamu bisa dateng ke klinik/RS di kotamu, tanya efek samping dari KB hormonal spt apa ke dokter/bidan.

Ga nyambung bahasnya sampe takut mati  Pria emang ga bisa ya egonya kesentil dikit?",2025-02-25T12:02:02.000Z,
twitter,"udah ada kok yang dari sutra juga tp collab sm lembaga gt tentang kb pria, kl di iklan yang di quote versi menyasar target muda mudi",2025-02-24T11:11:53.000Z,
twitter,"Ya makanya research dulu bukan cuma “menurut gw”.

Gw dari awal tau soal vasektomi langsung research dan turns out dapet kesimpulan bahwa ini KB paling minim resiko, engga menimbulkan efek samping seperti KB pada wanita.

Dan ya, gw lah pria yang akan vasektomi itu, kelak.",2025-02-24T08:44:18.000Z,
twitter,"Suntik testosteron sintetis ini bisa jadi game changer buat KB pria. It’s about time cowok juga ikut ambil bagian dalam urusan keluarga berencana, kan? Tapi, sebelum nyoba, pastiin lo paham betul plus-minusnya. So, what do you think? Tertarik buat jadi pioneer KB model gini?",2025-02-21T01:39:34.000Z,
twitter,"> Pria sedih
> Pria keluar muter2 tumbas mie ayam
> Pria Happy",2025-02-15T16:56:18.000Z,
twitter,"KB Vasektomi Mulai Diminati Pria Singapura?

https://simbah-kakung.blogspot.com/2025/02/kb-vasektomi-mulai-diminati-pria.html…",2025-02-15T07:09:20.000Z,
twitter,"KB Vasektomi Mulai Diminati Pria Singapura?

https://simbah-kakung.blogspot.com/2025/02/kb-vasektomi-mulai-diminati-pria.html…",2025-02-15T07:09:12.000Z,
twitter,Vasectomy. Padahal this one specific KB sangat advantageous ke pria. Ga perlu face off perubahan fisik dan mental istri. Gada perlu pusing dan ngeluarin biaya karna efek samping kb ga ngotak dan ribetin in all aspect of daily life.,2025-02-12T03:15:14.000Z,
twitter,"hahaha asikk! umm oke, nanti aku bawakan oleh oleh. Tenang ce, Keenan pria effortku ini sudah kb sementara.",2025-02-11T01:13:02.000Z,
twitter,"nah ini maksud saya, soalnya selama ini KB seakan-akan yg jadi beban malah pihak wanita, padahal kan pria juga bisa dan malah lebih aman, kalau wanita kan ada pengaruh hormon juga",2025-02-09T13:37:34.000Z,
twitter,"KB ada banyak alternatif. Sayangnya yg dianggap normal yg justru menyakitkan dan tidak nyaman buat perempuan seperti IUD, suntik dan susuk hormon. Padahal ada yg risiko kecil dan bs di pria seperti kondom, bahkan vasektomi.

Mari normalisasi vasektomi ",2025-02-08T04:21:27.000Z,
twitter,"kalau yg KB pihak pria bagaimana, Vasektomi apakah aman? jadi pihak wanita yg gak perlu was-was masalah KB",2025-02-08T00:55:06.000Z,
twitter,"Lu serius mau tanding ""resiko"" KB pria dan wanita??",2025-02-07T13:32:21.000Z,
twitter,"Kalian kenapa ga ngomongin siklus kalian aja sih mimpi basah, perawatan penis, pengetahuan menghindari penyakit sifilis dan hiv vasektomi kb pria yg punya kalian tuh rawat juga diskusi kesehatan pipis berdiri dan duduk cukur berapa bulan sekali",2025-01-30T07:38:37.000Z,
twitter,Tampang Tukang Ojek di Maros Cekoki Gadis ABG Pil KB Lalu Diperkosa 20 Kali,2025-01-29T20:08:52.000Z,
twitter,Percuma minum pil KB gak ngaruh tuh ke tubuh. Pahami dulu jumlah hormon testerone dan hormon estrogen pada tubuh pria atau pada tubuh wanita.,2025-01-27T22:08:27.000Z,
twitter,"Terima kasih pak hasyim, semoga sosialisasi dan pengetahuan tentang vasektomi atau KB pada pria ini akan tersebarluaskan. Sehingga banyak para masyarakat yang mulai tersadarkan bahwa KB bukan hanya untuk wanita saja

Karena kehamilan terjadi juga bukan oleh sebelah pihak saja",2025-01-13T17:05:16.000Z,
twitter,"aku sama suami sebelum nikah bener-bener banyak diskusi, termasuk bahas kb. kebetulan suamiku yg ngelarang aku pake kb dan dia yg bersedia buat kb, ku kira normal dalam pernikahan. tapi ternyata gak semua pria ngerti akan hal ini, dan aku termasuk yg beruntung",2025-01-09T15:47:57.000Z,
twitter,Australian supercars are a real possibility as well based on recent comments. And if F1 ever changes their requirements and he has a shot to go over there of course he’s taking that,2025-01-09T15:10:02.000Z,
twitter,so indycar basically,2025-01-09T15:00:29.000Z,
twitter,"Pernah KB suntik tapi males. 
Kukirim artikel KB pada pria ke suamiku, dia gemeterrr. 

Kukirim lagi, dia balik nantangin. 
Juni lalu dia vasektomi .",2025-01-09T03:16:30.000Z,
twitter,"Megawati terpilih menjadi pemain terbaik bersama Andres Villena dari KB Insurance dari divisi pria.

Penulis: Elfrida Callysta Salsabila

Baca Selengkapnya di http://Jatinangorku.com

#megawati #voli #koreaselatan #indonesia #redsparks",2025-01-03T05:45:14.000Z,
twitter,"Suntik KB untuk Pria: Cara Kerja, Efek Samping, dan Estimasi Biaya",2024-12-29T03:56:55.000Z,
twitter,"Siapa yang baru tahu Hayo? Gak cuma wanita, pria juga punya pilihan kontrasepsi. Yuk, kenali 4 jenis alat kontrasepsi di bawah ini ya! 
#HelloSehat #KB #KBPria #Kontrasepsi",2024-12-16T14:02:40.000Z,
twitter,"Mengenal Alat KB Pria Vasalgel: Pengertian, Cara Kerja & Rentang Harga",2024-12-16T09:36:43.000Z,
twitter,"With all due respect, there’s only 1 KB, he can carry a truck better than anyone.",2024-12-13T23:45:18.000Z,
twitter,Polda Metro Jaya mendapatkan aduan melalui media sosial (medsos) terkait seringnya aksi pemukulan dilakukan oleh seorang pria berinisial KB alias L (26) di sebuah kafe kawasan Jalan Ciledug Raya.,2024-12-11T12:09:32.000Z,
twitter,"Kepolisian menangkap pria berinisial KB alias L (26) karena meresahkan dan sering mengganggu masyarakat di kawasan Pesanggrahan, Jakarta Selatan.

#solidaritasnusANTARA87",2024-12-11T07:56:51.000Z,
twitter,"Mengenal Vasalgel, Alat KB Pria Berbentuk Gel yang Disuntikkan ke Saluran Sperma",2024-12-06T14:21:18.000Z,
twitter,"Iya kak
Sampe sekarang bingung milih KB nanti abis lahiran, steril aja masih bisa hamil
Metode Operasi Pria gak bisa pake BPJS harus umum dan bayar 15 juta kurang lebih",2024-11-29T08:03:45.000Z,
twitter,"Kemarin ngobrol sama bojo..dia sbg pria memperhatikan pria2 kdrt disekitarnya tu tipenya sama : jarak antar kehamilannya pendek,jumlah anak >2,estri tdk boleh bekerja,uang ngasih seadanya,no KB
Trus ak komen “klo Allah menjadiken mereka MPREG kitorang setuju banged sih” ",2024-11-21T10:04:24.000Z,
twitter,"Kalau bener pil kb, jahat banget si victor. Berarti dia menyamakan dirinya dengan pria brengsek yang tidak mau bertanggung jawab",2024-11-20T11:42:34.000Z,
twitter,"Temukan Waskito Kemeja Batik Katun Pria Slimfit KB 101085 Maroon di Blibli, lagi diskon 47% harganya jadi Rp164.247 ! Coba buka link-nya, deh:",2024-11-01T14:26:13.000Z,
twitter,"-ning kadang sedih g sih rek ngeliat kasus suami udh g nafsu sama istrinya krn badannya berubah setelah hamil/melahirkan? knp bnyk bgt pria yg uneducated tentang kondisi istri saat/sesudah hamil melahirkan, bahkan KB pun bisa efek ke fisik. pls belajar o ttg iku cak",2024-11-01T10:45:09.000Z,
twitter,Kb nya kyk keluarga berencana mang,2024-10-29T22:34:05.000Z,
twitter,Sayangnya masih banyak pria yang enggan melakukan vasektomi dan meminta pasangannya untuk KB. #momsupdate #moms #update #text,2024-10-25T11:52:13.000Z,
twitter,"ini pernah baca ttg KB… dan KB itu sbnrnya lbh efektif prianya yg pake krna wanita gak bakal hamil klo gak dibuahi, dan yg membuahi kan pria",2024-10-25T03:38:32.000Z,
twitter,"Dulu sempet rame soal vasektomi dan kecenderungan resiko yang lebih besar ketika perempuan yang menjalani KB.

Lanjut ada thread yg jelasin detail soal vasektomi & turns out bahwa KB pada pria hampir engga ada resiko (cmiiw).

Dan ya, akulah kelak suami yg mau vasektomi itu.",2024-10-25T03:18:43.000Z,
twitter,"Kekurangan dari KB plaster antara lain yaitu: 
Tidak dapat digunakan untuk mencegah penyebaran penyakit menular seksual (PMS), seperti HIV dan klamidia. Satu-satunya yang bisa mencegah PMS adalah kondom yang dipakai pria. L",2024-10-24T09:38:22.000Z,
twitter,"Inovasi baru dalam kontrasepsi pria ini adalah pemberian kombinasi androgen-progestin melalui suntikan. Dengan kata lain, KB suntik untuk pria.",2024-10-17T05:08:08.000Z,
twitter,"Riset Suntik KB untuk Pria, seperti Apa Efektivitasnya? https://ift.tt/WijXYpq",2024-10-16T15:40:52.000Z,
twitter,Besok aku sosialisasikan program KB pria,2024-10-09T02:36:19.000Z,
twitter,Kesetaraan gender dlm prog Keluarga Berencana (KB) adlh salah satu isu penting. Dalam pengambilan keputusan terkait KB peran pria sangat penting utk memastikan bahwa keluarga dpt merencanakan jmlh anak yg ideal & mencapai kespro yg lbh baik.,2024-10-04T05:56:39.000Z,
twitter,Emang kalo bininya KB ga bisa di enskuy? Aneh bgt pria ini,2024-09-30T23:15:13.000Z,
twitter,Disebut apple to apple itu harus bagaimana dulu? Apa kalau pakai kb yg lain maka sel telur tdk keluar sama seperti vasektomi baru disebut sama? Memang ada brp banyak orang yg pakai kb dan tubuhnya 'terganggu'? lalu ada brp banyak pria yg vasektomi lalu reverse dan gagal?,2024-09-23T09:22:55.000Z,
twitter,"pdhal vasektomi juga solusi buat setelah punya anak biar ngga kebobolan lagi. apa salahnya juga sih normalisasi KB pria???? 
pdhal dr hamil-menyusui udah ditanggung sm cewe, bahkan ada tubektomi juga seberkoar2 gini wkwk",2024-09-23T05:53:45.000Z,
twitter,"Alasan suami gamau vasektomi apa? Kenapa pertanyaan ini kesannya wanita egois.. Kurang sakit apa lagi pihak perempuan, hamil, melahirkan, menyusui. Bahkan disuruh KB lagi.. kenapa ga bisa berbagi ketika 1 hal bisa dilakukan si pria",2024-09-23T04:18:37.000Z,
twitter,"Pemuda Putin : ""KB buat pria Bapak Putin gak setuju ya,bahkan disarankan bikin anak yg banyak""
Pemuda Rendang : ""Ya,udah lu pindah aja sono""
Pemuda Putin : ""Lah,ngusir knapa Mulyono gak bisa bikin rakyatnya sejahtera.?""
Pemuda Rendang : ""itu ada bansos""
Kipli : ""kata pak haji...""",2024-09-23T00:57:31.000Z,
twitter,"Sial, aku lg liat konten tentang kb kan.. trus di komennya pada bahas kondom dan saling ngasih rekom (gw jg memang lagi mau nyari rekomendasi tbh)

Dan setelah sadar, gw berpikir... bahkan urusan kondom yg dipakai pria pun harus perempuan yg mencari tahu.. damn....",2024-09-22T03:29:36.000Z,
twitter,"Bantahan :
- Kamu pria penakut
- vasektomi bukan permanen
- vasektomi tidak ada paksaan
- suami istri bebas pilih KB untuk perempuan atau laki
- KB bisa dengan alami",2024-09-21T21:42:13.000Z,
twitter,"Oh gak tau ya, gw sih dengan kecerdasan dan kemampuan membaca yang mumpuni bisa memahami konteks apapun tanpa perlu merasa kecil, apalagi sampai harus ngelawan perempuan dalam urusan KB dengan segala privilege yang gw punya, pria gak kalahan gak pernah merasakannya sih .",2024-09-21T00:25:04.000Z,
twitter,"marah gak papa, tapi gak mengubah kalo vasektomi dan KB tetap haram (kecuali ada uzur syari) 

kalo mau keadilan bagi pria dan wanita, sayangnya kita tinggal di (budaya) Indonesia.",2024-09-18T03:49:19.000Z,
twitter,"Pria juga bisa ikut program KB lho.

Enak aja semua-muanya kok mau diambil sama cah wedok. Wes meteng; manak, nyusoni, iseh kon KB sisan 

Tidak bisa! Tidak bisa!

Iki wayahé wong lanang tampil!",2024-09-17T07:28:44.000Z,
twitter,"Threadnya keren. Dari banyaknya tweet terkait misoginis dan patriarki yang membuat takut menikah, laki-laki yang seperti inilah yg banyak dibutuhkan. Dari dulu KB itu berat di perempuan, padahal ada KB yg lebih aman dan less side effect untuk pihak pria",2024-09-16T17:09:42.000Z,
twitter,"NAH BETUL.. mau genosida? efektif tapi melanggar HAM tentunya, terus gimana caranya biar meredam angka pertumbuhan? Homoseksual, semisal 1 pria bisa punya 2 anak (sesuai program KB), 1 pasangan homoseks aja sudah mengurangi angka pertumbuhan 4 anak, apalagi klo ada banyak",2024-09-16T06:26:06.000Z,
twitter,"Kalau kalian cewe dan sudah ada pil kb buat pria, terus kalian nanya ke cowo, ""Kamu udah minum pil belum?""
""Udah."" 
Kamu bakalan ....",2024-08-31T01:59:13.000Z,
twitter,"boleh juga, sekalian pria kb dan menyusui ",2024-08-28T12:11:56.000Z,
twitter,"Regardless of track type, the 3 wins prove he has the skill to race Xfinity at the very least.",2024-08-24T03:01:49.000Z,
twitter,"Program KB Vasektomi di Kota Blitar Kurang Diminati Para Pria, Alasan Ini Jadi Pemicu Utama",2024-08-21T08:00:10.000Z,
twitter,Cari cwo mandul biar ga perlu minum pil kb,2024-08-17T10:09:44.000Z,
twitter,"Bangga dengan dedikasi pria ini... Kemarin saya melihatnya dan saya menjadi penggemarnya, dia pasti akan melakukan itu di LA2028... Harapan terbaik untuk Anda ",2024-08-12T14:04:26.000Z,
twitter,"Senin  12/8/ 2024 pukul 09.00 WIB, bertempat beberapa warga diwilayah Kel.Purwosari Kec.Laweya, Surakarta Babinsa Purwosari Sertu Murdianto dan Sertu Teguh Pria  pendampingan kader kesehatan dalam pendataan warga yang bersedia  KB di wil.binaan
#babinsasurakarta
#pendimsurakarta",2024-08-12T05:11:02.000Z,
twitter,"Senin 12 Agustus 2024 pukul 09.00 WIB, bertempat warga diwilayah Kel.Purwosari Kec.Laweyan Kota Surakarta Babinsa Purwosari Sertu Murdianto dan Sertu Teguh Pria melaksanakan pendampingan kader kesehatan dalam pendataan warga yang bersedia melaksanakan KB di wilayah binaan.",2024-08-12T03:13:54.000Z,
twitter,"Penatua (Pnt) Drs Steven Kandouw dilantik sebagai Ketua Umum Panitia Konsultasi Pria Kaum Bapa (P/KB) Sinode GMIM tahun 2024, Minggu (11/08/2024). Selengkapnya, baca di  http://KomentarNews.co Judul berita, Pnt Drs Steven Kandouw Dilantik Ketua Umum Panitia Konsultasi...",2024-08-11T14:49:23.000Z,
twitter,Aku baru tau ternyata ada kb untuk pria. Selama ini yg ku tahu hanya untuk wanita. Pengetahuan baru,2024-08-09T15:41:00.000Z,
twitter,"Kb pria cm di bedah kecil aja ngilu,, apalagi di modif gitu",2024-07-20T13:50:58.000Z,
twitter,Kepala BKKBN Hasto Wardoyo sempat menyoroti rendahnya angka minat pria untuk vasektomi. Dokter Urologi Putu Angga Risky berpendapat hal tersebut diakibatkan beberapa hal. Mulai dari mitos hingga KB yang dianggap hanya kewajiban perempuan saja.,2024-07-13T11:49:14.000Z,
twitter,"Beberapa anggapan soal keamanan hingga penurunan kemampuan seksual jadi alasan pria masih enggan melakukan KB vasektomi.

Namun, hal ini dibantah tegas oleh dokter. Berikut sederet mitos seputar vasektomi.

#kbvasektomi #vasektomi #kb",2024-07-12T08:21:06.000Z,
twitter,"Beberapa anggapan soal keamanan hingga penurunan kemampuan seksual jadi alasan pria masih enggan melakukan KB vasektomi. Namun, hal ini dibantah tegas oleh dokter.

 Berikut sederet mitos seputar vasektomi.",2024-07-12T08:00:01.000Z,
twitter,"Seorang ayah di Pati, Jateng, memperkosa dan memaksa anaknya suntik KB. Pria itu terancam penjara 15 tahun. http://baca.komp.as/T9Tt1m #Nusantara #AdadiKompas",2024-07-12T06:21:10.000Z,
twitter,"Seorang ayah di Pati, Jateng, memperkosa dan memaksa anaknya suntik KB. Pria itu terancam penjara 15 tahun. http://baca.komp.as/T9Tt1n #Nusantara #AdadiKompas",2024-07-12T06:21:10.000Z,
twitter,"Seorang ayah di Pati, Jateng, memperkosa dan memaksa anaknya suntik KB. Pria itu terancam penjara 15 tahun. http://baca.komp.as/T9Tt1F #Nusantara #AdadiKompas",2024-07-12T06:21:05.000Z,
twitter,5 Jenis KB untuk Pria Beserta Keunggulan dan Kekurangannya,2024-07-12T03:46:10.000Z,
twitter,Vasektomi merupakan salah satu metode KB yang dianjurkan bagi pria yang berkomitmen sudah tak mau memiliki anak. Berikut sederet hal tentang vasektomi yang perlu kamu ketahui!,2024-07-11T07:00:01.000Z,
twitter,"A very insightful thread from a male's POV. Semoga makin banyak orang di luar sana yang aware kalo urusan KB ini nggak mesti dibebankan ke perempuan aja. 

Faktanya, KB pria itu memang lebih minim resiko dan lebih baik dibanding KB perempuan yang jangka panjangnya bahaya.",2024-07-05T06:58:56.000Z,
twitter,"Dokter Spesialis Urologi RSUP dr Sardjito, Sakti Ronggowardhana, sebut KB pria vasektomi bisa tingkatkan kepuasan seksual, namun di Jogja masih kurang diminati. #publisherstory #pandanganjogja",2024-07-05T06:40:04.000Z,
twitter,Apa bener pak kalau kb pria ini bikin lemas dan tidak bisa untuk melakukan kerja berat? Katanya nanti gampang capek dsb,2024-07-05T06:34:00.000Z,
twitter,"Sebuah solusi untuk pak suami yang sayang istinya, KB untuk perempuan itu sepanjang yang saya lihat selalu mengganggu hormon, sehingga banyak wanita yang sulit kurus juga. Semoga banyak pria yang mulai mengikuti jejakny pak Hasyim",2024-07-05T04:28:41.000Z,
twitter,"Monggo para bapak"" X yang terhormat, ini ada program KB untuk pria selain gratis malah dpt uang saku 
Maaf untuk yang jomblo keknya tidak diperbolehkan ikut ",2024-07-05T02:02:22.000Z,
twitter,"Seorang pria berinisial KB alias Mandrak, 49, tega menggelapkan sepeda motor temannya berinisial IKW, 39.https://nusabali.com/berita/170588/modal-judi-residivis-pencabulan-embat-motor-teman…",2024-07-04T01:31:00.000Z,
twitter,jangan lupa para pria dn mate nya membuat jadwal konsul kb karna 2 anak cukup,2024-07-03T04:25:02.000Z,
twitter,Babinsa Koramil Tembalang Serda Rulyanto melaksanakan rapat koordinasi peningkatan kesetaraan KB pria kota Semarang tahun 2024,2024-07-02T10:30:51.000Z,
twitter,"Ketika ada sosialisasi kb pria

Dan suami tak bilangin tak suruh ikutan kb wkwkw
Istri sudah hamil dan melahirkan, jadi suami yg kb",2024-07-01T11:36:45.000Z,
twitter,"hati-hati loh nanti kalo bahas pentingnya edukasi seks dan edukasi penggunaan kondom entar dibilangin menormalisasi seks bebas kak. Kalo bahas KB untuk pria ntar dibilangin mengurangi kejantanan, dahlah mau jadi batu aja biar gak pusing",2024-06-29T10:23:13.000Z,
twitter,"coba aja pancing obrolan tentang KB pada pria, respon dari situ w dh bisa nilai gimana dia nanti kalo jadi suami wkwk",2024-06-29T01:17:12.000Z,
twitter,"Ada KB Pria Berbahan Gel, Dioles ke Bahu untuk Kurangi Produksi Sperma 

Peneliti kini terus mengamati seberapa baik gel tersebut bekerja untuk mencegah kehamilan, serta keamanannya, penerimaannya, dan berapa lama waktu yang dibutuhkan untuk pulih setelah gel itu dihentikan.",2024-06-05T08:00:01.000Z,
twitter,Kebangun Pagiii : Produk KB untuk pria berbahan gel ini masih menjalani uji coba dan yang paling canggih di antara alat kontrasepsi pria lainnya yang baru dikembangkan ,2024-06-05T00:13:23.000Z,
twitter,"Baru-baru ini, peneliti melakukan uji klinis KB pria berbahan dasar gel yang dioleskan ke bahu pria untuk menurunkan jumlah sperma. Begini cara kerjanya.",2024-06-04T07:07:23.000Z,
twitter,Cek sensitif vivo passionate dots 1 pack isi 3 pc / kondom / kontrasepsi pria / KB / sekali pakai dengan harga Rp13.900. Dapatkan di Shopee sekarang! https://s.shopee.co.id/5AX2iCs9sx?share_channel_code=7…,2024-06-03T06:36:44.000Z,
twitter,"Sukoharjo Juara 1 Lomba KB Pria, Wakili Provinsi Jateng Maju Tingkat Nasional

https://sukoharjonews.com/sukoharjo-juara-1-lomba-kb-pria-wakili-provinsi-jateng-maju-tingkat-nasional/…",2024-05-31T12:20:22.000Z,
twitter,DPPKB Purwakarta Gencarkan Program KB Pria https://pasundanekspres.id/read/daerah/pe-5873724/dppkb-purwakarta-gencarkan-program-kb-pria…,2024-05-29T06:49:21.000Z,
twitter,"Mngkn mrk pikir vasektomi pria ini nih gabakal bisa nga*ceng lagi, pdhl mah masih bisa kok, bedany klo wleowleo tanpa proteksi gabakal jadi anak aja. Ini malah solusi plg bagus utk pasutri yg  g mau pny anak lagi. Dibanding kb efek sampingny bnyk btl",2024-05-27T09:12:13.000Z,
twitter,"Aduh.....
Bukannya nggak mendukung gerakan pro meningkatkan kontribusi pria dalam soal program KB.
Tapi seperti selalu, ada caveat dan nuance dalam hal2 seperti ini. Tidak serta merta bisa kita telan mentah2. Apalagi ini tweet viral, aduh takutnya jadi misinformasi... https://x.com/ini_bri/status/ini_bri/status/1792913123080274232…",2024-05-23T08:11:37.000Z,
twitter,"ini  yang tolol, kb nggak permanen. kalau kamu potong tubal litigation juga haram sama hukumnya. kalau kb pria pake kondom itu halal. sebenernya ada pil kb pria juga tapi belom ada yg dikasih izin kesehatan krn beberapa alasan, kalau itu dapat izin nanti juga halal itu.",2024-05-22T13:19:06.000Z,
twitter,Menikahlah dengan pria yang tidak membebankan kewajiban KB ke perempuan.,2024-05-22T10:30:03.000Z,
twitter,"baru tau sih sebenarnya KB untuk pria, ane coba cek gugel jawabannya:

""Vasektomi adalah operasi kecil yang aman, sangat efektif dan bersifat permanen""

mungkin yg jadi masalah ada permanen dan tidak permanennya. 

narasi hanya sedikit, masih banyak kemungkinan yg tidak valid.",2024-05-21T07:49:45.000Z,
twitter,"Sekali-kali yang harus nya kb itu pria, jangan perempuan terus,",2024-05-21T04:22:33.000Z,
twitter,Mengenal Efek Samping KB Vasektomi untuk Kontrasepsi Pria,2024-05-19T15:13:04.000Z,
twitter,"Ini Alasan yang Membuat Pria Tidak Mau KB Vasektomi

http://simbah-kakung.blogspot.com/2024/05/ini-alasan-yang-membuat-pria-tidak-mau.html…",2024-05-17T01:32:51.000Z,
twitter,"Ini Alasan yang Membuat Pria Tidak Mau KB Vasektomi

http://simbah-kakung.blogspot.com/2024/05/ini-alasan-yang-membuat-pria-tidak-mau.html…",2024-05-17T01:32:41.000Z,
twitter,"Ini Alasan yang Membuat Pria Tidak Mau KB Vasektomi

http://simbah-kakung.blogspot.com/2024/05/ini-alasan-yang-membuat-pria-tidak-mau.html…",2024-05-17T01:32:30.000Z,
twitter,"Jl. K.H. Mas Mansyur , RT.9/RW.5, Kb. Melati, Kecamatan Tanah Abang, Kota Jakarta Pusat, Daerah Khusus Ibukota Jakarta 10230",2024-05-15T09:43:42.000Z,
twitter,"Moms, pernah bahas seputar KB vasektomi bersama suami? Kepala BKKBN dr. Hasto Wardoyo mengungkapkan KB pria vasektomi masih banyak disalahartikan sebagai kebiri. #momsupdate #update #mom #storyshot http://bit.ly/4dEvQwm",2024-05-15T09:15:42.000Z,
twitter,"Jangan-jangan perlu dibuatkan aturan hukumnya. 

Punya anak > 12 boleh saja asalkan kondisi ekonomi dan kemampuan pengasuhan dapat menjamin hingga anak-anak mandiri semuanya. 

Jika tidak, maka KB wajib di pria, vasektomi lebih bagus.",2024-05-15T06:00:24.000Z,
twitter,"Munculnya gerakan dukung vasektomi sendiri didorong perasaan tidak adil wanita saja yg ikut KB, pria tidak. Makanya ada vasektomi",2024-05-13T09:29:37.000Z,
twitter,"Vasektomi pun ada dampak negatif buat pria lho..
Yg pasti ketidaknyamanan di testis, krn testis bakal terasa penuh..
Bisa jg ada kista, dsb..

Secara agama pun, sepertinya kita melanggar kodrat..
Ada kondom kok klo gak mau KB..

Lgpula, yakin masa depanmu sm istri lancar² aja?",2024-05-12T05:28:13.000Z,
twitter,"Sedihnya adalah, kita sama-sama tau kalau kita argumen pake ini fragile men most likely mau vasektomi daripada kalau kita pake argumen, pria juga perlu KB, efek samping KB di wanita bisa lalalalala. And it shows how big their ego is... Yang penting kesenangan mereka lancar jayaa",2024-05-12T05:28:03.000Z,
twitter,Cek sensitif vivo passionate dots 1 pack isi 3 pc / kondom / kontrasepsi pria / KB / sekali pakai dengan harga Rp13.900. Dapatkan di Shopee sekarang! https://shope.ee/qNSl5QsfQ?share_channel_code=7…,2024-05-11T04:59:32.000Z,
twitter,"Iya Selain Buat kehamilan,nutrisi Vitamin Dan Pengencang Wajah Atau Masker,Sperma Juga Bisa Dipakai Sebagai Alat Buat Menjarangi Kehamilan yg sekaligus Pria Dapat Melatih Dan Mengundang Selera Wanita Buat Menikmati Aktifitas &Selingan Hiburan Yg Tak Selalu PiL KB buat Digunakan",2024-05-10T16:20:32.000Z,
twitter,"Yg lucu adalah, pria banyak yg ga tau sama prosedur KB dan efek sampingnya, tapi yg paling getol nyuruh perempuan pake

Karena ogah ribet",2024-05-10T11:36:37.000Z,
twitter,"Negara kita memang patriarki,
Contoh sederhananya, yg seharusnya di KB adalah pria, bukan wanita.
Wanita terlalu banyak resikonya, dan bahkan wanita akan mengalami menopouse.
Kalau pria? Mana ada menopouse, yg ada gas teros ",2024-05-08T12:00:40.000Z,
twitter,"Emang kenapa mbak kalau saya khawatir operasi vasektomi? Ga boleh? Ga usah pula membandingkan-bandingkan

Jangan menggenalisir kalau pria seperti pikiran kamu. Ga ada pula saya suruh istri saya buat tubektomi, ga pula saya suruh minum pil kb dan suntik kb.",2024-05-08T10:22:25.000Z,
twitter,"Gw bikin WAStory intinya masalah ketidakadilan knp klo KB sasaran programnya cm perempuan (hbs liat pengumuman kader posyandu ttg program KB, sasaran cm perempuan, tak scroll gada nyinggung utk pria sama sekali), dan berujung w share pngalaman melahirkan (yg traumatis buat gw) &",2024-05-06T14:40:47.000Z,
twitter,Makanya buat kalian para pria klo sekiranya gk mampu secara ekonomi jgn bw anak org dan anak kalian menderita Atau minimal kalian pk kb buat jgn nambah anak dl klo kalian ngerasa gk mampu Kasian adeknya Ya Allah,2024-05-06T07:40:58.000Z,
twitter,"Lhoooo wong Mojokerto Iki..........baru nyadar juga saya: kenapa gak kita sounding ibu bupati kita yg seorang dokter ini utk kembali support program MOP ya.
Ayo wong Mojokerto kita rame2 support dan kembali promosikan program MOP sbg bukti: pria peduli KB.",2024-05-06T00:20:23.000Z,
twitter,"Vasektomi KB pria
Gratis dan bahkan dapat uang",2024-05-05T23:22:25.000Z,
twitter,"Keren ini, sedikit orang menyadari pentingnya KB apalagi pria",2024-05-04T06:41:50.000Z,
twitter,Kak bersedia untuk bantu isi kuesioner penelitian saya? Kebetulan saya sedang melakukan penelitian tentang KB Pria ,2024-05-04T06:07:34.000Z,
twitter,Kak bersedia untuk bantu isi kuesioner penelitian saya? Kebetulan saya sedang melakukan penelitian tentang KB Pria ,2024-05-04T06:07:05.000Z,
twitter,"padahal perempuan yang tubektomi juga sedikit. yang banyak itu Pil, Suntik, sama IUD (spiral) yang mana ga permanen.

pria juga ada KB yang ga permanen: Kondom, Suntik Testosteron, dan Gel Testosteron.

lawannya KB pada perempuan itu banyak, ga melulu Vasektomi.",2024-05-04T06:01:49.000Z,
twitter,"bkkbn kayaknya lg menggalakkan kb pria, kemarin liat iklan layanan masyarakat baliho gt gedee. good for us lah.",2024-05-04T05:03:18.000Z,
twitter,"Bersyukur masih bisa liat ada pria yang mau vasektomi atau mau KB ngegantiin istrinya, alhamdulillah..",2024-05-04T04:57:08.000Z,
twitter,"secara fakta, pemerintahan liberal woke [prancis] menaruh kimia di saluran air [pipis wanita yang mengkonsumsi pil kb] yang membuat semua pria menjadi slutty [kelebihan kadar estrogen]",2024-05-03T12:36:43.000Z,
twitter,"Kenapa malah fokusnya ke kodrat? Padahal yg kebanyakan dipermasalahkan menurutku itu vasektominya. Kalo kb paling aman kan ada kondom, tanpa perlu ""merusak"" fisiologis manusia. Bukan ngomongin kodrat lagi yg penuh dgn ego antar pria wanita, tpi keamanan bagi masing-masing pribadi",2024-04-23T09:44:26.000Z,
twitter,"mjb jgn ribut kaka2 tp emg bener dr penelitian klo ada yg nganggep kb itu urusan wanita/kodrat wanita, itu adl stigma. bs search aja jurnal2 vasectomy/ male contraception atau stigma kb pria",2024-04-23T09:23:13.000Z,
twitter,"Jujurrrrrrr...

KB ya bukan kodrat.
Bukan pria bukan wanita.
Ya kompromi aja. 
Monggo bebas didiskusikan.

Tapiiiii...
Aku dgr vasektomi aja udah ngeri. 
Males ngulang sunat ga enak. ",2024-04-23T02:10:20.000Z,
twitter,"Kk gw cerita suaminya slama 10th pke metode CI krn pas liat istrinya susah bgt ngidamnya pas hamil dan after birthing make kb pun efeknya ga bagus buat tubuh istrinya, so dr kesepakatan mrk, suaminya mutusin memakai metode itu slama bertahun2 yg blm tentu smua pria mau, see?",2024-04-23T01:21:52.000Z,
twitter,Aku denger pas ust felix di podcast nikita willy tuh kalo kb apapun buat perempuan gpp kalo vasektomi buat pria dilarang(?) Why,2024-04-22T23:02:34.000Z,
twitter,"Gak ada yang bilang vasektomi itu kodrat pria, dia ngetiknya ""kb bukan kodrat wanita"". Baca lagi! Kalo wanita kb adalah usaha untuk mengendalikan kelahiran, maka ya sah saja kalau pria ""mau"" melakukan vasektomi demi istrinya toh tdk ada yg mewajibkan, tp dianya MAU. https://x.com/guardian1437/s/guardian1437/status/1781876662667485399…",2024-04-22T22:44:18.000Z,
twitter,Kb juga bukan kodrat perempuan. Mengatur kehamilan itu kan kesepakatan bersama suami istri. Tidak ada hubungan sama kodrat. Para pria kenapa kl dibalikin mainan kartu kodrat nya ngegasnya sampai sundul langit sih. Giliran mainin kartunya ke cewe santai bgt https://x.com/guardian1437/s/guardian1437/status/1781876662667485399…,2024-04-22T22:16:39.000Z,
twitter,"kenapa masnya sewot krn istrinya ngerasa disayang padahal itu sama suami sendiri and yet his logical fallacy of thinking that ""karena kb bukan kodrat wanita maka otomatis jadi kodrat pria"" makes me  pathetic bgt https://x.com/guardian1437/s/guardian1437/status/1781876662667485399…",2024-04-22T21:24:07.000Z,
twitter,"poin dia bukan ke kodrat pria gasi bang? yang gua tangkep dia bilang kalo KB itubukan kewajibannya seorang wanita, lelaki pun bisa KB (jika mau) ya kalo emang gamau KB dua2nya ya gausah KB -_-",2024-04-22T20:10:31.000Z,
twitter,"Yang bilang vasektomi itu kodrat pria siapa emang? KB bukan kodrat wanita bukan berarti otomatis jadi kodrat pria, hadehhh bloon",2024-04-22T10:21:19.000Z,
twitter,"Serma Adi Sarjono Babinsa Jatimulyo Koramil 12/Girimulyo Kodim 0731/Kulon Progo, Minggu (21/04/2024), di Sekretariat KB Pria Kokoh, Karanggede, menghadiri Pertemuan Anggota Kelompok KB Pria Kokoh dan Pembenahan Administrasi dan Dokumentasi",2024-04-22T04:39:16.000Z,
twitter,"Serma Adi Sarjono Babinsa Jatimulyo Koramil 12/Girimulyo Kodim 0731/Kulon Progo, Minggu (21/04/2024), menghadiri Pertemuan Anggota Kelompok KB Pria Kokoh dan Pembenahan Administrasi dan Dokumentasi dalam rangka mengikuti Penilaian Lomba Kelompok KB Pria Tk Nasional tahun 2024.",2024-04-22T04:35:50.000Z,
twitter,"kalo case vasektomi karena yang pria alergi kondom dan kb untuk wanita sangat memengaruhi fluktuasi hormon, masuk darurat gak?",2024-04-20T10:33:12.000Z,
twitter,tantangan2 membuat pil KB pria https://x.com/indina85941205/status/1710462476339609746?t=dfbvIayV8SKZBJpucqJ5kg&s=19…,2024-04-20T08:35:03.000Z,
twitter,"ya terus apa? dia alergi kondom. coba sana kamu bikin pil KB pria, terima kasih",2024-04-20T08:33:25.000Z,
twitter,Se7. Wanita cuma subur sebentar. Pria spermanya ga berhenti-berhenti. Yg harus kb itu cowo. Bukan cewe,2024-04-20T05:51:42.000Z,
twitter,KB Pria,2024-04-19T10:32:21.000Z,
twitter,"Tingkatkan Kesertaan KB Pria, Perwakilan BKKBN DIY Selenggarakan Kelompok KB Pria https://jogjapolitan.harianjogja.com/read/2024/04/18/510/1171666/tingkatkan-kesertaan-kb-pria-perwakilan-bkkbn-diy-selenggarakan-kelompok-kb-pria?utm_source=dlvr.it&utm_medium=twitter… #beritajogja #jogja #jogjaistimewa",2024-04-18T10:55:37.000Z,
twitter,"pernah bahas kb untuk pria sama temen, kita tinggal di desa jadi kb buat cowok tabu disini alias ga banyak yg tau

me : kenapa sih yg kb kebanyakan cewek, cowok kek yg kb juga
temen : yg cowok enak ntar bisa 'jajan' sana sini

ku tak tau nanggepinnya gimana",2024-04-17T14:58:49.000Z,
twitter,"Aman kok, makanya aku suruh konsul dulu, kb pil pun tetap bisa tegang kok bg, kan tahun berapa itu, ada di salah satu kota pria di anjur kan kb untuk mencegah anak banyak, kalau bg kan pengen kurangi coli, rasa aku gk jauh beda sehc bg, tapi y serah bg lah tuhc lagi",2024-04-17T13:59:47.000Z,
twitter,":’( sedih bgt sih ini, kl emg mau kb cari tau resikonya gihhhh. Biar tau jg kl kb pria lebih praktis dan minim efeknya cuma pd gengsi aja tp giliran nambah anak, drama kebobolan pdhl udh tau bisa jd dan uang juga ga ada wkwk lusyu:(",2024-04-09T12:47:47.000Z,
twitter,"Berarti sendalnya steril juga ya, dok?

Jika iya sendalnya steril juga, apakah bisa dijadikan alternatif alat KB untuk pria?",2024-04-06T10:09:45.000Z,
twitter,"Dan aku agak kaget sama jawabannya, ""Aku udh bahas sebelumnya mas mu yang bakal di KB"" klo ga salah sejenis di operasi kecil gitu aku kaget karena kayanya di keluargaku sepupu ku nih org pertama pria yang mau di KB.",2024-04-01T15:08:16.000Z,
twitter,Cek KB-S52 Sandal Slop Rumah Hotel Bahan Eva Sendal Karet Kamar Mandi Empuk Anti Slip Sandals Wanita Pria Couple dengan harga Rp17.480. Dapatkan di Shopee sekarang! https://shope.ee/A9u34foA6d?share_channel_code=7…,2024-03-30T07:51:59.000Z,
twitter,Tu thi kb Jo niklegi ,2024-03-29T09:07:46.000Z,
twitter,Tum log bb se bhar kb aaoge hd hogi tum sare khud Elvish k liye hate laate ho,2024-03-27T19:17:43.000Z,
twitter,"Kenapa kucing gak KB aja, lah udah ada steril. Menurut ngana apa tujuan kucing di steril? KELAMIN PRIA!",2024-03-26T06:24:35.000Z,
twitter,padahalkan kontrasepsi juga ada buat pria tapi selalu dibebankan ke perempuan dan pemerintah pun mengedukasikan program kb 2 anak cukup yah beban utamanya di perempuan juga jadi perempuan tuh emang serba salah yah,2024-03-23T07:01:03.000Z,
twitter,normalize pria KB dan tes HPV,2024-03-21T02:38:44.000Z,
twitter,"Suaminya keren bisa menempatkan diri di posisi perempuan. KB, ini yg krusial, dianggap urusan istri. Apalgi ada KB yg bikin wajah flek parah dan gendutan. Bnyk istri yg minder tp terpaksa. Pdhl bnyk pilihan KB termasuk KB bagi pria",2024-03-20T18:11:28.000Z,
twitter,Pengen banget society itu lbh aware. Kalau KB itu bs dilakukan pria. Cewek tu udah hamil melahirkan menyusui ngurus rumah dan ada yang kerja.. masih harus KB pula. Ntar efek KB ada yg bikin gemuk jerawat hormon kacau trus lakinya selingkuh liat yang lbh glowing. Its not fair,2024-03-18T13:21:50.000Z,
twitter,"Bisa KB untuk pria ada 2 jenis, kondom dan MOP ( metode operasi pria ) atau sering dibilang Pasek Tomi",2024-03-18T05:00:38.000Z,
twitter,"karena KB wanita itu banyak yang nonpermanen, maka lebih fleksibel seandainya ada perubahan rencana. tradeoffnya yaa rajin minum pil, sakit pasang IUD tiap 5-10 tahun, rajin pasang patch.

beda dengan KB pria, yang di indonesia baru terbatas pada kondom dan vasektomi (afaik)",2024-03-18T03:48:37.000Z,
twitter,KB Sterilisasi adalah prosedur permanen untuk mencegah kehamilan dengan menghentikan kemampuan reproduksi pada pria atau wanita.,2024-03-14T02:38:18.000Z,
twitter,"Angka Keikutsertaan Pria untuk KB di Solo Masih Rendah, Ini Penyebabnya https://soloraya.solopos.com/angka-keikutsertaan-pria-untuk-kb-di-solo-masih-rendah-ini-penyebabnya-1878418?utm_source=dlvr.it&utm_medium=twitter…",2024-03-07T12:04:36.000Z,
twitter,"Pernah dulu konsul sm dokter dan beberapa pengalaman org sekitar. Klo nanti pingin berencana utk punya anak, mending KB tanggal, krn KB IUD bisa mempengaruhi hormon wanita, dan kondom bisa mempengaruhi sel sperma pria",2024-03-05T09:15:04.000Z,
twitter,Cek sensitif vivo passionate dots 1 pack isi 3 pc / kondom / kontrasepsi pria / KB / sekali pakai dengan harga Rp13.622. Dapatkan di Shopee sekarang! https://shope.ee/8A8GUoZg0V,2024-03-02T14:50:57.000Z,
twitter,"Metode Operasi Pria (MOP) adalah salah satu KB permanen yang bisa dijalani oleh seorang pria untuk mencegah kehamilan pada pasangan. Vasektomi atau MOP merupakan metode kontrasepsi yang sifatnya permanen, tapi tidak menghalangi pria untuk mengalami ejakulasi dan orgasme. #maret",2024-03-01T05:11:02.000Z,
twitter,"Barusan aja kemarin sore, ditemukan KB buat pria https://x.com/anaive__/statu/anaive__/status/1761432612118331475…",2024-02-25T02:03:30.000Z,
twitter,"pilihan.. Kepesertaan Pria Pakai KB Masih Rendah, Berikut Manfaat Kondom Bagi Suami-Istri - http://Tribunnews.com http://dlvr.it/T340yL ..lelaki",2024-02-21T19:16:06.000Z,
twitter,Terus kb alami atau kb pria kak?,2024-02-20T07:12:16.000Z,
twitter,"CURIGA Istri Minum Pil KB, Pria Ini Tusuk Mantan Pacar Istri, Ternyata Dilecehkan Usai Pulang Reuni
 
https://medan.tribunnews.com/2024/02/02/curiga-istri-minum-pil-kb-pria-ini-tusuk-mantan-pacar-istri-ternyata-dilecehkan-usai-pulang-reuni… via 
@tribunnews",2024-02-01T23:31:06.000Z,
twitter,"apa bedanya? sama aja kok mau pria atau wanita yang kb toh keduanya manusia kan? di sini kasusnya suami mbaknya yang pengen kb ya otomatis dia lah yang harus ngelakuin kok malah mbaknya sih
Ibarat kamu pengen rambut gundul tapi malah istrimu yang kamu gundulin ya salah kaprah",2024-01-26T13:00:17.000Z,
twitter,"tbh, adnan lagi-lagi ngajarin gue ilmu baru, tadinya gue kebanyakan tau kb cuma untuk perempuan tp gue coba search dan cari tau, ternyata ada kb untuk pria. dia ada beneran bikin gue mau search untuk build his character sesuai apa yang ingin gue tulis",2024-01-21T07:37:08.000Z,
twitter,"Aku sih pro dan ga masalah dengan vasektomi, cuman frase ""yang penting istrinya sehat dan nyaman tanpa manipulasi hormonal"" ini nyakitin banget.

Jadi kalau pria yang ga sehat ga papa gitu?

Semua pilihan KB memang harus ada yang berkorban, tapi ga usah lah pakai frase begini.",2024-01-21T05:30:42.000Z,
twitter,Kalo kb sementara untuk pria ada gak ya? Atau kalo sementara harus dari sisi istri?,2024-01-21T05:20:22.000Z,
twitter,"Pria pake kb gak langsung jadi hewan bloom yg gak bisa beranak pinak. Yuk bisa yuk, sayangi istri mu dengan tidak memaksa mereka jadi mesin penghasil keturunan atau memaksa mereka pakai kb. ",2024-01-21T04:09:10.000Z,
twitter,"Pernah nyari info soal ini. Kalo pengen KB di laki, apakah ada yang sifatnya reversibel. Waktu itu adanya vasektomi aja yg permanen, sementara suntik KB pria belum ada di sini (kayaknya masih dalam tahap pengembangan di negara lain?), cmiiw. Makanya pilih IUD jadinya",2024-01-20T22:31:41.000Z,
twitter,"baru tau yg namanya vasektomi ini, opsi lain dari KB tapi dilakukan oleh pria ",2024-01-20T20:22:35.000Z,
twitter,Yes betul. Suami saya mau alhamdulillah. Saatnya menggalakkan KB pria ,2024-01-20T15:44:43.000Z,
twitter,"Selalu nanya ke laki2 yg lagi pdkt, POV dia soal vasektomi gimana? Mostly ga mau, katanya masih muda masa dibikin mandul. Sampe gw tnya mau hamilin siapa lagi sih selain istri? akhirnya nemu yg open minded mau belajar soal KB pada pria ini. Cinta!!!!",2024-01-20T08:32:13.000Z,
twitter,"Cek Durex Invisible Extra Thin 2'S / Kondom / Alat Kontrasepsi / KB / Sexualitas Pria / Rubbers / Condom dengan harga Rp48.400. Dapatkan di Shopee sekarang! https://shope.ee/5V6PfhaoIv?share_channel_code=7…

anime manga onepiece netflix spotify mvs mufc doodstream #viralvideo #racunshopee #shopee #spillra",2024-01-20T04:56:39.000Z,
twitter,"Cek Durex Kondom Fetherlite 12pcs / Alat Kontrasepsi / KB / Sexualitas Pria / Rubbers / Condom dengan harga Rp106.000. Dapatkan di Shopee sekarang! https://shope.ee/g19uhVVCg?share_channel_code=7…

anime manga onepiece netflix spotify mvs mufc doodstream #viralvideo #racunshopee #shopee #spillracunshopee",2024-01-20T04:54:50.000Z,
twitter,"Cek Durex Invisible Extra Thin 2'S / Kondom / Alat Kontrasepsi / KB / Sexualitas Pria / Rubbers / Condom dengan harga Rp40.848. Dapatkan di Shopee sekarang! https://shope.ee/8pMgufPRgd?share_channel_code=7…

anime manga onepiece netflix spotify mvs mufc doodstream #viralvideo",2024-01-13T11:30:52.000Z,
twitter,"Disewakan Kost Pria/Wanita Stariez Pulomas by AbdiHome Termasuk Listrik - Dekat ke Halte Rawasari, RS KB Columbia Asia Pulomas, Kelapa Gading #properti1",2024-01-12T20:11:30.000Z,
twitter,Kelompok syiah houthi suka konsumsi pil Kb supaya saat perang darahnya yg terluka bisa cepat sembuh. Efek samping obat ini membuat pria tersebut jadi gay. https://x.com/essam017272/st/essam017272/status/1739263069476319257…,2023-12-26T21:06:14.000Z,
twitter,راجب چی حدس بزنی ؟,2023-12-25T06:25:30.000Z,
twitter,"ya bagi saya pribadi, Refugee harusnya bisa menjadi WNI, tentu dgn syarat, misal perolehan gaji selama bekerja di Indo dipotong pajak yg berbeda selama beberapa tahun, telah tinggal di Indo selama 10 tahun, pemberian KB kepada pria dan wanita di atas 30 tahun, dan syarat lainnya.",2023-12-23T02:15:35.000Z,
twitter,"Orang"" kyk gitu masih blom banyak yg tau soal kb pria. Mereka mikirnya abis kb ga bisa crot lah g bisa ini ono dsb makanya banyak yg salah paham akhirnya g mau kb. Pake kondom jelas ogah lah udah sah ini + harus keluar uang lagi buat beli.",2023-12-14T04:02:36.000Z,
twitter,"Tú agitas y polarizas xq seguro vives del chavismo. Quieres q el país no funcione y siga sometido por las armas al yugo robolucionario. Así vives de una asignación sin trabajar y jodiendo al resto de la sociedad.
Basta ya de poner a pobres vs ricos. Debe haber justicia y punto",2023-12-11T08:31:59.000Z,
twitter,"@NubiaCeleste
 no insultó ni descalificó, pero eso fue lo primero y único que hiciste. Te dejó desarmada y en evidencia.
Tú post está escrito desde el mayor resentimiento posible.
El rico y el pobre no son buenos o malos solo por serlo. Hay de todo en todas partes.",2023-12-11T08:27:24.000Z,
twitter,"Sdr Kami !! Berpositip Tiengking Saja Dulu,Krn Penilaian Dari Kaum Pria,Semua Tidak Sama: Yg Lebih Baik,Benar dn Jujur: Ilmu Akademi dn Ilmu Pengentahuanya,Digunakn Utk Apa dan Kepentingan Siapa !! Jika utk KB,Bangsa dan Ngr,Demi Keadilan,Baru OK",2023-12-09T03:47:48.000Z,
twitter,"Punya, vasektomi tapi KB untuk pria.",2023-12-08T11:13:36.000Z,
twitter,"Trus kalau istrinya yg kena efek samping penggunaan pil kb dan iud sebelum punya anak nggak apa2 gitu ? Nanti kalau istrinya nggak bisa ngasih anak suaminya hidup enak karena masih bisa nikah lagi, gitu kah maksud anda ? Kenapa harus wanita yg sengsara karena lemiskinan pria?",2023-12-05T19:43:30.000Z,
twitter,"Padahal kalau istrinya nggak bisa minum pil kb, cowoknya juga bisa vesektomi atau kb pada pria https://deanfarma.com/2023/03/macam-macam-kondomalat-kontrasepsi-buat.html?m=1…",2023-12-05T11:16:58.000Z,
twitter,"gpp, nikah nikah aja, soal punya anak itu bisa diprogram entah pake kndm atau suntik KB.",2023-12-04T21:31:08.000Z,
twitter,"gpp, nikah nikah aja, soal punya anak itu bisa diprogram entah pake kndm atau suntik KB.",2023-12-04T21:31:08.000Z,
twitter,Kapan ya ad kb suntik/implan buat pria?Cape bgt selalu perempuan yg disuruh kb,2023-12-01T08:17:37.000Z,
twitter,"Delapan Akseptor KB Pria Terima Penghargaan - 
#JatengGayeng
https://jatengprov.go.id/beritadaerah/delapan-akseptor-kb-pria-terima-penghargaan/…",2023-11-25T09:50:43.000Z,
twitter,Delapan Akseptor KB Pria Terima Penghargaan Bupati Semarang - https://jatengpos.co.id/delapan-akseptor-kb-pria-terima-penghargaan-bupati-semarang/muis/…,2023-11-24T00:37:34.000Z,
twitter,"Batik Waskito Kemeja Batik Katun Pria Black KB 13709 VKMX0DC

https://invl.io/clg4v2b?8fCMzb56…",2023-11-20T14:29:46.000Z,
twitter,"Kantor gue ngurusin KB... dan sosialisasi KB pria ini juga udah banyak bahkan ada bansosnya. Tapi ya gitu masyarakat kita ini pualiinngg susaahh disuruh KB, jangankan suaminya... istrinya KB aja buanyaakk yg nga dibolehin KB sma suaminya ",2023-11-19T19:21:02.000Z,
twitter,"Pengertian Vasektomi Berikut dengan Prosedur dalam Tindakan KB Khusus Pria, Jadi Salah Satu Program KB yang Tidak Hanya untuk Wanita! http://dlvr.it/Syy7FQ",2023-11-17T11:23:33.000Z,
twitter,"17 November Memperingati Hari Vasektomi Sedunia, Metode KB Pria yang Efektif Cegah Kehamilan",2023-11-17T06:21:03.000Z,
twitter,Babinsa Koramil 05/Banguntapan peltu Sumarno dan Sertu Anwar menghadiri undangan sosialisasi KB  pria dan wanita di aula kal Tamanan Banguntapan Bantul.,2023-11-17T06:16:32.000Z,
twitter,Cek 29 33 CARDINAL Original Pria Celana Pendek Katun Cargo Casual EBV480 KB dengan harga Rp168.750. Dapatkan di Shopee sekarang! https://shope.ee/4poKWzA5Yn?share_channel_code=7…,2023-10-19T04:46:56.000Z,
twitter,Sejarah Jamu Jago: Legenda Jamu Vitalitas Pria yang Pernah Jadi “Duta” KB  #Terbaru,2023-10-17T08:26:47.000Z,
twitter,"Senin  16/10/ 2023 bertempat Denkesyah Surakarta Klinik Pratama Kartika 01  Surakarta Babinsa Purwosari Sertu Murdianto dan Sertu Teguh Pria  pendampingan pelayanan Safari  KB  dalam rangka HUT TNI Manunggal Bangga Kencana Kesehatan th 2023 
#babinsasurakarta
#pendimsurakarta",2023-10-16T09:53:38.000Z,
twitter,"Senin 16/10/2023 pukul 08.00 Wib Denkesyah Ska Klinik Pratama Kartika 01, Babinsa Purwosari Sertu Murdianto dan Sertu Teguh Pria pendampingan pelayanan Safari Program KB Serentak dalam rangka HUT TNI Manunggal Bangga Kencana Kesehatan th 2023

#babinsasurakarta 
#pendimsurakarta",2023-10-16T05:38:22.000Z,
twitter,Ada Vasektomi dan Suntik Hormon(menurunkan produksi sperma) Ini dua hal yang pro-kontra buat masyarakat karena merasa gak etis masa cowonya yang KB padahal.. Rentang produksi sperma pria (yang regenerasi tiap hari) sama kemampuan wanita buat hamil (1 tahun sekali) udah jelas kan,2023-10-12T01:28:26.000Z,
twitter,متوجه نشدم,2023-10-11T12:44:15.000Z,
twitter,Pria juga perlu KB untuk mencegah kehamilan. KB untuk pria juga efek sampingnya ga sebanyak wanita,2023-10-11T02:13:24.000Z,
twitter,"Disamping itu kalo nggak hamil, ada pria ngatain istrinya mandul terus gak percaya KB bilang KB haram dsbg. Gak ngebolehin istrinya KB",2023-10-10T22:23:26.000Z,
twitter,نداریم تموم کردیم,2023-10-10T21:58:58.000Z,
twitter,کی گفته نمیشه؟,2023-10-10T21:49:31.000Z,
twitter,نون خامه اییه,2023-10-10T21:44:34.000Z,
twitter,"truex had cole pearn, big difference",2023-10-09T20:22:31.000Z,
twitter,"Saya sering encourage pria untuk KB, tapi biasanya di lapangan terbentur kondisi : 
- Kontrasepsi untuk pria masih terbatas (kondom, vasektomi & coitus interuptus)
- Banyak wanita yg takut kalo suaminya KB justru nanti celup sana sini dengan bebas. 

Akhirnya wanita yang KB.",2023-10-09T09:42:18.000Z,
twitter,"Dalam 10 tahun, dia bisa hamilin puluhan perempuan berkedok infertilitas. 

Ini bukti bahwa, yg harusnya pake kontrasepsi itu pria. Bukan malah perempuan yg disuruh KB dgn macam2 metode, sdgkn pria cuma kondom.

Perempuan cuma bs hamil sekali dalam hampir 2 tahun, minimal.",2023-10-06T14:33:41.000Z,
twitter,kb 7-0 streamer promosi judol wkwk,2023-10-04T09:51:19.000Z,
twitter,"Seorang Pria tak berkutik, ketika diringkus Jajaran Polsek Tambusai Utara Polres Rokan Hulu (Rohul) dalam kasus Tindak Pidana Pencurian Dengan Pemberatan (TP Curat). ""Tersangka inisial NMP (36), Pelapor YS (27), sedangkan Saksi KB (53) dan FW (53),""",2023-10-04T00:33:56.000Z,
twitter,tete lo tuh ngondoy & body kaya emak2 efek pake pil kb aja belagu sok cantik & digemari pria. klo lo mau jd lonte mah lonte aja kali gk usah cari ribut sama gue. kena kan lo batunya skrg. kualat sama gue. salah cari lawan lo itu.,2023-10-03T14:50:58.000Z,
twitter,"Bisa jadi, kalo ada yang mau jadi istri di keluarga tradisional buat pria ini juga ga masalah asal kebutuhan materil bisa kecover dengan satu income, selebihnya ya realistis aja kalo ga cukup, dua-duanya kerja dan kb dulu",2023-10-03T02:26:40.000Z,
twitter,"Waht pria penghibur kah kayak badut?  BANYAK BANGET ANAKNYA, bukan keluarga kb ya? ",2023-09-30T06:14:25.000Z,
twitter,"#NOW
Talkshow Dinsos P2KB membahas mengenai ""Efektivitas Peran KB Pria dalam Upaya Pencegahan Kehamilan"" bersama:
1. Dokter dan Kepala UPT Puskesmas Pekalongan Selatan - dr.Aswina ‘Azis Michroza
2. Ketua IPeKB Jawa Tengah - Wahyu Dhayat Minulyo, SKM, M.A.P",2023-09-29T06:22:41.000Z,
twitter,"Hai Kawan, Jangan lewatkan ""Talk Show Dinsos P2KB"" yang akan membahas mengenai  “Efektivitas Peran KB Pria dalam Upaya Pencegahan Kehamilan”, pada : 

 Hari/Tanggal : Jum'at, 29 September 2023
Pukul 13.00 - 14.00 WIB",2023-09-29T01:39:02.000Z,
twitter,"nggak.

Program KB tidak menjamin sebuah keluarga hanya memiliki 2 orang anak.
dan para pria juga tidak mau didikte untuk memakai kondom sbg langkah preventif selain alat KB pada wanita.

ya soalnya mereka mikirnya kan nikah supaya bisa ngewe dgn sah, halal, “tembak dalem”.",2023-09-22T18:56:35.000Z,
twitter,BKKBN Riau Edukasi KB Pria Vesktomi pada puluhan driver ojol,2023-09-22T11:56:14.000Z,
twitter,Cek Durex Kondom Fetherlite 12pcs / Alat Kontrasepsi / KB / Sexualitas Pria / Rubbers / Condom dengan harga Rp106.000. Dapatkan di Shopee sekarang! https://shope.ee/LKTtx8up4?share_channel_code=7…,2023-08-24T05:33:32.000Z,
twitter,"Aku dan suami pake crown. Yg tanya kenapa udah pasutri masih pake kondom. Kondom itu salah satu alat KB, dan knp pilih kondom, karna aku menolak KB utk wanita dg segala efek samping yg ditimbulkan. Saatnya pria ikut berpartisipasi KB",2023-08-23T14:15:56.000Z,
twitter,"akan tetap jatuh ke tangan suami/pasangan pria. Saat ini saja sekadar memilih KB wanita tidak kuasa memutuskan. Kami yg kerja di obgyn kental betul hal itu, pasangan yg layak kontap misalnya, kadang sulit sekali meminta persetujuan jika suami yg menolak.",2023-08-11T21:39:38.000Z,
twitter,"aborsi itu bukan solusi. 
gencarkan program KB utk pria dan wanita.

harus kuat pencegahannya.",2023-08-11T06:57:32.000Z,
twitter,"seenak itu roger si pria misterius.
makasih sarannya bang kb ",2023-08-10T20:28:21.000Z,
twitter,"Minggu, 06 Agustus 2023
Pelayanan KB MOP (Metode Operasi Pria) di Klinik Sang Timur dengan akseptor 1 orang dari Kecamatan Juwiring.",2023-08-08T07:47:07.000Z,
twitter,"UWAAAAAAA keren btw gw egk tau ada kb pria jadi tau, tapi keren sih soalnya biasanya cwe yg di suruh kb",2023-07-31T08:12:15.000Z,
twitter,Di Indonesia istrinya disuruh KB kl kebobolan yg salah istrinya @BKKBNofficial tolong dong min di Kampanyekan lg di semua sosmed & bikin pamflet sekalian yg gede biar pria indo pada sadar ,2023-07-31T07:25:33.000Z,
twitter,Bapak-bapak mau cobain pil KB untuk pria? #KB #pilkbpria #kontrasepsi #gelkontrasepsi #seksedukasi,2023-07-08T08:46:57.000Z,
twitter,"yang mengandung sel benih hanya sekitar 0,15 cc saja. Dan ketiga campuran ini yang disebut sperma. Pada sterilisasi pria untuk kepentingan keluarga berencana (KB), duktus deferens diikat lalu dipotong untuk mencegah spermatozoa keluar dari testis dan",2023-07-05T05:10:31.000Z,
twitter,"banyak kondom gratis dari pemerintah, emang dasarnya gamau akses program kb, kb ga hanya wanita, pria juga bisa",2023-07-03T02:32:04.000Z,
twitter,"Mengenal Pil KB Pria, Inovasi Terbaru dalam Pengendalian Kelahiran: Seperti apakah pil KB pria? Simak penjelasan dibawah ini! http://dlvr.it/SrRxJm",2023-06-30T04:32:33.000Z,
twitter,"𝐃𝐢𝐬𝐰𝐚𝐲 𝐁𝐫𝐚𝐰𝐢𝐣𝐚𝐲𝐚 𝐀𝐰𝐚𝐫𝐝𝐬—“Vasektomi adalah operasi memutus aliran sperma pada pria,” kata Serma Hajib saat presentasi. Hajib sendiri mengaku telah lebih dulu mengikuti MOP. Sehingga ia lebih yakin untuk mengenalkan KB tersebut.  https://harian.disway.id/read/706916/penjurian-lapangan-babinsa-award-9-satu-kodim-tapi-dua-wilayah-pemerintahan…",2023-06-29T18:19:35.000Z,
twitter,Kelompok KB Pria Smartas Sejahtera Pekanbaru Menjadi Juara di Tingkat Nasional http://dlvr.it/SrM3w3,2023-06-28T10:20:04.000Z,
twitter,"cuma ngebalikin pernyataan lu tadi aja om/tante
di alkitab gak ada satu ayatpun yg nyebutin
perempuan yg harus KB,cowok haram KB
KB itu ciptaan manusia yg mestinya diaplikasikan ke semua tanpa mandang pria/wanita
masih pagi nih om/tante jgn ngelantur lah",2023-06-20T00:17:54.000Z,
twitter,"BKKBN sering mengadakan MOW (mstode operasi wanita) dan MOP (metode operasi pria) bagi para pasangan yang ingin steril dan gratis. Tiap tingkatan wil. kecamatan, ada Balai Penyuluhan KB masing2 & petugas Penyuluh KB. Di tempat saya, MOW MOP akan dijadwalkan Juli mendatang.",2023-06-19T22:01:01.000Z,
twitter,"Verified
#DulurKotaBlitar,  Kelompok MOP Gatotkaca Kota Blitar yang mewakili Provinsi Jawa Timur  berhasil menjadi salah satu nominator dalam penilaian Lomba KB Pria  tingkat Nasional.  
Selengkapnya : 
https://instagram.com/p/Ctqgk7DrAUk/",2023-06-19T07:53:13.000Z,
twitter,pilihan.. Kelompok KB Pria Kencana Desa Lemoape masuk nominasi Lomba KB Nasional 2023 - ANTARA Sulawesi Utara ..lelaki http://dlvr.it/SqqhR1,2023-06-17T18:27:34.000Z,
twitter,Tim Penilai lomba KB pria Kencana MOP Berkunjung ke Desa Lemoape Kabupaten Bone http://dlvr.it/Sqpb2t,2023-06-17T07:15:05.000Z,
twitter,KB Pria jauh lebih kecil risikonya. Kondom nyaris tidak berisiko karena jarang ditemui pengguna yang menderita alergi lateks. Paling hanya merasa kurang nyaman dan kurang praktis saja.,2023-06-12T15:11:34.000Z,
twitter,Banyak Pria Enggan Pakai KB Vasektomi https://radarmalang.jawapos.com/kesehatan/10/06/2023/banyak-pria-enggan-pakai-kb-vasektomi/…,2023-06-10T03:04:56.000Z,
twitter,Laki-laki harus ikut membantu meringankan beban biologis perempuan. Salah satunya dengan mau mengikuti program Keluarga Berencana (KB) untuk pria.,2023-06-08T06:55:03.000Z,
twitter,"Pasti ada lah. Banyak cwo Single yg childfree. Atau bs Duda yg dah punya anak. 

Malah enak. Ga perlu pake alesan aneh2. Ga perlu pusing KB juga. Bebas losss.

Bagi pria yg tepat, dukamu malah jd bahagianya. 

Km belom nemu aja nder. ",2023-06-06T16:30:26.000Z,
twitter,Bati Komsos Koramil 07/Ngeplak Kodim 0732/Sleman Pelda Sihono mengikuti *Lomba Kelompok KB Pria dan Motivator KB Pria Tk. Nasional 2023* secara virtual yang diselenggarakan oleh BKKBN Pusat dalam rangka Hari Keluarga Nasional Th. 2023 bertempat di Kantor PLKB Kapanewon Ngemplak.,2023-05-30T14:31:42.000Z,
twitter,Bukannya kb gratis kak ? Bahkan vasektomi untuk pria juga bisa pake bpjs.,2023-05-29T10:39:43.000Z,
twitter,"Ada kb buat pria
Jadi di sana (Papua), penggunaannya 30 menit sebelum berhubungan. Tapi itu kan masih empiris. Lalu kita teliti, ternyata memang secara ilmiah dapat menurunkan aktivitas dari sperma,"" jelas Prof. Dr. Bambang Prajogo E. W., Apt., MS",2023-05-23T12:13:06.000Z,
twitter,"Gelar tersebut diantaranya:

1. Juara 1 Kelompok KB Pria Windu Kencana se-Jawa Barat,
2. Terbaik 1 Kategori Lomba Kolaborasi Penyuluhan Pencegahan Stunting oleh Penyuluh KB dan Penyuluh Agama Tahun 2023
3. Terbaik 2 Lomba Paduan Suara Gebyar Tim Pendamping Keluarga Tahun 2023",2023-05-16T14:15:45.000Z,
twitter,"Adapun menurut data Sistem Informasi Keluarga (New Siga) BKKBN tahun 2022, jumlah kepesertaan pria dalam melakukan keluarga berencana yaitu dengan kondom sebesar 2,2% dan vasektomi sebesar 0,25. Capaian total 2,48% peserta KB pria tidak sampai dari separuh target sebesar 5,33%.",2023-05-08T06:15:36.000Z,
twitter,"Badan Kependudukan dan Keluarga Berencana Nasional DI Yogyakarta (BKKBN) menghimbau suami untuk menjadi peserta keluarga berencana. KB untuk pria dinilai memiliki risiko yang lebih minim dibandingkan wanita. Walaupun program KB Pria minim risiko, kepesertaan KB Pria masih rendah.",2023-05-08T06:15:35.000Z,
twitter,"Miliki Risiko Lebih Kecil, BKKBN Minta Pria untuk Berpartisipasi dalam KB

http://simbah-kakung.blogspot.com/2023/05/miliki-risiko-lebih-kecil-bkkbn-minta.html?m=0…",2023-05-08T05:31:08.000Z,
twitter,"Miliki Risiko Lebih Kecil, BKKBN Minta Pria untuk Berpartisipasi dalam KB

http://simbah-kakung.blogspot.com/2023/05/miliki-risiko-lebih-kecil-bkkbn-minta.html?m=0…",2023-05-08T05:30:55.000Z,
twitter,"Miliki Risiko Lebih Kecil, BKKBN Minta Pria untuk Berpartisipasi dalam KB

http://simbah-kakung.blogspot.com/2023/05/miliki-risiko-lebih-kecil-bkkbn-minta.html?m=0…",2023-05-08T05:30:45.000Z,
twitter,Jumlah pria yang ikut melakukan program keluarga berencana (KB) masih rendah. Padahal KB pria dinilai jauh lebih rendah risiko daripada KB wanita.,2023-05-07T10:13:33.000Z,
twitter,Jumlah pria yang ikut melakukan program keluarga berencana (KB) masih rendah. Padahal KB pria dinilai jauh lebih rendah risiko daripada KB wanita.,2023-05-07T09:45:00.000Z,
twitter,Satriyo Widodo Sleman Terpilih jadi Kelompok KB Pria Terbaik DIY 2023 https://ift.tt/jx3A4yq,2023-05-05T04:02:17.000Z,
twitter,"Program Bangga Kencana, Pelibatan Warga Sukseskan Program KB Pria https://ift.tt/5kxaCKm",2023-05-04T02:12:45.000Z,
twitter,Lomba KB Pria Menjadi Upaya Peningkatan Kesertaan di Sulsel https://ift.tt/leTwsOK,2023-05-03T13:14:49.000Z,
twitter,"Cara kerjanya begini: KB gel ini mengandung kurang lebih dua hormon.

Ada hormon progesteron, yang dominan pada perempuan, dan hormon testosteron pada pria.",2023-04-24T13:34:51.000Z,
twitter,"Ya itu bener sih, karena lebih dosa kalo kita para suami gabisa nafkahin anak dan istri. Miskin bukan pilihan emang, tapi untuk ga banyak anak itu pilihan. Tolong buat orang yg percaya KB haram, silahkan pria nya vasektomi aja ",2023-04-21T21:43:08.000Z,
twitter,"kalo di Survey Demografi dan Kesehatan Indonesia (SDKI), cum di luar (pullout) termasuk salah satu jenis KB. but sepertinya poin pembahasan di atas tuh daripada memaksakan istri KB kenapa gak suami aja yg KB karena sebenernya pria juga bisa KB; pullout, kondom, vasektomi.",2023-04-20T19:05:59.000Z,
twitter,"Kabar Baik, Pil KB untuk Pria Bakal Segera Hadir!",2023-04-19T07:44:25.000Z,
twitter,"Indonesia uda kelebihan penduduk makanya ada program KB utk pria dan wanita, entah kapan depopulasinya
yg bikin anak tanpa mikirin financial nya aja msh banyak ",2023-04-18T13:28:02.000Z,
twitter,Kb buat pria udah ada kan? Biar yg diharuskan kb gak cuma istri. Soalnya suka ada kejadian bininya udah kb eh tetep bisa hamil berarti kuat sel suaminya daripada bahan kb ,2023-04-17T14:21:48.000Z,
twitter,Kb buat pria udah ada kan? Biar yg diharuskan kb gak cuma istri. Soalnya suka ada kejadian bininya udah kb eh tetep bisa hamil berarti kuat sel suaminya daripada bahan kb ,2023-04-17T14:21:48.000Z,
twitter,"Solusinya cukup cari pria dengan persona Islam yang kuat, kasih dalil yang mendukung KB (either KB pria/wanita), lalu ""jual"" dia sebagai duta KB",2023-04-17T09:43:29.000Z,
twitter,"Di Indo sering bgt bahas penyuluhan ibu biar kb, tp jarang bgt liat penyuluhan bapak biar vasektomi.
Mungkin masih pd banyak yg mikir vasektomi bikin pria gk bisa ereksi lagi",2023-04-17T05:26:37.000Z,
twitter,"yup, sasaran kb emg mestinya buat pria dan wanita, bukan wanita aja",2023-04-17T03:10:51.000Z,
twitter,"masih bisa kawin kok, mirip vasektomi manusia juga kan, alias KB buat pria, ya gak terus pria nya jadi abstain seumur hidup habis vasektomi. Konsep ini ni yang harusnya orang paham.",2023-04-02T09:55:15.000Z,
twitter,"Suntik KB pria ini harus disuntikkan setiap 8 minggu sekali. Gimana? Berani enggak untuk coba KB suntik? 

Pikir-pikir dulu ya karena obatnya belum resmi di Indonesia. 

Demikian.",2023-03-28T08:10:08.000Z,
twitter,"Jadi suntik KB perempuan dan pria memang memiliki perbedaan di posisi suntiknya.

Kalau perempuan akan disuntik pada bagian lengan atas atau pantat. Maka pria, disuntik pada bagian tertentu di daerah “lato-lato” atau testisnya.",2023-03-28T06:51:38.000Z,
twitter,"Suntik KB identik diperuntukkan untuk perempuan, tapi sebenarnya para pria juga bisa melakukannya. Kabarnya KB tersebut disuntikkan di bagian tertentu “lato-lato”nya, benar enggak tuh? 

Saya jelaskan ya.",2023-03-28T06:49:49.000Z,
twitter,"Aku tepos dan skrg punya 2 anak hihi . Nikahin pria yang cinta personaliti kamu nder bukan fisik kamu. Krn fisik bisa berubah kapanpun. After marriage, after giving birth, belom lg klo KB. Tp klo suami mu cinta sm personality kmu, mau gmnpun rupamu, ga akan ngaruh",2023-03-25T22:44:00.000Z,
twitter,misiii mau nanya yang au marriage tapi dia au angsat bangettt yang cowomya punya anak lain dari orang terus cwonya selalu merhatiin si cwe yang ngandung anaknya terus yang istrinya lagi program hamil tapi cwonya malah minum pil kb pria ada yang tau ga?,2023-03-22T10:54:30.000Z,
twitter,"Program Pria Kaum Bapa (P/KB) Sehat oleh P/KB GMIM Bethlehem Tataaran Dua (Betadu) rutin dilaksanakan setiap Sabtu pagi sebagai ajang meningkatkan kesadaran tentang pentingnya beraktifitas fisik untuk kesehatan.

https://youtu.be/Lc1AFz50Tuk

#betadu
#sehat
#priakaumbapa",2023-03-19T10:11:22.000Z,
twitter,"Bukan hanya untuk wanita, ternyata ada berbagai jenis KB untuk pria yang dapat membantu mencegah kehamilan. Metode kontrasepsi ini umumnya bekerja dengan cara mencegah sperma masuk ke dalam vagina, sehingga tidak terjadi pembuahan.

#kesehatanpria

https://sehatq.com/artikel/jenis-kb-untuk-pria…",2023-03-18T15:00:01.000Z,
twitter,"ada yang namanya pil kontrasepsi untuk pria, suntik KB utk pria, bahkan ada kondom untuk wanita. hal2 sprt itu masih tabu di masyarakat jadi, gk seharusnya wanita doang yg sakit dan repot soal menunda kehamilan.—",2023-03-16T01:24:49.000Z,
twitter,"oleh krn itu, penyuluhan ttg alat kontrasepsi dari kondom hingga family planning (KB) harus lebih gencar lg dipromosikan ke masyarakat baik utk laki2 maupun wanita. kedua gender hrs diedukasi kalau KB bkn hanya selalu ttg wanita dan kondom pun gk selalu ttg pria.—",2023-03-16T01:24:48.000Z,
twitter,"Tim dari University of Minnesota, Amerika Serikat, menemukan, pil KB yang kemungkinan besar aman dikonsumsi pria, efektif, dan tidak menimbulkan efek samping berbahaya. #momsupdate #update #mom #storyshot",2023-03-04T10:00:51.000Z,
twitter,"Moms, selangkah lagi peneliti menemukan pil KB untuk pria! Simak penjelasannya di sini. #momsupdate #update #mom #text https://kumparan.com/kumparanmom/peneliti-uji-coba-pil-kb-pria-hasilnya-99-persen-efektif-1zvJoWYukRg?utm_source=Twitter&utm_medium=post&utm_campaign=seg&utm_content=kmomtw…",2023-03-03T09:14:04.000Z,
twitter,"fun fact, medical & research field itu kan dulu sangat didominasi pria. alhasil penelitian2nya ya dilakukan utk menguntungkan pria. selain kb, masih ada banyak kesenjangan medis yg bisa dibahas, contohnya penggunaan bius pada wanita saat melahirkan, husband stitch, dll",2023-03-03T09:10:30.000Z,
twitter,"Moms, selangkah lagi peneliti menemukan pil KB untuk pria! Simak penjelasannya di sini. #momsupdate #update #mom #text",2023-03-03T07:38:41.000Z,
twitter,"eh tapi dari satu jam pembicaraan yg menarik itu, gue justru tertarik bgt sama kontroversi kb untuk pria",2023-03-03T06:01:43.000Z,
twitter,"Kehadiran motivator KB pria lanjutnya, diharapkan dapat membagi pengalaman kepada masyarakat https://era.id/nasional/119744/kb-dengan-metode-operasi-pria-di-ambon-semakin-diminati-hampir-600-pria-telah-divasektomi…",2023-03-02T10:09:01.000Z,
twitter,"Jalan di Lampung Tengah Rusak Parah, Sosok Pria Ini Singgung Kepala Daerah seperti Pil KB  #jalanrusak https://lampung.jpnn.com/lampung-terkini/4253/jalan-di-lampung-tengah-rusak-parah-sosok-pria-ini-singgung-kepala-daerah-seperti-pil-kb…",2023-03-02T03:25:04.000Z,
twitter,Itu namanya solutif. Kb pria (vasektomi) beberapa daerah malah dikasih uang dan nominalnya lumayan padahal,2023-02-26T00:25:03.000Z,
twitter,"100% Terbukti Nggak Bikin Hamil, Pil KB Pria Siap Dirillis

Anissa aziza david agnes rubiccon last ghibli first ghibli pergi mario lhkpn nikah umur 15 danamon malam minggu polres jaksel kuda
https://aktualindonesia.com/2023/02/100-terbukti-nggak-bikin-hamil-pil-kb.html?m=1…",2023-02-25T14:38:39.000Z,
twitter,beli kb pria yg murah2 aja bisa buat benerin finansial beberapa taun ke dpn inshaa Allah bs mandiri dan gk dibenci ipar,2023-02-25T05:19:41.000Z,
twitter,"Opsi KB lain:
1. Kondom pria atau kondom wanita
2. IUD
3. Implan
4. Perempuannya steril atau lakinya vasektomi
5. Atau pakai metode kalender

Nggak ada alasan ya, sekarang teknologi kontrasepsi udah maju.",2023-02-25T02:32:04.000Z,
twitter,Tetep ada kemungkinan jadi kak. Kb yg 100% ga bakal jadi cuma vasektomi (buat pria) atau potong saluran telur (buat perempuan),2023-02-24T12:00:55.000Z,
twitter,"Lebih dari setengah abad, banyak ilmuwan meneliti kontrasepsi untuk pria. Akan tetapi, mengapa hingga saat ini belum ada pil kontrasepsi atau pil KB untuk pria? 

Simak kisah selengkapnya di https://youtu.be/8PjL6VXHva4",2023-02-21T06:16:34.000Z,
twitter,"Sampurasun Sobatnet Istimewa!

Diskominfo Kabupaten Purwakarta mengucapkan Selamat kepada Bupati Purwakarta Anne Ratna Mustika atas diraihnya Penghargaan dari Gubernur Jawa Barat sebagai Penerima Penghargaan dalam Mendukung Program KB Pria Metode Opratif Pria (MOP) Tahun 2023.",2023-02-14T08:26:58.000Z,
twitter,"Selamat dan Sukses
Kepada

*Ambu Anne Ratna Mustika*
Bupati Purwakarta

atas diraihnya Penghargaan dari *Gubernur Jawa Barat* sebagai Penerima Penghargaan Dalam Mendukung Program KB Pria Metode Operatif (MOP) Tahun 2023

#Prokompim
#PurwakartaIstimewa

https://instagram.com/p/CooYX1WybAy/",2023-02-14T08:12:01.000Z,
twitter,"Rekan alm Ayahku, punya anak 4, suatu hr memutuskan KB permanen. Setelah itu, satu per satu anaknya wafat. Ada yg sakit & kecelakaan. Akhirnya childfree. 

Ada Ibu² pedagang, beranak pria 3 org. Tdk pernah dinafkahi anak²nya, dia hrs urus dirinya sendiri.

Mati diurus orang lain",2023-02-11T14:44:45.000Z,
twitter,DUH DAM BANYAK YG BEGINII mesti dipaksa dulu buat pasang karena yhaa gimana demi kebaikan dia juga.... emang mesti lebih dimasifkan edukasi KB pria ,2023-02-10T12:55:40.000Z,
twitter,"kak yeye pria,selama memutuskan menjadi warwerwor dia konsumsi pil kb. di usia 47 tahun dia sakit kekuragan kalium karena pil kb. root of evil emang itu pil kb.",2023-02-07T15:18:39.000Z,
twitter,"Mengenal Vasektomi Pria, KB Efektif Pengendali Kelahiran: Vasektomi Pria, apa itu?",2023-02-07T12:59:03.000Z,
twitter,"Jgn smpai trjdi pd anak Perempuan atau Peria,Yg brsifat Broken houm: Dikhawatirkan Nanti!! Baik Pria Atau Wanita,sngt Jarang Skali utk brbagi ilmu Pngentahuan didlm Suka dan Duka trhdp KB & Hndai Tolan",2023-02-07T09:37:54.000Z,
twitter,Jual Phantom Reproduksi Pria dan Reproduksi Wanita Penyuluhan KB BKKBN 2023,2023-02-07T06:19:09.000Z,
twitter,"Luar biasa! Gimana ya rasanya?

Kisah Pria dengan 102 Anak: Tak Sanggup Lagi Tambah Keturunan, 12 Istrinya KB.
https://international.sindonews.com/read/1013189/46/kisah-pria-dengan-102-anak-tak-sanggup-lagi-tambah-keturunan-12-istrinya-kb-1675396932…",2023-02-06T07:40:23.000Z,
twitter,Partisipasi KB Pria Masih Rendah di Jambi https://rri.co.id/jambi/daerah/142146/partisipasi-kb-pria-masih-rendah-di-jambi#.Y8x7kohVk34.twitter…,2023-01-21T23:56:11.000Z,
twitter,"Dodi Widjajanto memborong saham PT Bank KB Bukopin Tbk (BBKP) sebanyak 300.000 lembar. Pria yang menjabat sebagai salah satu direkur PT Bank KB Bukopin Tbk ini melalukan pembelian pada 5 Januari 2023 dan 9 Januari 2023.
Selengkapnya
https://theiconomics.com/capital-market/direktur-kb-bukopin-dodi-widjajanto-borong-saham-bbkp-300-000-lembar/…",2023-01-11T12:02:31.000Z,
twitter,"Jajaran Polres Metro Jakarta Pusat berhasil menyelamatkan seorang anak MA (6) usai diculik seseorang  Pria Berinisial IS (42) di kawasan Jakarta Pusat (Jakpus) pada Rabu (7/12) lalu. Setelah ditemukan, Polisi melarikan MA ke RS. Bhayangkara Tk. I di Kramat Jati",2023-01-05T05:27:20.000Z,
twitter,"Emang gak ada kb buat pria selain kond* pengaman? 
Hahaha sepertinya tidak ada ya, sebab gimana kb nya untk pria ngebunuh sel sperm nya? ah otak ku gak nyampe ilmunya ",2023-01-02T12:45:36.000Z,
twitter,Berarti yg perlu di kb itu laki2 ya. Terbukti dari 1 pria masuk ke 12 wanita bisa sampe sebanyak itu  sperm nya subur,2023-01-02T04:13:42.000Z,
twitter,"Biaya Hidup Makin Tinggi, Pria Ini Minta 12 Istrinya Minum Pil KB

https://inews.id/news/internasional/biaya-hidup-makin-tinggi-pria-ini-minta-12-istrinya-minum-pil-kb…",2022-12-30T02:34:47.000Z,
twitter,"Biaya Hidup Makin Tinggi, Pria Ini Minta 12 Istrinya Minum Pil KB
https://inews.id/news/internasional/biaya-hidup-makin-tinggi-pria-ini-minta-12-istrinya-minum-pil-kb…",2022-12-29T16:00:31.000Z,
twitter,"Punya 12 Istri dan 102 Anak, Pria Ini Akhirnya Putuskan Ikut KB https://hiburan.harianjogja.com/read/2022/12/28/509/1121528/punya-12-istri-dan-102-anak-pria-ini-akhirnya-putuskan-ikut-kb?utm_source=dlvr.it&utm_medium=twitter… #beritajogja #jogja #jogjaistimewa",2022-12-28T15:55:06.000Z,
twitter,ajaran yang jaman sekarang selalu dipakai para pria untuk poligami sesuka hati? kalo istri nolak perintah langsung auto neraka? nolak pakai KB karena gk sesuai syariat terus istrinya suruh hamil beranak terus? kalo wanita gk berhijab wajar diperkosa gitu?,2022-12-28T01:36:10.000Z,
twitter,"Ya lagian emang gitu kan hidup. Ada suka ada duka, ada bahagia ada derita.

Bukannya seneng ada pria yang nyeritain first-hand pengalaman vasektomi untuk jadi salah satu pilihan KB, malah sibuk memperkarakan 1 kata 

Anyway, thank you dok edukasinya!! ",2022-12-25T15:37:35.000Z,
twitter,"Cerita teman2 wanita yg berjuang dengan kehamilan dan kadang para suaminya yg gak mau berusaha KB jg sedih dok dengernya, jgnkan buat vasektomi, pake kondom aj mereka males, padahal gak ada efek buat para pria itu..",2022-12-25T11:40:15.000Z,
twitter,"BKKBN sekarang jg cukup gencar kok ngadain sosialiasasi KB buat pria, apalagi pria pria yg di atas 35tahun. udah disaranin untuk vasektomi, terus jg biayanya udah dicover sm BKKBN",2022-12-24T10:24:42.000Z,
twitter,"Danramil 0815/17 Trawas Kapten Arh Suminto beserta Perwakilan Babinsa Sertu Nanang Sumarna mengikuti kegiatan Peningkatan Kapasitas Motivator (KB Pria) dalam rangka Penggerakan Program KB Dan Percepatan Penurunan Stunting di Hotel Atria Gajayanan, Kota Malang, Jawa Timur.",2022-12-16T09:23:45.000Z,
twitter,"Bantu jawab yaa, untuk vasektomi p***u msh keluar, tapi di dalam cairan itu sudah tidak ada kecebongnya. Ini kb yg caranya melalui operasi.

Kb pria paling murah adalah kondom, proteksi ganda selain untuk mencegah PMS juga mencegah kehamilan.",2022-12-15T06:16:49.000Z,
twitter,"Bahkan KB pria aja dibuat lebih nyaman efek sampingnya drpd wanita.patriarki merasuk ke sumsum tulang does tru 
Kayak gini masi banyak yg nda mw dg berbagai alesan 
Dahlah,merumput aja sanah",2022-12-15T05:16:13.000Z,
twitter,"Nah bener bngt, mungkin kurang gencar ya sosialisasi KB untuk pria jadinya masih banyak yg awam.",2022-12-15T03:18:10.000Z,
twitter,"Apa saja operasi yang termasuk dalam OTARI?
nih admin kasih tau lagi, yang bisa operasi tanpa rawat inap diantaranya:
1. Khitan
2. KB Pria
3. Uci-uci / tumor jinak

Ingat, OTARI-nya di RSUD Cepu aja ya gais ",2022-12-15T02:33:47.000Z,
twitter,"KB emang gada enaknya baik ke pria atau wanita. Pil, susuk, IUD ngaruh ke hormon dan mood istri. KB tanggal juga gak enak gabisa leluasa seggs. Buat laki gada enaknya pake kondom atau crot luar apalagi vasektomi kek udah gak jantan lagi.

Solusi:
Crot di dalam mulut  https://t.co/kGAhLDUMiu",2022-12-13T08:03:17.000Z,
twitter,Suntik KB Pria? Emang ada? Maklum anak baik baik ga ngerti ginian,2022-12-13T06:13:25.000Z,
twitter,Baiknya pake suntik KB pria atau ada yg lain?. Soalnya saya ga nyaman pake alat Kontrasepsi berupa kondom.,2022-12-13T05:25:46.000Z,
twitter,Pen fighting khlte khlte kb depression c fight krne lg gye pta hi nhi chla,2022-12-11T12:56:22.000Z,
twitter,"1. Halo, Sobat BKKBN!!
Yuk, saksikan Webinar KB Pria Dalam Rangka Memperingati Hari Vasektomi Sedunia Tahun 2022: Sayangi Istri, Mari Vasektomi, yang akan diselenggarakan pada:

 Kamis, 1 Desember 2022
 09.00 WIB - Selesai
 Live on YouTube BKKBN Official dan Zoom Meeting",2022-11-30T13:05:48.000Z,
twitter,"pendampingan pada ibu hamil, dan pendampingan ibu pasca salin.
Serta didukung kegiatan program KB MKJP atau Non MKJP. Sobat, tidak kalah penting lagi ada Program KB untuk Pria (MOP).

Yuk... Sobat. Kita simak video dari kami ",2022-11-28T03:48:13.000Z,
twitter,"Kegiatan Pelayanan KB Metode Operasi Pria (MOP), di Perwakilan BKKBN Provinsi Kaltim. Kamis, 24/11/2022",2022-11-25T00:58:35.000Z,
twitter,*KB Financial GroupPOSISI JABATAN:MARKETING WG(CRO) kreditplusWE'RE HIRINGJOIN OUR TEAMKUALIFIKASI:• Pria/Wanita• Usia Minimal 18 tahun• Pendidikan Minimal SMA/SMK• Pengalaman di bidang marketing/freshgraduate• Minat di bidang marketing/ orientasi… http://dlvr.it/Sd6CF0,2022-11-21T07:22:49.000Z,
twitter,"Semoga sendernya tidak kenal baby blues kedepannya.
Gimana ya, tapi emang bagian genital manusia (pria dan wanita) dah otomatis, tidak ada pengaturan sekehendak kita.
KB dan Kondom tidak 100% melindungi, steril juga ada kemungkinan untuk jadi juga.",2022-11-19T14:28:49.000Z,
twitter,Buat pria udah ada belum ya KB yang sifatnya sementara kaya KB buat wanita ? Soalnya kalau vasektomi kan sifatnya permanen lebih cocok buat yang ga mau punya anak lagi.,2022-11-19T04:58:40.000Z,
twitter,Mengenal Vasektomi sebagai KB Pria di Hari Vasektomi Sedunia https://solopos.com/mengenal-vasektomi-sebagai-kb-pria-di-hari-vasektomi-sedunia-1476458?utm_source=dlvr.it&utm_medium=twitter…,2022-11-18T16:48:04.000Z,
twitter,Pil KB merupakan salah satu alat kontrasepsi yang digunakan untuk mencegah kehamilan yang dikosumsi perempuan. Apakah ada pil KB untuk kaum pria? https://tauberita.com/kamu-nanya-kenapa-tak-ada-pil-kb-untuk-pria-ini-jawabannya…,2022-11-13T06:24:01.000Z,
twitter,"Penggunaan pil KB sebagai alat kontrasepsi sudah umum digunakan pada wanita. Lalu, mengapa belum ada pil KB untuk pria? Begini penjelasannya:",2022-11-13T03:12:04.000Z,
twitter,"Penggunaan pil KB sebagai alat kontrasepsi sudah umum digunakan pada wanita. Lalu, mengapa belum ada pil KB untuk pria? Begini penjelasannya.",2022-11-13T02:35:35.000Z,
twitter,"Hingga kini memang sudah tersedia pilihan alat kontrasepsi pria semisal kondom. Namun, mengapa metode pil KB yang aman untuk pria belum juga ditemukan ya?",2022-11-11T16:33:00.000Z,
twitter,"Hingga kini memang sudah tersedia pilihan alat kontrasepsi pria semisal kondom. Namun, mengapa metode pil KB yang aman untuk pria belum juga ditemukan ya? #detikNetwork",2022-11-11T14:00:53.000Z,
twitter,"Hingga kini memang sudah tersedia pilihan alat kontrasepsi pria semisal kondom. Namun, mengapa metode pil KB yang aman untuk pria belum juga ditemukan ya?",2022-11-11T14:00:52.000Z,
twitter,"Hingga kini memang sudah tersedia pilihan alat kontrasepsi pria semisal kondom. Namun, mengapa metode pil KB yang aman untuk pria belum juga ditemukan ya? https://haibunda.com/kehamilan/20221012002659-49-288970/ini-alasan-mengapa-belum-ada-pil-kb-yang-aman-untuk-pria?utm_term=Autofeed&utm_medium=Social&utm_content=haibunda.com&utm_source=Twitter#Echobox=1668087706…",2022-11-10T16:08:46.000Z,
twitter,emang KB tuh harus dilakukan oleh PRIA sebenernya anjir,2022-11-10T04:43:10.000Z,
twitter,"Biar adil gitu (akibat pelajaran kesetaraan gender jaman kuliah) gw perempuan udh hamidun - melahirkan - menyusui. Nah laki² harusnya merasakan niqmatnya d KB , bisa lho pemerintah bantu memikirkan *penanggulangan jumlah penduduk dri sisi pria*",2022-11-08T20:58:31.000Z,
twitter,61. Pil KB Pria?,2022-11-03T11:05:50.000Z,
twitter,"Top story di #Sragen #Sragentina: Minat KB Pria di Sragen Masih Sangat Rendah | Radar Solo https://radarsolo.jawapos.com/daerah/sragen/19/10/2022/minat-kb-pria-di-sragen-masih-sangat-rendah/…, see more https://tweetedtimes.com/v/24197?s=tnp",2022-10-20T05:47:26.000Z,
twitter,Minat KB Pria di Sragen Masih Sangat Rendah http://dlvr.it/SbNfrm,2022-10-20T02:21:03.000Z,
twitter,"#Minat KB Pria di Sragen Masih Sangat Rendah - Radar Solo 
https://news.google.com/__i/rss/rd/articles/CBMiY2h0dHBzOi8vcmFkYXJzb2xvLmphd2Fwb3MuY29tL2RhZXJhaC9zcmFnZW4vMTkvMTAvMjAyMi9taW5hdC1rYi1wcmlhLWRpLXNyYWdlbi1tYXNpaC1zYW5nYXQtcmVuZGFoL9IBAA?oc=5…",2022-10-19T16:14:54.000Z,
twitter,Ada kb buat pria kok nder,2022-10-18T05:03:06.000Z,
twitter,Program kb untuk pria itu ada.. Cuma kadang cowok egois gak mau pakai itu dan lebih milih ceweknya yg di suruh.,2022-10-18T04:57:00.000Z,
twitter,"Ayo pake KB Pria sebagai pengaman biar situasi tetap aman. 
KB Pria, ya Kondom Sutra  pastinya!
#PriaBerKBituKeren #KBPriaItuKondomSutra #mtbfmsurabaya",2022-10-13T12:00:01.000Z,
twitter,"Wahai Bapak yang perkasa, mari bangun keluarga bahagia dengan pake Kondom Sutra sebagai KB Pria.
#PriaBerKBituKeren #KBPriaItuKondomSutra",2022-10-11T06:25:12.000Z,
twitter,"Jangan Cuma Perempuan, Pria Juga Seharusnya Ikut Program KB
https://radarbanjarmasin.jawapos.com/banua/03/10/2022/jangan-cuma-perempuan-pria-juga-seharusnya-ikut-program-kb/…",2022-10-03T05:00:00.000Z,
twitter,Kesadaran untuk menjadi akseptor KB  selain perempuan juga bagi pria. https://republika.co.id/berita/rj0imn380/ketua-dharma-pertiwi-hetty-andika-perkasa-ajak-masyarakat-ber-kb…,2022-09-30T07:40:05.000Z,
twitter,"Gandarusa, pil KB pria yang bikin sel mani letoy https://blogombal.com/2022/09/26/gandarusa-pil-kb-pria-yang-bikin-sel-mani-letoy/…",2022-09-26T14:31:25.000Z,
twitter,"Riset:Gandarusa,Pil KB Pria 
@blogdokter",2022-09-25T23:13:24.000Z,
twitter,"Peneliti dari Universitas Airlangga mengembangkan pil KB pria dari ekstrak daun gandarusa. Selain sebagai alternatif alat kontrasepsi, data awal menyebut ekstrak daun gandarusa ini juga meningkatkan gairah seksual. #Iptek #AdadiKompas",2022-09-25T22:54:59.000Z,
twitter,"Peneliti dari Universitas Airlangga mengembangkan pil KB pria dari ekstrak daun gandarusa. Selain sebagai alternatif alat kontrasepsi, data awal menyebut ekstrak daun gandarusa ini juga meningkatkan gairah seksual. #Iptek #AdadiKompas",2022-09-25T22:54:59.000Z,
twitter,"Peneliti dari Universitas Airlangga mengembangkan pil KB pria dari ekstrak daun gandarusa. Selain sebagai alternatif alat kontrasepsi, data awal menyebut ekstrak daun gandarusa ini juga meningkatkan gairah seksual. #Iptek #AdadiKompas",2022-09-25T22:53:02.000Z,
twitter,"Peneliti dari Universitas Airlangga mengembangkan pil KB pria dari ekstrak daun gandarusa. Selain sebagai alternatif alat kontrasepsi, data awal menyebut ekstrak daun gandarusa ini juga meningkatkan gairah seksual. #Humaniora #AdadiKompas",2022-09-25T22:39:57.000Z,
twitter,"KB Pria di Kabupaten Blitar Minim Peminat, Gara-Gara Takut Operasi 

https://kliktimes.com/news/pr-7294856402/kb-pria-di-kabupaten-blitar-minim-peminat-gara-gara-takut-operasi…",2022-09-22T08:21:05.000Z,
twitter,pria ,2022-09-19T13:07:30.000Z,
twitter,Pemkab Sumedang Gencarkan Pelayanan KB untuk Pria https://ift.tt/0GyA9S5,2022-09-17T08:50:54.000Z,
twitter,"Giatan Bidang Keluarga Berencana (KB) pada Dinas PPKBP3A Kab. Sumedang,dalan rangka ""Pertemuan Kelompok Paguyuban KB Pria"" untuk meningkatkan partisipasi pria dalam mengikuti KB Pria maka perlu sekiranya kegiatan pertemuan tersebut bagi pria, bertempat aula rapat PMI,Rabu (14/9).",2022-09-14T06:51:05.000Z,
twitter,"DP3APPKB #Salatiga Siapkan Hadiah Rp 3 Juta Bagi Peserta KB Pria #klikRMOL
https://rmoljawatengah.id/dp3appkb-salatiga-siapkan-hadiah-rp-3-juta-bagi-peserta-kb-pria…",2022-09-02T08:21:25.000Z,
twitter,KB ada banyak jenisnya kak. Ada kok KB yg gaperlu tindakan medis dan dianjurkan juga buat menunda kehamilan kalo blm punya anak. Contohnya KB Sewaktu yg dimana hanya boleh berhubungan saat wanita tidak mengalami masa subur dan pria tdk mengeluarkan sperma di dalam.,2022-08-30T08:51:35.000Z,
twitter,"Berdasarkan BKKBN, jumlah keikutsertaan pria dalam program KB yaitu kondom baru 3,27 persen. Ahli wanti-wanti pentingnya penggunaan kondom pada pria. https://health.detik.com/berita-detikhealth/d-6252559/bapak-bapak-kok-masih-ogah-pakai-kondom-untuk-kb-ini-wanti-wanti-ahli?utm_term=echobox&utm_campaign=detikcomsocmed&utm_medium=oa&utm_content=detikhealth&utm_source=Twitter#Echobox=1661379958…",2022-08-24T22:29:32.000Z,
twitter,"Berdasarkan BKKBN, jumlah keikutsertaan pria dalam program KB yaitu kondom baru 3,27 persen. Ahli wanti-wanti pentingnya penggunaan kondom pada pria. https://tauberita.com/bapak-bapak-kok-masih-ogah-pakai-kondom-untuk-kb-ini-wanti-wanti-ahli…",2022-08-24T22:02:01.000Z,
twitter,"Tak Hanya Perempuan, BKKBN Ingatkan Pria Agar Pakai Alat Kontrasepsi Demi Sukseskan Program KB http://dlvr.it/SX82Yv",2022-08-24T07:24:06.000Z,
twitter,"Tak Hanya Perempuan, BKKBN Ingatkan Pria Agar Pakai Alat Kontrasepsi Demi Sukseskan Program KB http://dlvr.it/SX82Ys",2022-08-24T07:24:06.000Z,
twitter,Penggunaan Alat Kontrasepsi untuk KB Berdampak Bagi Kesehatan? Begini Penjelasan Pakar http://dlvr.it/SX3gQb,2022-08-22T19:23:35.000Z,
twitter,"Tak Hanya Perempuan, BKKBN Ingatkan Pria Agar Pakai Alat Kontrasepsi Demi Sukseskan Program KB http://dlvr.it/SX82Yv",2022-08-24T07:24:06.000Z,
twitter,"Tak Hanya Perempuan, BKKBN Ingatkan Pria Agar Pakai Alat Kontrasepsi Demi Sukseskan Program KB http://dlvr.it/SX82Ys",2022-08-24T07:24:06.000Z,
twitter,Penggunaan Alat Kontrasepsi untuk KB Berdampak Bagi Kesehatan? Begini Penjelasan Pakar http://dlvr.it/SX3gQb,2022-08-22T19:23:35.000Z,
twitter,"kesepakatan pasangan sih :)
Kalau KB pria kan palingan kondom/vasektomi. Kalau prianya udah vasektomi, udah gabisa lagi keluarin sperma. Kalau mau punya anak lagi, harus vasectomy reversal dimana ini tindakan bedah.
Kalau perempuan, bisa pake IUD. Gratis bisa kapan aja dilepas",2022-08-22T18:22:10.000Z,
twitter,"Kayaknya kb buat cowok masih jarang, ada vasektomi harga nya jutaan. Paling kb pria ya kondom doang",2022-08-22T08:40:25.000Z,
twitter,"Kb untuk laki2 kan udh ada namanya vasektomi, ada juga suntik kb pria, kndm dll. Ya tergantung dari pasangan pda saat konsultasi kb di bkkbn, yg mau ikut program kb dari suami atau istri. Gitu aj ko ribut",2022-08-22T07:36:16.000Z,
twitter,"Enggak.. wanita aja. Biar yg nentuin mau hamil or gak tuh wanita bukan pria, coz yg akan ""menderita"" slama 9 bln krn kehamilan itu wanita. Klo ga mau pake KB hormonal bisa pakai kondom or IUD. https://x.com/convomfs/statu/convomfs/status/1561289815412580352…",2022-08-22T05:24:17.000Z,
twitter,"Benerrrrr.. ada kok KB untuk cowo, cuma nggk populer aja. N klopun tau, plng cuma sedikit pria yg bersedia kayaknya. Krna apa? .......... *isi sendiri https://x.com/convomfs/statu/convomfs/status/1561289815412580352…",2022-08-21T16:13:09.000Z,
twitter,Kan kb untuk pria itu emang ada ,2022-08-21T15:14:12.000Z,
twitter,"Nggada jawaban yg wah bgt si. Dosenku setuju sama pernyataan temenku soal wanita lebih banyak berkorban dan beliau berharap kedepannya ada inovasi kb untuk pria. Trs nasehatin kita klo mau nikah omongin soal kb dulu, cowonya mau ga pke kondom setiap hs klo blm mau punya anak",2022-08-21T14:07:57.000Z,
twitter,"Sependek pengetahuan saya, alat kontrasepsi sudah banyak jenisnya baik untuk wanita dan pria. Di Indonesia sendiri tren penggunaannya fokus disasar pada pihak wanita. Jadi edukasi bagi pria kurang sehingga KB pihak pria jarang ditemukan sekarang ini",2022-08-21T13:16:58.000Z,
twitter,"gw jg mikir gitu si, kan sbtulnya ada KB laki2 cuma emang gak sepopuler KB untuk perempuan. Gatau deh kalau bahasan pria dan wanita  tuh kayak gini tu complicatet bgt wkkww",2022-08-21T12:34:24.000Z,
twitter,"Mungkin karena tidak banyak yang menggunakan/tidak umum digunakan oleh suami, selain itu pilihan KB untuk pria juga sepemahamanku kondom dan vasektomi aja kak. Sedangkan KB itu lebih banyak pilihan dan lebih umum digunakan istri, seperti spiral/IUD, pil, suntik, dsb.",2022-08-21T10:32:19.000Z,
twitter,you could literally google that shit yourself dan nemuin partisipasi pria / bapak bahkan dalam program kayak KB aja sub-10% di banyak daerah padahal ngewe itu ga cuman satu pihak doang.,2022-08-11T12:53:00.000Z,
twitter,"Pelda Ermon Bintara Kodim 0312/Padang Mempromosikan KB Pria/ Medis Operatif Pria (MOP), Kamis (4/8).http://kodim0312padang.mil.id/index.php/2011-11-22-02-13-14/2011-11-22-02-22-30/2107-peldaermonakubanggamenjadisangpeloporkbpriamop…",2022-08-06T22:33:07.000Z,
twitter,"BAWA PISAU BADIK DI TAMAN KOTA, KB DIAMANKAN TIM RESMOB POLRES TOMOHON

- Tim Resmob Polres Kotamobagu mengamankan seorang pria 
berinisial KB (21) yang kedapatan membawa senjata tajam (sajam) jenis pisau badik di Taman Kota Kotamobagu.

#humaspoldasulut",2022-08-05T05:20:42.000Z,
twitter,"Koitus interuptus merupakan salah satu pilihan KB yaitu dengan cara sebelum ejakulasi, pihak pria segera mengangkat tangan secara perlahan untuk memberi tanda bahwa ingin mengajukan interupsi lalu katakan “Izin interupsi!”",2022-08-03T05:13:19.000Z,
twitter,"Ya kalo udah ngerencanain buat ga punya anak lagi ya mending vaksetomi buat pria atau diangkat rahimnya untuk perempuan, program KB kan fungsi utamanya buat ngontrol tingkat dan jarak kelahiran dan menentukan jumlah anak.",2022-07-28T15:24:52.000Z,
twitter,"Ya emang kb itu programnya untuk mengongtrol tingkat kelahiran bukan berarti ga bisa Hamil bang  
Kalo mau ga Hamil lagi bisa operasi angkat rahim kalo wanita kalo pria bisa vaksetomi.",2022-07-28T13:11:36.000Z,
twitter,Dibasmi aja itu pria berbusana wanita....,2022-07-28T09:04:20.000Z,
twitter,"Curhat Pria Penyuluh KB di Solo, Maktratap Ditelepon Wanita Ngaku Telat https://solopos.com/curhat-pria-penyuluh-kb-di-solo-maktratap-ditelepon-wanita-ngaku-telat-1378248?utm_source=dlvr.it&utm_medium=twitter…",2022-07-27T17:31:04.000Z,
twitter,"Kadinsos Bondowoso Tegaskan KB Bukan Hanya Untuk Wanita, Tapi Juga Untuk Pria https://wartazone.com/read/27/07/2022/kadinsos-bondowoso-tegaskan-kb-bukan-hanya-untuk-wanita-tapi-juga-untuk-pria/…",2022-07-27T12:36:38.000Z,
twitter,kreditplus*PT. KB Finansia Multi FinanceKB Financial GroupPOSISI JABATAN:WE'RE HIRING JOIN OUR TEAMPRAMUNIAGATOKO (CRO)KUALIFIKASI:• Pria/Wanita• Pendidikan Minimal SMA/SMK• Usia Maksimal 18 Tahun• Mempunyai kendaraan pribadi/ SIM C• Pengalaman di… http://dlvr.it/SVKN0R,2022-07-22T11:05:04.000Z,
twitter,kb pria biasanya steril/vasektomi kak. ada juga suntik hormon. cuma yang paling simple sih kondom. nah yg simple ini aja ga semua cwo mau dgn alasan gaenak wkwk. lah itu cewek dipasangin besi dalemnya wkwk,2022-07-11T09:50:48.000Z,
twitter,"Mungkin karena vasektomi sifatnya permanen? Jadi cuma bisa dilakuin sama pasangan yang bener2 udah ga mau punya anak, sedangkan mungkin saat ini banyak yang masih mau punya anak.
Dan setauku kb pria yang ga permanen emang cuma kondom (cmiiw), kb wanita lebih banyak pilihannya",2022-07-10T10:26:48.000Z,
twitter,Kalau kb pria di suntik atau minun obat?,2022-07-10T00:35:12.000Z,
twitter,"Kalo emang ada KB jenis lain untuk pria gue sangat setuju sih ketimbang harus wanita terus. Karena banyak wanita yg ngerasain side effect KB ya kayak hormon ga beraturan, jadi gemukan, jerawatan, mana harus urus anak, kadang di body shaming sampe di selingkuhin suami nya",2022-07-09T00:47:51.000Z,
twitter,"Mungkin karena vasektomi sifatnya permanen? Jadi cuma bisa dilakuin sama pasangan yang bener2 udah ga mau punya anak, sedangkan mungkin saat ini banyak yang masih mau punya anak.
Dan setauku kb pria yang ga permanen emang cuma kondom (cmiiw), kb wanita lebih banyak pilihannya",2022-07-10T10:26:48.000Z,
twitter,Kalau kb pria di suntik atau minun obat?,2022-07-10T00:35:12.000Z,
twitter,"Kalo emang ada KB jenis lain untuk pria gue sangat setuju sih ketimbang harus wanita terus. Karena banyak wanita yg ngerasain side effect KB ya kayak hormon ga beraturan, jadi gemukan, jerawatan, mana harus urus anak, kadang di body shaming sampe di selingkuhin suami nya",2022-07-09T00:47:51.000Z,
twitter,"-seintensif KB wanita? Terus aku nemu jurnal ttg studi persepsi KB Pria di US. Kenapa aku ambil di US? Karena sejauh pengetahuanku, belum ada studi demikian di Indonesia. Lemme know ya kalo ada ",2022-07-08T16:55:58.000Z,
twitter,"dan kalaupun itu sampai ke tl yg membaca idk why wkw ini cuma berangkat dr rasa kasianku thdp ibu2 yang KB, banyak banget efek sampingnya dari jerawatan, muka ngeflek, mens gak lancar, dll. Lantas aku mikir, kenapa ya riset dan uji klinis KB pria tidak dilanjut-",2022-07-08T16:55:58.000Z,
twitter,"Harus edukasi jelas pak kalau KB bukan hanya urusan wanita, pria jg punya peran utk turut Program KB",2022-07-08T10:22:07.000Z,
twitter,"Gw baru rencana kalo menikah nanti pengen punya anak seling setahun,habis tu kb selama nya, tapi kadang mikir gimana kalo jebol, semoga ada KB untuk pria kedepannya",2022-07-08T08:54:13.000Z,
twitter,"Sebelum menikah, tepatnya ketika mulai belajar tentang hormon,kesimpulannya cuma satu, hormon wanita itu rumit. Haid, hamil, melahirkan, menyusui, menopouse dan itu semua kompleks  berkoneksi semua. That's why saya menganut paham ""KB untuk pria saja"" sampai detik ini.",2022-07-08T04:46:20.000Z,
twitter,"6 Jenis KB untuk Pria, Dijamin Aman dan Efektif Cegah Kehamilan http://dlvr.it/SSttk5",2022-06-27T00:20:06.000Z,
twitter,Tepat dan sepakat sekali itu mbak. Wah perlu ada perubahan mindset kaum pria dan kebijakan tentang kehamilan ini. Selama ini paling hanya hak cuti kerja...belum ada rewart utk perempuan yg mau hamil. Mungkin akibat warisan kebijakan KB yg sekadar diartikan membatasi kehamilan.,2022-06-23T22:36:53.000Z,
twitter,Kaum pria khawatir penduduk berkurang bila ada KB https://idntimes.com/news/indonesia/muhammad-ilman-nafian-2/sulitnya-sampaikan-program-kb-di-asmat-kaum-pria-menentang?utm_source=twitter&utm_medium=twitter&utm_campaign=dlvr.it…,2022-06-23T06:36:05.000Z,
twitter,SAMAAA ANJIIMM. GUA DNGERIN KB PRIA TU CM 5 MENIT. GAK LAMAAAAAA,2022-06-22T00:53:42.000Z,
twitter,"Klu tlponan ama besang itu gk sllu ttg bgtuan, tp juga dksih insight hubungan yg baik itu gimana. Bhkan kemarin ngmongin KB untuk pria, jd pencegahan gak melulu dr pihak wanitanya. Anjayy emng, bangga gua msuk sirkel itu https://https://t.co/r3dphOq3OA",2022-06-22T00:44:41.000Z,
twitter,"Sex education: KB untuk pria
@Woonpiland
 @sweetchaosseu
 @kayoungsky
 @diaportheus
 td ad @KangD_ci",2022-06-19T13:31:03.000Z,
twitter,"KB: KELUARGA (SANGAT) BESAR 

Namanya: Dahiru Ustman Albuchi
Aktivitas: Dai
Alamat: Buchi Utara, Nigeria
Usia: 95 tahun
Hafal Quran: Umur 12 tahun
Jumlah Anak: 95 (pria: 47, wanita: 48, wafat: 13, sisa anak yang hidup: 82) 
Jumlah Cucu: 406 (pria: 236, wanita: 170)",2022-06-09T09:00:21.000Z,
twitter,Jadwal Lengkap dan Nomor Urut Naik Panggung Vokal Grup Seri B Hapsa 2022 P/KB GMIM: Berikut informasi seputar jadwal lengkap dan nomor urut naik panggung vokal grup seri B Hapsa 2022 Pria Kaum Bapa GMIM http://dlvr.it/SRlr2l,2022-06-07T10:39:05.000Z,
twitter,"Ibu Jadikan Anak Gadisnya Pemuas Nafsu Pria karena Dalih Ekonomi, Korban Dipaksa Suntik KB Biar Nggak Hamil",2022-06-06T11:09:32.000Z,
twitter,Ibu di Sidoarjo menyuntikkan KB kepada anaknya setiap seusai melayani esek-esek pria hidung belang. Hal itu dilakukan tiga kali dalam seminggu. #ibujualanak https://jatim.jpnn.com/kriminal/14836/enggak-ada-akhlak-ibu-di-sidoarjo-suntik-kb-anaknya-seusai-layani-esek-esek-seminggu-3-kali…,2022-06-05T12:35:02.000Z,
twitter,"Dalih Ekonomi, Ibu Jadikan Anak Gadisnya Pemuas Nafsu Pria, Paksa Suntik KB Biar Nggak Hamil",2022-06-05T00:50:32.000Z,
twitter,Cerita Penyuluh KB Mataram : Ada Pria Minta Dipasangkan Alat Kontrasepsi https://lombokpost.jawapos.com/lapsus/03/06/2022/cerita-penyuluh-kb-mataram-ada-pria-minta-dipasangkan-alat-kontrasepsi/…,2022-06-03T15:47:37.000Z,
twitter,"Ibu Jual Anak Kandung ke Pria Hidung Belang, Disuntik KB 3 Kali Seminggu agar Tak Hamil https://tribunnews.com/regional/2022/06/03/ibu-jual-anak-kandung-ke-pria-hidung-belang-disuntik-kb-3-kali-seminggu-agar-tak-hamil…",2022-06-03T12:46:09.000Z,
twitter,"*CMIIW, Untuk jalur kontrasepsi lainnya, sepengetahuanku diperbolehkan. Untuk laki-laki sendiri, penggunaan kontrasepsi paling umum kondom, suntik kb pria sejauh yg aku tau belum tersedia, dan coitus interruptus / senggama terputus bukan pilihan utama karena banyak kekurangan -c",2022-06-02T03:54:01.000Z,
twitter,"Kb buat pria sementara cuman kondom. Lebih baik konsul dokter dan jangan khawatir kalo istri nantinya pengen punya anak bisa lepas kb juga. Gaada istilah rahim kering, yang penting dengerin dokter saja :)",2022-06-02T03:32:49.000Z,
twitter,"Iya mereka pernah bahagia, tapi sama authornya kebahagiaan itu direvisi 
Tunggu 3 bab yg tersisa yaaa, semoga ada secercah lampu hijau utk salah satu pria KB atau malah ada pria lain(?)",2022-06-01T08:33:14.000Z,
twitter,"7 Persen Pasangan Tidak Sengaja Hamil, BKKBN Dorong Peningkatan Kepesertaan KB Pria https://jogjapolitan.harianjogja.com/read/2022/05/30/512/1102254/7-persen-pasangan-tidak-sengaja-hamil-bkkbn-dorong-peningkatan-kepesertaan-kb-pria?utm_source=dlvr.it&utm_medium=twitter… #beritajogja #jogja #jogjaistimewa",2022-05-29T23:44:36.000Z,
twitter,"untuk masing-masing orang berbeda, tergantung jenis kelaminnya. Pada pria, KB permanen dilakukan dengan vasektomi, sedangkan pada wanita bisa dengan tubektomi atau proses pengikatan tuba falopi.",2022-05-28T05:28:07.000Z,
twitter,Bener nih pria ber kb itu keren wkwkwk,2022-05-24T13:53:08.000Z,
twitter,Kab. Soppeng - Penyuluhan MOP ( Metode Operasi Pria ) KB Kodim 1423/Spg TA.2022. Bertempat Di Aula kantor DP3APPKB Jl.Kayangan Kel.Lalabata Rilau Kecamatan Lalabata Kab.Soppeng. Kamis 19/05/2022,2022-05-19T06:33:14.000Z,
twitter,"Kondom Rentan Gagal, Ilmuwan Ciptakan Pil KB untuk Pria",2022-05-16T16:06:10.000Z,
twitter,coba diindonesia edukasi kb utk pria lebih ditingkatkan lagi jadi biar sama2 ikut andil dalam program keluarga berencana,2022-05-16T15:22:12.000Z,
twitter,dunia.. Amankah Pil KB untuk Pria? Ini Penjelasannya - http://Solopos.com http://dlvr.it/SQPwr9 ..pasangan,2022-05-15T14:58:33.000Z,
twitter,"OKAY...so lets hear it from the BOY what did you COMPREHEND from  what KB calibrated to you 
https://x.com/jssidhoo/status/1524445082900111361?s=20&t=0FidItG8Ndydazb8BtWPow…",2022-05-14T06:07:36.000Z,
twitter,"Maka nya ibu nya KB biar anak nya gak bnyak , padahal KB itu buat pria juga ada kenapa gak bapak nya aja yg KB,, se akan"" wanita cuman jadi pajangan buat pria yg bisa di manfaatin , heran bgt gak sih hak"" yg di buat oleh ibu kita Kartini itu kayak gak di hargai.",2022-05-11T13:38:02.000Z,
twitter,"Pelajari fase ejakulasi pria, ada namanya pre cum. 
Ada metode kb namanya coitus interruptus, kemungkinan gagal sekitar 4% kalo ga salah.
Setiap hubungan seksual dengan melibatkan penetrasi penis ke vagina tanpa pengaman tetap memungkinkan terjadi kehamilan.",2022-05-06T16:50:28.000Z,
twitter,Adage Credits: KB,2022-05-02T07:48:11.000Z,
twitter,Pria dgn kekuatan keseimbangan 1000/kb,2022-03-29T16:04:09.000Z,
twitter,"SUKSES Uji Coba Pada Tikus, Pil KB Pria Siap Diuji Pada Manusia, akan Jadi Alat Kontrasepsi Efektif
 
https://medan.tribunnews.com/2022/03/29/sukses-uji-coba-pada-tikus-pil-kb-pria-siap-diuji-pada-manusia-akan-jadi-alat-kontrasepsi-efektif… via 
@tribunmedan",2022-03-29T11:39:45.000Z,
twitter,"SUKSES Uji Coba Pada Tikus, Pil KB Pria Siap Diuji Pada Manusia, akan Jadi Alat Kontrasepsi Efektif
 
https://medan.tribunnews.com/2022/03/29/sukses-uji-coba-pada-tikus-pil-kb-pria-siap-diuji-pada-manusia-akan-jadi-alat-kontrasepsi-efektif… via 
@tribunmedan",2022-03-29T11:14:14.000Z,
twitter,"Bakal Digantikan dengan Pil KB Pria, Dulu Kondom Dibuat dari Usus Hewan

https://sains.sindonews.com/read/726915/768/bakal-digantikan-dengan-pil-kb-pria-dulu-kondom-dibuat-dari-usus-hewan-1648530205…",2022-03-29T10:10:00.000Z,
twitter,"Peran Pria terhadap KB Masih Minim, 3,6% Pria Menggunakan Kontrasepsi http://dlvr.it/SMYjDy",2022-03-29T08:16:34.000Z,
twitter,Terobosan Menarik! Mahasiswa University of Minnesota Presentasikan Penelitian Sejenis Pil KB untuk Pria https://silanews.com/gaya-hidup/pr-2093042639/terobosan-menarik-mahasiswa-university-of-minnesota-presentasikan-penelitian-sejenis-pil-kb-untuk-pria…,2022-03-28T23:10:20.000Z,
twitter,"Pil KB Pria Siap Diuji, Lebih Aman dari Kondom? https://cnbcindonesia.com/lifestyle/20220328151429-33-326609/pil-kb-pria-siap-diuji-lebih-aman-dari-kondom?utm_source=twitter&utm_medium=oa&utm_content=cnbcindonesia&utm_campaign=cmssocmed…",2022-03-28T10:10:23.000Z,
twitter,"Selama nggak ada efek samping yang bahaya why not? 
Satu isu yang mungkin jadi masalah adalah dengan ada nya Pil KB Pria cowo akan makin males pake condom, karena banyak yang kurang melek tentang pencegahan STIs.",2022-03-27T16:14:30.000Z,
twitter,"Lebih Aman dari Kondom, Pil KB Pria Siap Diuji Pada Manusia

 #Sindonews #BukanBeritaBiasa .https://sains.sindonews.com/read/725199/768/lebih-aman-dari-kondom-pil-kb-pria-siap-diuji-pada-manusia-1648368214…",2022-03-27T12:08:10.000Z,
twitter,Perjalanan Panjang Penelitian Pil KB Pria di Indonesia dan Dunia https://solopos.com/perjalanan-panjang-penelitian-pil-kb-pria-di-indonesia-dan-dunia-1282218?utm_source=dlvr.it&utm_medium=twitter…,2022-03-26T09:07:03.000Z,
twitter,Amankah Pil KB untuk Pria? Ini Penjelasannya https://solopos.com/amankah-pil-kb-untuk-pria-ini-penjelasannya-1282212?utm_source=dlvr.it&utm_medium=twitter…,2022-03-26T08:04:06.000Z,
twitter,"Pil KB Khusus Pria Semakin Dekat, Seberapa Efektif Khasiatnya? https://acehindependent.com/pil-kb-khusus-pria-semakin-dekat-seberapa-efektif-khasiatnya/…",2022-03-25T11:40:14.000Z,
twitter,Para peneliti di AS melaporkan temuan pil KB untuk pria berdasarkan uji lab pada tikus. Mereka mengklaim pil ini 99 persen efektif mencegah kehamilan.,2022-03-24T14:50:23.000Z,
twitter,Partisipasi KB Pria di Kapuas Hulu Masih Rendah https://jurnalis.co.id/2022/03/21/partisipasi-kb-pria-di-kapuas-hulu-masih-rendah/…,2022-03-21T09:11:20.000Z,
twitter,"Tingkat kepercayaan masyarakat semakin meningkat. Rata-rata sudah memiliki kepekaan tentang pentingnya pendidikan anak usia dini, selain mampu mengajari dasar-dasar pembelajaran formal. Juga semakin meneguhkan karakter anak didik.

Chici Pria - Guru KB Mutiara Bangsa Plandaan",2022-03-18T22:09:53.000Z,
twitter,Para peneliti di AS melaporkan temuan pil KB untuk pria berdasarkan uji lab pada tikus. Mereka mengklaim pil ini 99 persen efektif mencegah kehamilan.,2022-03-24T14:50:23.000Z,
twitter,Partisipasi KB Pria di Kapuas Hulu Masih Rendah https://jurnalis.co.id/2022/03/21/partisipasi-kb-pria-di-kapuas-hulu-masih-rendah/…,2022-03-21T09:11:20.000Z,
twitter,"Tingkat kepercayaan masyarakat semakin meningkat. Rata-rata sudah memiliki kepekaan tentang pentingnya pendidikan anak usia dini, selain mampu mengajari dasar-dasar pembelajaran formal. Juga semakin meneguhkan karakter anak didik.

Chici Pria - Guru KB Mutiara Bangsa Plandaan",2022-03-18T22:09:53.000Z,
twitter,Anggota koramil Smrg Tengah ikut dalam kegiatan peningkatkan peran serta pria dalam promosi kesehatan dan KB,2022-03-15T02:27:01.000Z,
twitter,"Wow, Tiap Tahun Ada 34.000 Bayi Lahir di Brebes, Pria Diminta Ikut KB https://pantura.suaramerdeka.com/gaya-hidup/pr-062755697/wow-tiap-tahun-ada-34000-bayi-lahir-di-brebes-pria-diminta-ikut-kb…",2022-02-26T14:58:36.000Z,
twitter,"Gua tonton lagi lah ituu. Makin ditonton kok kayak makin nyambung sama jokes nya, akhirnya gua jadi penonton setia KB (tp masih blm kenal member KB). Habis bbrp kali nonton akhirnya bertanya-tanya, ""Siapakah pria gila itu?"". Dicari deh tu di google—",2022-02-25T09:43:49.000Z,
twitter,Coba yg membahas ttg menstrual cup atau kd ya KB untuk pria,2022-02-25T04:07:17.000Z,
twitter,kesetaraan itu di kesempatan nya ya... setara ≠ sama. kalo caranya kayak gitu feminis pro dong sama sterilisasi perempuan di kebun kelapa sawit sterilisasi dgn nyuruh mereka minum pil kb agar ngga m dan kerja nya sama kek pria. problematik tau,2022-02-21T06:23:54.000Z,
twitter,"Diam menjadi analis, Begerak menjadi pria romantis 
@bukanakunkb
Doa terbaik buat bang KB dan kak Cia, semoga kebahagiaan selalu mengiringi setiap langkah kalian. ",2022-02-20T13:26:52.000Z,
twitter,"I know KB & I know her ability to Fight2TheFinish for a just cause! Yr boys in Uniform were caught  http://overindulging.It was 
@DCPSEastDelhi
 duty to uphold her citizenry right & NOT defend the indefensible acts of 
@SHOLAJPATNAGAR",2022-02-18T18:52:39.000Z,
twitter,"Orang idiot adalah berasal dari sperma terburuk yang dihasilkan oleh pria terburuk yang seharusnya memakai kondom di setiap waktu dan memaksa para pasangannya untuk meminum obat KB.

Bapak lu idiot, karena gak ikut program Kb sama pakai kondom.",2022-02-18T00:38:45.000Z,
twitter,"Mariam (54) berjalan sendirian di Jalan Zakaria Kb Jeruk Jakarta Barat, Jumat 11/2. 
Sebuah sepeda motor yg dikendarai pria berjaket Ojol mendekat ke korban, dalam sekejap tas dirampas

Bagi pejalan kaki pastikan barang bawaan anda tidak di tangan yg searah dgn arah kendaraan.",2022-02-14T16:11:25.000Z,
twitter,"luar biasa, tapi menurut saya lebih baik di pria memakai kontrasepsi external (k...m). karena di khawatirkan kb akan menghambat tumbuh kembang si perempuan. secara kb akan mempengaruhi hormon yang ada di tubuh pemakai.",2022-02-04T02:48:24.000Z,
twitter,"Pagi, itu duit kesehatan yg KB nya he he khusus buat kerokan ",2022-01-23T23:57:35.000Z,
twitter,"Ini langsung dari sumber cp korea-indo yg bilang, rerata para suami yg rela KB krna ribet gitu liat perubahan istri klau pakai obat2 KB, trus pkai pelindung juga ribet, mending operasi vasektomi (KB buat pria) deh... tpi bisa milih kok mau permanent atau enggak",2022-01-20T09:33:55.000Z,
twitter,"Meski Peserta KB Alami Peningkatan, Kebanyakan Kaum Pria Masih Takut Gunakan MOP https://jabarnews.com/daerah/meski-peserta-kb-alami-peningkatan-kebanyakan-kaum-pria-masih-takut-gunakan-mop/…",2022-01-19T14:24:56.000Z,
twitter,"tp itu dia gw bertanya apa bedanya kebiri kimia sm kb buat pria? bcs if it's the same then it's not a torture it's just kb....
gw lebi stuju kalo physically sih",2022-01-14T02:18:23.000Z,
twitter,pengen tau dah perbedaan kebiri kimia sama alat kb untuk pria apa,2022-01-13T17:40:42.000Z,
twitter,"Kadar fibrinogin yg tinggi dpt ditemukan pada:
Wanita: Diabet, usia lanjut atau menopause, KB, obesitas dan hamil.
Pria: diabetes type 2, usia lanjut, PEROKOK  dan asma.
Ada 2 jenis pengencer darah : anti trombosit/platelet, spt Aspirin dan anti kuagulasi spt heparin.",2021-12-23T21:21:03.000Z,
twitter,"banyak yg bilang KB yg beruntung dapetin cia. padahal gua yang beruntung banget dapetin kasih sayang dari pria sebaik dia. 
so i swear to God, i'll love him as much as i can, thankyou love 
@bukanakunkb",2021-12-22T12:21:13.000Z,
twitter,"Thats why aku mention juga soal siklus haid nya wanita.

Buang diluar/ hs sesuai kalender itu termasuk kb alami yg bisa dilakuin.

Aku jg mention soal partner yg pasti udh ada consent diantara 2 org yg udh dewasa. Ada hal yg bs dilakuin dipihak pria, dan wanita.",2021-12-13T13:08:16.000Z,
twitter,Gw masih bingung dikebiri itu jadi bikin ga engas apa gak ngac*ng aja sih dan apa masih bisa keluar tpi tanpa sperma ?? Apa kyk KB untuk pria aja gt yaa,2021-12-09T11:25:50.000Z,
twitter,"Karena usus buntu. 
 Jadi aku minta usg. Ternyata aku ada kista endrometris 2 biji. Uda boleh pulang dari RS, aku konsul ke dokter obgyn yang berbeda. 1 (dr.pria) nyarankan nyarankan operasi kista, 2 (1 dr. Pria, 1 wanita) nyarankan pengobatan. Yg dr. Wanita ini nyarankan buat kb",2021-12-02T23:23:21.000Z,
twitter,"KB BukopinBersama, Kita Bintang FinansialnyaWE'RE HIRINGJoin With UsSMERM Specialist ProgramPersyaratan Umum:Pendidikan min. S1 semua JurusanFresh Graduate, Experienced welcome to Apply,Pria / Wanita usia maks 25thMengerti & dapat mengoperasikan MS.… http://dlvr.it/SDRndf",2021-11-30T06:11:23.000Z,
twitter,2021 Bitung Catat Angka Tertinggi Peserta KB Pria se-Sulut https://beritamanado.com/2021-bitung-catat-angka-tertinggi-peserta-kb-pria-se-sulut/…,2021-11-29T13:26:03.000Z,
twitter,"Pria Juga Perlu KB, Ini Pilihan Alat Kontrasepsi untuk Dads http://dlvr.it/SD25mn",2021-11-23T10:10:03.000Z,
twitter,Pil KB itu isinya hormon perempuan. Progesteron biar sel telur nya ga matang. Namun mempunyai efek menimbulkan ciri sekunder pada tubuh pria. Yaitu tumbuh nya payudara. Krn hormon tsb ga ada pd laki.,2021-11-16T14:13:41.000Z,
twitter,"Dapet suami yg ga pernah maksa perkara HS
Punya anak dan pasang alat KB juga semua keputusan ditangan aku, peran suami ya dijak rundingan
Urusan rumah dan ngurus anak juga bahu membahu, ga ada plot ini kerjaan wanita/pria
Pdhl pcrn cm 3 bln lalu gaspol nikah",2021-11-16T10:38:29.000Z,
twitter,maaf urang bakal pilih kasih hanya melayani pasien mahmud teu melayani kb pria dan lansia ,2021-11-11T04:48:23.000Z,
twitter,"Baik itu untuk jenis implant, IUD, medis operasi wanita (MOW), maupun medis operasi pria (MOP).

“Mari ibu-ibu maupun bapaknya semua yang hadir untuk menginfokan dan mengajak masyarakat untuk KB, baik jenis implant, IUD, MOW maupun MOP.

#PDIPerjuangan 
#SolidBergerak",2021-11-09T07:08:36.000Z,
twitter,"@mkstalin
 My house is at Seethamal Colony, a stone throw away from your residence. We have water till the waist on KB Dasan Road, and a foot of water in my ground floor residence. I understand that the rainwater sewers have been redone and flooding shouldn't happen. 1/2",2021-11-07T11:59:49.000Z,
twitter,Teori di atas aku asumsikan dr percobaan KB kpd pria dimana pria mendapatkan suntikan progestogen dan testosteron. Manjur tp py dampak buruk pd pria. Hormon progestogen itu mencegah kehamilan pd wanita tp dipakai utk menekan jmlh sperma pd pria. Penyakit2 autoimun pd pria muncul,2021-11-02T20:10:27.000Z,
twitter,Ada nggak sih KB suntik buat pria? ,2021-10-27T09:43:41.000Z,
twitter,"#LangLangKota http://MayangkaraNews.com ► Sebanyak 30 peserta mengikuti layanan KB Pria atau Vasektomi massal gratis di Kota #Blitar. Jumlah ini meningkat dibandingkan tahun sebelumnya.

https://mayangkaranews.com/puluhan-orang-ikuti-layanan-kb-pria-atau-vasektomi-massal-gratis/…",2021-10-27T09:06:00.000Z,
twitter,"Sebenernya kondom jg kontrasepsi pria btw. Kalo vasektomi iya gaperlu kb lagi buat si wanita krn pembuahan gak akan terjadi, krn air maninya gak mengandung sperma",2021-10-26T10:34:55.000Z,
twitter,KB won the Bud Shootout in 2012.,2021-10-23T23:54:45.000Z,
twitter,"Beberapa jenis obat-obatan dapat mengubah keseimbangan hormon, yaitu terapi penggantian hormon (TPH), tamoksifen (menanganinkanker payudara wanita dan pria), serta kontrasepsi oral pil KB.

(cont.)",2021-10-22T11:39:13.000Z,
twitter,"But in all earnestness, you are right KB .... in life we never lose friends, we only learn who the true ones are; not by length of time but by the depth of loyalty ",2021-10-21T19:42:16.000Z,
twitter,"I hear u, #समय_बलवान_है.  All I can say, you're a right mix of compassion & loyalty, rarely found in todays #chalta_hai sapiens. May u remain constant & a trail blazer4 a lot of GeNex. Any1 who hasn't  understood the KB in u, is best LEFT ASIDE 2 their fate",2021-10-21T19:28:42.000Z,
twitter,"MK ... thats the art of warming up... 
KB is the real culprit here, not sujata dear",2021-10-17T10:23:14.000Z,
twitter,"film Ayat Ayat Cinta itu tampak berpose bersama sang istri dengan memegang empat buah foto hasil USG kehamilan.

Pria 39 tahun ini menyebut bahwa awalnya dia dan istri sepakat untuk memiliki dua orang anak saja. Namun, setelah menjalani program KB setelah anak keduanya lahir,",2021-10-14T12:24:25.000Z,
twitter,KB pria udah ada belom sih di Indo?,2021-10-10T11:05:42.000Z,
twitter,"Banyak yang sembuh, ya artinya sempat banyak yg sakit.
Ya mungkin “bonus demografi” banyak dewasa muda, sehingga manifestasi COVID-19 nya cenderung ringan.
Tapi tentu jangan lupakan long COVID.

Denger2 pria yg sembuh dari Covid lebih rentan kena disfungsi ereksi. Strategi KB?",2021-10-09T11:12:44.000Z,
twitter,"#सूत्रों से पता चला है आपके आदरणीय धर्म देव जी अब lajpatNgr थाने की #पूर्व_श्रेणी की गिनती में आते हैं... फोटो on official Twitter Handle/ DP on Official Mob is no criteria to debunk Mishtis Input, KB 
His official रवानगी date was 04Oct",2021-10-07T16:21:52.000Z,
twitter,"-dan juga ini butuh biaya gede. Aku ngertiii konsen mbaknya soal kb kenapa di perempuan trs, untuk edukasi ke pria ini emang bagus tp kalo ini dijadikan kb utama itu ‘menurutku’ kurang bisa karena satu lain hal. Makasi diskusinya mbaa",2021-10-06T11:14:30.000Z,
twitter,Polisi menangkap 2 orang pria yang diduga memberikan narkoba kepada pembakar mimbar Masjid Raya Makassar inisial KB (22). https://news.detik.com/berita/d-5745684/2-pria-diduga-beri-narkoba-ke-pembakar-mimbar-masjid-raya-makassar-ditangkap?utm_term=echoboxauto&utm_campaign=detikcomsocmed&utm_medium=oa&utm_content=detikcom&utm_source=Twitter#Echobox=1632912419…,2021-09-29T10:47:44.000Z,
twitter,"anak kedua lahir ketika istri masih pakai IUD.. Setelah anak kedua, pakai IUD lagi namun tetep waswas kalau jebol lagi.. 

Mau pakai KB Vasektomi untuk pria, namun ragu karena diskursusnya.. 
insyaAllah sudah sepakat 2 anak cukup.. Tapi memang KB Pria itu ga mudah jg yaa...",2021-09-29T03:00:42.000Z,
twitter,"Seorang pria (22) membakar mimbar Masjid Raya Makassar karena sakit hati kepada pengurus masjid. Pelaku berinisial KB itu ditangkap di Jalan Tinumbu, Kecamatan Bontoala, Kota Makassar, Sulawesi Selatan. #Zonamahasiswa 
https://zonamahasiswa.id/heboh-pria-bakar-mimbar-masjid-raya-makassar-karena-sakit-hati/…",2021-09-27T03:02:29.000Z,
twitter,Pria inisial KB (22) ditangkap polisi usai nekat membakar mimbar Masjid Raya Makassar. https://news.detik.com/foto-news/d-5739789/tampang-pria-pembakar-mimbar-masjid-raya-makassar?utm_term=echoboxauto&utm_campaign=detikcomsocmed&utm_medium=oa&utm_content=detikcom&utm_source=Twitter#Echobox=1632591343…,2021-09-25T22:02:19.000Z,
twitter,Polisi mengungkap motif pria inisial KB (22) nekat membakar mimbar Masjid Raya Makassar. https://news.detik.com/berita/d-5739743/polisi-ungkap-motif-pria-pembakar-mimbar-masjid-raya-makassar?utm_term=echoboxauto&utm_campaign=detikcomsocmed&utm_medium=oa&utm_content=detikcom&utm_source=Twitter#Echobox=1632591352…,2021-09-25T21:28:21.000Z,
twitter,Polisi mengungkap motif pria inisial KB (22) nekat membakar mimbar Masjid Raya Makassar. KB mengaku sakit hati terhadap sekuriti dan pengurus masjid karena ditegur saat tidur di masjid.,2021-09-25T14:40:44.000Z,
twitter,"Tim Jatanras Polrestabes Makassar, Sulawesi Selatan, menangkap seorang pria pelaku pembakar mimbar Masjid Raya Makassar. Pelaku berinisial KB itu mengungkap motifnya melakukan pembakaran. #MimbarMasjidRayaMakassardibakar https://m.jpnn.com/news/pembakar-mimbar-masjid-raya-makassar-ditangkap-ini-motifnya…",2021-09-25T11:51:02.000Z,
twitter,"Polisi : Pria Pembakar Mimbar Masjid Raya Makassar Motif Sakit Hati: JAKARTA, EDUNEWS.ID-Polisi mengungkap motif pria inisial KB (22) nekat membakar mimbar Masjid Raya Makassar. KB mengaku sakit hati terhadap sekuriti dan pengurus masjid karena ditegur… http://dlvr.it/S8Jj8T",2021-09-25T11:45:11.000Z,
twitter,"Tim Jatanras Polrestabes Makassar, Sulawesi Selatan berhasil menangkap pria berinisial KB (27) yang membakar mimbar Masjid Raya Makassar. https://voi.id/berita/88540/polisi-tangkap-pembakar-mimbar-masjid-raya-makassar-pelaku-sakit-hati-dilarang-tidur-di-masjid…",2021-09-25T11:39:13.000Z,
twitter,"Knp wanita diwajibkan untuk 'mengikat rahim' menggunakan kb yang akan mengganggu hormon? 

Namun pria tidak diwajibkan menggunakan kondom?

Disaat pria dapat menghamili 9 wanita dalam 1 waktu namun wanita hanya hamil 1x setiap 9 bulan.",2021-09-19T09:21:55.000Z,
twitter,"#BeritaSampit
Polisi Tangkap Dua Pengedar Sabu-Sabu di Kotim https://beritasampit.co.id/2021/09/16/polisi-tangkap-dua-pengedar-sabu-sabu-di-kotim/… SAMPIT - Dua pria pengedar narkotika jenis sabu-sabu berinisial KB (40) dan BY (37), warga Desa Natai Baru Kecamatan Mentaya Hilir...",2021-09-16T11:51:56.000Z,
twitter,"~Seorang pria memarahi pacarnya yg hamil~

""Kenapa bisa? Kan sudah kubilang minum pil KB nya""

Hal yg dilewatkan si pria apa? Yaa betul berpikir semiotik. Pikiran semiotik; si wanita hamil bukan karena tidak meminum pil KB. Tapi karena si pria menidurinya.",2021-09-14T17:16:50.000Z,
twitter,"Sosialisasi KB Pria Metode Medis Operasi Pria (MOP) digelar oleh Kodim 0714/Salatiga bekerjasama dengan BKKBN Provinsi Jawa Tengah, DP3AKB Kota Salatiga bertempat di Aula kelurahan Sidorejo Kidul kecamatan Tingkir kota Salatiga. Selasa (14/09)",2021-09-14T02:54:18.000Z,
twitter,"When our gunners KB 
@Batdots
 & Maj @jssidhoo is on #getsetshoot , there's no escape my friend  its like ""चारो खाने चित"" ",2021-09-09T03:23:05.000Z,
twitter,"Kontrasepsi pria yg umum : senggama terputus, kondom (setara diafragma perempuan), vasektomi (setara tubektomi perempuan).Mulai ada KB hormon pria,tp sepertinya msh eksperimental. ES kondom & diafragma bs jadi bocor, atau alergi thd bahannya/ spermisida yg terkandung di dalamnya",2021-09-05T15:02:02.000Z,
twitter,"Semacam Thailand sebagai destinasi seks yang dilegalkan demi devisa (bukan atas dasar pro lgbt etcetc), intervensi pemerintah di ranah privat dalam kegiatan pil kb, atau juga hal-hal simple semacam kapan seseorang dikategorikan sebagai pria/wanita. apakah gender bersifat fixed.",2021-08-28T12:52:26.000Z,
twitter,support KB pria dan kesadaran akan jarak kelahiran,2021-08-25T02:45:34.000Z,
twitter,"Kesadaran masyarakat pada peran pria dalam program keluarga berencana (KB) ternyata masih rendah. Padahal, urusan begini merupakan tanggung jawab kedua belah pihak. #kumparanSAINS https://kumparan.com/kumparansains/kb-tak-cuma-untuk-wanita-pria-juga-bisa-dukung-program-ini-1wMbbRDfIy3?utm_medium=post&utm_source=Twitter&utm_campaign=int…",2021-08-20T07:12:08.000Z,
twitter,"Kayaknya vasektomi itu KB khusus pria deh klo buat hukuman predator sex tapi kurang tau sih keknya disuntik deh biar gak bisa ereksi (permanen) gitu  wait , millen ? Millen apaan nama kucing ??",2021-08-19T00:41:53.000Z,
twitter,"Iya. Emng. Mkanya aku nggk pro sma kb pria. Lgipla kb pria dianjurkan bgi org yg ada pnykit pnyrta sih. Ato klo nggk yg usia lanjut gtu. Klo msih mda ikut kb pria aku yg jdi dkter nya, udh aku usir tuh pasien.",2021-08-18T15:04:53.000Z,
twitter,Lakik cem gtu enak nya di apain ya???? Dftarin kb mop (metode operasi pria) sru kali ya. Mayan lah itung2 tmbah aseptor. Sklian dbkin loyo. Jdi nggk bsa ngpa2 in. Gila gila dah. . .,2021-08-18T14:26:26.000Z,
twitter,"gak cuman pill,atau harus ke dokter kayak sterill. yang paling utama kb gak diperuntungkan buat perempuan doang,tapi laki-laki juga. nah bentuk kb nya laki2 ya kondom sama vasektomi,terus sekarang ada suntik kb pria.",2021-08-10T15:03:42.000Z,
twitter,"Bill Gates Donasikan Rp28,9 Miliar untuk Penelitian Pil KB Pria http://dlvr.it/S5FKFT",2021-08-08T06:47:07.000Z,
twitter,Pria cuek untouchable,2021-08-05T12:30:50.000Z,
twitter,"Then came this overzealous International Criminal #SC lawyers calling to his indian associate @MANPREET_LAWYER 
Even here there's not mention nor tag to you KB? I dont understand their agenda? Are they finding victims of justice on TWITTER?? 
@neerangautam",2021-08-04T04:35:44.000Z,
twitter,"Until this tweet you're nowhere in sight KB? No Mention, no tag?",2021-08-04T04:32:18.000Z,
twitter,"KB ""Don't give up on the person you're becoming ""
'Reality is Vulnerable & Vulnerable is Beautiful, inside out'.",2021-08-02T12:27:36.000Z,
twitter,barusan lewat iklan KB di TV udah mulai campaign ttg kontrasepsi pria (kondom dan vasektomi) ,2021-07-31T18:06:09.000Z,
twitter,"Buat informasi aja, kontrasepsi ada banyak banget.

Mungkin klo beli pill KB buat remaja kaya kita aneh kali ya, pilihan Kondom (baik di pria atau wanita), dan klo kebablasan ada juga postpilll.

Pospill diminum after sex tanpa kontrasepsi. Maksimal 5 hari setelah sex terjadi.",2021-07-30T23:31:17.000Z,
twitter,Kalau sekedar PIL mungkin biasa lha ya asal jgn pil koplo ! Hahahahaha repotnya kalau punya simpanan PIL KB hahahaha Pria Idaman Lain Keren Banget...gitu lho !,2021-07-26T15:54:01.000Z,
twitter,"Ayo pake KB Pria sebagai pengaman biar situasi tetap aman. 
KB Pria, ya Kondom Sutra  pastinya!
#PriaBerKBituKeren #KBPriaItuKondomSutra",2021-07-26T05:26:19.000Z,
twitter,"Perencanaan keluarga aman karena pake pengaman. 
Yuk pake Kondom Sutra  sebagai  KB Pria, biar keluarga semakin bahagia.
#PriaBerKBituKeren #KBPriaItuKondomSutra",2021-07-23T13:00:55.000Z,
twitter,"Pria pake KB itu keren! Karena memiliki perencanaan keluarga yang baik. 
Yuk pake Kondom Sutra sebagai KB Pria!
#PriaBerKBituKeren #KBPriaItuKondomSutra",2021-07-23T11:28:00.000Z,
twitter,"DenpasarAyo pake KB Pria sebagai pengaman biar situasi tetap aman. 
KB Pria, ya Kondom Sutra  pastinya!
#PriaBerKBituKeren #KBPriaItuKondomSutra",2021-07-23T11:15:05.000Z,
twitter,"Pria juga bisa bantu istri dengan ikut KB loh.

Yuk pake pengaman biar saling aman. 

#PriaBerKBituKeren #kbpriaitukondomsutra https://instagram.com/p/CRp_kgpgEjQ/?utm_medium=twitter…",2021-07-23T04:23:34.000Z,
twitter,KB andalan para Pria biar makin Mmmm...,2021-07-22T07:57:49.000Z,
twitter,Susah ini mah mau liat hilal mereka apalagi udah muncul PIL KB Pria Idaman Lain Keren Ber'daddy jokes'  https://t.co/AcJbB9uW3t,2021-07-22T06:20:41.000Z,
twitter,Patra tu pehle nidar hokar Modi se pooch China ka naam muh se kb lenge nidar bankar?,2021-07-16T18:17:55.000Z,
twitter,"Liat iklan 

Pria ber KB tu keren
Maaf utk kali ini GK mau keren dlu klo hrus KB kwwk",2021-07-11T18:33:48.000Z,
twitter,"Kalo memang blm mau punya anak, jgn nikah dulu.
Menghindari punya anak setelah nikah itu susah bagi wanita/pria subur.
Cmiiw

Mending jaga hati & omongan aja sih.
Btw kalo mau KB, pil aja ya bagi yg blm mau punya anak.",2021-06-26T01:42:27.000Z,
twitter,Iklan baru dari BKKBN leh uga tentang KB pria ,2021-06-23T13:34:11.000Z,
twitter,Untuk meningkatkan kesertaan ber KB pria perlu dilakukan terobosan https://republika.co.id/berita/qv25ft380/kepala-bkkbn-perlu-inovasi-tingkatkan-capaian-kb-pria…,2021-06-21T15:23:53.000Z,
twitter,KB Metode Operasi Pria Mulai Diperkenalkan Di Kota Tasikmalaya http://dlvr.it/S1yTLX,2021-06-18T05:18:03.000Z,
twitter,"Terkait Program Akseptor, Plt Wakot Bangga Pria Bisa di KB >>> https://wartatasik.com/terkait-program-akseptor-plt-wakot-bangga-pria-bisa-di-kb/… 

#wartatasik #beritaterkini #sosialbudaya #akseptor #KB #tasikmalaya @nunung7175 @bkkbnjawabarat @BKKBNofficial 
@pemkottsm
 @kominfo_pemkot_tsm",2021-06-17T13:03:16.000Z,
twitter,"Si wanita menyalahkan si pria, di lain sisi, di lain tempat si pria lain menyalahkan si wanita lain.
Lalu siapa yang salah kalau begini?",2021-06-01T14:16:45.000Z,
twitter,"Wanita itu diciptakan dari tulang rusuk pria, bukan dari kepalanya untuk jadi atasannya, melainkan dari sisinya untuk jadi teman hidupnya, dekat dengan lengan untuk dilindungi dan dekat dengan hatinya untuk dicintai.-kb",2021-05-30T15:20:18.000Z,
twitter,I hear you Ma'am. Your bond with Aunt Schiella was one of the most elated experiences ever even for onlookers like us. One in a zillion Mother's bear a daughter so devoted & a daughter blessed with a Mom so proud . She's watching over you KB,2021-05-19T13:26:21.000Z,
twitter,"Logika:
1 wanita hanya bisa hamil 1x dalam 9 bulan l, meski tidur dengan 9 pria dalam 1 hari. 

Logika yg dibentuk dari pernyataan tsb:
Pria yg harusnya KB, bukan wanita. 

Logika saya:
Memiliki anak adalah tanggung jawab bersama, bukan tanggung jawab istri atau suami saja.",2021-04-26T06:06:21.000Z,
twitter,"Nah ini, padahal KB buat pria jauh lebih gampang dan ga intrusif sama sekali ke badan ybs. Ga perlu jadi jenius buat paham bahwa the least cost avoider (apalagi bebannya jauh lebih kecil) harusnya yang lebih banyak ambil langkah preventif dalam hubungan timbal balik. https://t.co/Xn6xX9tO6V",2021-04-25T14:37:12.000Z,
twitter,Egonya langsung tersengat lah mayoritas pria kalo disuruh mereka KB,2021-04-25T12:24:20.000Z,
twitter,Masalahnya banyak pria yang ga mau pake KB pria dengan dalih tidak nyaman dan put the burden on women.,2021-04-25T07:13:50.000Z,
twitter,Jadi PRIA lah yg harus pasang KB ..,2021-04-25T01:36:10.000Z,
twitter,"Kan ad kb pria jg, kondom masuk jenis kb hehe. Vasektomi juga masuk jenis kb dan msh bnyk lg, emg krn gak populer aja. Jd intinya kb itu tanggung jwb dua pihak kok, dan tujuanny kb bkn cm biar gapunya anak, lbh luas dr itu. Sedikit artikel ttg kb pria https://google.com/amp/s/www.sehatq.com/artikel/tak-hanya-wanita-kb-pria-juga-bisa-jadi-pilihan/amp…",2021-04-25T01:30:33.000Z,
twitter,"क्यूँ करती हैं आप दुआ उन के लिए जिन्होंने आप ही से दगा किया? KB इतना सरल होना भी अच्छा नहीं आज के दौर में? जिस देश में माँ 'बेटियाँ सबकी सांझी होती हैं' 
सीखा कर चली गयी, 
उस देश की दुर्गति है कि एक तख्ती टांगने को माँ तो याद है, माँ के कहे अल्फाज़ नहीं ",2021-04-20T06:25:15.000Z,
twitter,"#Lowongan Customer Service (CS) Bank KB Bukopin (Semua Jurusan | Pria/Wanita | Fresh Graduate/Berpengalaman). Syarat, Lokasi & Cara Melamar Baca Di: https://jobsid.co/index.php/lowongan-swasta/12/12700-lowongan-bank-kb-bukopin-21-april-21…",2021-04-15T05:10:55.000Z,
twitter,Metode dan Harga Suntik KB Pria https://harga.web.id/harga-suntik-kb-pria.info…,2021-04-11T12:32:23.000Z,
twitter,"KB itu suatu program dan salah satunya adalah penggunaan alat kontrasepsi dimana alat kontrasepsi itu berbagai macam salah satunya adalah kondom, baik kondom pria maupun wanita. ",2021-03-30T02:24:42.000Z,
twitter,Konon mata wanita bisa mengacu fokus para pria,2021-03-29T12:36:29.000Z,
twitter,"Berkurangnya pria yg dianggap berkualitas, antara meningkatnya pengangguran dan kurangnya prospek untk pria, hal itu jga bsa membuat perempuan khawatir. Untk menekan peningkatan demografi ada salah satu pemerintah untk menekan tingkat penanambahan penduduk yaitu program KB.",2021-03-28T02:45:45.000Z,
twitter,"Kalo saya,awalnya saya paksa...terserah mau kondom ato vasek...klo takut efek samping ajak k dokter.
Kalo setelah tau bahwa tdk ada efek smpg signifikan pd kb pria dan suami tetap tidak mau kb,,saya minta sediain baby sitter dan art jika sampe pnya ank lg,& gblh ggu uang belanja.",2021-03-19T22:00:40.000Z,
twitter,Saatnya Pria Berpartisipasi dalam KB dengan MOP https://kompasiana.com/drsak/604f16d28ede48583263a772/saatnya-pria-berpartisipasi-dalam-kb-dengan-mop…,2021-03-15T09:01:53.000Z,
twitter,Saatnya Pria Berpartisipasi dalam KB dengan MOP http://kompasiana.com/halimhanindya0145/604f0780d541df4a5e475122/saatnya-pria-berpartisipasi-dalam-kb-dengan-mop…,2021-03-15T08:27:00.000Z,
twitter,"Udahlah capek hamil, melahirkan, eh disuruh KB pula. Padahal KB buat pria ada.",2021-03-10T13:45:47.000Z,
twitter,Petrol keemat par Kadi ninda kb karoge?,2021-03-09T15:04:15.000Z,
twitter,"BKKBN Maluku Gelar Pembinaan Kesertaan KB Pria Bersama Mitra Kerja #Maluku
https://bit.ly/3uVUgv4",2021-03-04T08:06:37.000Z,
twitter,Pagi ini Mimin mengikuti kegiatan Penyuluhan Peran Pria Dalam Keuarga Berencana (KB) Di Pendopo Desa Kramat.,2021-03-04T03:01:19.000Z,
twitter,"Setelah 25 tahun menemani ribuan pasangan dan menjadi salah satu kondom yang paling populer di Indonesia, 
@KondomSutra
 kini menghadirkan edisi spesial Sutra Econo Pack, guna mengajak masyarakat Indonesia untuk menggunakan kondom sebagai upaya peningkatan peserta KB pria.",2021-03-01T12:00:45.000Z,
twitter,"[2] terdapat pada besaran #kuotadata yang digunakan.

Untuk teks per karakter diperkirakan 1 byte, sedangkan #stiker pada umumnya di bawah 50 kilo byte (KB).

Menurut pria yang juga menjabat sebagai Ketua Lembaga Riset #KeamananCyber & Komunikasi (CISSReC) itu, tidak ada biaya",2021-02-25T04:53:12.000Z,
twitter,"Umur 35, sperma pria sudah ga sejoss loh. Kalau dia ga mau tahun ini, minimal apakah ada kemungkinan 2-3 tahun lagi? Jadi pastikan, dia ketahan atau benar2 ga mau? Klo ketahan, SURUH DIA TARO SPERMA PREMIUMNYA. Jd pada saat dia kepengen kamu buka KB, ada bibitnya yg siap.",2021-02-24T14:44:22.000Z,
twitter,Pemerintah berusaha mengajak pria menyukseskan program KB http://dlvr.it/RsgHmX,2021-02-14T06:19:02.000Z,
twitter,Buat program konspirasi kb massal di seluruh dunia. Membuat standar wanita akan pria menjadi sangat tinggi. Makin banyak jomblo. Bisa menekan populasi manusia yang sudah membludak di bumi yang mulai tua ini,2021-02-13T16:26:02.000Z,
twitter,"Siapkan Emas 1,5 Gram untuk Pria yang Ikut KB https://radarsemarang.jawapos.com/berita/jateng/salatiga/2021/02/11/siapkan-emas-15-gram-untuk-pria-yang-ikut-kb/…",2021-02-11T05:21:55.000Z,
twitter,Girl fuck them hoes they pick and choose when and what they going to do! To wrapped up on the own lives to help they own sister well not pria she be here but her crazy ass ain’t helping do the important stuff.,2021-02-09T12:16:29.000Z,
twitter,"#NovegaBKKBN, yuk simak Webinar ""Peningkatan Kesertaan KB Pria dan Sosialisasi Suntik KB Bersama Mitra"".
.
Jangan sampai ketinggalan ya, NovegaBKKBN!
.
#BKKBN
#BKKBNSulteng
#BanggaKencana
#Berencanaitukeren
#JadiKeluargaKeren
#KeluargaHebatTerencana",2021-02-07T11:57:07.000Z,
twitter,"Lee Sun-hwa, seorang peneliti di KB Securities, berkata, ""Program audisi LOUD untuk menemukan grup pria baru akan ditayangkan, dan JYP Entertainment terus mencari mesin pertumbuhan baru dengan Twice, bertindak sebagai sapi perah, dengan terus memperkenalkan  grup baru.""",2021-02-05T10:11:39.000Z,
twitter,Kirain gua kb,2021-01-25T08:20:26.000Z,
twitter,Didi hum ca kb bn payege,2021-01-22T16:06:59.000Z,
twitter,"Prestasi Bareskrim Polri, menangkap seorang pria berinisial RSP terkait penebangan liar (illegal logging).Lokasi illegal logging tersebut terletak diKM 35, samwill UDKarya Abadi diDs TumbangKaman, Ds Tumbang Tangoi,dan Ds Batu Tukan, Kb Katingan, Kalteng.
#CalonTunggalKapolri",2021-01-14T02:13:09.000Z,
twitter,"Prestasi Bareskrim Polri, menangkap seorang pria berinisial RSP terkait penebangan liar (illegal logging).Lokasi illegal logging tersebut terletak diKM 35, samwill UDKarya Abadi diDs TumbangKaman, Ds Tumbang Tangoi,dan Ds Batu Tukan, Kb Katingan, Kalteng.
#CalonTunggalKapolri",2021-01-14T02:13:09.000Z,
twitter,"Pilihan KB lebih banyak di perempuan daripada pria karena hormon yg berperan dalam reproduksi perempuan lebih banyak dan kompleks daripada pria. Jadi banyak yg bisa 'dimodifikasi'. Tapi pria cuma 1 hormon reproduksinya, diblok udah ngaruhnya bisa ke tulang, mental, dll~",2021-01-12T17:35:31.000Z,
twitter,"Cewek sebelum nikah sakit haid
Pas nikah sakit di unboxing
Blm hamil 9bln dg berbagai macam keluhan
Kontraksi rasanya 
Melahirkan,di jait,bertaruh nyawa
Belum fase menyusui,baby blues lah
Udh gitu masih d suruh KB yg byk efek sampingnya
Pliss kaum pria jangan sakiti wanita lagi",2021-01-07T03:06:25.000Z,
twitter,sama gk dgn KB pd pria..?,2021-01-05T23:33:42.000Z,
twitter,"mba, KB itu menghambat sel sperma membuahi sel telur. tdk mematikan produksi hormon estrogen & progesteron.

kebiri kimia pd pria, mematikan produksi hormon testosteron. tanpa hormon ini pria akan kehilangan nafsu sex & massa otot pun berkurang. msh byk efek negatif lainnya",2021-01-04T02:03:34.000Z,
twitter,BKKBN Ungkap Tingkat Minat Pria Lakukan KB di Jawa Barat Cukup Tinggi http://dlvr.it/RplrT9,2021-01-02T05:00:33.000Z,
twitter,Ini baru pria,2020-12-30T12:27:24.000Z,
twitter,"Ga ada salahnya si pro choice kalo ga siap. Tapi, sampe 2 kali itu gimana? Gugurinnya pake obat apa? Hancur la rahim kau mba mba. Ga tau ya kalo ada yg namanya pil kb? Atau IUD? Atau alat pengaman pria? https://x.com/collegemenfess/collegemenfess/status/1341010628064858112…",2020-12-21T23:12:36.000Z,
twitter,"jika wanita hanya bisa hamil 1x dalam 9 bulan
lalu pria bisa menghamili wanita beberapa kali dalam 9 bulan

siapa yang seharusnya diberi kb?",2020-12-19T07:27:24.000Z,
twitter,Motivator KB Pria Berpotensi Jadi Pengusaha Sukses http://bewarajabar.com/motivator-kb-pria-berpotensi-jadi-pengusaha-sukses/…,2020-12-18T02:10:17.000Z,
twitter,pria baik baik setia sama pasangannya,2020-12-13T03:52:11.000Z,
twitter,"Kemarin bahas KB untuk pria, lalu ada yang berujar takut kalau suaminya di KB membuatnya bisa jajan. Karena kalau sudah vasektomi berarti gak bisa membuahi.
Aku seperti woww setipis itukah kepercayaan sama suami sendiri.",2020-12-12T01:00:18.000Z,
twitter,"Hai gadis, km nanti bakal jadi sosok wanita hebat. Km juga akan bertemu pria yg juga hebat.. tapi jangan sedih dengan masa tuamu, kekacauan anak2mu bukan salah didikmu. Maaf.. pasang KB dan ikuti kata pemerintah kalo 2 anak aja cukup. Kalo mau hamil lagi nanti 2008 pas dede lahir",2020-12-09T06:52:15.000Z,
twitter,Minat Pria di Kulonprogo Ikuti Program KB Masih Rendah https://jogjapolitan.harianjogja.com/read/2020/12/07/514/1057300/minat-pria-di-kulonprogo-ikuti-program-kb-masih-rendah?utm_source=dlvr.it&utm_medium=twitter… #beritajogja #jogja #jogjaistimewa,2020-12-07T00:03:03.000Z,
twitter,Minat Pria di Kulonprogo Ikuti Program KB Masih Rendah https://jogjapolitan.harianjogja.com/read/2020/12/07/514/1057300/minat-pria-di-kulonprogo-ikuti-program-kb-masih-rendah?utm_source=dlvr.it&utm_medium=twitter… #beritajogja #jogja #jogjaistimewa,2020-12-07T00:03:03.000Z,
twitter,Keikutsertaan Program KB Pria dan KB Baru di Kabupaten Kulon Progo Masih Rendah https://j.mp/2JFqXdd,2020-12-06T08:04:19.000Z,
twitter,"Hai.. #SobatBKKBN, kalian tau gak kalo peran pria dalam keluarga berencana sangat penting lhoo..
Mau tau beberapa peran pria dalam KB di sini, Sob!
.
.
#BKKBN
#KeluargaHebatTerencana
#BerencanaItuKeren",2020-12-04T06:37:25.000Z,
twitter,"Hari Vasektomi Sedunia, Momentum Meningkatkan Peran Pria Dalam Program KB https://ift.tt/3fWdYQ2",2020-12-02T08:40:25.000Z,
twitter,"“ISIH WUTUH, TUR TETEP GAGAH”⁣
⁣Metode KB Pria dengan vasektomi atau MOP (Metode Operasi Pria) ⁣tidaklah menakutkan seperti yang dibayangkan. Ini bukan proses kebiri dan menghilangkan keperkasaan laki-laki.    
#repost : 
@diy_dp3ap2
  ⁣
#2Desember  #jogja #Yogyakarta 
⁣",2020-12-02T06:20:39.000Z,
twitter,"“ISIH WUTUH, TUR TETEP GAGAH”

Metode KB Pria dengan vasektomi atau MOP (Metode Operasi Pria) 
tidaklah menakutkan seperti yang dibayangkan. Ini bukan proses kebiri dan menghilangkan keperkasaan laki-laki.",2020-12-01T09:41:23.000Z,
twitter,"KB 
@Batdots
 FYI",2020-11-28T17:06:51.000Z,
twitter," @Batdots
 KB some reputation, your beat guys carry...",2020-11-28T17:01:12.000Z,
twitter,"Millen Cyrus Pakai Pil KB, Ini Bahayanya Bagi Pria",2020-11-23T08:24:32.000Z,
twitter,setuju sih kl sebenernya pil/suntik KB bukan utk perempuan aja. harusnya diperbanyak jg alat kontrasepsi lainnya utk pria.,2020-11-16T12:25:10.000Z,
twitter,"Wakil Wali Kota Bandung Yana Mulyana Ajak Kaum Pria Jadi Peserta KB

https://jabarnews.com/read/94550/wakil-wali-kota-bandung-yana-mulyana-ajak-kaum-pria-jadi-peserta-kb…

#jabarnews #beritalokal #beritahiperlokal #harianjabar #jabartoday #beritajabar #beritajawabarat #jabarterkini #jawabarat #jabar #wakilkotabandung #yanamulyana #kaummuda #pesertakb",2020-11-10T04:15:25.000Z,
twitter,Wakil Wali Kota Bandung Serukan Pria Jadi Peserta KB http://wartakencana.com/berita-utama/wakil-wali-kota-bandung-serukan-pria-jadi-peserta-kb/…,2020-11-09T15:31:00.000Z,
twitter,"Tingkatkan Kualitas SDM, Pemkot Bandung Ajak Kaum Pria Pakai KB https://ift.tt/2Img0vX  Bandung Raya, Bandung, Kaum Pria, KB, Pemkot, sdm#info #fokusjabar #viral 
@fokusjabar
 #news #berita #jabar #beritajabar #jawabarat #info",2020-11-09T13:14:29.000Z,
twitter,SINERGITAS BKKBN PEMPROV SUMUT DENGAN KODIM 0208/AS PADA PELAYANAN KB METODA OPERASI PRIA (MOP) https://goosela.com/2020/11/sinergitas-bkkbn-pemprov-sumut-dengan-kodim-0208-as-pada-pelayanan-kb-metoda-operasi-pria-mop/…,2020-11-03T16:21:55.000Z,
twitter,#presale #bitcoin #crypto $YFI $HOLY $KORE $HATE $UNI $FARM $INJ $XVS $SXP $FIO $EASY $BOT $KP3R $SURF $YELD $CORE $PRIA $KPER $ORAI $FMTA $TENS $STACY $NICE $PRQ $POLS $STAKE $OCEAN $BOND $NSURE $YSEC $HIKARI,2020-11-01T08:38:52.000Z,
twitter,#presale #bitcoin #crypto $YFI $HOLY $KORE $HATE $UNI $FARM $INJ $XVS $SXP $FIO $EASY $BOT $KP3R $SURF $YELD $CORE $PRIA $KPER $ORAI $FMTA $TENS $STACY $NICE $PRQ $POLS $STAKE $OCEAN $BOND $NSURE $YSEC $HIKARI https://t.co/mWkdMBYSJS,2020-11-01T08:38:31.000Z,
twitter,terus nemu jenis jenis kb untuk pria juga https://google.com/amp/s/hellosehat.com/kehamilan/kesuburan/4-kb-untuk-pria-kontrasepsi-pria/%3famp…,2020-11-01T04:42:40.000Z,
twitter,Ini yg sempet kepikiran sama aku. Kenapa KB harus di bebankan pada wanita? Dan tidak bisakah para pria menggunakan kondom saja. https://x.com/eggeggeggscrea/eggeggeggscream/status/1317295548920115201…,2020-10-31T18:25:07.000Z,
twitter,Kang Uung Klaim KB Pria Jabar Cukup Tinggi http://wartakencana.com/berita/kang-uung-klaim-kb-pria-jabar-cukup-tinggi/…,2020-10-22T14:26:11.000Z,
twitter,tp nek kb buat pria ki ngko pria ne njajan sudah dipastikan tidak hamil  menarik kan coblos sana sini tanpa ketahuan. eh embuh ding wkwk,2020-10-22T02:32:15.000Z,
twitter,"BKKBN Jabar: Peserta KB Pria di Garut Capai 225 Persen

https://jabarnews.com/read/93546/bkkbn-jabar-peserta-kb-pria-di-garut-capai-225-persen…

#jabarnews #beritalokal #beritahiperlokal #harianjabar #jabartoday #beritajabar #beritajawabarat #jabarterkini #jawabarat #jabar #kb #bkkbnjabar #pesertakbria #garut #capai225persen",2020-10-21T15:05:07.000Z,
twitter,"Keren Pisan, Capaian KB Pria Garut Tembus 225 Persen http://wartakencana.com/berita/keren-pisan-capaian-kb-pria-garut-tembus-225-persen/…",2020-10-21T11:11:59.000Z,
twitter,"Mau nanyaa dong , kalau udah suntik hormon / kb buat pria , terus keluar dalam apa tetap bakal hamil ?",2020-10-14T16:26:56.000Z,
twitter,Keluarga bahagia (kb),2020-10-11T06:05:57.000Z,
twitter,"DPMDPPKB - Bakti Sosial KB Pria Tahun 2020 https://pemberdayaan.kulonprogokab.go.id/detil/1272/bakti-sosial-kb-pria-tahun-2020#… 
#MOP #BKKBN #KBPria #Puskesmas",2020-10-05T01:34:33.000Z,
twitter,Jadilah pria mebutuh,2020-10-03T02:10:57.000Z,
twitter,"apa aku yg tidak menaati peraturan? :(
aku menikah usia 18tahun tapi gaada masalah apapun di KUA :(
aku kemarin ikut program KB dlm rangka hari KB tapi gagal :(
berarti ""pria KB luar biasa"" aja yaa, ga melulu perempuan yg disuruh KB hehe",2020-09-26T15:16:30.000Z,
twitter,"Usia yang direkomendasikan untuk pernikahan itu berusia 21 tahun, sementara untuk pria 25 tahun.
#pernikahandini #kb #sosialisasi #kawinmuda #hulondalo #hulondaloid",2020-09-22T01:48:58.000Z,
twitter,"Putra Metro jeans

Supplier grosir celana jeans pria
Barang sultan harga termurah se-Indonesia

Admin - wa.081218018886

Blok C Lt ground Los C No. 57-58 jalan KH. Mas, Kb.jati Daerah Khusus Ibukota Jakarta Pusat, Daerah Khusus Ibukota Jakarta 10240",2020-09-16T09:10:59.000Z,
twitter,"Agust d sekarang menjadi soloist pria pertama dan satu-satunya dalam sejarah iTunes yg memiliki album dan single utamanya mencapai #1 di 100 negara

#방탄소년단 #SUGA
#AgustDMakesHistory
#Daechwita100개국1위
@BTS_twt",2020-09-16T06:55:07.000Z,
twitter,4646 Mungkin teringat dirinya sudah di KB mantap. Pria kelahiran gatau dimana ini merupakan temen terbaik gua. Tapi sebagai seorang laki - laki tentu saja gua tidak berkata langsung ke orangnya. Ohyaa bro next time apartemen lu siapin ps sama internet biar parasit tumbuh subur wk,2020-09-11T11:03:48.000Z,
twitter,"Tapi vasektomi ribet sih, semoga nanti di masa depan ada KB semi permanen utk pria yg lebih mudah dan efisien...

Btw eksekusinya gimana nanti? meneketehe, namanya juga ide random karena puyeng liat orang2 beranak tanpa rencana mulu",2020-09-07T01:06:51.000Z,
twitter,""" Pemkot Tambah Insentif Pengguna KB Pria MOP "" 

pemkot Blitar juga akan memberikan insentif bagi warga yang melakukan KB pria sebagai pengganti selama masa operasi berlangsung.

Baca info selengkapnya di ... https://blitarkota.go.id/index.php/id/berita/pemkot-tambah-insentif-pengguna-kb-pria-mop…",2020-08-31T01:34:20.000Z,
twitter,"Bts ""Dynamite bersertifikat perfect all kill

-lagu bahasa Inggris pertama diliria pada tahun 2020 yang mencapai ini
- lagu Inggris ke-2 sejak "" Let it go""pada tahun 2012 untuk mendapat ini
-grub idola pria pertama yg mencapai ini
-bergabung dgn FAKE LOVE(2018) dan boy with luv",2020-08-27T10:24:29.000Z,
twitter,"Ini Kata Wali Kota Blitar Soal Manfaat Pelayanan KB Metode Operasi Pria https://pojok6.id/2020/08/13/manfaat-pelayanan-kb-metode-operasi-pria/…

#pojok6 #pojok6gorontalo #pojok6indonesia #mediaonline #gorontalo #mediapublisher #infogorontalo #membacacerdas #cerdasmembaca",2020-08-13T16:27:59.000Z,
twitter,fyi: Pria memiliki kesempatan untuk gantian KB dengan istrinya. minat (?) https://x.com/tchncllytrue/s/tchncllytrue/status/1292475065565458432…,2020-08-09T23:54:37.000Z,
twitter,Mungkin ini yang disebut dengan KB untuk Pria...ada yang mau coba? Ngilu... https://x.com/tchncllytrue/s/tchncllytrue/status/1292475065565458432…,2020-08-09T21:39:37.000Z,
twitter,"DPMDPPKB - Saatnya Pria Ber-KB https://pemberdayaan.kulonprogokab.go.id/detil/1220/saatnya-pria-ber-kb… 

#bkkbn #kulonprogo #kbpria",2020-08-07T02:48:50.000Z,
twitter,"Pandangan sosial, budaya dan agama terhadap vasektomi  termasuk rumor tentang vasektomi menyebabkan program KB Pria masih sangat rendah di Indonesia.  https://mediaindonesia.com/read/detail/331693-mitos-pemicu-gagalnya-kb-pria-di-indonesia…",2020-07-26T04:58:23.000Z,
twitter,Banyak keluarga yang beranggapan bahwa melakukan program Keluarga Berencana (KB) adalah urusan perempuan. Rumor yang beredar di masyarakat bahwa KB pria melalui cara vasektomi adalah kebiri. https://era.id/health/33541/ungkap-manfaat-vasektomi-bupati-banyumas-merasa-jadi-pejantan-sejati…,2020-07-24T13:10:04.000Z,
twitter,"Kontrasepsi selama ini selalu dituntut kepada pihak wanita saja, padahal pria harus mempertimbangkan juga. Ini udah paling mudah dan terjangkau dengan efek samping paling kecil. Konsumsi pil KB dalam jangka panjang sebenarnya gak baik",2020-07-19T10:53:43.000Z,
twitter,"Dinner at Chinese Restaurants in KB, after 2 weeks of Kelantan fares. 

Pria with prawns was outstanding #recommended",2020-07-17T13:38:00.000Z,
twitter,"Ada KB, ada kondom buat pria atau wanita. Atau mau cara yg paling konvensional ya crot di luar",2020-07-14T06:41:33.000Z,
twitter,"Pria Tua Nikahi Gadis Beda 30 Tahun, 'Bergelora' hingga Punya 15 Anak, Petugas KB Beri Peringatan http://dlvr.it/RbNXcT via 
@TribunJatim",2020-07-11T01:49:31.000Z,
twitter,"Kunjungan oleh PLKB Ibu Wiwik Kartiningsih bersama kader IMP Kalurahan Ngestiharjo kepada peserta KB pria beralamat di Jomegatan Ngestiharjo, pasca operasi. Alhamdulillah kondisinya sehat. @ Kampung Jomegatan https://instagram.com/p/CCdiuKyDVJ9/?igshid=zh58hs74eymt…",2020-07-10T12:29:41.000Z,
twitter,Info Biaya KB Steril untuk Wanita dan Pria https://harga.web.id/info-biaya-kb-steril-untuk-wanita-dan-pria.info…,2020-07-06T02:23:10.000Z,
twitter,"Berhasil Berkat Kemitraan yang Manis, Cara BKKBN DIY Gaet Akseptor KB Pria http://dlvr.it/RZj0Vj",2020-07-01T01:23:04.000Z,
twitter,"Camat Kemranjen, Dwi Irawan Sukma, S.STP, M.Hum menjadi Aseptor KB untuk kategori MOP di RS Medika Lestari Kemranjen. Senin, 29 Mei 2020. Keikutsertaan Pak Camat yang hobi bernyanyi ini dalam rangka Harganas tahun 2020. Dan bertujuan memberikan motivasi bagi kaum pria.",2020-06-29T05:25:38.000Z,
twitter,"Dan juga bisa tahan 1 dekade lebih, tapi blm melakukan uji coba manusia di tempat lain. Perusahaan obatpun tdk yakin ada pasar utk ini. Survei di thn 2002 mendapati bahwa 55% pria akan bersedia mencoba KB bahkan hormonal sekalipun, but in fact PR lebih sering disteril drpd pria--",2020-06-14T15:12:35.000Z,
twitter,"-is worth making urself a lil sicker' spt pd versi awal PR bahkan dokter mereka tdk akan tau akan sesakit apa SEnya sebelum byk org mulai meminumnya.
1970, percobaan KB pd pria mulai diuji tapi tdk pernah berhasil smp skrg kecuali use kondom, vasektomi, or simply just pull out ",2020-06-14T14:35:34.000Z,
twitter,"--panel yg berisi pria sayangnya hanya mengundang saksi pria, para PR marah & turun ke jalan utk protes, akhirnya dosis hormon dlm pil KB diturunkan di thn² berikutnya, meskipun SE tetap ada tp msh bisa di minimalisir. Bagi ratusan juta PR di seluruh dunia 'not getting pregnant--",2020-06-14T14:35:33.000Z,
twitter,Pria+wanita https://instagram.com/p/CBXrSIyDygT/?igshid=1890g53z2g24o…,2020-06-13T09:17:39.000Z,
twitter,"Tanpa jelasin apapun, dia kasih obat KB dan sekali lagi aku juga enggan tanya kenapa harus obat KB. Pulang tanpa kepuasan dan kejelasan. Dua hari kemudian ke dokter yang direkomendasiin temen, dokter pria. Ternyata lebih nyaman, dijelasin, ngobrol dua arah.",2020-06-03T06:27:52.000Z,
twitter,Mungkin juga Ustad KB punya pendapat sendiri soal jenggot..bisa aja dia berpendapat itu adalah hak asasi dia dan semua pria yg pengen berjenggot...kita gak tau motivasi seseorang tentang apa yg dilakukannya...toh juga dia gak memaksakan orang lain buat ngikutin dia ...bukan gitu?,2020-05-16T15:25:58.000Z,
twitter,"Vasektomi adalah salah satu KB permanen yang bisa dijalani oleh seorang pria untuk mencegah kehamilan pada pasangan.  Vasektomi merupakan metode kontrasepsi yang sifatnya permanen, tapi tidak menghalangi pria untuk mengalami ejakulasi dan orgasme.",2020-05-11T14:21:05.000Z,
twitter,"Pria Tombaku Terbanyak Pakai KB, Ini Penjelasan Kadis PPKB Minahasa Tenggara? http://dlvr.it/RW56y5",2020-05-06T03:06:32.000Z,
twitter,Dikira kb,2020-05-02T10:36:19.000Z,
twitter,Sid yeah kb hua,2020-05-01T03:04:21.000Z,
twitter,"Selain Kondom, Ini Jenis KB untuk Pria

https://yesdok.com/id/article/selain-kondom-ini-jenis-kb-untuk-pria…",2020-04-26T20:54:15.000Z,
twitter," Materi hari ini: 
- Anatomi (pria dan wanita)
- Spermatogenesis dan oogenesis
- hormon-hormon reproduksi
- Siklus menstruasi
- Fertilisasi
- Embriogenesis
- metode kontrasepsi dan KB",2020-04-26T08:04:31.000Z,
twitter,"Pria Tombaku Terbanyak Pakai KB, Ini Penjelasan Kadis PPKB Minahasa Tenggara? http://dlvr.it/RW56y5",2020-05-06T03:06:32.000Z,
twitter,Dikira kb,2020-05-02T10:36:19.000Z,
twitter,Sid yeah kb hua,2020-05-01T03:04:21.000Z,
twitter,"Selain Kondom, Ini Jenis KB untuk Pria

https://yesdok.com/id/article/selain-kondom-ini-jenis-kb-untuk-pria…",2020-04-26T20:54:15.000Z,
twitter," Materi hari ini: 
- Anatomi (pria dan wanita)
- Spermatogenesis dan oogenesis
- hormon-hormon reproduksi
- Siklus menstruasi
- Fertilisasi
- Embriogenesis
- metode kontrasepsi dan KB",2020-04-26T08:04:31.000Z,
twitter,"KB untuk pria ada 2 mbk, yg satu kondom (ini Kb juga hihi) , satu lgi metode untuk yg g pengen punya anak lagi, namanya vasektomi (pengikatan saluran sperma).
Ituu sih mb.",2020-04-23T02:32:50.000Z,
twitter,"Start kb hue the phle yeh btao

#DilSeSidNaaz",2020-04-13T15:47:57.000Z,
twitter,"Kb di..  Shailja se fursat ni milti apko.. 
Jaaa apni shailja ke paas
#DilSeSidNaaz",2020-04-13T15:46:51.000Z,
twitter,छोटे महाराज तो छोटे से महाराज निकले,2020-04-07T06:43:46.000Z,
twitter,Lomba Motivator KB Pria (MOP) di Aula DPPKBPMD https://goo.gl/fb/Y6omGW via KEC.KASIHAN,2020-04-01T01:28:05.000Z,
twitter,"*#MADUDIET ALAMI TANPA EFEK SAMPING*

 Mengecilkan perut buncit bagi pria maupun wanita (akibat lemak / KB)

 Mengurangi lemak di paha, pinggul, dan bagian yang berlemak lainnya, Melancarkan buang air besar

…",2020-03-31T18:50:48.000Z,
twitter,Kb donk!! Biar puas,2020-03-28T18:48:59.000Z,
twitter,Yar Sana kb apne ghr jaegi yaha azadi se bat nh kr parhi na kuch kr parhi h isilie ghyb h,2020-03-27T19:55:48.000Z,
twitter,"yg pertama jawabannya vasektomi, jelas2 opsi lain itu program kb untuk wanita semua 
tubektomi ko salah? tuba faloppii nah inget organ reproduksi mana, pria? bukan wanita itu tempat terjadinya fertilisasi",2020-03-23T14:17:19.000Z,
twitter,"Kegiatan tersebut mendapat respon aktif dari para peserta khususnya motivator KB Pria dgn materi yang disampaikan meliputi Kebijakan dan Strategi Program Banggakencana, Pelayanan KB Pria Vasektomi, Pelayanan KB ditinjau dari aspek agama, dan Penguatan kapasitas motivator KB Pria.",2020-03-09T13:46:34.000Z,
twitter,"“untuk meningkatkan kesertaan KB Pria Vasektomi di Sulteng, beberapa strategi yg harus dilakukan diantaranya adanya dukungan stakeholder, koordinasi dan informasi secara terus menerus kepada PKB maupun motivator KB Pria Vasektomi setiap tahun di Kab/Kota” Jelas Erna.",2020-03-09T13:46:32.000Z,
twitter,"Kepala Perwakilan BKKBN Sulteng Dra. Maria Ernawati, MM dalam sambutannya menyampaikan diperlukan beberapa strategi yang harus dilakukan untuk meningkatkan kesertaan KB Pria",2020-03-09T13:46:29.000Z,
twitter,"kegiatan ini diikuti oleh Kepala Bidang KB Kab/Kota, Kasie KB atau yang menangani Pelayanan KB dan motivator KB Pria dari 13 Kab/Kota di Sulawesi Tengah.",2020-03-09T13:46:28.000Z,
twitter,"Sebagai upaya peningkatan pelayanan keluarga berencana dan kontrasepsi bagi Pria, Perwakilan BKKBN Sulteng mengadakan kegiatan Penguatan Program KBKR serta Penguatan Kapasitas Motivator KB Pria di Ruang Pola senin (24/2/2020)",2020-03-09T13:46:27.000Z,
twitter,"Saat ini tingkat pemakaian kontrasepsi modern dan tradisional (Contraceptive Prevalensi Rate) berdasarkan  SDKI 2017 sebesar 59.3% (semua metode), sedangkan KB Pria MOP dan Kondom 2.25% masih jauh dari target nasional sebesar 4%,",2020-03-09T13:46:26.000Z,
twitter,"Selamat pagi sahabat twitter. 
Hari libur ini kalian ngapain aja?  buat jaga2, bagi perempuan yg mau berenang jgn lupa telan pil KB dl ya,  kali aja ada pria dekat anda yg ngaceng sampai orgasme ",2020-02-22T23:49:40.000Z,
twitter,"Hari ke 35 pasang KB dan mules yg tak pernah ku rindukan kembali menerjang 
Kl rahim wanita bisa diiket dan dijagain kenapa anu pria ga ada alat biar auto jaga diri sih!",2020-02-22T12:41:34.000Z,
twitter,"#WuhanCoronaVirusOutbreak Picu Kemandulan Pasien Pria

KB (Keluarga Berencana) versi Virus?

#GlobalFortress
#FebruaryOutbreak

COVID-2019
COmmunist VIrus Disease 2019

Communism in The Time of Corona

#Imlek
Gong Xi Fa Cai

All China Hell Breaks Loose",2020-02-21T18:13:54.000Z,
twitter,"Setelah kondom, ada juga pil KB khusus pria sebagai metode kontrasepsi terbaru tapi belum dipasarkan secara meluas. Sedangkan vasektomi adalah kontrasepsi dengan prosedur operasi pada testis yang bersifat permanen bagi pria.

#HaloDKT #DKTIndonesia",2020-02-17T12:16:42.000Z,
twitter,"Pria memiliki 3 jenis alat kontrasepsi modern yaitu kondom, pil KB pria, dan vasektomi. Hingga saat ini, kondom masih menjadi metode kontrasepsi yang paling populer karena memiliki tingkat efektivitas hingga 98% untuk mencegah kehamilan & IMS.

#HaloDKT #DKTIndonesia",2020-02-17T12:16:42.000Z,
twitter,Pdhal ada kb buat pria juga sih '-' tpi itu mah keputusan orng tua mu soalnya.,2020-02-10T09:31:40.000Z,
twitter,Jgn lupa kondom sebelum senggama bagi pria dan konsumsi rutin pil kb untuk wanita sesudah bersetubuh agar laju pertumbuhan penduduk terkendali,2020-02-09T11:50:55.000Z,
twitter,"Tanggal 4 februari Disdaldukkb Kota Semarang melaksanakan Kegiatan Pembinaan dan Sosialisasi Peningkatan KB Pria di lingkungan TNI. Kegiatan diselenggarakan di Kodim 0733BS Kota Semarang.
.
Narasumber  yaitu Dr. Efsilon Dewanto dan Bp anang budi utomo

https://instagram.com/p/B8KmCFanwLO/?igshid=1g17a4vvrva5s…",2020-02-05T00:49:58.000Z,
twitter,"Selasa (04/02/2020) Giat pelepasan cincin pd warga (Pria, 78 thn) Jl. Matraman Raya No. 132 Kel. Kb. Manggis, Kec. Matraman Jakarta Timur. Giat penanganan pelepasan cincin dimulai pkl. 10.25 s/d 10.45.
#DamkarDKI
#SiapTanggap",2020-02-04T09:32:09.000Z,
twitter,"Hari ini tanggal 4 Februari 2020 melakukan Kegiatan Pembinaan dan Sosialisasi Peningkatan KB Pria di Lingkungan TNI Kota Semarang.Di Kodim 0733 BS / Semarang.Peserta Seluruh Babinsa sekota Semarang dan Koordinator Plkb Disdalduk KB
https://instagram.com/p/B8IONCxnc8T/?igshid=f4jq9yq8y2dz…",2020-02-04T02:38:47.000Z,
twitter,"KB Suntik untuk Pria Pertama di Dunia Segera Dirilis
 https://bit.ly/2NLOeZF",2020-02-01T03:45:38.000Z,
twitter,"mbak, memangnya sebanyak apa kasus suami tidak memperbolehkan KB sehingga menjadi dasar mbak menaruh peranan pria pria penolak KB ini ada di respon twit pertama ?. sedangkan utasan keseluruhan faktornya kan banyak ternyata ya. ~",2020-01-29T01:51:48.000Z,
twitter,"Kenapa sih dikit2 harus cewek lah yg ini cewek lah yg itu. KB sama tubectomy padahal komplikasinya tinggi, beda sama KB pria yg minim resiko. Kenapa gak cowoknya aja yg disuruh begitu??
Budak patriarki emang.",2020-01-29T00:17:01.000Z,
twitter,"Gemes banget baca thread KB ini masalahnya wanita doang. Lo gatau apa KB ga cuma untuk wanita tapi jg untuk pria? 
Buku-buku konseling KB banyak disiapkan di website Kemenkes. Edukasi diri dulu baru bacot!",2020-01-28T15:31:56.000Z,
twitter,"Betul. Kondom, vasektomi itu KB yang bisa dipakai pria. Di keluargaku, bapakku yang vasektomi soale ibuku asma, jantung, darah tinggi.",2020-01-28T13:20:01.000Z,
twitter,Pria KB itu gimana?tanya serius,2020-01-28T09:46:39.000Z,
twitter,"DAN UNTUK PARA PRIA, IT'S A TEAM WORK! 

Menurut Survey Demografi dan Kesehatan Indonesia (SDKI), keputusan memakai KB dibanyak kasus adalah keputusan suami.

Punten dok 
@dafinabalqis
 aku lengkapi ",2020-01-28T08:38:38.000Z,
twitter,"TOLONG YA PARA PRIA, KALAU MEMANG NGGAK SIAP JADI BAPAK, TOLONG BANGET, KB YA.

Pada tau kondom kan? Itu alat KB yang paling gak nyiksa perempuan lho, btw",2020-01-28T08:20:01.000Z,
twitter,"Good tweet to read. Suka ga faham sama yg anti pada sex ed dan KB. C'mon, ini bukan video game yang kalau Udh gagal lalu matikan atau reset konsol nya. Ga ada yg salah kok dengan KB or sex ed. Pria juga harus full support ke istrinya. Pria yg ga support KB are not good husbands.",2020-01-28T06:54:27.000Z,
twitter,"Terutama buat pria, jangan perempuan mulu yang dikejar pake KB, ini si bapak pada ga ada kontribusi sama sekali dlm pemakaian kontrasepsi, istri KB hormonal ga boleh, suruh pake kondom gamau, giliran hamil bingung ",2020-01-28T06:15:30.000Z,
twitter,KB Suntik untuk Pria Pertama di Dunia Akan Segera Dirilis https://baca-aku-aja.blogspot.com/2020/01/kb-suntik-untuk-pria-pertama-di-dunia.html…,2020-01-23T18:12:19.000Z,
twitter,KB Suntik untuk Pria Pertama di Dunia Segera Dirilis https://ceramahmotivasi.com/2020/01/kb-suntik-untuk-pria-pertama-di-dunia-segera-dirilis/… #kb #anak #bayi #ayah #ibu #keluarga,2020-01-22T13:23:35.000Z,
twitter,KB Suntik untuk Pria Pertama di Dunia Akan Segera Dirilis,2020-01-20T20:04:19.000Z,
twitter,"Gel hormonal KB buat pria mampu menurunkan produksi sperma sampai tidak ada risiko ! 
Gel NES/T lagi diuji coba oleh pasangan di UK.
Cara? Mengoles di bahu biar kadar sperma rendah & pria jadi ""mandul"" temporer. Tak ada pengaruh libido.
Pria tidak boleh lupa oles setiap pagi",2020-01-19T17:53:50.000Z,
twitter,Itu merupakan satu langkah jitu untuk menurunkan angka akseptor KB pria pengguna kondom. Teruskan razia bung ,2020-01-01T03:31:00.000Z,
twitter,"Selaku penyuluh, kami memiliki stok cukup untuk akseptor KB pria nonjangka panjang se-Kecamatan.
Kami siap berhadapan dengan perazia.
#SelamatTahunBaru2020 
#SelamatberKB",2019-12-31T10:29:50.000Z,
twitter,"""She's a badass crazy, that tells the truth & has a good heart, soft but strong & knows her own worth. Unapoligetic and honest. 'She's the type of woman you go to war beside - not against'.""
KB 
@Batdots
 u inspire a lot of us. Pls Stay u #happynewyear2020",2019-12-30T16:58:29.000Z,
twitter,Shehnaaz ko sid k sth romance karna kb aega bhyi #SidNaaz,2019-12-28T11:13:22.000Z,
twitter,Bilkul h arti loyal sid k liebut kb tak jb tk sid support krega! MARK MY WORDS. Or ye okay h cuz everyone is dere for game. Vse ek bt btao guys WKW ki fight m arti kyu nhi aayi ldai k bich m ya jb asim s hui thi?  M bhi shukla fan hu guys wanna knoe this pls tell me #SidHearts,2019-12-27T10:55:02.000Z,
twitter,"• Di Jepang ada legenda yaitu jika sebuah payung dibiarkan tidak terurus dalam waktu lama maka payung tersebut menjadi monster kasaobake
• Restoran pertama di NewYork hanya menerima pelanggan pria, itu juga sambil berdiri makannya
• Pil KB juga berfungsi pada gorila",2019-12-24T14:34:34.000Z,
twitter,"Wow, viral nie KB Suntik untuk Pria Pertama di Dunia Akan Segera Dirilis di Indonesia? kapan nie waktunya wkwkwk

https://cetbang.com/kb-suntik-untuk-pria-pertama-di-dunia…

#KB #KBSuntikuntukPria #KBSuntik #cetbangcom #viral #beritaviral #kesehatan",2019-12-22T02:03:49.000Z,
twitter,"Belom punya anak soalnya ikut program KB

Mindset yg tertanam: nama Bhima ini adalah representatif pria berbadan tambun",2019-12-18T08:53:46.000Z,
twitter,"http://sunat123.com Uji KB Suntik Pria Berhenti karena Bikin Testis Meledak, Benarkah? http://dlvr.it/RLMg8j",2019-12-16T12:01:02.000Z,
twitter,Kodim Bojonegoro Gelar Bakti Sosial Pelayanan KB Pria Gratis https://channel-indonesia.com/12/2019/12/15/54/16/kodim-bojonegoro-gelar-bakti-sosial-pelayanan-kb-pria-gratis/…,2019-12-12T10:48:10.000Z,
twitter,"Hari Juang TNI-AD, Kodim Bojonegoro Gelar Bakti Sosial Pelayanan KB Pria Gratis http://sigap88news.com/2019/12/12/hari-juang-tni-ad-kodim-bojonegoro-gelar-bakti-sosial-pelayanan-kb-pria-gratis/…",2019-12-12T10:35:46.000Z,
twitter,"Hari Juang TNI-AD, Kodim Bojonegoro Beri Pelayanan KB Pria Gratis https://jurnaljatim.com/2019/12/hari-juang-tni-ad-kodim-bojonegoro-beri-pelayanan-kb-pria-gratis/…",2019-12-12T10:01:34.000Z,
twitter,"Hari Juang TNI-AD, Kodim Bojonegoro Gelar Bakti Sosial Pelayanan KB Pria Gratis https://ift.tt/2PENENA",2019-12-12T09:12:07.000Z,
twitter,"Sebagai upaya membantu pemerintah menyukseskan program Keluarga Berencana (KB) guna mengendalikan laju pertumbuhan penduduk dan meningkatkan akseptor baru terutama Pada Usia Subur (PUS), Kodim 0813 Bojonegoro menggelar Bakti Sosial (Baksos) Pelayanan KB Pria secara gratis.",2019-12-12T08:52:18.000Z,
twitter,Kodim Bojonegoro Gelar Bakti Sosial Pelayanan KB Pria Gratis di Hari Juang TNI-AD http://suarabojonegoro.com/read/2019/12/12/kodim-bojonegoro-gelar-bakti-sosial-pelayanan-kb-pria-gratis-di-hari-juang-tni-ad…,2019-12-12T08:29:51.000Z,
twitter,Partisipasi KB pria masih rendah. http://republika.co.id/berita/daerah/sumatra/19/12/09/q28pbl366-pemerintah-beri-bonus-rp-500-ribu-untuk-peserta-kb-pria…,2019-12-09T16:55:01.000Z,
twitter,KB Suntik untuk Pria Pertama di Dunia Segera Dirilis | http://Parenting.Dream.co.id https://bit.ly/35Hxyt7,2019-12-05T11:54:55.000Z,
twitter,"Pelaksanaan Pengukuhan Pengurus Kelompok Paguyuban KB Pria Gerakan Bersama Alat Kontrasepsi MOP (Metode Operasi Pria) Tingkat Kelurahan Gumuruh. Rabu, 04 Desember 2019 
@Nurma_safarinii
 @OdedMD
 @ridwankamil
 @pembdg
 @DiskominfoBdg
 @HumasBdg 
@kec_batununggal",2019-12-05T10:28:55.000Z,
twitter,KB Suntik untuk Pria Pertama di Dunia Segera Dirilis | http://Parenting.Dream.co.id http://bit.ly/2P0JsaE,2019-12-03T22:20:27.000Z,
twitter,Siap-siap Untuk Kaum Pria! KB Suntik untuk Pria Pertama di Dunia Segera Dirilis – Baby and Children https://toddlers.me/2019/11/26/siap-siap-untuk-kaum-pria-kb-suntik-untuk-pria-pertama-di-dunia-segera-dirilis/…,2019-12-01T06:04:33.000Z,
twitter,"Pertama di Dunia, KB Suntik untuk Pria Lolos Uji Klinis di India https://health.detik.com/berita-detikhealth/d-4792555/pertama-di-dunia-kb-suntik-untuk-pria-lolos-uji-klinis-di-india…",2019-11-30T21:46:59.000Z,
twitter,"Perwakilan BKKBN Provinsi Kalimantan Timur melakukan pertemuan dengan sejumlah mitra kerja, terutama para motivator, guna meningkatkan kepesertaan KB pria melalui vasektomi dalam rangkaian... https://kaltim.antaranews.com/berita/66136/bkkbn-kaltim-tingkatkan-peserta-kb-pria…",2019-11-30T14:07:03.000Z,
twitter,"Kesatuan Gerak PKK KB-Kesehatan, Ika Desika Dahlan :  Perlunya Peran Pria Dalam Program KB https://madinapos.com/2019/11/29/berita-daerah/kesatuan-gerak-pkk-kb-kesehatan-ika-desika-dahlan-perlunya-peran-pria-dalam-program-kb/…",2019-11-29T02:15:49.000Z,
twitter,KB Suntik untuk Pria Pertama di Dunia Segera Dirilis | http://Parenting.Dream.co.id https://m.dream.co.id/parenting/diy/kb-suntik-untuk-pria-pertama-di-dunia-segera-dirilis-191126a.html…,2019-11-28T09:49:22.000Z,
twitter,"KB Suntik untuk Pria Pertama di Dunia Segera Dirilis

Pengaturan dan pengendalian kehamilan selama ini cenderung dibebankan kepada kaum hawa >>https://bit.ly/35Hxyt7",2019-11-28T06:30:22.000Z,
twitter,Siap-siap Untuk Kaum Pria! KB Suntik untuk Pria Pertama di Dunia Segera Dirilis – Baby and Children https://toddlers.me/2019/11/26/siap-siap-untuk-kaum-pria-kb-suntik-untuk-pria-pertama-di-dunia-segera-dirilis/…,2019-11-28T04:57:38.000Z,
twitter,KB Suntik untuk Pria Pertama di Dunia Segera Dirilis | http://Parenting.Dream.co.id https://bit.ly/35Hxyt7,2019-11-28T01:32:16.000Z,
twitter,KB Suntik untuk Pria Pertama di Dunia Segera Dirilis | http://Parenting.Dream.co.id https://parenting.dream.co.id/diy/kb-suntik-untuk-pria-pertama-di-dunia-segera-dirilis-191126a.html?utm_source=fb&utm_medium=post&utm_campaign=fb_win…,2019-11-27T14:01:28.000Z,
twitter,[INFO]VIDEO: Suntik KB Pria Bakal Ada di India http://dlvr.it/RKCxYY,2019-11-27T13:37:04.000Z,
twitter,KB Suntik untuk Pria Pertama di Dunia Segera Dirilis | http://Parenting.Dream.co.id https://parenting.dream.co.id/diy/kb-suntik-untuk-pria-pertama-di-dunia-segera-dirilis-191126a.html?utm_source=fb&utm_medium=post&utm_campaign=fb_win…,2019-11-27T11:17:51.000Z,
twitter,Siap-siap Untuk Kaum Pria! KB Suntik untuk Pria Pertama di Dunia Segera Dirilis – Baby and Children https://toddlers.me/2019/11/26/siap-siap-untuk-kaum-pria-kb-suntik-untuk-pria-pertama-di-dunia-segera-dirilis/…,2019-11-27T06:56:27.000Z,
twitter,KB Suntik untuk Pria Pertama di Dunia Segera Dirilis | http://Parenting.Dream.co.id https://bit.ly/35xxTyk,2019-11-27T03:48:16.000Z,
twitter,"Pertama di Dunia, KB Suntik untuk Pria Lolos Uji Klinis di India https://health.detik.com/berita-detikhealth/d-4792555/pertama-di-dunia-kb-suntik-untuk-pria-lolos-uji-klinis-di-india…",2019-11-27T00:03:13.000Z,
twitter,"http://bit.ly/2pOJU3l 

Malah India saja mau suntik KB pria  dan yang pertama didunia, indonesia sibuk dengan SARA.",2019-11-26T02:05:12.000Z,
twitter,"Tak Hanya Untuk Wanita, Kini Di India Bakal Ada Suntik KB Khusus Pria https://wowkeren.com/berita/tampil/00284705.html…",2019-11-25T07:14:12.000Z,
twitter,Tinggal Selangkah Lagi KB Suntik untuk Pria Akan Terwujud http://dlvr.it/RJqzyV,2019-11-22T08:59:03.000Z,
twitter,"Pertama di Dunia, KB Suntik untuk Pria Lolos Uji Klinis di India http://dlvr.it/RJlGfv",2019-11-21T06:13:33.000Z,
twitter,"Para ilmuwan di India tinggal selangkah lagi meluncurkan KB suntik untuk pria. Dalam uji klinis, terbukti memberi efek kontrasepsi selama 13 tahun. #Kontrasepsi 

via 
@detikHealth
 https://health.detik.com/berita-detikhealth/d-4792555/pertama-di-dunia-kb-suntik-untuk-pria-lolos-uji-klinis-di-india?utm_content=detikhealth&utm_term=echobox&utm_medium=oa&utm_campaign=detikcomsocmed&utm_source=Twitter#Echobox=1574309740…",2019-11-21T05:03:28.000Z,
twitter,"Pertama di Dunia, KB Suntik untuk Pria Lolos Uji Klinis di India",2019-11-20T22:56:07.000Z,
twitter,Kodim 0813/Bojonegoro Gelar Penyuluhan KB Pria Di Bubulan http://sigap88news.com/2019/11/16/kodim-0813-bojonegoro-gelar-penyuluhan-kb-pria-di-bubulan/…,2019-11-16T01:55:05.000Z,
twitter,Kodim 0813/Bojonegoro Gelar Penyuluhan KB Pria Di Bubulan https://ift.tt/2KrqQ2e,2019-11-15T07:52:11.000Z,
twitter,"Minim Peminat, KB Vasektomi hanya Diikuti 105 Pria di Madiun https://solopos.com/minim-peminat-kb-vasektomi-hanya-diikuti-105-pria-di-madiun-1030526?utm_source=dlvr.it&utm_medium=twitter…",2019-11-13T05:06:06.000Z,
twitter,"KB Vasektomi Kurang Diminati Pria di Kabupaten Madiun, ini Alasannya http://dlvr.it/RJ7z2h",2019-11-12T17:37:03.000Z,
twitter,"""Ayah adalah seorang pria biasa yang diubah oleh cinta menjadi pahlawan, pendidik dan pembawa kebahagiaan"".
.
.
Selamat Hari Ayah Nasional
.
.
#bukopinfinance #bufin #HariAyahNasional",2019-11-12T07:51:25.000Z,
twitter,"9. Pil kb untuk manusia ternyata berfungsi juga pada gorila

10. Restoran swalayan pertama yang didirikan di New York hanya menerima pengunjung pria. Disana, pelanggan makan sambil berdiri",2019-11-09T12:07:03.000Z,
twitter,Forum Koordinasi Peningkatan Kemitraan dlm penggarapan KBKR di DTPK Miskin Perkotaan dan Sasaran Khusus (Kb Pria) Tk.Prov Jabar Th 2019 di Bandung dibuka oleh Kepala Perwakilan BKKBN Prov.Jabar,2019-10-14T11:23:45.000Z,
twitter,Pelayanan KB Vasektomi atau MOP (Metode Operasi Pria) di Kecamatan Imogiri https://goo.gl/fb/b6dQeX via KEC.IMOGIRI,2019-10-10T23:24:18.000Z,
twitter,"Duh, pengen ke Bidan...biar suntik KB 

Ben ga hamil, hahahaha

Aku kan laki ",2019-10-09T06:47:56.000Z,
twitter,"KB Pria Minim Peminat, Tahun Ini Ditarget 20 Pasien Baru http://radarbanyuwangi.jawapos.com/read/2019/10/08/159737/kb-pria-minim-peminat-tahun-ini-ditarget-20-pasien-baru…",2019-10-09T02:30:02.000Z,
twitter,"Selain Menekan Angka Kelahiran, Vasektomi Sangat Aman dan Bikin Pria Sehat: ""Selama ini memang banyak ketakutan pria untuk ikut ber KB, padahal dengam vasektomi yang dinilai sangat aman dan sehat bagi kesehatan tubuh."" http://dlvr.it/RFPyc8",2019-10-03T09:45:02.000Z,
twitter,Program KB pria kurang diminati di Banjarmasin https://kalsel.antaranews.com/berita/122388/program-kb-pria-kurang-diminati-di-banjarmasin…,2019-10-01T02:34:07.000Z,
twitter,#KalimantanPost Kesadaran KB Pria di #Banjarmasin Masih Rendah https://goo.gl/fb/KMzGkQ #tribanjar,2019-09-30T19:41:35.000Z,
twitter,Cara yang Benar saat Putuskan Berhenti Konsumsi Pil KB http://dlvr.it/RF7Rf8,2019-09-29T14:26:32.000Z,
twitter,DPPKB Boltim Siapkan Alat KB Bagi Pria Peserta Vasektomi https://detiksulawesi.com/2019/09/25/dppkb-boltim-siapkan-alat-kb-bagi-pria-peserta-vasektomi/…,2019-09-25T21:27:13.000Z,
twitter,DPPKB Boltim Siapkan Alat KB Bagi Pria Peserta Vasektomi https://detiksulawesi.com/2019/09/25/dppkb-boltim-siapkan-alat-kb-bagi-pria-peserta-vasektomi/…,2019-09-25T21:26:40.000Z,
twitter,"saatnya jadi pria juara di setiap malam..!
95% wanita tidak mengalami orgasme akibat pria mengalami ejakulasi dini.

apa kasia dari relive man-up:

ukuran penis akan bertambah besar 3-6 cm dan panjang 18-32… https://instagram.com/p/B2y_SOOhCaI/?igshid=koks6nevb752…",2019-09-24T14:06:36.000Z,
twitter,"dr. Indra Gusti Mansur, DHES, Sp. And adalah dokter spesialis andrologi yang berfokus di bidang andrologi seperti infertilitas pria, disfungsi ereksi, hipogonadotropik – hipogonadism, KB pria, dan male… https://instagram.com/p/B2oXUmhA9lb/?igshid=17hme8lw4sit0…",2019-09-20T11:05:00.000Z,
twitter,"Terobosan Baru Kini Ditemukan Pil KB Pria yang Terbukti Aman, Kasih Tahu Suaminya Bunda. https://tipsgayahidupsht.blogspot.com/2019/09/terobosan-baru-kini-ditemukan-pil-kb.html…",2019-09-19T04:29:39.000Z,
twitter,"DP3AP2KB Kota Blitar Targetkan 60 Akseptor MOP Terlayani

Pemerintah Kota Blitar melalui DP3AP2KB berupaya untuk memberikan pelayanan KB Pria jenis Medis Operasi Pria (MOP). Tidak semua orang bisa mengikuti MOP karena ada syarat yang diperuni untuk mengikuti MOP",2019-09-13T00:44:55.000Z,
twitter,"Puluhan Akseptor Dapat Layanan MOP

Dinas Pemberdayaan Perempuan, Perlindungan Anak, Pengendalian Penduduk &Keluarga Berencana (DP3AP2KB) bekerjasama dengan Badan Kependudukan dan Keluarga Berencana Nasional (BKKBN) Jawa Timur, Selasa, 10/09/2019 memberikan layanan KB pria gratis",2019-09-13T00:30:08.000Z,
twitter,"SamMarie Family Healthcare menyediakan layanan pemeriksaan kesuburan pria, diantaranya :

1. Layanan pemeriksaan andrologi
Layanan pemeriksaan andrologi meliputi infertilitas pria, disfungsi ereksi, hipogonadotropik – Hipogonadism, KB Pria, dan male Aging.",2019-09-12T03:09:18.000Z,
twitter,"Aku pas kecil mainin kondom dan obat2 kb, ternyata aku juga termasuk pria 1:100000 asoy dah..",2019-09-11T02:52:36.000Z,
twitter,Bhabinkamtibmas Kel.Tanah sareal  Aiptu.HURIP AGUSTINA SH.Babinsa Sertu Nurkholis Melaksanakan giat Yanmas    dalam rangka  Pemasangan Pelayanan KB khusus Pria Pasek Tomi Dalam giat tersebut di pimpin oleh Dokter… https://instagram.com/p/B2LFJJRF2nH/?igshid=1o050u2y7hnd0…,2019-09-09T02:08:09.000Z,
twitter,"Selain terus menggerakan kader dan sosialisasi yang intens, Pemerintah Kota Blitar menyiapkan hadiah untuk peserta KB pria yang bersedia divasektomi, sebesar 1,1 juta rupiah. Upaya ini diharapkan, dapat mendorong kesadaran masyarakat, sehingga target KB pria terpenuhi. (Kir)",2019-09-02T07:26:09.000Z,
twitter,"Sulistyani mengatakan, angka ini masih kecil karena terdapat beberapa kendala, diantaranya kesedaran masyarakat dalam hal ini kaum pria masih rendah. Banyak masyarakat yang beranggapan, jika KB hanya untuk wanita. Mereka juga khawatir, vasektomi mempengaruhi hubungan suami istri.",2019-09-02T07:26:08.000Z,
twitter,"Selain bagus untuk kesehatan, namun juga bisa membantu kesejahteraan kelurga. Tahun ini, Pemerintah Kota Blitar melalui Dinas Pemberdayaan Perlinduangan Perempuan dan Anak, Pengendalian Penduduk dan Keluarga Berencana (DP3AP2KB) Kota Blitar menargetkan 60 peserta KB pria.",2019-09-02T07:26:07.000Z,
twitter,"Pemkot Blitar Targetkan Predikat A Pada Penilaian SAKIP Tingkat Nasional #pemkotblitar

Blitar Kota-Pemerintah Kota Blitar merekomendasikan KB pria atau vasektomi, kepada masyarakat yang telah memiliki dua anak.",2019-09-02T07:26:07.000Z,
twitter,"Terobosan Baru Kini Ditemukan Pil KB Pria yang Terbukti Aman, Kasih Tahu Suaminya Bunda. https://mari-kita-bagikan.blogspot.com/2019/08/terobosan-baru-kini-ditemukan-pil-kb_27.html…",2019-09-02T06:01:53.000Z,
twitter,Pengukuhan Paguyuban KB Pria MOP di balai penyuluhan KB Kalapanunggal,2019-08-26T01:51:20.000Z,
twitter,#KalimantanPost Partisipasi Peserta KB Pria di Kalsel Masih Minim https://goo.gl/fb/z9dyqV #banjarmasin #tribanjar,2019-08-20T17:26:37.000Z,
twitter,"Banyak kemungkinan tuk pria yg mengatasnamakan ""kasian istri capek KB krn udh ada anak 2""",2019-08-15T01:37:59.000Z,
twitter,"Terobosan Baru Kini Ditemukan Pil KB Pria yang Terbukti Aman, Kasih Tahu Suaminya Bunda. https://sehatpedia7.blogspot.com/2019/08/terobozksan-baru-krkini-ditemekukan-pil-kb.html?m=1…",2019-08-12T14:33:37.000Z,
twitter,"Assalamualaikum Wr. Wb.
Selamat Pagi Semuanya 

Resiko Penggunaan KB Vasektomi Bagi Pria
yuk kita simak bunda  Berikut adalah resiko yang dapat terjadi ketika seorang pria melakukan… https://instagram.com/p/B0-C2zClTuTrUs6KqRK_1V-CV2yeNVms1Y2oW40/?igshid=5emh9ys907sa…",2019-08-10T04:06:40.000Z,
twitter,Berita terbaru: Kuliner Kaki Naga dan obat KB Pria di UNSRAT Expo 2019 http://bit.ly/2GWAWq5,2019-08-08T13:37:00.000Z,
twitter,"Pertemuan Penguatan Paguyuban KB Pria DP3AKB Provinsi Jawa Barat with 
@garutcreative
Outbound Team Building HdG Team, Capacity Building dan Offroad Garut.

Paket Wisata HdG Garut (… https://instagram.com/p/B0xzNPHHudM/?igshid=wciqqvms144q…",2019-08-05T10:02:20.000Z,
twitter,"Dibalik pria sukses ada wanita baik dibelakangnya.
Dibalik pria patah hati ada wanita cantik dibelakangnya.",2019-07-26T16:50:09.000Z,
twitter,"Untuk membentuk konselor / informan sekaligus menjadi fasilitator  keluarga dalam upaya mengakses pelayanan KB Gratis pada fasilitas kesehatan maka Dinas Pengendalian Penduduk dan KB Kota Makassar gelar Peningkatan Partisipasi Pria dalam KB dan Kesehatan, Jumat (12/07/19).",2019-07-12T04:34:21.000Z,
twitter,Kadis PPKB Makassar Genjot KB Bagi Pria di Wilayah Padat Penduduk : https://makassarmetro.com/2019/07/11/kadis-ppkb-makassar-genjot-kb-bagi-pria-di-wilayah-padat-penduduk…,2019-07-11T09:05:04.000Z,
twitter,"Dinas Pengendalian Penduduk dan Keluarga Berencana (PPKB) kota Makassar menggelar pembinaan KB pria di wilayah kampung kb Pannampu kecamatan Tallo. Kamis (11/7/2019).

Kegiatan ini diikuti puluhan pria dari warga sekitar pannampu.",2019-07-11T05:53:56.000Z,
twitter,DP2KB Makassar Genjot KB Pria di Kota Makassar - https://lontara.news/dp2kb-makassar-genjot-kb-pria-di-kota-makassar/…,2019-07-11T03:03:30.000Z,
twitter,DP2KB Makassar Genjot KB Pria di Kota Makassar - https://lontara.news/dp2kb-makassar-genjot-kb-pria-di-kota-makassar/…,2019-07-11T03:03:28.000Z,
twitter,"Pengaturan kehamilan dalam Program Keluarga Berencana (KB) dilakukan dengan menggunakan alat kontrasepsi yang diterapkan pada pasangan usia subur berupa sterilisasi wanita (MOW), sterilisasi pria (MOP), Pil, IUD, Suntik, Susuk KB (Implant), dan kondom. https://mediakita.id/2019/07/ibu-muda-pilih-suntikan-lelaki-milenial-pilih-kondom/…",2019-07-10T05:54:30.000Z,
twitter,"Gel KB untuk Pria Sudah Mulai Diuji Coba di Inggris, Bisa Gantikan Pil KB https://ift.tt/2JeueMg",2019-06-28T05:35:45.000Z,
twitter,Pria Minum pil KB? Ini Efeknya! https://artria.id/news/efek-pria-minum-pil-kb.html…,2019-06-27T08:56:52.000Z,
twitter,"Tahun 2019 untuk peserta KB baru Model Operasi Pria atau mencapai 23 orang, namun hingga kini baru mencapai 2 orang saja. #liveinterview",2019-06-26T01:08:27.000Z,
twitter,Wajibkan pil kb untuk pria ,2019-06-18T14:40:02.000Z,
twitter,"Terobosan Baru di Dunia Alat Kontrasepsi, Ditemukan Pil KB Pria yang Terbukti Aman - http://Nakita.ID https://nakita.grid.id/read/021680533/terobosan-baru-di-dunia-alat-kontrasepsi-ditemukan-pil-kb-pria-yang-terbukti-aman?page=all…",2019-06-06T15:43:12.000Z,
twitter,"Aku beliin kondom, kamu siapin lubang
Aku bayarin ongkos suntik kb, kamu berbagi lubang sama pria lain

Najis lu !!!",2019-05-26T20:46:56.000Z,
twitter,"Dimana rasa malumu

Dimana harga dirimu

Kau pilih dia dan dia tak lebih baik dariku

Tapi inilah aku

Kan kunikmati hidupku

Wanita masih banyak yang menunggu

Aku salut padamu kau sakiti pria

setampan diriku juga meninggalkanku — Naon sateh kadal https://lap78.ask.fm/igoto/45DKECPW7B667HQMHN2IG6NM32CTTNBRQDAKXCN6BX62BYFIRBZZOYSKFBF4CRRXL627SGKEA4YFKEQPY43OA7PQPXYJZAR4WADRBPSOBVOTSMP6GWOCQ27RTGTO7XSURD222HYSYDZHBJWDLCBQM43A6HAGR4EUY3LAP6TNWK2OEUUDLFOUVQHX5FR2P3XGTIUKEOQF7U======…",2019-05-22T21:08:53.000Z,
twitter,"SIAPA SAJA YG BISA MENGGUNAKAN PRODUK NU AMOOREA ??..

1.Kulit Halus,Pori""besar,Kulit Kusam,Flek Akibat 
   KB/Faktor Usia Dn Bermasalah (Jerawat )

2.Bayi,Anak"",Wanita,Pria,Ibu Hamil,Ibu Menyusui ( Buat Bayi Bisa… https://instagram.com/p/BxtKQ3oncMb/?igshid=3xmochtl24t4…",2019-05-21T01:10:07.000Z,
twitter,"Nambahin aja, KB ngga cuma buat wanita. Tp pria juga ada opsi KB. Masalahnya adalah, mau engga pria KB? Wanita udah berkorban dg hamil sampe lairan loh. Kalo bilang prianya berkorban nafkah, wanita pun juga bisa",2019-05-18T12:28:42.000Z,
twitter,"kalau cowok kalian gatau pria ini, berarti dia sok alim wkwkwkwk",2019-05-18T02:35:17.000Z,
twitter,Penilaian Lomba Peran Dan Kualitas Motivator KB Pria http://kodimbanjarnegara.com/2019/05/09/penilaian-lomba-peran-dan-kualitas-motivator-kb-pria/…,2019-05-09T06:55:28.000Z,
twitter,"Nhaa kaan, yg dibahas kebanyakan KB buat perempuan. Padahal KB buat pria juga ada. Kenapa selalu perempuan yg pertama yg jadi sasaran pelaku pengguna alat kontrasepsi??!?!??!",2019-05-04T23:29:15.000Z,
twitter,"Pil KB untuk Pria Siap Diluncurkan http://klik24.id/2019/03/pil-kb-untuk-pria-siap-diluncurkan/… lewat 
@klik24id
 #RujukBiarGaBaper",2019-04-30T13:21:21.000Z,
twitter,"Saya percaya diri akan menemukan alat sebesar item pulpen yg fungsinya membuat orang Orgasme hanya dengan memegang barang itu saja, bagi para pria / wanita dan bisa dijual di usia 13+

Membantu pemerintah untuk keberlangsungan Program KB dan mencegah kimcil hamil di luar nikah",2019-04-29T08:41:57.000Z,
twitter,"Pil KB Pria Dinyatakan Aman, tapi Belum Boleh Dipasarkan http://kom.ps/AFzC2c",2019-04-26T15:19:15.000Z,
twitter,Bupati Lepas Konvoi Vasektomi KB Pria http://dlvr.it/R3VR7b,2019-04-25T15:24:37.000Z,
twitter,program pil KB utk pria ~ yaayy,2019-04-24T19:05:50.000Z,
twitter,"Makanya kan harusnya dr yg berwenang lebih giat sosialisasi KB pada Pria biar mrk tau dan g spekulasi sendiri. Jangan hanya di posyandu mulu sosialisasinya, tp di pertemuan RT bapak2 dan sejenisnya. He..",2019-04-19T10:36:03.000Z,
twitter,"Santabe.. KENALI PIL KB UNTUK PRIA  

Bagi pasutri yang sedang menunda atau mencegah kehamilan, alat kontrasepsi adalah solusinya. Terdapat beberapa pilihan alat kontrasepsi yang bisa… https://instagram.com/p/BwYHKu_gdf0/?utm_source=ig_twitter_share&igshid=1r320o579ndan…",2019-04-18T00:27:36.000Z,
twitter,"#DinamikaKota - Senin 15 April 2019 Dinas Pemberdayaan Perempuan PA, Dan KB melaksanakan Pembinaan KB Pria bagi Motivator KB seKota Blitar tahun 2019. 

#lpplmahardhikablitar… https://instagram.com/p/BwTiF-EgN9W/?utm_source=ig_twitter_share&igshid=1pgfbsqnmy552…",2019-04-16T05:46:41.000Z,
twitter,Ilmuwan California Kembangkan Pil KB untuk Pria http://viralnews.web.id/2019/04/ilmuwan-california-kembangkan-pil-kb-untuk-pria/…,2019-04-14T00:24:19.000Z,
twitter,"Terobosan Baru Alat Kontrasepsi Gel untuk Pria: Wanita dapat pilih minum pil KB, suntik KB… https://goo.gl/fb/Nadzzy",2019-04-11T15:06:11.000Z,
twitter,"Sukses Diuji Klinis, Ternyata Pil KB Pria Tak Dianjurkan Dokter? Girl is me - https://girlisme.com/sukses-diuji-klinis-ternyata-pil-kb-pria-tak-dianjurkan-dokter/…",2019-04-04T11:02:50.000Z,
twitter,"Ini dia Pil KB untuk Pria, Bisa Menekan Produksi Sperma untuk Cegah Kehamilan http://dlvr.it/R248Cx",2019-04-03T06:28:33.000Z,
twitter,Dispenduk-KB Bina Peserta KB Pria https://infopublik.solokkota.go.id/dispenduk-kb-bina-peserta-kb-pria/…,2019-04-02T10:38:03.000Z,
twitter,"Tak Dianjurkan oleh Tenaga Medis, Berikut Risiko Pria Jika Konsumsi Pil KB http://manado.tribunnews.com/2019/04/02/tak-dianjurkan-oleh-tenaga-medis-berikut-risiko-pria-jika-konsumsi-pil-kb… lewat 
@Tribun_Manado",2019-04-02T01:57:14.000Z,
twitter,Dokter Belum Rekomendasikan Pria Minum Pil KB http://dlvr.it/R1wv07,2019-04-01T05:20:33.000Z,
twitter,Seberapa Amankah Penggunaan Pil KB untuk Pria?,2019-03-31T20:36:05.000Z,
twitter,Seberapa Amankah Penggunaan Pil KB untuk Pria?,2019-03-31T19:58:06.000Z,
twitter,Seberapa Amankah Penggunaan Pil KB untuk Pria?,2019-03-31T19:58:06.000Z,
twitter,Seberapa Amankah Penggunaan Pil KB untuk Pria?,2019-03-31T19:58:03.000Z,
twitter,Seberapa Amankah Penggunaan Pil KB untuk Pria? http://detik.id/6hbgP7,2019-03-31T09:48:40.000Z,
twitter,Seberapa Amankah Penggunaan Pil KB untuk Pria? http://detik.id/6AvoO9,2019-03-31T09:40:40.000Z,
twitter,Dokter Belum Rekomendasikan Pria Minum Pil KB http://dlvr.it/R1tln4,2019-03-31T09:34:02.000Z,
twitter,"@null
 Dokter Belum Rekomendasikan Pria Minum Pil KB Sudah diuji, Pil KB pria akan ters  https://viva.co.id/gaya-hidup/kesehatan-intim/1135478-dokter-belum-rekomendasikan-pria-minum-pil-kb…",2019-03-31T09:30:42.000Z,
twitter,"@null
 Dokter Belum Rekomendasikan Pria Minum Pil KB Sudah diuji, Pil KB pria akan ters  https://viva.co.id/gaya-hidup/kesehatan-intim/1135478-dokter-belum-rekomendasikan-pria-minum-pil-kb…",2019-03-31T09:30:29.000Z,
twitter,"@null
 Dokter Belum Rekomendasikan Pria Minum Pil KB Sudah diuji, Pil KB pria akan ters  https://viva.co.id/gaya-hidup/kesehatan-intim/1135478-dokter-belum-rekomendasikan-pria-minum-pil-kb…",2019-03-31T09:30:24.000Z,
twitter,"Bukan saja wanita yang pakai pil KB, ternyata pria juga. Adalah Pil 11-beta-MNTDC yang ampuh menekan produksi sperma tapi tetap jaga tekanan libido. 
https://beritagar.id/artikel/gaya-hidup/pil-kb-untuk-pria-dinyatakan-aman…",2019-03-31T00:05:00.000Z,
twitter,"Sudah Lolos Uji, Pil KB untuk Pria Siap Diluncurkan – VIVA http://dlvr.it/R1mwPT",2019-03-30T08:57:09.000Z,
twitter,"Ilmuwan Temukan Pil KB Pria yang Terjamin Aman. Tapi Katanya Belum Boleh Dijual. Lo, Kenapa? http://dlvr.it/R1npNh",2019-03-29T14:33:34.000Z,
twitter,"Sudah Lolos Uji, Pil KB untuk Pria Siap Diluncurkan – VIVA http://dlvr.it/R1mwPT",2019-03-29T12:16:42.000Z,
twitter,"Sudah Lolos Uji, Pil KB untuk Pria Siap Diluncurkan – VIVA http://dlvr.it/R1mwPT",2019-03-29T12:03:08.000Z,
twitter,"Sudah Lolos Uji, Pil KB untuk Pria Siap Diluncurkan – VIVA http://dlvr.it/R1mwPT",2019-03-29T10:29:40.000Z,
twitter,"@null
 Sudah Lolos Uji, Pil KB untuk Pria Siap Diluncurkan Efek samping dikatakan ringa  https://viva.co.id/gaya-hidup/kesehatan-intim/1134999-sudah-lolos-uji-pil-kb-untuk-pria-siap-diluncurkan…",2019-03-29T09:43:16.000Z,
twitter,"@null
 Sudah Lolos Uji, Pil KB untuk Pria Siap Diluncurkan Efek samping dikatakan ringa  https://viva.co.id/gaya-hidup/kesehatan-intim/1134999-sudah-lolos-uji-pil-kb-untuk-pria-siap-diluncurkan…",2019-03-29T09:43:15.000Z,
twitter,"@null
 Sudah Lolos Uji, Pil KB untuk Pria Siap Diluncurkan Efek samping dikatakan ringa  https://viva.co.id/gaya-hidup/kesehatan-intim/1134999-sudah-lolos-uji-pil-kb-untuk-pria-siap-diluncurkan…",2019-03-29T09:43:11.000Z,
twitter,"Sudah Lolos Uji, Pil KB untuk Pria Siap Diluncurkan",2019-03-29T09:43:03.000Z,
twitter,"@null
 Sudah Lolos Uji, Pil KB untuk Pria Siap Diluncurkan Efek samping dikatakan ringa  https://viva.co.id/gaya-hidup/kesehatan-intim/1134999-sudah-lolos-uji-pil-kb-untuk-pria-siap-diluncurkan…",2019-03-29T09:40:39.000Z,
twitter,"@null
 Sudah Lolos Uji, Pil KB untuk Pria Siap Diluncurkan Efek samping dikatakan ringa  https://viva.co.id/gaya-hidup/kesehatan-intim/1134999-sudah-lolos-uji-pil-kb-untuk-pria-siap-diluncurkan…",2019-03-29T09:40:28.000Z,
twitter,"@null
 Sudah Lolos Uji, Pil KB untuk Pria Siap Diluncurkan Efek samping dikatakan ringa  https://viva.co.id/gaya-hidup/kesehatan-intim/1134999-sudah-lolos-uji-pil-kb-untuk-pria-siap-diluncurkan…",2019-03-29T09:40:19.000Z,
twitter,"Ilmuwan Temukan Pil KB Pria yang Terjamin Aman. Tapi Katanya Belum Boleh Dijual. Lo, Kenapa?

http://bit.ly/2Up6wVv",2019-03-29T08:21:47.000Z,
twitter,"@null
 Sudah Lolos Uji, Pil KB untuk Pria Siap Diluncurkan Efek samping dikatakan ringa  https://viva.co.id/gaya-hidup/kesehatan-intim/1134999-sudah-lolos-uji-pil-kb-untuk-pria-siap-diluncurkan…",2019-03-29T09:43:16.000Z,
twitter,"@null
 Sudah Lolos Uji, Pil KB untuk Pria Siap Diluncurkan Efek samping dikatakan ringa  https://viva.co.id/gaya-hidup/kesehatan-intim/1134999-sudah-lolos-uji-pil-kb-untuk-pria-siap-diluncurkan…",2019-03-29T09:43:15.000Z,
twitter,"@null
 Sudah Lolos Uji, Pil KB untuk Pria Siap Diluncurkan Efek samping dikatakan ringa  https://viva.co.id/gaya-hidup/kesehatan-intim/1134999-sudah-lolos-uji-pil-kb-untuk-pria-siap-diluncurkan…",2019-03-29T09:43:11.000Z,
twitter,"Sudah Lolos Uji, Pil KB untuk Pria Siap Diluncurkan",2019-03-29T09:43:03.000Z,
twitter,"@null
 Sudah Lolos Uji, Pil KB untuk Pria Siap Diluncurkan Efek samping dikatakan ringa  https://viva.co.id/gaya-hidup/kesehatan-intim/1134999-sudah-lolos-uji-pil-kb-untuk-pria-siap-diluncurkan…",2019-03-29T09:40:39.000Z,
twitter,"@null
 Sudah Lolos Uji, Pil KB untuk Pria Siap Diluncurkan Efek samping dikatakan ringa  https://viva.co.id/gaya-hidup/kesehatan-intim/1134999-sudah-lolos-uji-pil-kb-untuk-pria-siap-diluncurkan…",2019-03-29T09:40:28.000Z,
twitter,"@null
 Sudah Lolos Uji, Pil KB untuk Pria Siap Diluncurkan Efek samping dikatakan ringa  https://viva.co.id/gaya-hidup/kesehatan-intim/1134999-sudah-lolos-uji-pil-kb-untuk-pria-siap-diluncurkan…",2019-03-29T09:40:19.000Z,
twitter,"Ilmuwan Temukan Pil KB Pria yang Terjamin Aman. Tapi Katanya Belum Boleh Dijual. Lo, Kenapa?

http://bit.ly/2Up6wVv",2019-03-29T08:21:47.000Z,
twitter,"Para ilmuwan di Amerika Serikat mengumumkan telah melakukan uji klinis pil KB pria yang diberi nama 11-beta-MNDTC pada 40 pria. Hasilnya, data awal menunjukkan bahwa pemberian obat tersebut memuaskan. #TopNews https://bit.ly/2FF0EPE",2019-03-29T04:00:22.000Z,
twitter,Akan Ada Pil Kb Untuk Pria? Berikut Penjelasannya https://fenomagz.com/lifestyle/akan-ada-pil-kb-untuk-pria-berikut-penjelasannya.html…,2019-03-28T14:13:39.000Z,
twitter,"Pil KB Pria Dinyatakan Aman, tapi Belum Boleh Dipasarkan http://beritakini.co/news/pil-kb-pria-dinyatakan-aman-tapi-belum-boleh-dipasarkan/index.html…",2019-03-28T06:14:48.000Z,
twitter,"hmmm.... klu msk indonesia ga ngebayang hebohnya spt apa ya?                   
Pil KB Pria Dinyatakan Aman, tapi Belum Boleh Dipasarkan http://kom.ps/AFzC2c",2019-03-28T05:06:09.000Z,
twitter,"Pil KB Pria Dinyatakan Aman, tapi Belum Boleh Dipasarkan http://kom.ps/AFzC2c.. woooouu",2019-03-28T04:52:03.000Z,
twitter,"Pil KB Pria Dinyatakan Aman, tapi Belum Boleh Dipasarkan http://kom.ps/AFzC2c",2019-03-28T04:28:36.000Z,
twitter,Aing baru tau ad pil kb pria,2019-03-28T02:38:24.000Z,
twitter,Pakai KB Kurangi 'Kejantanan' Pria? Ini Faktanya Kontrasepsi pria sejatinya tida  https://health.detik.com/read/2019/03/21/064143/4476845/763/pakai-kb-kurangi-kejantanan-pria-ini-faktanya…,2019-03-21T00:00:54.000Z,
twitter,"Minim Info dan Istri Sudah KB, Alasan Pria Tak Pakai Kontrasepsi http://dlvr.it/R1DF7K",2019-03-20T20:00:04.000Z,
twitter,"Minim Info dan Istri Sudah KB, Alasan Pria Tak Pakai Kontrasepsi http://dlvr.it/R1DF7y",2019-03-20T20:00:03.000Z,
twitter,"Minim Info dan Istri Sudah KB, Alasan Pria Tak Pakai Kontrasepsi http://setiodewo.com/g.php?i=350203",2019-03-20T13:30:41.000Z,
twitter,"#MostPopular Minim Info dan Istri Sudah KB, Alasan Pria Tak Pakai Kontrasepsi http://detik.id/VlZTTT",2019-03-20T12:32:08.000Z,
twitter,"Minim Info dan Istri Sudah KB, Alasan Pria Tak Pakai Kontrasepsi http://detik.id/6YX2fN",2019-03-20T12:05:05.000Z,
twitter,"01 detikhealth (Minim Info dan Istri Sudah KB, Alasan Pria Tak Pakai Kontrasepsi) https://ift.tt/2TX9dxe",2019-03-20T12:04:44.000Z,
twitter,"Bikin Pria Keder, Metode KB Vasektomi Sering Dikira Mirip Kebiri http://setiodewo.com/g.php?i=350179",2019-03-20T11:30:02.000Z,
twitter,"#MostPopular Bikin Pria Keder, Metode KB Vasektomi Sering Dikira Mirip Kebiri http://detik.id/VEqA5S",2019-03-20T10:30:02.000Z,
twitter,"Bikin Pria Keder, Metode KB Vasektomi Sering Dikira Mirip Kebiri Vasektomi adala  https://health.detik.com/read/2019/03/20/170802/4476225/763/bikin-pria-keder-metode-kb-vasektomi-sering-dikira-mirip-kebiri…",2019-03-20T10:20:54.000Z,
twitter,"01 detikhealth (Bikin Pria Keder, Metode KB Vasektomi Sering Dikira Mirip Kebiri) https://ift.tt/2TNQZyJ",2019-03-20T10:14:33.000Z,
twitter,"Bikin Pria Keder, Metode KB Vasektomi Sering Dikira Mirip Kebiri http://detik.id/6YYHSK",2019-03-20T10:13:59.000Z,
twitter,"pilihan.. Meningkat, kesadaran pria di Ambon Ikut KB - ANTARA http://dlvr.it/R0kZjw ..lelaki",2019-03-13T09:46:02.000Z,
twitter,Keikutsertaan KB Pria di Kulonprogo Terus Digenjot https://jogjapolitan.harianjogja.com/read/2019/03/13/514/977750/keikutsertaan-kb-pria-di-kulonprogo-terus-digenjot?utm_source=dlvr.it&utm_medium=twitter…,2019-03-13T09:17:03.000Z,
twitter,Kesadaran Pria di Kota Ambon Ikut Program KB Lewat Metode Operasi Alami Peningkatan https://satumaluku.id/2019/03/13/kesadaran-pria-di-kota-ambon-ikut-program-kb-lewat-metode-operasi-alami-peningkatan/…,2019-03-13T08:54:59.000Z,
twitter,Kesadaran Pria di Kota Ambon Ikut Program KB Lewat Metode Operasi Alami Peningkatan https://satumaluku.id/2019/03/13/kesadaran-pria-di-kota-ambon-ikut-program-kb-lewat-metode-operasi-alami-peningkatan/…,2019-03-13T08:54:59.000Z,
twitter,"Meningkat, kesadaran pria di Ambon Ikut KB https://e-ppob.com/md/meningkat-kesadaran-pria-di-ambon-ikut-kb/…",2019-03-13T07:14:51.000Z,
twitter,"01 Antaranews Nasional (Meningkat, kesadaran pria di Ambon Ikut KB https://ift.tt/2F6CiOg)",2019-03-13T07:08:15.000Z,
twitter,"Meningkat, kesadaran pria di Ambon Ikut KB https://antaranews.com/berita/809228/meningkat-kesadaran-pria-di-ambon-ikut-kb…",2019-03-13T07:07:02.000Z,
twitter,Amelia Ajak Kaum Pria di Kuwarasan Ikut KB   -- http://kebumenekspres.com/2019/03/amelia-ajak-kaum-pria-di-kuwarasan-ikut.html…,2019-03-13T06:02:35.000Z,
twitter,Ko pil KB ny gak ada?,2019-03-11T15:15:19.000Z,
twitter,"Selama 1 jam, lanjut pria yang menjabat Kepala Dinas Pemberdayaan Perempuan, Perlindungan Anak, dan Keluarga Berencana (DP3A dan KB) Sumenep ini, mereka bakal menemani para wisatawan yang datang. #LaunchingVisitSumenep2019",2019-03-10T10:15:22.000Z,
twitter,"Selama 1 jam, lanjut pria yang menjabat Kepala Dinas Pemberdayaan Perempuan, Perlindungan Anak, dan Keluarga Berencana (DP3A dan KB) Sumenep ini, mereka bakal menemani para wisatawan yang datang. #LaunchingVisitSumenep2019",2019-03-10T10:15:19.000Z,
twitter,"Selama 1 jam, lanjut pria yang menjabat Kepala Dinas Pemberdayaan Perempuan, Perlindungan Anak, dan Keluarga Berencana (DP3A dan KB) Sumenep ini, mereka bakal menemani para wisatawan yang datang. #LaunchingVisitSumenep2019",2019-03-10T10:01:55.000Z,
twitter,": Selama 1 jam, lanjut pria yang menjabat Kepala Dinas Pemberdayaan Perempuan, Perlindungan Anak, dan Keluarga Berencana (DP3A dan KB) Sumenep ini, mereka bakal menemani para wisatawan yang datang. #LaunchingVisitSumenep2019",2019-03-10T09:26:33.000Z,
twitter,"Selama 1 jam, lanjut pria yang menjabat Kepala Dinas Pemberdayaan Perempuan, Perlindungan Anak, dan Keluarga Berencana (DP3A dan KB) Sumenep ini, mereka bakal menemani para wisatawan yang datang. #LaunchingVisitSumenep2019 •`",2019-03-10T09:16:23.000Z,
twitter,"Selama 1 jam, lanjut pria yang menjabat Kepala Dinas Pemberdayaan Perempuan, Perlindungan Anak, dan Keluarga Berencana (DP3A dan KB) Sumenep ini, mereka bakal menemani para wisatawan yang datang.

 #LaunchingVisitSumenep2019",2019-03-10T08:56:42.000Z,
twitter,"Selama 1 jam, lanjut pria yang menjabat Kepala Dinas Pemberdayaan Perempuan, Perlindungan Anak, dan Keluarga Berencana (DP3A dan KB) Sumenep ini, mereka bakal menemani para wisatawan yang datang. #LaunchingVisitSumenep2019",2019-03-10T08:46:30.000Z,
twitter,"Selama 1 jam, lanjut pria yang menjabat Kepala Dinas Pemberdayaan Perempuan, Perlindungan Anak, dan Keluarga Berencana (DP3A dan KB) Sumenep ini, mereka bakal menemani para wisatawan yang datang. #LaunchingVisitSumenep2019

AHS",2019-03-10T08:37:50.000Z,
twitter,"Selama 1 jam, lanjut pria yang menjabat Kepala Dinas Pemberdayaan Perempuan, Perlindungan Anak, dan Keluarga Berencana (DP3A dan KB) Sumenep ini, mereka bakal menemani para wisatawan yang datang. #LaunchingVisitSumenep2019

ㅆ",2019-03-10T08:30:25.000Z,
twitter,"Selama 1 jam, lanjut pria yang menjabat Kepala Dinas Pemberdayaan Perempuan, Perlindungan Anak, dan Keluarga Berencana (DP3A dan KB) Sumenep ini, mereka bakal menemani para wisatawan yang datang. #LaunchingVisitSumenep2019",2019-03-10T08:01:51.000Z,
twitter,"Selama 1 jam, lanjut pria yang menjabat Kepala Dinas Pemberdayaan Perempuan, Perlindungan Anak, dan Keluarga Berencana (DP3A dan KB) Sumenep ini, mereka bakal menemani para wisatawan yang datang. #LaunchingVisitSumenep2019",2019-03-10T08:00:41.000Z,
twitter,"Selama 1 jam, lanjut pria yg menjabat Kepala Dinas Pemberdayaan Perempuan, Perlindungan Anak, & Keluarga Berencana (DP3A dan KB) Sumenep ini, mereka bakal menemani para wisatawan yang datang. #LaunchingVisitSumenep2019",2019-03-10T07:47:02.000Z,
twitter,"Selama 1 jam, lanjut pria yang menjabat Kepala Dinas Pemberdayaan Perempuan, Perlindungan Anak, dan Keluarga Berencana (DP3A dan KB) Sumenep ini, mereka bakal menemani para wisatawan yang datang. #LaunchingVisitSumenep2019
**",2019-03-10T07:41:51.000Z,
twitter,",, Selama 1 jam, lanjut pria yang menjabat Kepala Dinas Pemberdayaan Perempuan, Perlindungan Anak, dan Keluarga Berencana (DP3A dan KB) Sumenep ini, mereka bakal menemani para wisatawan yang datang. #LaunchingVisitSumenep2019",2019-03-10T07:34:19.000Z,
twitter,"Slma 1 jam, lanjut pria yg mnjabat Kepala Dinas Pemberdayaan Perempuan, Perlindungan Anak, dan Keluarga Berencana (DP3A dan KB) Sumenep ini, mereka bakal mnemani para wisatawan yg datang. #LaunchingVisitSumenep2019",2019-03-10T07:33:12.000Z,
twitter,"~Selama 1 jam, lanjut pria yang menjabat Kepala Dinas Pemberdayaan Perempuan, Perlindungan Anak, dan Keluarga Berencana (DP3A dan KB) Sumenep ini, mereka bakal menemani para wisatawan yang datang. #LaunchingVisitSumenep2019",2019-03-10T07:33:03.000Z,
twitter,"Selama 1 jam, lanjut pria yang menjabat Kepala Dinas Pemberdayaan Perempuan, Perlindungan Anak, dan Keluarga Berencana (DP3A dan KB) Sumenep ini, mereka bakal menemani para wisatawan yang datang. #LaunchingVisitSumenep2019",2019-03-10T07:32:08.000Z,
twitter,"Selama 1 jam, lanjut pria yang menjabat Kepala Dinas Pemberdayaan Perempuan, Perlindungan Anak, dan Keluarga Berencana (DP3A dan KB) Sumenep ini, mereka bakal menemani para wisatawan yang datang. #LaunchingVisitSumenep2019",2019-03-10T07:30:44.000Z,
twitter,"Selama 1 jam, lanjut pria yang menjabat Kepala Dinas Pemberdayaan Perempuan, Perlindungan Anak, dan Keluarga Berencana (DP3A dan KB) Sumenep ini, mereka bakal menemani para wisatawan yang datang. #LaunchingVisitSumenep2019",2019-03-10T07:29:39.000Z,
twitter,"Selama 1 jam, lanjut pria yang menjabat Kepala Dinas Pemberdayaan Perempuan, Perlindungan Anak, dan Keluarga Berencana (DP3A dan KB) Sumenep ini, mereka bakal menemani para wisatawan yang datang. #LaunchingVisitSumenep2019",2019-03-10T07:28:44.000Z,
twitter,"Selama 1 jam, lanjut pria yang menjabat Kepala Dinas Pemberdayaan Perempuan, Perlindungan Anak, dan Keluarga Berencana (DP3A dan KB) Sumenep ini, mereka bakal menemani para wisatawan yang datang. #LaunchingVisitSumenep2019",2019-03-10T07:27:36.000Z,
twitter,"Selama 1 jam, lanjut pria yang menjabat Kepala Dinas Pemberdayaan Perempuan, Perlindungan Anak, dan Keluarga Berencana (DP3A dan KB) Sumenep ini, mereka bakal menemani para wisatawan yang datang. #LaunchingVisitSumenep2019 #alambanten*",2019-03-10T07:27:13.000Z,
twitter,"Selama 1 jam, lanjut pria yang menjabat Kepala Dinas Pemberdayaan Perempuan, Perlindungan Anak, dan Keluarga Berencana (DP3A dan KB) Sumenep ini, mereka bakal menemani para wisatawan yang datang. #LaunchingVisitSumenep2019",2019-03-10T07:25:47.000Z,
twitter,"Selama 1 jam, lanjut pria yang menjabat Kepala Dinas Pemberdayaan Perempuan, Perlindungan Anak, dan Keluarga Berencana (DP3A dan KB) Sumenep ini, mereka bakal menemani para wisatawan yang datang. #LaunchingVisitSumenep2019",2019-03-10T07:25:43.000Z,
twitter,"☆
Selama 1 jam, lanjut pria yang menjabat Kepala Dinas Pemberdayaan Perempuan, Perlindungan Anak, dan Keluarga Berencana (DP3A dan KB) Sumenep ini, mereka bakal menemani para wisatawan yang datang. #LaunchingVisitSumenep2019",2019-03-10T07:23:28.000Z,
twitter,"Selama 1 jam, lanjut pria yg menjabat Kepala Dinas Pemberdayaan Perempuan, Perlindungan Anak, & Keluarga Berencana (DP3A dan KB) Sumenep ini, mereka bakal menemani para wisatawan yg datang. #LaunchingVisitSumenep2019",2019-03-10T07:21:49.000Z,
twitter,"#LaunchingVisitSumenep2019 
......
. @iamChamdi 
Selama 1 jam, lanjut pria yang menjabat Kepala Dinas Pemberdayaan Perempuan, Perlindungan Anak, dan Keluarga Berencana (DP3A dan KB) Sumenep ini, mereka bakal menemani para wisatawan yang datang.",2019-03-10T07:15:21.000Z,
twitter,"Dan Selama 1 jam, lanjut pria yang menjabat Kepala Dinas Pemberdayaan Perempuan, Perlindungan Anak, dan Keluarga Berencana (DP3A dan KB) Sumenep ini, mereka bakal menemani para wisatawan yang datang. #LaunchingVisitSumenep2019

Mry",2019-03-10T07:15:12.000Z,
twitter,"Selama 1 jam, lanjut pria yang menjabat Kepala Dinas Pemberdayaan Perempuan, Perlindungan Anak, dan Keluarga Berencana (DP3A dan KB) Sumenep ini, mereka bakal menemani para wisatawan yang datang. #LaunchingVisitSumenep2019

Tb",2019-03-10T07:10:35.000Z,
twitter,"Selama sekitar 1 jam, lanjut pria yang menjabat Kepala Dinas Pemberdayaan Perempuan, Perlindungan Anak, dan Keluarga Berencana (DP3A dan KB) Sumenep ini, mereka bakal menemani para wisatawan yang datang. #LaunchingVisitSumenep2019",2019-03-10T07:10:19.000Z,
twitter,"Selama 1 jam, lanjut pria yang menjabat Kepala Dinas Pmberdayaan Prempuan, Perlindungan Anak, dan Keluarga Berencana (DP3A dan KB) Sumenep ini, mereka bakal menemani para wisatawan yg datang

.
Dew
.
 #LaunchingVisitSumenep2019",2019-03-10T07:08:44.000Z,
twitter,"Selama 1 jam, lanjut pria yang menjabat Kepala Dinas Pemberdayaan Perempuan, Perlindungan Anak, dan Keluarga Berencana (DP3A dan KB) Sumenep ini, mereka bakal menemani para wisatawan yang datang. #LaunchingVisitSumenep2019",2019-03-10T06:55:38.000Z,
twitter,"Seminar Peningkatan Kesertaan KB Pria, BKKBN bekerjasama Dinas PPAPP Prov.DKI Jakarta. Ayoo...kaum Pria ikut ber-KB ""jangan enaknya saja"" kata Deputi Jalur wilayah khusus BKKBN",2019-03-06T05:17:57.000Z,
twitter,"Seminar Kesertaan KB Pria bersama DPPAPP provinsi DKI Jakarta di RPTRA ASOKA kel. Jati Padang
@DKIJakarta
 
@kusumawati_tuty
 
@aniesbaswedan
 
@ERosianingsih
 
@BKKBNofficial",2019-03-05T14:51:00.000Z,
twitter,BKKBN: Sumatera Barat lebih banyak KB pria https://sumbar.antaranews.com/berita/249673/bkkbn-sumatera-barat-lebih-banyak-kb-pria#.XH0V-4Vcc20.twitter…,2019-03-04T12:11:45.000Z,
twitter,"Untuk mendukung tercapainya target, Dinas Pengendalian Penduduk dan KB Kota Yogyakarta juga menyiapkan ""reward"" kepada setiap akseptor KB pria berupa uang tunai senilai Rp1 juta dipotong pajak. https://bit.ly/2SBkzSx",2019-03-01T13:04:54.000Z,
twitter,"Saya vasektomi ketika istri hamil anak ketiga, sesuai rencana menjelang menikah dulu. istri yg hamil, saya yg ikut KB pria .... hasilnya, bebas merdekaaaa ... ahihihi ",2019-02-25T09:28:08.000Z,
twitter,"MADIUN – Perkembangan kontrasepsi jenis Metode Operasi Pria (MOP) atau Vasektomi di Kota Madiun terus meningkat. Berdasarkan data yang dihimpun Jawa Pos Radar Madiun, tingkat kepesertaan aktif KB pria di kota karismatik mencapai 20,22...
.
.
Baca... http://radarmadiun.co.id/manguharjo-tertinggi-permintaan-vasektomi/…",2019-02-24T04:00:11.000Z,
twitter,Baru 2% Kaum Pria Garut Lakukan KB,2019-02-12T09:24:13.000Z,
twitter,"KB Pria Kalah Populer Dengan KB Wanita Dengan Alasan Sulitnya Alat Kontrasepsi. http://koran-fakta.com/kb-pria-kalah-populer-dengan-kb-wanita-dengan-alasan-sulitnya-alat-kontrasepsi/… lewat 
@Koran
 Fakta",2019-02-12T08:36:35.000Z,
twitter,Baru 2% Kaum Pria Garut Lakukan KB http://dlvr.it/QyjLjm,2019-02-12T08:20:03.000Z,
twitter,"#RKBPagi edisi Jumat (8/2) mulai 06.30 :

1. Jumlah Peserta KB Baru Bertambah 6 Ribuan Orang 
2. Kesadaran Pria Ikut KB di Kota Pekalongan Semakin Meningkat
3. Tingkatkan Pemasaran, UKM Diajari Berjualan Online

Selengkapnya ; https://rkb.pekalongankota.go.id",2019-02-07T23:32:37.000Z,
twitter,"Cegah Kehamilan Dengan MOP, 379 Pria Bolmong Ikut Program KB https://manadopostonline.com/read/2019/02/06/Cegah-Kehamilan-Dengan-MOP-379-Pria-Bolmong-Ikut-Program-KB/52810…",2019-02-06T04:29:47.000Z,
twitter,Cara Baru KB Pria dengan Koktail Emas http://mepnews.id/2019/02/04/cara-baru-kb-pria-dengan-koktail-emas/…,2019-02-04T15:08:41.000Z,
twitter,Pemkab Tangerang Sosialisasi Program KB Pria - https://banten.co/pemkab-tangerang-sosialisasi-program-kb-pria/…,2019-02-01T09:09:41.000Z,
twitter,Buat apa ikut program KB kalo keluar di perut bisa,2019-01-23T13:39:02.000Z,
twitter,Arhawi Minta Kaum Pria Sukseskan Program KB di Wakatobi https://kendaripos.co.id/2019/01/arhawi-minta-kaum-pria-sukseskan-program-kb-di-wakatobi/… http://kendaripos.co.id/wp-content/uploads/2018/06/arhawi-1.png…,2019-01-22T11:30:37.000Z,
twitter,"#SehatVideo - Operasi vasektomi dilakukan dengan tujuan agar pria tidak bisa menghamili wanita secara permanen. Berbeda dengan alat KB lainnya yang masih mungkin terjadi kehamilan. Lebih jelasnya, simak yuk ulasan berikut! http://ow.ly/qRHz30nltwx",2019-01-17T09:28:14.000Z,
twitter,Apa Efeknya Bila Pria Minum Pil KB Wanita? http://wartaindonesia.co.id/apa-efeknya-bila-pria-minum-pil-kb-wanita/…,2019-01-15T14:17:08.000Z,
twitter,Ilmuwan Kembangkan Pil KB untuk Pria http://dlvr.it/QwYv6V,2019-01-13T07:22:34.000Z,
twitter,"@null
 Ilmuwan Kembangkan Pil KB untuk Pria Survei menunjukkan, 1 dari 3 pria mau mengo  https://viva.co.id/digital/1111340-ilmuwan-kembangkan-pil-kb-untuk-pria…",2019-01-13T07:20:37.000Z,
twitter,"Wanita Ber KB Sudah Biasa Pria Ber KB Luar Biasa""Kampung KB Desa Napan"" http://napan.desa.id/2018/12/20/wanita-ber-kb-sudah-biasa-pria-ber-kb-luar-biasakampung-kb-desa-napan/… lewat 
@erdyeko",2018-12-20T06:07:51.000Z,
twitter,"Karena itu makanya para pria gak mau dan nyuruh istrinya aja yg KB.. disini selfishnya para pria, mau enak, tanpa punya anak dulu, tapi penderitaan ditanggung sama wanita doang.. heyyy! Punya anak atau tidak itu keputusannya berdua, konsekuensinya juga tanggung bareng boss",2018-12-09T06:28:16.000Z,
twitter,Kasih Tahu Suaminya Bunda ! KB Pria Lebih Aman dan Minim Efek Samping.. Bantu Share Untuk Yang Lain https://liputanterviral.blogspot.com/2018/11/kasih-tahu-suaminya-bunda-kb-pria-lebih.html…,2018-12-05T09:50:36.000Z,
twitter,Motifator KB Pria Terbaik Tahun 2014 Pelda Ermon Babinsa Koramil 03 Kodim 0312/Padang Berikan Penyuluhan Tentang Peran Pria Dalam Ber KB,2018-12-05T04:18:06.000Z,
twitter,Danramil 06/Lubuk Pakam Hadiri Pencanangan PKP2 KB Pria http://barometermedan.net/danramil-06-lubuk-pakam-hadiri-pencanangan-pkp2-kb-pria/…,2018-12-02T13:23:25.000Z,
twitter,Danramil 06/LP Hadiri Pencanangan KB Pria di Pagar Merbau https://goo.gl/fb/kh1DKH,2018-12-01T14:54:54.000Z,
twitter,100 Pria Uji Coba Pil KB Herbal https://goo.gl/GbPkMo,2018-11-30T04:04:06.000Z,
twitter,Serka Harun Yunianto Babinsa Sragen tengah memberikan motivator kepada peserta KB untuk menggunakan KB mantap untuk pria/Vasektomi,2018-11-27T09:12:00.000Z,
twitter,Serka Harun Yunianto Babinsa Sragen tengah memberikan motivator kepada peserta KB untuk menggunakan KB mantap untuk pria/Vasektomi,2018-11-27T09:11:06.000Z,
twitter,"Semua ada solusinya

Mau kurus  ada
Mau gendut  ada
Perut buncit bisa kempes  ada
Mau berhenti merokok  ada
Merawat Miss v  ada
Buat pria  ada
Yang tidak haid2 karena KB suntik  ada
Mau muka glowing  ada... https://facebook.com/100002291229336/posts/2000650856687936/…",2018-11-20T03:33:03.000Z,
twitter,Berita Kesehatan Akurat: Pil KB Bisa Sembuhkan Kelebihan Hormon Pria pada Wanita? http://nakita.grid.id/read/021241393/berita-kesehatan-akurat-pil-kb-bisa-sembuhkan-kelebihan-hormon-pria-pada-wanita…,2018-11-17T00:40:05.000Z,
twitter,#KalimantanPost Pentingnya Partisipasi Pria Mendukung Program KB https://goo.gl/fb/1MP72t #banjarbaru #tribanjar,2018-11-16T17:52:28.000Z,
twitter,Kasih Tahu Suaminya Bunda ! KB Pria Lebih Aman dan Minim Efek Samping.. Bantu Share Untuk Yang Lain https://liputanterviral.blogspot.com/2018/11/kasih-tahu-suaminya-bunda-kb-pria-lebih.html…,2018-11-16T07:29:51.000Z,
twitter,Sosialisasi Peningkatan Pergerakan Kualitas KB pria dan Kesehatan Reptoduksi tentang 4 Terlalu dalam Kehamilan : 1. Terlaalu Muda 2. Terlalu Tua 3. Terlalu Dekat 4. Terlalu banyak… https://instagram.com/p/BqMPwXMHtYl/?utm_source=ig_twitter_share&igshid=19z3z16albxsp…,2018-11-15T06:43:27.000Z,
twitter,Vasektomi Adalah Cara Ber KB yang Aman dan Efektif Bagi Pria http://kalselkini.com/2018/11/14/vasektomi-adalah-cara-ber-kb-yang-aman-dan-efektif-bagi-pria/…,2018-11-14T01:13:37.000Z,
twitter,"Dibutuhkn Segera :
1. TU (ADMIN MI)
(diutamakn: Pria, S-1 TI,  Usia maks. 30Th)
2. Guru Kontrak PG/KB
diutamkn : S-1 PG PAUD, Usia maks. 30 th
Lmran ditujukn kpd Dir LPI Hidayatun Najah 
Jl. Sunan Kalijaga Gg. Kresna Tuban paling lmbat tgl 15 Nopmber 2018 
Cp: 082140992553",2018-11-13T11:51:41.000Z,
twitter,pilihan.. Banyak Manfaat Setelah Ikut KB Pria (Vasektomi) - Tribun Maluku | Berita Maluku Terkini http://dlvr.it/Qr1g16 ..lelaki,2018-11-12T04:36:32.000Z,
twitter,Banyak Manfaat Setelah Ikut KB Pria (Vasektomi) https://goo.gl/fb/BtN1o8 #ambon,2018-11-12T04:02:42.000Z,
twitter,"Disteril bisa mengurangi hawa nafsu? Sama gak dgn tindakan steril yg jadi salah satu opsi KB bagi pria? Kalo disteril tapi nafsu tetap tinggi gak (bisa) dikontrol, ya gak berubah dong",2018-11-11T02:39:12.000Z,
twitter,Bandung Barat Terus Sosialisasikan KB Pria https://bangbara.com/bandung-barat-terus-sosialisasikan-kb-pria/…,2018-11-06T13:08:23.000Z,
twitter,"Tôi đã thích video http://youtu.be/VbtzbORNVOI?a Efek # PIL KB # untuk pria trên 
@YouTube",2018-10-31T03:48:47.000Z,
twitter,"Saya suka video 
@YouTube
 http://youtu.be/VbtzbORNVOI?a Efek # PIL KB # untuk pria",2018-10-29T03:52:43.000Z,
twitter,Peserta KB Pria Kurang Peminat Di Kabupaten Pangandaran - https://radartasikmalaya.com (Sindiran) (Siaran Pers) (Blog) - https://radartasikmalaya.com/peserta-kb-pria-kurang-peminat-di-kabupaten-pangandaran/… #pangandaran #pangandarannews #shareberita,2018-10-24T16:00:10.000Z,
twitter,Peserta KB Pria Kurang Peminat Di Kabupaten Pangandaran https://radartasikmalaya.com/peserta-kb-pria-kurang-peminat-di-kabupaten-pangandaran/…,2018-10-24T14:36:56.000Z,
twitter,Serka Sapto Nugroho melaksanakan pendampingan 17 aseptor KB Medis Operasi Pria (MOP) Kabupaten  Pekalongan dalam rangka baksos KB Kes TNI.Operasi MOP di laksanakan di Rumkit TK.IV Pagongan Tegal.rabu (17/10),2018-10-17T07:53:44.000Z,
twitter,Serka Sapto Nugroho melaksanakan pendampingan 17 aseptor KB Medis Operasi Pria (MOP) Kabupaten  Pekalongan dalam rangka baksos KB Kes TNI.Operasi MOP di laksanakan di Rumkit TK.IV Pagongan Tegal.rabu (17/10),2018-10-17T07:53:19.000Z,
twitter,Serka Sapto Nugroho melaksanakan pendampingan 17 aseptor KB Medis Operasi Pria (MOP) Kabupaten  Pekalongan dalam rangka baksos KB Kes TNI.Operasi MOP di laksanakan di Rumkit TK.IV Pagongan Tegal.rabu (17/10),2018-10-17T07:52:44.000Z,
twitter,Serka Sapto Nugroho melaksanakan pendampingan 17 aseptor KB Medis Operasi Pria (MOP) Kabupaten  Pekalongan dalam rangka baksos KB Kes TNI.Operasi MOP di laksanakan di Rumkit TK.IV Pagongan Tegal.rabu (17/10),2018-10-17T07:52:43.000Z,
twitter,Serka Sapto Nugroho melaksanakan pendampingan 17 aseptor KB Medis Operasi Pria (MOP) Kabupaten  Pekalongan dalam rangka baksos KB Kes TNI.Operasi MOP di laksanakan di Rumkit TK.IV Pagongan Tegal.rabu (17/10),2018-10-17T07:51:44.000Z,
twitter,"Kepala Perwakilan BkkbN Aceh, Drs Sahidal Lastri, MPD menghadiri kegiatan Pembinaan dan Peningkatan Kapasitas Kelompok dan Motivator KB Pria yang digelar di Balai Penyuluh Kec.Suka Karya,… https://instagram.com/p/BofwYROFaVA/?utm_source=ig_twitter_share&igshid=1e1xycwcd9g10…",2018-10-15T09:27:40.000Z,
twitter,"Kepala Perwakilan BkkbN Aceh, Drs Sahidal Lastri, MPD menghadiri kegiatan Pembinaan dan Peningkatan Kapasitas Kelompok dan Motivator KB Pria yang digelar di Balai Penyuluh Kec.Suka Karya,… https://instagram.com/p/BofwYROFaVA/?utm_source=ig_twitter_share&igshid=174ezl54y779i…",2018-10-15T09:22:10.000Z,
twitter,"- yang dulu paling sering kita makan untuk sarapan,"" ujar sang pria dengan senyumnya yang semakin lepas, ""kupikir crepes bisa menjauhkan bayanganmu tadi.""

Sebuah pemikiran yang agaknya kurang tepat, karena bukan panekuk yang menyimpan bayangan wanita itu.

◇",2018-09-26T23:41:15.000Z,
twitter,"◇

Kedua tangan sang pria kini menangkup pipinya sendiri, mengantarkan dua tamparan lembut untuk melepaskan diri dari jerat penyesalan. Sinar mata sang pria perlahan kembali, menatap lekat tumpukan beberapa lembar crepes di hadapannya.

""Panekuk terasa masih berat, soalnya itu -",2018-09-26T23:40:09.000Z,
twitter,"- mencoba untuk menyunggingkan lagi senyum kecil di sudut bibirnya.

""Sial, kenapa kamu masih bisa senyum seindah itu, sih?"" tanya sang pria saat sekilas tadi terlintas bayangan wanita itu. Seorang wanita yang dengan senyumnya selalu menemani sang pria menjalani pagi, dahulu.

◇",2018-09-26T11:23:44.000Z,
twitter,"- melampiaskan kekesalan yang saat ini tengah meluap di kepalanya. Kesal, hanya satu kata itu yang memenuhi pikiran sang pria.

Sadar akan kondisinya saat itu, sang pria lantas menarik nafas dalam-dalam untuk kemudian dihembuskannya secara perlahan. Berat, namun ia kembali -",2018-09-26T10:55:27.000Z,
twitter,"◇

""Padahal aku sudah bilang ke mereka kalau siang ini kita yang akan membuat bekal,"" lanjut sang pria masih dengan nada suara lirih, ""apa yang harus kusampaikan ke mereka sekarang?""

Kedua tangan sang pria menggenggam kuat pisau dan garpu sampai tampak urat di tangannya untuk -",2018-09-26T10:48:44.000Z,
twitter,"◇

Sang pria memainkan kedua tangannya yang mengenggam pisau dan garpu pada piring datar yang ia gunakan sebagai alas. Bunyi dentingan dari piring tersebut memecah keheningan di ruang yang nampak kosong. 

""Kenapa jadi begini?"" tanya sang pria lirih.

◇",2018-09-26T10:19:46.000Z,
twitter,"◇

Bayangan diri wanita yang tengah menari di ruang keluarga tercermin buram pada pintu metalik lemari es ketika sang pria tengah memasukkan sisa adonan crepes yang belum dimasak.

""Kenapa kamu hobi banget asal goyang kaya gitu sih? Untung lucu, jadi masih enak dilihat.""

◇",2018-09-26T04:01:29.000Z,
twitter,"◇

""Mending kamu ambil minum buat kita,"" ucap sang pria sambil menoleh ke arah meja makan, ""atau kayaknya biar aku aja deh yang nyiapin minuman.""

Masih dengan senyum kecil di sudut bibirnya, sang pria bergegas mengisi gelas kaca yang dibawa untuk kemudian disajikan di meja.

◇",2018-09-26T03:47:58.000Z,
twitter,"◇

Tawa seorang wanita samar-samar terngiang memenuhi kepala sang pria, cukup untuk menghentikan gerakannya yang tengah menuangkan tipis adonan ke loyang panas.

""Apa sih, masih pagi udah ketawa-ketiwi, jadi hancur gini."" senyum kecil terlihat pada sudut bibir sang pria.

◇",2018-09-26T03:32:31.000Z,
twitter,"Pil KB untuk Pria, Bahaya atau Tidak untuk Mencegah Kehamilan? - https://fenomagz.com/kesehatan/pil-kb-untuk-pria-bahaya-atau-tidak-untuk-mencegah-kehamilan.html…",2018-09-15T00:31:34.000Z,
twitter,"X: Beda pilkada sama pil kb apa bro?
Y: teuing (red: ga tau)
X: pilkada itu klo jadi lupa, pil kb klo lupa jadi...
Y: owh...
#okesiip",2018-09-14T07:07:03.000Z,
twitter,"Wanita Konsumsi Pil KB Bisa Alami Perubahan Perilaku Seperti Pria, Ini Alasannya",2018-09-12T18:26:45.000Z,
twitter,"Pembinaan Pokja dan Strategi Partisipasi KB Pria di Kampung KB Randusari

Semarang - Menurut data dari Population Report (2014), kesertaan KB Pria di Indonesia hanya 2% atau menempati… https://instagram.com/p/BnoMaGABq2j/?utm_source=ig_twitter_share&igshid=1oxqgyvcgg794…",2018-09-12T13:38:49.000Z,
twitter,"Pil KB Khusus Pria Kini Sudah Ada, Aman dan Efektif. Mau Coba? https://inovasee.com/pil-kb-khusus-pria-36832/…",2018-09-07T05:01:33.000Z,
twitter,"PILKADA
kalo jadi malah lupa
PIL KB
kalo lupa malah jadi ",2018-09-07T01:33:54.000Z,
twitter,"Open Recruiment

Kami Pengurus Yayasan PUTRA PUTRI GODEAN  yang bergerak di bidang pendidikan anak (KB, RA, TAA dan BIMBEL)  membuka lowongan :

Pendidik
Tukang kebun

Pendidik 

1. Pria / Wanita
2. Cinta... https://facebook.com/100000594782115/posts/2333127233383747/…",2018-09-06T23:28:48.000Z,
twitter,"Pil KB Khusus Pria Kini Sudah Ada, Aman dan Efektif. Mau Coba? https://inovasee.com/pil-kb-khusus-pria-36832/…",2018-09-06T17:53:27.000Z,
twitter,"Pil KB Khusus Pria Kini Sudah Ada, Aman dan Efektif. Mau Coba? https://inovasee.com/pil-kb-khusus-pria-36832/…",2018-09-06T11:06:24.000Z,
twitter,"Pil KB Khusus Pria Kini Sudah Ada, Aman dan Efektif. Mau Coba? https://inovasee.com/pil-kb-khusus-pria-36832/…",2018-09-06T05:28:29.000Z,
twitter,"Pil KB Khusus Pria Kini Sudah Ada, Aman dan Efektif. Mau Coba? https://inovasee.com/pil-kb-khusus-pria-36832/…",2018-09-05T14:18:36.000Z,
twitter,PKK Solsel Sosialisasikan KB MOP untuk Pria | VALORA NEWS SUMBAR https://shar.es/a126EE,2018-09-04T09:09:45.000Z,
twitter,Warga Binaan Kodim 0117 Juara 1 Lomba Motivator KB Pria http://analisapublik.com/2018/09/02/warga-binaan-kodim-0117-juara-1-lomba-motivator-kb-pria/…,2018-09-02T15:51:21.000Z,
twitter,"Membuka kegiatan Jambore Institusi Masyarakat Pedesaan (IMP), Penyuluh Keluarga Berencana (PKB), dan Motivator KB Pria di Candi Banyunibo, Kecamatan Prambanan.",2018-09-02T13:51:49.000Z,
twitter,"Kendalikan Pertumbuhan Penduduk, Bupati Sleman Minta Para Suami Ikut  KB Pria http://j.mp/2NxjZDS",2018-08-30T10:19:29.000Z,
twitter,"PKK Solsel Sosialisasikan KB MOP untuk Pria |

Ketua Tim Penggerak Pembinaan Kesejahteraan Keluarga (TP-PKK) Solok Selatan, Suriati Muzni mengatakan, pria belum memahami dan menerima progam... http://valora.co.id/berita/11068/pkk-solsel-sosialisasikan-kb-mop-untuk-pria.html…",2018-08-30T06:24:09.000Z,
twitter,Peserta KB Pria Metode Vasektomi Lampaui Target di Kota dan Kabupaten http://dlvr.it/QhRMMS,2018-08-29T12:21:05.000Z,
twitter,Peserta KB Pria Metode Vasektomi Lampaui Target di Kota dan Kabupaten http://dlvr.it/QhRMHv,2018-08-29T12:21:04.000Z,
twitter,Peserta KB Pria Metode Vasektomi Lampaui Target di Kota dan Kabupaten http://dlvr.it/QhRMH2,2018-08-29T12:21:02.000Z,
twitter,"Menunda Kehamilan dengan Melakukan KB, Apakah Mempengaruhi Kesuburan? http://dlvr.it/Qh25Mc",2018-08-25T09:28:02.000Z,
twitter,"YA KALI RU
MANA ADA PIL KB PRIA",2018-08-23T09:24:33.000Z,
twitter,"Ya gue ngomong ""Maaf hmm (ini posisi dmn gue bng mau panggil dia apa, gue panggil mas salah pak salah mbak? Najis) tapi pil kb emang gak ada untuk pria"" Dianya ngeyel ""masa se gaada mbak"" (dduuuh pengen tak tusuk pake pelpelan) trus gue bilang ""iyaaaa gaadaaa"" sambil neken nada/?",2018-08-22T15:53:04.000Z,
twitter,Dinas PPKB Makassar Gencar Sosialisasikan KB Pria https://makassar.sindonews.com/read/12466/2/dinas-ppkb-makassar-gencar-sosialisasikan-kb-pria-1534136927…,2018-08-13T05:28:30.000Z,
twitter,Kasih Tahu Suaminya Bunda ! KB Pria Lebih Aman dan Minim Efek Samping.. Bantu Share Untuk Yang Lain https://mamacerdas.life/2017/12/03/kb-pria.html…,2018-08-11T18:28:14.000Z,
twitter,Kasih Tahu Suaminya Bunda ! KB Pria Lebih Aman dan Minim Efek Samping.. Bantu Share Untuk Yang Lain https://mamacerdas.life/2017/12/03/kb-pria.html…,2018-08-04T17:14:59.000Z,
twitter,Kasih Tahu Suaminya Bunda ! KB Pria Lebih Aman dan Minim Efek Samping.. Bantu Share Untuk Yang Lain https://mamacerdas.life/2017/12/03/kb-pria.html…,2018-08-04T13:08:52.000Z,
twitter,Kasih Tahu Suaminya Bunda ! KB Pria Lebih Aman dan Minim Efek Samping.. Bantu Share Untuk Yang Lain https://mamacerdas.life/2017/12/03/kb-pria.html…,2018-08-04T12:30:16.000Z,
twitter,Kasih Tahu Suaminya Bunda ! KB Pria Lebih Aman dan Minim Efek Samping.. Bantu Share Untuk Yang Lain https://mamacerdas.life/2017/12/03/kb-pria.html…,2018-08-04T11:01:24.000Z,
twitter,"Berita dari Wakil Bupati Sleman, Sri Muslimatun menjelaskan bahwa sering terjadi salah persepsi di masyarakat bahwa KB Pria memiliki banyak efek samping. Justru, KB Pria memiliki Efek Samping yang jauh lebih sedikit... https://mamacerdas.life/2017/12/03/kb-pria.html…",2018-08-03T15:30:46.000Z,
twitter,Kasih Tahu Suaminya Bunda ! KB Pria Lebih Aman dan Minim Efek Samping.. Bantu Share Untuk Yang Lain https://mamacerdas.life/2017/12/03/kb-pria.html…,2018-08-11T18:28:14.000Z,
twitter,Kasih Tahu Suaminya Bunda ! KB Pria Lebih Aman dan Minim Efek Samping.. Bantu Share Untuk Yang Lain https://mamacerdas.life/2017/12/03/kb-pria.html…,2018-08-04T17:14:59.000Z,
twitter,Kasih Tahu Suaminya Bunda ! KB Pria Lebih Aman dan Minim Efek Samping.. Bantu Share Untuk Yang Lain https://mamacerdas.life/2017/12/03/kb-pria.html…,2018-08-04T13:08:52.000Z,
twitter,Kasih Tahu Suaminya Bunda ! KB Pria Lebih Aman dan Minim Efek Samping.. Bantu Share Untuk Yang Lain https://mamacerdas.life/2017/12/03/kb-pria.html…,2018-08-04T12:30:16.000Z,
twitter,Kasih Tahu Suaminya Bunda ! KB Pria Lebih Aman dan Minim Efek Samping.. Bantu Share Untuk Yang Lain https://mamacerdas.life/2017/12/03/kb-pria.html…,2018-08-04T11:01:24.000Z,
twitter,"Berita dari Wakil Bupati Sleman, Sri Muslimatun menjelaskan bahwa sering terjadi salah persepsi di masyarakat bahwa KB Pria memiliki banyak efek samping. Justru, KB Pria memiliki Efek Samping yang jauh lebih sedikit... https://mamacerdas.life/2017/12/03/kb-pria.html…",2018-08-03T15:30:46.000Z,
twitter,Kasih Tahu Suaminya Bunda ! KB Pria Lebih Aman dan Minim Efek Samping.. Bantu Share Untuk Yang Lain https://mamacerdas.life/2017/12/03/kb-pria.html…,2018-08-03T14:45:03.000Z,
twitter,"Optimalkan Peserta KB Pria, BKKBN Provinsi Jatim Sosialisasikan KKBPK   https://jagatngopi.com/optimalkan-peserta-kb-pria-bkkbn-provinsi-jatim-sosialisasikan-kkbpk/…",2018-08-02T16:35:19.000Z,
twitter,"SUKSESKAN PROGRAM KB PRIA BKKBN GANDENG SATGAS TMMD 102

http://derasnews.com/sukseskan-program-kb-pria-bkkbn-gandeng-satgas-tmmd-102/…",2018-07-31T06:50:10.000Z,
twitter,"SUKSESKAN PROGRAM KB PRIA BKKBN GANDENG SATGAS TMMD 102

http://derasnews.com/sukseskan-program-kb-pria-bkkbn-gandeng-satgas-tmmd-102/…",2018-07-31T06:49:53.000Z,
twitter,SUKSESKAN PROGRAM KB PRIA BKKBN GANDENG SATGAS TMMD 102 http://goparlement.com/2018/07/sukseskan-program-kb-pria-bkkbn-gandeng.html#.W18SHwkvJ70.twitter…,2018-07-30T13:26:59.000Z,
twitter,PENYULUHAN KB PRIA SATGAS TMMD 102 DAN BKKBN PROV. GORONTALO http://goparlement.com/2018/07/penyuluhan-kb-pria-satgas-tmmd-102-dan.html#.W18N5UxkRbg.twitter…,2018-07-30T13:08:57.000Z,
twitter,Keikutsertaan Pria Ber KB Pencaiannya Hanya Dibawah 4 Persen - https://sorotjambi.id/?p=14705,2018-07-30T10:51:31.000Z,
twitter,Pil KB - Together Whatever https://togetherwhatever.id/article/hipspotter/pil-kb…,2018-07-27T13:11:50.000Z,
twitter,"Berbeda denga KB masih mungkin pasangan mendapatkan keturuan, vasektomi secara otomatis membuat pria tidak dapat menghamili wanita #RabuSehat",2018-07-25T02:49:25.000Z,
twitter,"Vasektomi adalah operasi kecil yang dilakukan khusus untuk kaum pria. Berbeda dengan KB, baik pil maupun suntik yang dilakukan oleh kaum wanita  #RabuSehat",2018-07-25T02:49:23.000Z,
twitter,Pil KB untuk Pria? Serius Ada Lho! http://cakapcakap.com/sci-tech/pil-kb-untuk-pria-serius-ada-lho/…,2018-07-24T05:40:07.000Z,
twitter,"Zaman Sekarang Memang Edan.
Bukan Cuma Wanita Yang Bisa Mengonsumsi Pil KB, Akan Tetapi Pria Juga Bisa!  http://cakapcakap.com/sci-tech/pil-kb-untuk-pria-serius-ada-lho/…",2018-07-24T01:00:05.000Z,
twitter,"Tim gerak jalan dari DPPKB Kota Yogyakarta pada acara PORKAR (Pekan Olahraga Karyawan) Kota Yogyakarta.

Terdiri dari 2 regu Pria & 2 regu Wanita.
Berjalan mengelilingi mulai dari kantor… https://instagram.com/p/BleM6NNlCOa/?utm_source=ig_twitter_share&igshid=1q9nquapmsgg0…",2018-07-20T23:29:45.000Z,
twitter,"Sertu Supandi, anggota Kodim 0813 Bojonegoro raih juara 1 nasional motivator KB Pria 2018

#LakukanYangTerbaikDanTetapSemangat",2018-07-14T05:23:00.000Z,
twitter,"Anggota Kodim 0813 Bojonegoro Sertu Supandi, Raih Juara 1 Nasional Motivator KB Pria Terbaik 2018: http://youtu.be/ZKsdbyMYUGk?a melalui",2018-07-13T16:51:13.000Z,
twitter,"Inilah sederet prestasi yang membanggakan Kab. Bojonegoro dlm Hari Keluarga XXV : Juara 1 Motivator KB Pria Tk Nasional an. Sertu Supandi,  Juara 1 Lomba karya tulis oleh MAN 1 Bjn,  Juara 2 KB Lestari,  Juara 2 UPPKS Tk. Prov. & Harapan 3 Kampung KB Terbaik",2018-07-13T11:04:31.000Z,
twitter,"Lebih aman pria sih yg kb drpd wanita. Pernah tanya ke dokter,  ktnya ndak ada efek sampingnya.",2018-07-11T12:35:19.000Z,
twitter,"Teliti Pil KB Pria, Konimex Gandeng Unair http://jatimnet.com/teliti-pil-kb-pria-konimex-gandeng-unair/…",2018-07-11T11:58:45.000Z,
twitter,"CAPAIAN PROGRAM VASEKTOMI KB PRIA DI PANDEGLANG MINIM: http://youtu.be/ra-RfyRBxi0?a melalui 
@YouTube",2018-07-11T08:07:12.000Z,
twitter,Sertu Supandi Jadi Motivator KB Pria Terbaik http://jawapos.com/n/226716,2018-07-10T09:49:51.000Z,
twitter,Sertu Supandi Raih Juara 1 Motivator KB Pria Terbaik Tingkat Nasional http://dlvr.it/QZyFJR,2018-07-09T12:19:35.000Z,
twitter,Sertu Supandi Raih Juara 1 Motivator KB Pria Terbaik Tingkat Nasional http://ow.ly/AC2u50hVTv5,2018-07-09T11:16:00.000Z,
twitter,Sertu Supandi Raih Juara 1 Motivator KB Pria Terbaik Tingkat Nasional http://ow.ly/r8Un50hVSds,2018-07-09T10:46:00.000Z,
twitter,Sertu Supandi Raih Juara 1 Motivator KB Pria Terbaik Tingkat Nasional http://ow.ly/k9Ri50hVRAF,2018-07-09T10:15:49.000Z,
twitter,"Motivator KB Pria Terbaik Nasional Tahun 2018 Diraih Prajurit TNI Berpangkat Sertu
@penremcpyj
@kodimbojonegoro
@Pendam5
@Puspen_TNI
@tni_ad
@HumasBKKBN
@BKKBNofficial
#inilahmojokerto
#TNI
#mojokerto

https://inilahmojokerto.com/2018/07/09/motivator-kb-pria-terbaik-nasional-tahun-2018-diraih-prajurit-tni-berpangkat-sertu.html…",2018-07-09T09:56:24.000Z,
twitter,"Sertu Supandi, motivator KB pria terbaik tingkat nasional

http://kodim0813bojonegoro.mil.id/sertu-supandi-anggota-kodim-bojonegoro-raih-juara-1-motivator-kb-pria-terbaik-tingkat-nasional/…",2018-07-08T15:29:33.000Z,
twitter,Sertu Supandi Raih Juara 1 Motivator KB Pria Terbaik Tingkat Nasional http://channel-indonesia.com/2018/07/08/sertu-supandi-raih-juara-1-motivator-kb-pria-terbaik-tingkat-nasional/…,2018-07-08T14:59:50.000Z,
twitter,Juara 1 Motivator KB Pria Diboyong Sertu Supandi http://suarabojonegoro.com/baca/2018/07/08/juara-1-motivator-kb-pria-diboyong-sertu-supandi…,2018-07-08T13:45:05.000Z,
twitter,KB Pria di Blitar Masih Minim Peminat http://adakita.news/kesehatan/kb-pria-di-blitar-masih-minim-peminat/… http://adakita.news/kesehatan/kb-pria-di-blitar-masih-minim-peminat/…,2018-07-03T14:07:32.000Z,
twitter,KB Pria di Blitar Masih Minim Peminat http://adakita.news/kesehatan/kb-pria-di-blitar-masih-minim-peminat/…,2018-07-03T14:07:20.000Z,
twitter,KB Pria di Blitar Masih Minim Peminat http://adakita.news/kesehatan/kb-pria-di-blitar-masih-minim-peminat/…,2018-07-03T14:07:12.000Z,
twitter,"KB Pria di Blitar Masih Minim Peminat | Adakita News
http://adakita.news/kesehatan/kb-pria-di-blitar-masih-minim…...",2018-07-03T12:08:33.000Z,
twitter,"RT 
@RSPBalongan
: Sinergi antara RS Pertamina Balongan, pemkab Indramayu & RS Salamun Bandung untuk menekan angka kematian ibu melahirkan & bayi dgn KB medis wanita (tubektomi) dan pria (vasektomi). Kegiatan ini disambut antusias oleh masyarakat di Indramayu #kabarIMY",2018-07-03T06:23:48.000Z,
twitter,"Sinergi antara RS Pertamina Balongan, pemkab Indramayu dan RS Salamun Bandung untuk menekan angka kematian ibu melahirkan dan bayi dengan KB medis wanita (tubektomi) dan pria (vasektomi).… https://instagram.com/p/BkwZ38xFV1N/?utm_source=ig_twitter_share&igshid=1sprgzqyjmvzo…",2018-07-03T04:36:09.000Z,
twitter,Partisipasi Pria Ikut KB di kabupaten Bojonegoro Masih Rendah http://harianbhirawa.com/2018/07/partisipasi-pria-ikut-kb-di-kabupaten-bojonegoro-masih-rendah/…,2018-07-02T14:27:15.000Z,
twitter,"Keluarga besar mempelai pria KB. Sunarya & KB. Kamil, acara pernikahan kang Deana & teh Yenni... https://instagram.com/p/BkpZMHSBcVutoCQ5jt79OtVT90uCsKfrVzIcfM0/?utm_source=ig_twitter_share&igshid=1a78rpjnua15n…",2018-06-30T11:15:28.000Z,
twitter,#Seksologi - Alat kontrasepsi yang disarankan dalam program KB salah satunya ialah sterilisasi. Berikut ulasan penjelasannya kelebihan dan kekurangan KB steril bagi pria maupun wanita http://ht.ly/ds1830kIP3D,2018-06-30T03:30:10.000Z,
twitter,"Bhabinkamtibmas Bausasran Aiptu Agus Hartanto dan Babinsa TNI hadiri pertemuan Fapsedu & kelompok KB Pria yg dihadiri kurang lebih 60 warga peserta KB aktif, dengan nara sumber dr RS.Bethesda Lempuyangwangi",2018-06-28T05:47:03.000Z,
twitter,Peminat KB pria terus meningkat di Biak http://dlvr.it/QWcSG3,2018-06-08T11:24:37.000Z,
twitter,Peminat KB pria terus meningkat di Biak http://dlvr.it/QWcRXY http://dlvr.it/QWcRXY,2018-06-08T11:22:18.000Z,
twitter,Peminat KB pria terus meningkat di Biak http://dlvr.it/QWcRXY,2018-06-08T11:22:01.000Z,
twitter,Peminat KB pria terus meningkat di Biak http://dlvr.it/QWcLQc,2018-06-08T11:05:02.000Z,
twitter,"mahasiswi asal Balikpapan, Kalimantan Timur, berinisial F yang terjerat kasus video panas.

saat berhubungan badan dengan pria yang bersebadan dengannya nggak pakai kondom dan nggak KB juga.",2018-06-08T01:28:49.000Z,
twitter,Peserta KB pria meningkat di Biak Numfor https://papua.antaranews.com/berita/467735/peserta-kb-pria-meningkat-di-biak-numfor#.Wxj7rmz23sE.twitter…,2018-06-07T09:32:32.000Z,
twitter,Peserta KB pria meningkat di Biak Numfor http://dlvr.it/QWSWzR http://dlvr.it/QWSWzR,2018-06-07T06:03:58.000Z,
twitter,Peserta KB pria meningkat di Biak Numfor http://dlvr.it/QWSWzR,2018-06-07T06:03:48.000Z,
twitter,"Di Kabupaten Biak, Peserta KB Pria Terus Meningkat https://ift.tt/2Jw1Mrp",2018-06-07T01:16:15.000Z,
twitter,"Peserta KB Pria di Biak Numfor Terus Meningkat http://tilik.id/read/2018/06/07/2949/peserta-kb-pria-di-biak-numfor-terus-meningkat… via 
@TilikNews",2018-06-07T00:32:15.000Z,
twitter,"[Fonte: notiziariocalcio_com] Piovese, il presidente Dalla Pria: ""Vendo, sono stanco..."" http://dlvr.it/QWCsbP",2018-06-05T06:06:56.000Z,
twitter,New post (Sleman Menggalakkan Program KB Pria) has been published on Jurnal Sumatra - http://jurnalsumatra.com/sleman-menggalakkan-program-kb-pria/…,2018-05-29T02:07:39.000Z,
twitter,"Sekira 20 ribu Pria Kaum Bapa (P/KB) GMIM membanjiri eks lapangan pacuan kuda Tountimomor, Kakas Barat, Kabupaten Minahasa untuk mengikuti ibadah agung dan pembukaan Hapsa serta POR yang mempertandingkan 23 jenis kegiatan, kemarin. #KoranSindo #WWP",2018-05-25T23:36:33.000Z,
twitter,Kopas dari group.  P/KB Kolom 6 Karunia. Persiapan touring ke Tountimomor Kakas. Hari Persatuan  Pria/Kaum Bapa GMIM.,2018-05-25T11:09:56.000Z,
twitter,KB Pria di Bandung Barat Terus Meningkat http://ow.ly/eYbk30k9HAF,2018-05-24T07:16:28.000Z,
twitter,"Millendaru Terciduk Konsumsi Pil KB, Netizen Ungkap Manfaatnya untuk Pria https://goo.gl/K1fA9f via 
@tribunkaltim",2018-05-23T01:00:37.000Z,
twitter,beja terkini Bewara:  KB Pria di Bandung Barat Terus Meningkat http://dlvr.it/QTlD4R . Thx 4 click thx 4 click,2018-05-22T19:59:56.000Z,
twitter,KB Pria di Bandung Barat Terus Meningkat http://dlvr.it/QTkH1V,2018-05-22T16:48:17.000Z,
twitter,KB Pria di Bandung Barat Terus Meningkat https://ift.tt/2x2HDUN #aboutBDG,2018-05-22T13:18:13.000Z,
twitter,KB Pria Kab. Bandung Barat Juara I Provinsi Jawa Barat,2018-05-22T11:17:03.000Z,
twitter,"For sale tas seminar bisa di sablon bordir, cocok juga buat sekolah bisa di Pakai Wanita dan Pria.",2018-05-19T15:45:46.000Z,
twitter,"SIAPA SAJA YANG BOLEH MENGGUNAKAN PRODUK NUAMOOREA ?

1. Kulit halus, pori-pori besar, kulit kusam, Flek akibat KB /faktor usia dan bermasalah (jerawat)

2. BAYI, ANAK2, WANITA, PRIA, IBU HAMIL, IBU MENYUSUI (... https://facebook.com/lilysweetgirls/posts/1772566006133092…",2018-05-17T11:53:11.000Z,
twitter,Kunjungan motivator KB Pria dari perwakilan seluruh Indonesia di Dusun Karanganyar https://humas.polri.go.id/download/kunjungan-motivator-kb-pria-dari-perwakilan-seluruh-indonesia-di-dusun-karanganyar/… lewat @@DivHumasPolri,2018-05-16T03:19:33.000Z,
twitter,"Penemuan Pil KB Untuk Pria Hingga Obat Kanker, Inilah Penemuan Terbesar Dalam Sejarah Manusia http://dlvr.it/QSjQDr",2018-05-13T14:30:03.000Z,
twitter,"Pemkab Lamandau Gandeng BKKBN Adakan Layanan KB Pria
 https://borneonews.co.id/berita/93303-pemkab-lamandau-gandeng-bkkbn-adakan-layanan-kb-pria…",2018-05-07T04:37:38.000Z,
twitter,Selpiana Berharap Kaum Pria di Bolsel Termotivasi Pakai KB Vasektomi http://dlvr.it/QRwPP1,2018-05-06T08:39:00.000Z,
twitter,"Selpiana Berharap Kaum Pria di Bolsel Termotivasi Pakai KB Vasektomi http://manado.tribunnews.com/2018/05/06/selpiana-berharap-kaum-pria-di-bolsel-termotivasi-pakai-kb-vasektomi… lewat 
@Tribun_Manado",2018-05-06T07:37:10.000Z,
twitter,Info Menarik Terbaru Tentang (Selpiana Berharap Kaum Pria di Bolsel Termotivasi Pakai KB Vasektomi) - http://infomenarik-terbaru.com/selpiana-berharap-kaum-pria-di-bolsel-termotivasi-pakai-kb-vasektomi/…,2018-05-06T07:28:49.000Z,
twitter,"Motivator KB Pria Bolsel Raih Juara Satu dan Wakili Sulut ke Tingkat Nasional http://manado.tribunnews.com/2018/05/06/motivator-kb-pria-bolsel-raih-juara-satu-dan-wakili-sulut-ke-tingkat-nasional… lewat 
@Tribun_Manado",2018-05-06T05:40:05.000Z,
twitter,"acara recheaking lomba KB pria tingkat provinsi jawa barat di aula kecamatan darangdan kabupaten purwakarta 
@DiskominfoPWK
 @Kaharti_PWK",2018-04-27T03:04:16.000Z,
twitter,"Lomba Motivator KB Pria Tingkat Jawa Timur 2018 

The post Lomba Motivator KB Pria Tingkat Jawa Timur 2018 appeared first on madiuntoday.

https://ift.tt/2JrAgry",2018-04-26T00:57:25.000Z,
twitter,Ilmuwan Bakal Bikin Pil KB Pria Tanpa Efek Samping https://tekno.tempo.co/read/1083096/ilmuwan-bakal-bikin-pil-kb-pria-tanpa-efek-samping?utm_source=Digital%20Marketing&utm_medium=Twitter&utm_campaign=Tekno_Guntur…,2018-04-25T10:22:35.000Z,
twitter,Ilmuwan Bakal Bikin Pil KB Pria Tanpa Efek Samping https://tekno.tempo.co/read/1083096/ilmuwan-bakal-bikin-pil-kb-pria-tanpa-efek-samping?utm_source=Digital%20Marketing&utm_medium=Twitter&utm_campaign=Tekno_Guntur…,2018-04-25T10:22:31.000Z,
twitter,Ilmuwan Bakal Bikin Pil KB Pria Tanpa Efek Samping https://tekno.tempo.co/read/1083096/ilmuwan-bakal-bikin-pil-kb-pria-tanpa-efek-samping?utm_source=Digital%20Marketing&utm_medium=Twitter&utm_campaign=Tekno_Guntur…,2018-04-25T10:22:27.000Z,
twitter,"Peningkatan Partisipasi KB Pria Bersama Deputi Bidng Keluarga Berencana Dan Kesehatan Reproduksi BKKBN Republik Indonesia Perwakilan Bkkbn Kalimantan Timur
BKKBN",2018-04-24T09:35:33.000Z,
twitter,"Menjanjikan, Pil KB Pria Ini Ditemukan Efektif dan Tanpa Efek Samping http://manado.tribunnews.com/2018/04/24/menjanjikan-pil-kb-pria-ini-ditemukan-efektif-dan-tanpa-efek-samping… lewat 
@Tribun_Manado",2018-04-24T02:15:45.000Z,
twitter,"Menjanjikan, Pil KB Pria Ini Ditemukan Efektif dan Tanpa Efek Samping http://sains.kompas.com/read/2018/04/24/070500023/menjanjikan-pil-kb-pria-ini-ditemukan-efektif-dan-…",2018-04-24T00:10:02.000Z,
twitter,"Mbah Soleh :""  Hati-Hati Gunakan Pil KB untuk Menambah Hormon, Ini Kata Dokter!: Dewasa ini, semakin banyak pria yang mengonsumsi pil KB…",2018-04-23T15:05:27.000Z,
twitter,"Jalan Santai & Senam Vasektonomi Tandai Peringatan HUT Ke-VI KB Pria "" Bersyukur"" https://youtube.com/attribution_link?a=p2PqebwryJs&u=%2Fwatch%3Fv%3DhzvY0C3ASgc%26feature%3Dshare…",2018-04-23T12:16:12.000Z,
twitter,Dr. Boyke Hadir di Sangatta - Hadiri HUT Kelompok KB Pria Teluk Lingga https://youtube.com/attribution_link?a=mV3q-U9WQIY&u=%2Fwatch%3Fv%3DHZ2S772Fa08%26feature%3Dshare…,2018-04-23T12:15:03.000Z,
twitter,Peneliti Kembangkan Pil KB Tanpa Efek Samping untuk Pria http://ayobandung.com/read/20180423/69/31786/peneliti-kembangkan-pil-kb-tanpa-efek-samping-untuk-pria#.Wt1hxqM91Bs.facebook…,2018-04-23T04:32:18.000Z,
twitter,"Radio ANDIKA 11.19
WA : Pak GIGIH MARDANA Kasubag Humas Pemkot Blitar. Mengabarkan saat ini sedang berlangsung Lomba Motivator KB Pria Tingkat Provinsi Jawa Timur di Balai Kota Kelurahan Kepanjen Kidul. Beberapa tahun... https://facebook.com/ag243/posts/1903650456312822…",2018-04-23T04:19:50.000Z,
twitter,Peneliti Kembangkan Pil KB Tanpa Efek Samping untuk Pria http://bit.ly/2K9eE4f,2018-04-23T02:32:31.000Z,
twitter,Peneliti Kembangkan Pil KB untuk Pria Tanpa Efek Samping http://bit.ly/2K9bDRE,2018-04-23T00:47:01.000Z,
twitter,"35 Pria di Kotamobagu Ikut KB Vasektomi https://radarbolmongonline.com/2018/04/35-pria-di-kotamobagu-ikut-kb-vasektomi/… lewat 
@Radar
 Bolmong",2018-04-21T12:27:21.000Z,
twitter,Pil KB Pria Berhasil Saat Diuji pada Hewan https://goo.gl/S3386f,2018-04-21T11:55:09.000Z,
twitter,"Akhirnya, ada juga pil KB untuk pria! https://yukepo.com/hiburan/sains/nggak-hanya-perempuan-yang-perlu-kontrasepsi-kini-ada-pil-kb-untuk-pria-lho/?utm_source=Twitter&utm_medium=AutoPost&utm_campaign=SocialMedia…",2018-04-19T09:14:46.000Z,
twitter,"Bupati Kutai Timur melepas jalan sehat yang dirangkai dengan Launching Senam Vasektomi dalam rangka HUT Kelompok KB Pria Bersyukur di Taman Bersemi Sangatta.

***

Unduh aplikasi STV Samarinda di Playstore untuk... https://facebook.com/STVSAMARINDA/videos/2037838726542234/…",2018-04-12T12:49:44.000Z,
twitter,"Pemkab Barito Timur Kampanyekan Program KB Pria
https://borneonews.co.id/berita/90866-pemkab-barito-timur-kampanyekan-program-kb-pria…",2018-04-10T06:23:45.000Z,
twitter,Jalan Santai Dan Senam Vasektomi Tandai Peringtan HUT Ke VI KB Pria “Bersyukur” http://rpdkutim.info/jalan-santai-dan-senam-vasektomi-tandai-peringtan-hut-ke-vi-kb-pria-bersyukur.html…,2018-04-09T09:45:16.000Z,
twitter,Jalan Santai Dan Senam Vasektomi Tandai Peringtan HUT Ke VI KB Pria “Bersyukur” http://rpdkutim.info/jalan-santai-dan-senam-vasektomi-tandai-peringtan-hut-ke-vi-kb-pria-bersyukur.html#.Wsrd_tkiBlA.facebook…,2018-04-09T03:29:27.000Z,
twitter,Jalan Santai Dan Senam Vasektomi Tandai Peringtan HUT Ke VI KB Pria “Bersyukur” http://rpdkutim.info/jalan-santai-dan-senam-vasektomi-tandai-peringtan-hut-ke-vi-kb-pria-bersyukur.html#.WsrdcnONTq0.facebook…,2018-04-09T03:27:00.000Z,
twitter,"Kelompok KB Pria Luncurkan Senam Vasektomi http://kaltim.tribunnews.com/2018/04/08/kelompok-kb-pria-luncurkan-senam-vasektomi… via 
@tribunkaltim",2018-04-08T05:39:29.000Z,
twitter,Info Menarik Terbaru Tentang (Kelompok KB Pria Luncurkan Senam Vasektomi) - http://infomenarik-terbaru.com/kelompok-kb-pria-luncurkan-senam-vasektomi/…,2018-04-08T05:24:12.000Z,
twitter,Ngopi dan Ngobrol: Pria ber KB Buktinya Suami Cinta Istri! Ini Alasan... http://ngopngob.blogspot.com/2018/04/pria-ber-kb-buktinya-suami-cinta-istri.html?spref=tw…,2018-04-07T08:35:32.000Z,
twitter,Pria ber KB Buktinya Suami Cinta Istri! Ini Alasanya! http://dlvr.it/QNkFtl,2018-04-07T07:53:18.000Z,
twitter,Pria ber KB Buktinya Suami Cinta Istri! Ini Alasanya! http://dlvr.it/QNkFtv,2018-04-07T07:52:01.000Z,
twitter,Pria ber KB Buktinya Suami Cinta Istri! Ini Alasanya! https://centralbatam.co.id/pria-ber-kb-buktinya-suami-cinta-istri-alasanya/…,2018-04-07T07:48:00.000Z,
twitter,Pria ber KB Buktinya Suami Cinta Istri! Ini Alasanya! https://centralbatam.co.id/pria-ber-kb-buktinya-suami-cinta-istri-alasanya/…,2018-04-07T07:45:52.000Z,
twitter,"@null
 Muncikari Prostitusi Online di Tangerang Ditangkap Seorang pria berinisial KB, 4  http://news.metrotvnews.com/daerah/Rb1V8Y1k-muncikari-prostitusi-online-di-tangerang-ditangkap…",2018-04-06T13:41:03.000Z,
twitter,Dr Boyke Hadir Di Sangatta – Hadiri HUT Kelompok KB Pria Teluk Lingga http://rpdkutim.info/dr-boyke-hadir-di-sangatta-hadiri-hut-kelompok-kb-pria-teluk-lingga.html#.WsJDE4482A4.facebook…,2018-04-02T14:50:18.000Z,
twitter,Kasih Tahu Suaminya Bunda ! KB Pria Lebih Aman dan Minim Efek Samping.. Bantu Share Untuk Yang Lain http://mamacerdas.life/2017/12/03/kb-pria.html…,2018-04-02T04:36:01.000Z,
twitter,"Banyak Peminat, Ternyata Inilah 7 Efek KB Suntik yang Perlu Diketahui http://dlvr.it/QN2l7Y",2018-04-01T04:45:00.000Z,
twitter,Kasih Tahu Suaminya Bunda ! KB Pria Lebih Aman dan Minim Efek Samping.. Bantu Share Untuk Yang Lain http://mamacerdas.life/2017/12/03/kb-pria.html…,2018-03-30T12:57:44.000Z,
twitter,"Vasektomi Adalah KB Pria yang Sangat Manjur, Tapi Bagaimana Cara Kerjanya? http://sehatra.ga/vasektomi-adalah-kb-pria-yang-sangat-manjur-tapi-bagaimana-cara-kerjanya/…",2018-03-30T11:48:31.000Z,
twitter,Perlukah Pil KB Khusus Pria Diciptakan untuk Cegah Kehamilan http://alljatim.com/peristiwa/perlukah-pil-kb-khusus-pria-diciptakan-untuk-cegah-kehamilan/…,2018-03-30T05:45:59.000Z,
twitter,Perlukah Pil KB Khusus Pria Diciptakan untuk Cegah Kehamilan,2018-03-29T23:30:49.000Z,
twitter,Perlukah Pil KB Khusus Pria Diciptakan untuk Cegah Kehamilan: http://DokterSehat.Com – Selama ini… https://goo.gl/fb/BakuZU,2018-03-29T23:16:27.000Z,
twitter,Perlukah Pil KB Khusus Pria Diciptakan untuk Cegah Kehamilan http://doktersehat.com/perlukah-pil-kb-khusus-pria-diciptakan-untuk-cegah-kehamilan/…,2018-03-29T22:45:59.000Z,
twitter,Kasih Tahu Suaminya Bunda ! KB Pria Lebih Aman dan Minim Efek Samping.. Bantu Share Untuk Yang Lain http://mamacerdas.life/2017/12/03/kb-pria.html…,2018-03-29T12:26:19.000Z,
twitter,"Artificial Intelligence yg benar, kecerdasan buatan ya kb",2018-03-27T07:49:25.000Z,
twitter,"Seperti inilah cara kerja dari pil KB untuk pria

http://inews.id/lifestyle/read/ingin-tahu-pil-kb-pria-begini-cara-kerjanya?sub_slug=health…",2018-03-26T01:45:00.000Z,
twitter,Benarkah Pil KB Dapat Menyebabkan Kanker Payudara? http://dlvr.it/QMJfP2,2018-03-25T11:37:02.000Z,
twitter,Kasih Tahu Suaminya Bunda ! KB Pria Lebih Aman dan Minim Efek Samping.. Bantu Share Untuk Yang Lain http://mamacerdas.life/2017/12/03/kb-pria.html…,2018-03-25T08:51:42.000Z,
twitter,"dunia.. Kesadaran Pria Solo Ikuti Program KB Rendah, Ini Penyebabnya - Solopos http://dlvr.it/QMBwp5 ..pasangan",2018-03-24T05:25:00.000Z,
twitter,Ternyata Pil KB juga ada untuk pria....,2018-03-24T04:22:48.000Z,
twitter,"Kesadaran Pria Solo Ikuti Program KB Rendah, Ini Penyebabnya https://magsberita821592885.wordpress.com/2018/03/24/kesadaran-pria-solo-ikuti-program-kb-rendah-ini-penyebabnya/…",2018-03-23T21:07:38.000Z,
twitter,"Kesadaran Pria Solo Ikuti Program KB Rendah, Ini Penyebabnya http://m.solopos.com/2018/03/24/kesadaran-pria-solo-ikuti-program-kb-rendah-ini-penyebabnya-905489?utm_source=dlvr.it&utm_medium=twitter…",2018-03-23T21:04:04.000Z,
twitter,Pria di Solo Rame-rame Ogah KB http://jawapos.com/n/198503,2018-03-23T13:36:57.000Z,
twitter,Pria-Pria di Solo Masih Takut KB http://jawapos.com/su/16/n/59413,2018-03-23T08:14:38.000Z,
twitter,Bisakah Pil KB Pria Cegah Kehamilan Istri? http://dlvr.it/QM1yLm,2018-03-22T17:39:15.000Z,
twitter,"Meski Aman, Pil KB untuk Pria Bisa Jamin Istri Tidak Hamil? http://dlvr.it/QM13TR",2018-03-22T15:14:06.000Z,
twitter,"Meski Aman, Pil KB untuk Pria Bisa Jamin Istri Tidak Hamil? http://dlvr.it/QM10yV",2018-03-22T15:07:37.000Z,
twitter,"Meski Aman, Pil KB untuk Pria Bisa Jamin Istri Tidak Hamil? http://dlvr.it/QM10wx",2018-03-22T15:07:34.000Z,
twitter,"Meski Aman, Pil KB untuk Pria Bisa Jamin Istri Tidak Hamil? http://dlvr.it/QM0x1L",2018-03-22T14:57:05.000Z,
twitter,"Meski Aman, Pil KB untuk Pria Bisa Jamin Istri Tidak Hamil? http://dlvr.it/QM0tkf",2018-03-22T14:50:05.000Z,
twitter,"Meski Aman, Pil KB untuk Pria Bisa Jamin Istri Tidak Hamil? http://dlvr.it/QM0bsM",2018-03-22T14:06:16.000Z,
twitter,"Segera Hadir Pil KB Untuk Pria, Pil Pencegah 'Menghamili' http://dlvr.it/QLygvy",2018-03-22T08:33:33.000Z,
twitter,"Studi Awal Buktikan Pil KB Pria Aman dan Efektif http://manado.tribunnews.com/2018/03/22/studi-awal-buktikan-pil-kb-pria-aman-dan-efektif… lewat 
@Tribun_Manado",2018-03-22T03:38:56.000Z,
twitter,"#trubusid #PilKB
Ilmuwan Klaim Pil KB untuk Pria Ini Aman dan Efektif https://goo.gl/z8KRNa",2018-03-21T08:18:08.000Z,
twitter,"Peneliti Kembangkan Pil KB Untuk Pria #KlikRMOL
https://buff.ly/2HT6BXd",2018-03-21T08:08:29.000Z,
twitter,"#trubusid #PilKB
Ilmuwan Klaim Pil KB untuk Pria Ini Aman dan Efektif https://goo.gl/z8KRNa",2018-03-21T08:08:21.000Z,
twitter,"Mending pake kondom. - Menjanjikan, Studi Awal Buktikan Pil KB Pria Aman dan Efektif. http://qoo.ly/n5924 Via http://kompas.com",2018-03-21T07:40:57.000Z,
twitter,"Menjanjikan, Studi Awal Buktikan Pil KB Pria Aman dan Efektif http://qoo.ly/n5924",2018-03-21T07:37:14.000Z,
twitter,Peneliti Kembangkan Pil KB Untuk Pria #KlikRMOL  #kesehatan http://dunia.rmol.co/read/2018/03/21/331733/Peneliti-Kembangkan-Pil-KB-Untuk-Pria-…,2018-03-21T06:30:02.000Z,
twitter,"Menjanjikan, Studi Awal Buktikan Pil KB Pria Aman dan Efektif http://sains.kompas.com/read/2018/03/21/120600723/menjanjikan-studi-awal-buktikan-pil-kb-pria-aman-d…",2018-03-21T05:12:01.000Z,
twitter,Inilah Alat Kontrasepsi Pil KB untuk Pria https://magsberita821592885.wordpress.com/2018/03/21/inilah-alat-kontrasepsi-pil-kb-untuk-pria/…,2018-03-21T02:02:57.000Z,
twitter,Inilah Alat Kontrasepsi Pil KB untuk Pria http://bit.ly/2ue2xPJ,2018-03-21T01:56:38.000Z,
twitter,Partisipasi Pria di Program KB Minim http://dlvr.it/QLkKf3,2018-03-20T13:45:08.000Z,
twitter,Pil KB untuk Pria Selangkah Makin Maju http://dlvr.it/QLcF9f,2018-03-19T16:03:39.000Z,
twitter,"[2-end] Menurut Gigih, acara dilanjutkan dengan MOP atau #Vasektomi #KB Pria secara massal & gratis. Bahkan tiap peserta mendapatkan insentif Rp 1 juta.

Acara #konvoi diberangkatkan Wakil Walikota Blitar & Kepala BKKBN Provinsi #JawaTimur. [dni]",2018-03-18T01:47:43.000Z,
twitter,"Rendah, Partisipasi Pria Ikut KB http://ift.tt/2FTdvPd",2018-03-16T02:25:22.000Z,
twitter,"Rendah, Partisipasi Pria Ikut KB",2018-03-16T02:25:18.000Z,
twitter,Pil KB Pria Bebas Hormon Tinggal Selangkah https://goo.gl/HepWYV,2018-03-15T07:20:12.000Z,
twitter,"Jadi kalau ada suami dengan gagahnya melarang istrinya ber-KB, padahal dia nggak pernah mau ikut penyuluhan ttg KB dan/atau menolak berpartisipasi dgn KB pria, kuingin bilang saja ke mukanya:

Sok atuh maneh nu bunting, nu ngalahirkeun, nu menyusui. Daek teu?",2018-03-14T01:50:59.000Z,
twitter,"Polisi Ungkap Identitas Pria yang Menyebar Hoaks tentang Habib Rizieq dan Prabowo di Medsos: KB (30 tahun), pria yang menyebarkan konten hoaks melalui berbagai situs berita abal-abal ternyata pernah berprofesi sebagai wartawan. http://dlvr.it/QKmYjQ",2018-03-12T22:32:04.000Z,
twitter,Seorang pria berinisial KB (30) harus berurusan dengan aparat penegak hukum. https://fb.me/QsZXs2fX,2018-03-09T02:23:48.000Z,
twitter,Gw penasaran..  Siapakah KB ini..  Ga mungkin kan Keluarga Berencana?,2018-03-08T11:35:30.000Z,
twitter,Orientasi KB Pria (MOP) Di Kodim 0721/Blora Bersama PLKB Kabupaten Blora - Kodim 0721 Blora https://fb.me/7jfRpotK2,2018-03-07T02:37:09.000Z,
twitter,Orientasi KB Pria (MOP) Di Kodim 0721/Blora Bersama PLKB Kabupaten Blora http://dlvr.it/QK1rBn,2018-03-07T02:36:04.000Z,
twitter,"Gubernur Olly Dondokambey, yang juga Ketua Umum Aras Sinode Gereja Jemaat GMIM Sentrum, Desa Tatelu Warukapas, rela duduk selama 21 jam untuk memimpin rapat pemilihan calon Komisi Pria/Kaum Bapa (P/KB) Sinode GMIM, dari Sabtu (3/3) hingga Minggu (4/3). #KoranSindo #WWP",2018-03-04T23:39:27.000Z,
twitter,RT biblewords3: Pil KB untuk Pria Sebentar Lagi Jadi Kenyataan http://j.mp/2oG56UE,2018-03-01T08:07:20.000Z,
twitter,Pil KB untuk Pria Sebentar Lagi Jadi Kenyataan http://j.mp/2oG56UE,2018-03-01T08:04:42.000Z,
twitter,#IndonesiaHealth Peneliti Kembangkan Pil KB Untuk Pria https://goo.gl/fb/dhTpHh,2018-03-01T04:52:41.000Z,
twitter,Peneliti Kembangkan Pil KB Untuk Pria https://goo.gl/fb/UZyQRo #WisataIndonesia,2018-03-01T04:50:27.000Z,
twitter,#GeoIndonesia Peneliti Kembangkan Pil KB Untuk Pria https://goo.gl/fb/6RPvab,2018-03-01T04:20:07.000Z,
twitter,Peneliti Kembangkan Pil KB Untuk Pria http://dlvr.it/QJFwF0,2018-03-01T04:07:05.000Z,
twitter,Batituud Koramil 07/Umbulharjo menghadiri sosialidasi KB pria SOSIALISASI KB PRIA,2018-02-23T04:47:54.000Z,
twitter,"#update Pemeriksaan calon akseptor MOP (vasektomi) Kecamatan Baturetno di Puskesmas Baturetno I. Ini salah satu bentuk emansipasi pria dalam program KB yg selama ini masih didominasi kaum perempuan. 
#OraKabehKBkuduWongWedok
#PriaJugaIkutKB",2018-02-22T04:35:34.000Z,
twitter,"Woow... KB Pria kenapa takut toh arjuna  pada ikut....

Praktik peran serta KB Pria MOP di… https://instagram.com/p/BfcbickHMTw/",2018-02-21T03:48:56.000Z,
twitter,Pelaksanaan KB MOP (metode operasi pria) http://kec-sanden.bantulkab.go.id/berita/2018/02/pelaksanaan-kb-mop-metode-operasi-pria…,2018-02-19T16:36:22.000Z,
twitter,#JelajahBantul | Pelaksanaan KB MOP (metode operasi pria) https://goo.gl/fb/7fDGAc via KEC.SANDEN,2018-02-19T07:36:33.000Z,
twitter,Pelaksanaan KB MOP (metode operasi pria) https://goo.gl/fb/7fDGAc via KEC.SANDEN,2018-02-19T07:35:02.000Z,
twitter,Kec. Sanden: Pelaksanaan KB MOP (metode operasi pria) http://kec-sanden.bantulkab.go.id/berita/2018/02/pelaksanaan-kb-mop-metode-operasi-pria…,2018-02-19T07:00:01.000Z,
twitter,"Pil KB Pria ""Rasa"" Ekstrak Tanaman Afrika - https://bontangpost.id/read/2018/02/18/32151/pil-kb-pria-rasa-ekstrak-tanaman-afrika/…",2018-02-18T00:01:35.000Z,
twitter,100 Pria di Sukoharjo Ditarget Ikut KB MOP http://jawapos.com/su/16/n/49644,2018-02-15T13:47:21.000Z,
twitter,Peneliti Kembangkan Pil KB Pria dari Ekstrak Tanaman Afrika http://cnn.id/275982?s=tw&ca=cms&m=oa…,2018-02-13T20:36:38.000Z,
twitter,"Prioritaskan Kesadaran&Partisipasi aktif  Pria pd Program KB: dg vasektomi melindungi kesehatan organ reproduksi Wanita @puan_maharani 
@KemenkesRI
 @NilaMoeloek
 @KemensosRI
 @IdrusMarham5
 @BKKBNofficial 
@HumasBKKBN
  @jokowi
 @Pak_JK
 @KSPgoid
 @kpp_pa
 @YohanaYembise
  @KomnasPerempuan",2018-02-13T15:06:56.000Z,
twitter,"Wonogiri 10 Februari 2019
Pelayanan KB Pria (MOP) Kabupaten Wonogiri berjalan sukses, adapun… https://instagram.com/p/BfA-xgmHM4z/",2018-02-10T11:58:03.000Z,
twitter,Sbetulnya bkn kb jeruk tp pos pengumben,2018-02-07T13:03:26.000Z,
twitter,Penggunaan KB untuk Pria di Batanghari Meningkat - https://nuansajambi.com/2018/02/04/penggunaan-kb-untuk-pria-di-batanghari-meningkat/…,2018-02-04T14:45:39.000Z,
twitter,Pemkab Kulon Progo memberikan satu ekor kambing betina bagi pria keluarga kurang mampu yang mengikuti program KB melalui  vasektomi. Inovasi dimaksud mampu meningkatkan kepesertaan program tersebut hingga 5 kali lipat dari target 26 menjadi 125.(Hasto Wardoyo-B upati Kulon Progo),2018-01-26T06:15:03.000Z,
twitter,Ketika Pil KB untuk Pria Dibuat dari Bahan Panah Beracun http://setiodewo.com/g.php?i=275396,2018-01-24T02:15:29.000Z,
twitter,Ketika Pil KB untuk Pria Dibuat dari Bahan Panah Beracun http://detik.id/6CU36R,2018-01-24T01:29:45.000Z,
twitter,Ketika Pil KB untuk Pria Dibuat dari Bahan Panah Beracun http://detik.id/61wzJV,2018-01-24T01:21:25.000Z,
twitter,Ketika Pil KB untuk Pria Dibuat dari Bahan Panah Beracun  http://health.detik.com/read/2018/01/24/080957/3830358/763/ketika-pil-kb-untuk-pria-dibuat-dari-bahan-panah-beracun…,2018-01-24T01:20:53.000Z,
twitter,01 detikhealth (Ketika Pil KB untuk Pria Dibuat dari Bahan Panah Beracun) http://ift.tt/2rxtsED,2018-01-24T01:15:35.000Z,
twitter,"@info
 -  Ketika Pil KB untuk Pria Dibuat dari Bahan Panah Beracun",2018-01-24T01:13:43.000Z,
twitter,"Tak Hanya Untuk Wanita, Kini Ada Terobosan Baru Pil KB Khusus untuk Pria 
http://kaltim.tribunnews.com/2018/01/19/tak-hanya-untuk-wanita-kini-ada-terobosan-baru-pil-kb-khusus-untuk-pria…",2018-01-19T15:15:55.000Z,
twitter,"Diiming-imingi Duit Rp1 Juta, Para Lelaki Tetap Tak Tertarik Vasektomi - Jumlah pria yang sudah KB MOP selama 2017 sekira 53 orang dari target sebanyak 100 orang. http://ow.ly/r8Lc50g892D",2018-01-15T12:46:02.000Z,
twitter,"Dua perempuan berinisial YL (21) dan M (22) nyaris diperkosa pria berinisial I (23), di kamar kost korban di Kel. Tanganapada, Sabtu dini hari 13 Januari 2017. Pelaku masuk dari atap menggunakan sebilah parang langsung mengancam dan meminta keduanya melepas baju. *KB",2018-01-14T03:08:34.000Z,
twitter,New post (Aseptor KB Pria Di Bangka Meningkat) has been published on Jurnal Sumatra - http://jurnalsumatra.com/aseptor-kb-pria-di-bangka-meningkat/…,2018-01-12T10:14:07.000Z,
twitter,"Untuk mencegah kehamilan yang tidak direncanakan, KB suntik nantinya juga bisa diberikan pada pria. https://goo.gl/pGtCkW",2018-01-08T12:01:28.000Z,
twitter,"Tak Hanya Bagi Wanita, KB Suntik Nantinya Juga Bisa Diberikan Pada Pria http://alljatim.com/peristiwa/tak-hanya-bagi-wanita-kb-suntik-nantinya-juga-bisa-diberikan-pada-pria/…",2018-01-03T22:00:36.000Z,
twitter,"Tak Hanya Bagi Wanita, KB Suntik Nantinya Juga Bisa Diberikan Pada Pria http://dlvr.it/Q8kl96",2018-01-03T18:01:33.000Z,
twitter,"Tak Hanya Bagi Wanita, KB Suntik Nantinya Juga Bisa Diberikan Pada Pria -... https://fb.me/7sgZNIxnu",2018-01-03T16:27:36.000Z,
twitter,"Tak Hanya Bagi Wanita, KB Suntik Nantinya Juga Bisa Diberikan Pada Pria http://dlvr.it/Q8jgbx",2018-01-03T15:22:35.000Z,
twitter,"Tak Hanya Bagi Wanita, KB Suntik Nantinya Juga Bisa Diberikan Pada Pria http://dlvr.it/Q8jgZl",2018-01-03T15:22:35.000Z,
twitter,"Tak Hanya Bagi Wanita, KB Suntik Nantinya Juga Bisa Diberikan Pada Pria: http://DokterSehat.Com… https://goo.gl/fb/nMw8jK",2018-01-03T15:01:26.000Z,
twitter,"Tak Hanya Bagi Wanita, KB Suntik Nantinya Juga Bisa Diberikan Pada Pria http://doktersehat.com/tak-hanya-bagi-wanita-kb-suntik-nantinya-juga-bisa-diberikan-pada-pria/…",2018-01-03T15:00:15.000Z,
twitter,Wow.. KB Suntik Kini Juga Ada untuk Pria http://okz.me/CYRBI,2018-01-02T07:58:14.000Z,
twitter,"http://sollyez.com :  Wow.. KB Suntik Kini Juga Ada untuk Pria: Selama bertahun-tahun, ada… https://goo.gl/fb/zupJNT",2018-01-02T07:57:29.000Z,
twitter,"Kejadian lagi nih u/ ketiga kalinya, kali ini kesunat 17rb-an. Padahal Kuota Utama sisa 70 MBan kok kena per kB pula. Cc @aduanBRTI 
@YLKI_ID",2018-01-01T06:36:19.000Z,
twitter,"Kejadian hari ke-3, kali ini pulsa tersunat 17rb-an. Kuota utama masih ada tapi kok kena tarif per kB juga. Nunggu reaksi cepat (semoga) 
@IndosatCare
 @IM3Ooredoo Cc @aduanBRTI 
@YLKI_ID",2018-01-01T06:34:08.000Z,
twitter,"Enggak Cuma Kondom, Pria Bisa Coba KB Suntik
http://pubinfo.id/berita-enggak-cuma-kondom-pria-bisa-coba-kb-suntik.html…",2018-01-01T05:38:33.000Z,
twitter,"Pakai internet kuota malam, ternyata tarifnya dobel diitung per kB juga. Pulsa jadi kepotong 70rb-an. Kejadian pagi kemaren kemalingan 100rb-an, tapi cepet balik sebelum siang. Yang pagi ini belum direspon 
@IndosatCare
 @IM3Ooredoo #2018 #NewYearsResolutions",2017-12-31T06:23:24.000Z,
twitter,"Pakai internet kuota malam, ternyata tarifnya dobel diitung per kB juga. Pulsa jadi kepotong 70rb-an. Kejadian kemaren kena 100rb-an, tapi cepet balik. Yang hari ini belum jelas 
@IndosatCare",2017-12-31T06:02:55.000Z,
twitter,"Enggak Cuma Kondom, Pria Bisa Coba KB Suntik http://dlvr.it/Q8FDhq",2017-12-30T19:47:03.000Z,
twitter,"Enggak Cuma Kondom, Pria Bisa Coba KB Suntik http://dlvr.it/Q8Cy7l",2017-12-30T15:28:08.000Z,
twitter,"Enggak Cuma Kondom, Pria Bisa Coba KB Suntik http://dlvr.it/Q8CX8m",2017-12-30T14:07:04.000Z,
twitter,"Enggak Cuma Kondom, Pria Bisa Coba KB Suntik http://dlvr.it/Q8CX54",2017-12-30T14:07:02.000Z,
twitter,"Info Terbaru (Nggak Cuma Kondom, Pria Bisa Coba KB Suntik) has been published on  - http://infomenarik-terbaru.com/nggak-cuma-kondom-pria-bisa-coba-kb-suntik/…
jangan lupa kunjungi ya sob",2017-12-30T11:49:01.000Z,
twitter,"Nggak Cuma Kondom, Pria Bisa Coba KB Suntik http://dlvr.it/Q8BrZ6",2017-12-30T11:39:46.000Z,
twitter,"01 liputan6dotcom Nggak Cuma Kondom, Pria Bisa Coba KB Suntik http://dlvr.it/Q8Bjy6",2017-12-30T11:23:25.000Z,
twitter,"Nggak Cuma Kondom, Pria Bisa Coba KB Suntik http://dlvr.it/Q8Bkml",2017-12-30T11:16:05.000Z,
twitter,"Nggak Cuma Kondom, Pria Bisa Coba KB Suntik http://dlvr.it/Q8Bknt",2017-12-30T11:16:04.000Z,
twitter,"Nggak Cuma Kondom, Pria Bisa Coba KB Suntik http://dlvr.it/Q8Bjy6",2017-12-30T11:12:05.000Z,
twitter,"WELCOME 2018
1. Bitcoin akn menyentuh 60.000
2. Vaksin diabet type 1 mulai diujicoba
3. Pil KB pria mulai dipasarkan.
4. Aquaculture",2017-12-30T02:45:01.000Z,
twitter,"Bupati Kampanyekan Pria Ikut KB MOP 
http://lawupost.com/2017/12/bupati-kampanyekan-pria-ikut-kb-mop.html…",2017-12-21T00:53:07.000Z,
twitter,Kampung KB Sejahterakan Warga Perbatasan Indonesia-Malaysia http://dlvr.it/Q5sWP9,2017-12-14T04:13:06.000Z,
twitter,"Takut ganggu Ereksi, Pria ogah ikut KB. Menurut Anda ? https://goo.gl/BdTyhL",2017-12-03T05:32:13.000Z,
twitter,"Takut ganggu Ereksi, Pria ogah ikut KB. Menurut Anda ? https://goo.gl/BdTyhL #Headline",2017-12-03T05:32:13.000Z,
twitter,"Partisipasi Pria Ikut Program KB, Ternyata Bisa Menekan Kaum Wanita Terkena Kanker Serviks -  http://bit.ly/2xq5nRO #kanker #cancer",2017-12-02T15:15:01.000Z,
twitter,"Program KB untuk Pria, Siapa Takut? – Radar Bali https://goo.gl/9BtSYq",2017-12-01T14:25:09.000Z,
twitter,"Program KB untuk Pria, Siapa Takut? – Radar Bali https://goo.gl/9BtSYq",2017-12-01T14:25:09.000Z,
twitter,"Program KB untuk Pria, Siapa Takut? – Radar Bali https://goo.gl/9BtSYq #Radar_Bali",2017-12-01T14:25:09.000Z,
twitter,dunia.. Belum ada Pil KB Untuk Pria di Mataram - kicknews (Siaran Pers) (Blog) http://dlvr.it/Q373Z2 ..pasangan,2017-11-27T16:45:03.000Z,
twitter,"BELUM ADA PIL KB UNTUK PRIA DI MATARAM

#kickkesehatan https://wp.me/p6TIIQ-aFC http://fb.me/2rpFfaE7p",2017-11-27T15:33:55.000Z,
twitter,Sosialisasi Kesehatan Reproduksi Lansia Dan KB Pria Melalui Kesenian Tradisional di Kampung KB… https://instagram.com/p/BbtkhyjDKFT/,2017-11-20T09:29:01.000Z,
twitter,Sosialisasi Kesehatan Reproduksi Lansia Dan Seni Tradisional KB Pria di Kampung KB RW 12… https://instagram.com/p/BbrFX4NDggS/,2017-11-19T10:18:19.000Z,
twitter,Sosialisasi Kesehatan Reproduksi Lansia Dan Peningkatan Peran Pria di Kampung KB Kecamatan Jetis… https://instagram.com/p/BbofM03jN_M/,2017-11-18T10:06:14.000Z,
twitter,"WR. TINGKATKAN KB PRIA MELALUI MOTIVATOR: http://youtu.be/f7AY7u-Bys0?a melalui 
@YouTube",2017-11-17T16:57:03.000Z,
twitter,"Saya menambahkan video ke playlist 
@YouTube
 http://youtu.be/f7AY7u-Bys0?a WR. TINGKATKAN KB PRIA MELALUI MOTIVATOR",2017-11-17T16:57:01.000Z,
twitter,Sosialisasi Kesehatan Reproduksi Lansia dan KIE KB Pria Melalui Media Tradisional di Kampung KB… https://instagram.com/p/BbmkiAzD2_V/,2017-11-17T16:14:50.000Z,
twitter,"Sosialisasi Akses dan Kualitas Pembinaan Kesertaan KB di Daerah Tertinggal, Perbatasan , dan Kepulauan (DTPK) dan Sasaran Khusus (KB Pria ) di Aceh Tamiang, dalam meningkatkan cakupan kesertaan KB Pria, Rabu (15/11/2017). Sebagai pembicara Kabid KB dan KR, Muhammad Razali SE.",2017-11-16T03:20:52.000Z,
twitter,"Deputi KB KR BKKBN RI Hadiri Pertemuan Peningkatan Penggerakan KB Pria Se Kalimantan Barat
#KalbarBisa
#AyoIkutKB
#DuaAnakCukup
#KBPria",2017-11-10T09:03:11.000Z,
twitter,"BKKBN: Jangan Khawatir, Pil KB Pria Sudah Ada - MalangVoice http://fb.me/8M8tiGXlR",2017-11-09T11:15:18.000Z,
twitter,Sosialisasi Kesehatan Reproduksi Lansia & KB Pria Media Tradisional di Kampung KB RW 12… https://instagram.com/p/BbOAMGSDjBg/,2017-11-08T03:15:00.000Z,
twitter,Sosialisasi Kesehatan Reproduksi Lansia & Media Tradisional KB Pria di Kecamatan… https://instagram.com/p/BbIy-Jsj2Si/,2017-11-06T02:43:18.000Z,
twitter,Penggunaan KB untuk Pria di Soppeng Meningkat http://dlvr.it/PyyBMV,2017-11-03T00:38:06.000Z,
twitter,"Ini Lho Komentar Kaum Pria Kalau Diminta KB Vasektomi, Ujung-ujungnya ke Istrinya https://goo.gl/fb/BPBwf6",2017-11-02T09:06:10.000Z,
twitter,"Ini Lho Komentar Kaum Pria Kalau Diminta KB Vasektomi, Ujung-ujungnya ke Istrinya https://goo.gl/fb/F4Eh4N",2017-11-02T09:04:33.000Z,
twitter,"Ini Lho Komentar Kaum Pria Kalau Diminta KB Vasektomi, Ujung-ujungnya ke Istrinya https://goo.gl/fb/9b6Fbv",2017-11-02T09:01:32.000Z,
twitter,"Ini Lho Komentar Kaum Pria Kalau Diminta KB Vasektomi, Ujung-ujungnya ke Istrinya https://goo.gl/fb/jM2f9X",2017-11-02T08:44:28.000Z,
twitter,"Pria Soppeng Kurang Minati KB Jangka Panjang: Saat ini, jumlah pencapaian akseptor KB… https://goo.gl/fb/9b4HwU",2017-11-01T16:40:57.000Z,
twitter,"Istri Walikota Bekasi: Kaum pria harus ikut KB untuk mengendalikan jumlah penduduk http://dlvr.it/Pygdh2 via 
@lensaindonesia",2017-11-01T12:32:09.000Z,
twitter,Sosialisasi Kesehatan Reproduksi Dan KIE KB Pria Media Tradisional di Kampung KB RW 1 Jlagran… https://instagram.com/p/Ba8qa9rDyle/,2017-11-01T09:37:43.000Z,
twitter,"Sosialisasi Kelompok KB Pria di Kecamatan Wirobrajan, dengan narasumber Plt. Kepala DPPKB Kota… https://instagram.com/p/Ba7uaH6j0LA/",2017-11-01T00:53:19.000Z,
twitter,"Coba ke pak wandi di kb jeruk, kontaknya DM aja ",2017-10-30T17:53:42.000Z,
twitter,"Ibadah Syukur Dalam Rangka HUT ke-55 P/KB (Pria Kaum Bapa) GMIM Tahun 2017
https://tomohon.go.id/ibadah-syukur-dalam-rangka-hut-ke-55-pkb-pria-kaum-bapa-gmim-tahun-2017/…",2017-10-27T14:21:55.000Z,
twitter,"BKKBN Buteng: 36 Pria Gunakan KB, Sebelumnya Tidak Ditemukan  https://sultrakini.com/berita/bkkbn-buteng-36-pria-gunakan-kb-sebelumnya-tidak-ditemukan…",2017-10-27T02:27:07.000Z,
twitter,Peminat KB Pria di Solo Semakin Meningkat  => https://joglosemar.co/2017/10/peminat-kb-pria-di-solo-semakin-meningkat.html…,2017-10-26T11:30:03.000Z,
twitter,"Pengukuhan FAPSEDU dan Kelompok KB Pria di Kecamatan Mergangsan Kota Yogyakarta.

#kb… https://instagram.com/p/BaqMD0LDn6p/",2017-10-25T05:26:03.000Z,
twitter,"Takut Mandul, Peserta KB Pria di Klaten Minim http://jawapos.com/su/16/n/21201",2017-10-21T06:45:07.000Z,
twitter,"Takut Mandul, Peserta KB Pria di Klaten Minim http://jawapos.com/su/16/n/21201",2017-10-20T07:25:56.000Z,
twitter,"BABINSA WIDODOMARTANI BERSAMA KELOMPOK KB PRIA, SAMBUT KUNJUNGAN STUDY BANDING - http://korem072.com/babinsa-widodomartani-bersama-kelompok-kb-pria-sambut-kunjungan-study-banding/…",2017-10-16T03:27:32.000Z,
twitter,"BABINSA WIDODOMARTANI BERSAMA KELOMPOK KB PRIA, SAMBUT KUNJUNGAN STUDY BANDING DARI SUMATRA SELATAN
https://facebook.com/WartaKodamDiponegoro/…",2017-10-16T03:24:32.000Z,
twitter,Akseptor KB Pria di Lamandau Sudah Lampaui Target http://dlvr.it/Pvfb64,2017-10-15T07:13:06.000Z,
twitter,Akseptor KB Pria di Lamandau Sudah Lampaui Target https://kalteng.antaranews.com/berita/271976/akseptor-kb-pria-di-lamandau-sudah-lampaui-target#.WeME1ASpGl4.twitter…,2017-10-15T06:48:55.000Z,
twitter,Beberapa calon peserta MOP (Metoda Operasi Pria) atau Vasektomi dalam rangka HUT TNI ke 72 di Rs… https://instagram.com/p/BaNc_xeDQeT/,2017-10-14T01:36:06.000Z,
twitter,"Akseptor KB Pria di Lamandau Sudah Lampau Target Pemprov Kalteng
http://borneonews.co.id/berita/76923-akseptor-kb-pria-di-lamandau-sudah-lampau-target-pemprov-kalteng…",2017-10-12T13:04:21.000Z,
twitter,KEPESERTAAN KB PRIA DI BANTUL BARU 9% http://sapa.or.id/b1/99-k2/12053-penanggulangan-kemiskinan-aaaa0003…,2017-10-12T03:56:59.000Z,
twitter,Peserta KB Pria di Gunungkidul Baru 3 Persen http://fb.me/5bHdYzsno,2017-10-12T02:57:53.000Z,
twitter,Kepesertaan KB Pria di Bantul Baru 9% https://goo.gl/fb/cjDsRZ,2017-10-11T11:53:55.000Z,
twitter,#JelajahBantul | HARJO: Kepesertaan KB Pria di Bantul Baru 9% https://goo.gl/fb/s4Atsr,2017-10-11T11:45:13.000Z,
twitter,HARJO: Kepesertaan KB Pria di Bantul Baru 9% https://goo.gl/fb/s4Atsr,2017-10-11T11:41:50.000Z,
twitter,Kepesertaan KB Pria di Bantul Baru 9% http://m.solopos.com/2017/10/11/kepesertaan-kb-pria-di-bantul-baru-9-859047?utm_source=dlvr.it&utm_medium=twitter…,2017-10-11T11:00:13.000Z,
twitter,Kepesertaan KB Pria di Bantul Baru 9% http://m.harianjogja.com/baca/2017/10/11/kepesertaan-kb-pria-di-bantul-baru-9-859047?utm_source=dlvr.it&utm_medium=twitter…,2017-10-11T11:00:07.000Z,
twitter,"Hadiah Rp 1 Juta, Peserta KB Pria Melonjak 

https://radarjogja.co.id/hadiah-rp-1-juta-peserta-kb-pria-melonjak/…",2017-10-11T07:38:55.000Z,
twitter,"RADAR: Hadiah Rp 1 Juta, Peserta KB Pria Melonjak https://goo.gl/fb/Cj46jU",2017-10-11T07:38:55.000Z,
twitter,"Hadiah Rp 1 Juta, Peserta KB Pria Melonjak https://radarjogja.co.id/hadiah-rp-1-juta-peserta-kb-pria-melonjak/…",2017-10-11T07:37:23.000Z,
twitter,Peminat KB Pria di Solo Semakin Meningkat http://bit.ly/2i1WGHc,2017-10-11T00:02:21.000Z,
twitter,"Vasektomi, KB Permanen untuk Pria http://sehatki.com/vasektomi.htm?utm_source=ReviveOldPost&utm_medium=social&utm_campaign=ReviveOldPost…",2017-10-10T19:55:43.000Z,
twitter,"Ini nih yang perlu diangkat, beban KB ga cuman buat perempuan tapi para pria juga",2017-10-10T14:50:36.000Z,
twitter,KB PRIA TEMUI BANYAK KENDALA http://cendananews.com/2017/10/kb-pria-temui-banyak-kendala.html…,2017-10-07T01:49:34.000Z,
twitter,"Mengenal Vasektomi, KB steril Untuk Pria, Serta 5 Fakta Mengejutkan Tentang Vasektomi Yang… http://yuklihat.com/info-sehat/fakta-mengejutkan-tentang-vasektomi/…",2017-10-05T14:52:06.000Z,
twitter,"Partisipasi Pria Ikut Program KB, Ternyata Bisa Menekan Kaum Wanita Terkena Kanker Serviks
http://pubinfo.id/berita-partisipasi-pria-ikut-program-kb-ternyata-bisa-menekan-kaum-wanita-terkena-kanker-serviks.html…",2017-09-26T07:39:44.000Z,
twitter,"Jika Pria Ikut Berpartisipasi KB, Kaum Hawa dapat Terhindar Dari Penyakit Kanker https://lnkd.in/f9JSWVV",2017-09-25T14:35:53.000Z,
twitter,"Partisipasi Pria Ikut Program KB, Ternyata Bisa Menekan Kaum Wanita Terkena Kanker Serviks http://okz.me/CYyeX",2017-09-25T10:45:06.000Z,
twitter,"Partisipasi Pria Ikut Program KB, Ternyata Bisa Menekan Kaum Wanita Terkena Kanker Serviks http://lifestyle.okezone.com/read/2017/09/25/481/1782683/partisipasi-pria-ikut-program-kb-ternyata-bisa-menekan-kaum-wanita-terkena-kanker-serviks…",2017-09-25T10:45:02.000Z,
twitter,"Partisipasi Pria untuk KB Baru 6,3 persen, Kondom Dianggap Paling Efektif http://netralnews.com//news/kesehatan/read/104104/partisipasi.pria.untuk.kb.baru.6.3.perse… #Kesehatan #ProgramKB #Kondom",2017-09-25T09:40:16.000Z,
twitter,Masih di kb kelapq?,2017-09-24T20:44:54.000Z,
twitter,"29 Pria Jadi Peserta Program KB Vasektomi di Kotim
http://borneonews.co.id/berita/75164-29-pria-jadi-peserta-program-kb-vasektomi-di-kotim…",2017-09-22T12:51:21.000Z,
twitter,Wow... Peserta KB Pria di Kotim Terbanyak di Kalteng | Kalteng Pos http://fb.me/GWTwkntZ,2017-09-15T02:18:01.000Z,
twitter,Meningkatkan peserta KB terutama kalangan pria. http://fb.me/9p7hsFbVW,2017-09-15T02:17:14.000Z,
twitter,"TMKK Kotim Diisi dengan KB Pria Gratis

http://m.borneonews.co.id/berita/74563-tmkk-kotim-diisi-dengan-kb-pria-gratis…",2017-09-14T18:26:27.000Z,
twitter,"Peserta KB Pria di Kapuas Masih Rendah

http://m.borneonews.co.id/berita/74476-peserta-kb-pria-di-kapuas-masih-rendah…",2017-09-13T17:23:07.000Z,
twitter,"Peserta KB Pria di Kapuas Masih Rendah
http://m.borneonews.co.id/berita/74476-peserta-kb-pria-di-kapuas-masih-rendah…",2017-09-13T17:21:42.000Z,
twitter,"Indeed,at least KB 
@Batdots
 hd the guts2 express directly2 
@PMOIndia
 on http://my.gov.in  wht was 
@Mbahri
 problm2 butt in uncalled",2017-09-02T09:15:13.000Z,
twitter,17 jawapos Kesadaran KB Pria Masih Rendah http://jawapos.com/su/10/n/11241,2017-09-02T02:13:41.000Z,
twitter,Kesadaran KB Pria Masih Rendah http://jawapos.com/su/10/n/11241,2017-09-02T02:08:42.000Z,
twitter,"Ntar... Saiya gagal paham, pria di kb in buat apa? Kok kayaknya malah bikin pria dengan mudah ngoleksi selingkuhan. Kan ndak bisa mbunting https://x.com/kaskus/status/902767861269135360…",2017-08-30T07:21:09.000Z,
twitter,"Bupati Banyumas Tantang Para Pria Berani KB Vasektomi http://goo.gl/d6egJS

#Banyumas #Vasektomi",2017-08-29T05:15:00.000Z,
twitter,Bupati Banyumas Tantang Para Pria Berani KB Vasektomi http://goo.gl/d6egJS,2017-08-28T13:27:41.000Z,
twitter,Pria Rohil Belum Mau Ikut KB MOP http://dlvr.it/PhY4YS,2017-08-25T14:25:34.000Z,
twitter,Pria Rohil Belum Mau Ikut KB MOP https://goo.gl/fb/ddSMKn,2017-08-25T10:44:34.000Z,
twitter,"Ajak Pria Ikut Program KB, Dapat Insentif Rp250 Ribu http://bit.ly/2ilrtP2 | Lintas Sumatera",2017-08-22T09:28:15.000Z,
twitter,"★★ Ajak Pria Ikut Program KB, Dapat Insentif Rp250 Ribu http://bit.ly/2g2M9uJ | Kicau Bengkulu",2017-08-22T09:28:09.000Z,
twitter,"Ajak Pria Ikut Program KB, Dapat Insentif Rp250 Ribu http://bit.ly/2g2Lp8V",2017-08-22T09:16:12.000Z,
twitter,"Ajak Pria Ikut Program KB, Dapat Insentif Rp250 Ribu http://bit.ly/2imEXKA | Lintas Sumatera",2017-08-22T09:16:12.000Z,
twitter,"Ajak Pria Ikut Program KB, Dapat Insentif Rp250 Ribu http://bit.ly/2g1aPnl | Lintas Sumatra",2017-08-22T09:06:36.000Z,
twitter,"198 Wanita dan Pria di #Magetan
Mendapatkan Layanan KB Gratis:  https://suarakumandang.com/198-wanita-dan-pria-di-magetan-mendapatkan-layanan-kb-gratis/…",2017-08-17T18:06:37.000Z,
twitter,"Tak Ada Suntik KB, Ternyata Orang Zaman Dulu Gunakan Cara Unik Ini untuk Cegah Kehamilan http://dlvr.it/Pf5hQH",2017-08-14T23:57:09.000Z,
twitter,"Pelda Rosidi Dapat Penghargaan Motivator KB Pria se DIY
https://m.facebook.com/story.php?story_fbid=259349547901795&id=100014802545138…",2017-08-03T02:47:17.000Z,
twitter,"Mengulik Cerita di Balik KB Pria
http://radarlampung.co.id/read/mengulik-cerita-di-balik-kb-pria/…",2017-08-02T08:01:21.000Z,
twitter,"#LakaTunggal

Seorang pria mengendarai Spm Astrea warna hitam dengan Nomor Polisi G 5069 KB,… https://instagram.com/p/BXPDzyYFbWJ/",2017-08-01T03:00:19.000Z,
twitter,"Live Now :: Bupati Ponorogo, Ipong Muchlissoni, terkait  Inovasi pembentukan Kelompok Keluarga Berencana (KB) Pria.",2017-07-27T09:10:41.000Z,
twitter,"Apa saja keunggulan Vasalgel sebagai calon metode kontrasepsi pria termutakhir? http://skata.info

#Vasalgel #Kontrasepsi #KB #Skata",2017-07-26T05:00:11.000Z,
twitter,Kodim Aceh Utara dan BKKBN Gelar Bakti Sosial KB di Blang Pria http://ift.tt/2vFfsqn,2017-07-25T13:32:35.000Z,
twitter,Kodim Aceh Utara dan BKKBN Gelar Bakti Sosial KB di Blang Pria http://ift.tt/2vFfsqn,2017-07-25T13:31:34.000Z,
twitter,DPPKB Sumedang Akui Pria Sulit Ikut KB - http://duaanak.com/berita/dppkb-sumedang-akui-pria-sulit-ikut-kb/…,2017-07-24T17:06:54.000Z,
twitter,ZUNCLE Pria 18 KB Emas Berlapis Permata Besar Sekitar (Hitam) https://lazadian.id/product/zuncle-pria-18-kb-emas-berlapis-permata-besar-sekitar-hitam/…,2017-07-23T21:06:12.000Z,
twitter,Anggota Kodim 0734/Yogyakarta Ikut Vasektomi KB Untuk Pria - http://jodanews.com/index.php/2017/07/12/anggota-kodim-0734yogyakarta-ikut-vasektomi-kb-untuk-pria/…,2017-07-14T04:23:44.000Z,
twitter,KB Untuk Pria Minim Peminat http://dlvr.it/PVSD1S,2017-07-14T03:47:10.000Z,
twitter,"Anggota Kodim 0734/Yogyakarta Ikut Vasektomi KB Untuk Pria
https://facebook.com/WartaKodamDiponegoro/…",2017-07-12T09:36:42.000Z,
twitter,Anggota Kodim 0734/Yogyakarta Ikut Vasektomi KB Untuk Pria - http://korem072.com/anggota-kodim-0734yogyakarta-ikut-vasektomi-kb-untuk-pria/…,2017-07-12T04:35:57.000Z,
twitter,"Gak lama untuk ikut KB Medis Operatif Pria, ayo siapa menyusul",2017-07-11T11:30:28.000Z,
twitter,Pria Telat Berkeluarga Cenderung Punya Anak Laki-laki Jenius http://ow.ly/8mMC30cNnKt,2017-06-22T08:20:06.000Z,
twitter,Wanita yg mengonsumsi pil KB menjadi lebih tertarik dgn pria yg berwajah feminin dibandingkan pria yg berwajah maskulin. [huffingtonpost],2017-06-20T03:50:37.000Z,
twitter,"Teror London, Seorang Pria Terlihat Menikam Jemaah Masjid https://facebook.com/permalink.php?story_fbid=1689977191298847&id=1683108695319030…

#InfoMudikElshinta
Kb Nanas
Jeju",2017-06-19T07:03:09.000Z,
twitter,"Berjudi Kartu di Bulan Puasa, 4 Pria di Aceh Ditangkap h http://ow.ly/lge230cDut1",2017-06-16T07:15:14.000Z,
twitter,Prof Dr Bambang Prajogo adalah Guru Besar Fakultas Farmasi yang berhasil menemukan pil KB untuk pria berbahan...,2017-06-14T04:01:20.000Z,
twitter,Prof Dr Bambang Prajogo adalah Guru Besar Fakultas Farmasi yang berhasil menemukan pil KB untuk pria berbahan... http://fb.me/2Az7SKvRn,2017-06-14T03:58:43.000Z,
twitter,Pengakuan Subroto Soal KB Pria yang Bikin Perkasa http://fb.me/sNOpgnJb,2017-06-14T01:56:40.000Z,
twitter,Viral! Pria dengan Segelas Bir Jadi Simbol Perlawanan London http://ow.ly/HnAu30cnL8K,2017-06-07T07:10:05.000Z,
twitter,""" Wanita yg mengonsumsi pil KB menjadi lebih tertarik dgn pria yg berwajah feminin dibandingkan pria yg berwajah maskulin. [huffingtonpost]""",2017-06-06T08:44:34.000Z,
twitter,Wanita yg mengonsumsi pil KB menjadi lebih tertarik dgn pria yg berwajah feminin dibandingkan pria yg berwajah maskulin. [huffingtonpost],2017-06-05T23:25:09.000Z,
twitter,""" Wanita yg mengonsumsi pil KB menjadi lebih tertarik dgn pria yg berwajah feminin dibandingkan pria yg berwajah maskulin. [huffingtonpost]""",2017-06-06T08:44:34.000Z,
twitter,Wanita yg mengonsumsi pil KB menjadi lebih tertarik dgn pria yg berwajah feminin dibandingkan pria yg berwajah maskulin. [huffingtonpost],2017-06-05T23:25:09.000Z,
twitter,Wanita yg mengonsumsi pil KB menjadi lebih tertarik dgn pria yg berwajah feminin dibandingkan pria yg berwajah maskulin. [huffingtonpost],2017-06-05T23:21:54.000Z,
twitter,"Kaum Pria Mau Ber KB Di Yogyakarta Dapat Rp1 Juta
https://cumaberita.com/berita/12468/kaum-pria-mau-ber-kb-di-yogyakarta-dapat-rp1-juta… #NewsFlash",2017-05-31T10:44:32.000Z,
twitter,Kini Pria yang KB di Jogja Diganjar Rp 1 juta - Kanal Jogja (Blog) http://dlvr.it/PH00nW,2017-05-30T15:27:44.000Z,
twitter,"@WikiDPR
 #kom9 kepala BKKBN: peningkatkan penggunaan kb bagi pria melalui tokoh adat dan tokoh agama",2017-05-30T08:21:21.000Z,
twitter,Di Yogyakarta Kaum Pria yang Mau Ber KB Dapat Rp1 Juta https://goo.gl/By0mYv,2017-05-30T07:30:19.000Z,
twitter,Di Yogyakarta Kaum Pria yang Mau Ber KB Dapat Rp1 Juta,2017-05-30T07:25:40.000Z,
twitter,Di Yogyakarta Kaum Pria yang Mau Ber KB Dapat Rp1 Juta http://dlvr.it/PGpdVY,2017-05-30T07:18:51.000Z,
twitter,Di Yogyakarta Kaum Pria yang Mau Ber KB Dapat Rp1 Juta http://dlvr.it/PGpdVQ,2017-05-30T07:18:51.000Z,
twitter,Di Yogyakarta Kaum Pria yang Mau Ber KB Dapat Rp1 Juta http://dlvr.it/PGpdPp,2017-05-30T07:18:48.000Z,
twitter,Di Yogyakarta Kaum Pria yang Mau Ber KB Dapat Rp1 Juta http://dlvr.it/PGpdJB,2017-05-30T07:18:45.000Z,
twitter,Di Yogyakarta Kaum Pria yang Mau Ber KB Dapat Rp1 Juta http://sidomi.com/531260/di-yogyakarta-kaum-pria-yang-mau-ber-kb-dapat-rp1-juta/?utm_source=dlvr.it&utm_medium=twitter…,2017-05-30T07:18:43.000Z,
twitter,Di Yogyakarta Kaum Pria yang Mau Ber KB Bisa Rp1 Juta http://lucudanunik.com/di-yogyakarta-kaum-pria-yang-mau-ber-kb-bisa-rp1-juta/…,2017-05-30T07:18:14.000Z,
twitter,#JogjaPers | newsrrijogja: Pemkot Yogyakarta menyiapkan insentif bagi peserta KB pria melalui vasektomi guna menin…,2017-05-30T00:43:19.000Z,
twitter,Pemkot Yogyakarta menyiapkan insentif bagi peserta KB pria melalui vasektomi guna meningkatkan kepesertaan KB pria,2017-05-30T00:39:36.000Z,
twitter,"mau ? :)
Berita Jogja : Pria Mau KB di Yogyakarta  Bakal dapat Hadiah 1 Juta Rupiah > http://jogja.co/berita-jogja-pria-mau-kb-bakal-dapat-hadiah-1-juta-rupiah/…",2017-05-29T03:58:45.000Z,
twitter,Peserta KB Pria di Yogyakarta Dapat Insentif Rp1 juta | KORAN NASIONAL http://korannasional.com/2017/05/28/peserta-kb-pria-di-yogyakarta-dapat-insentif-rp1-juta/…,2017-05-28T23:14:08.000Z,
twitter,Pemkot Yogyakarta beri Rp 1 juta buat pria ikut KB metode vasektomi https://merdeka.com/peristiwa/pemkot-yogyakarta-beri-rp-1-juta-buat-pria-ikut-kb-metode-vasektomi.html?utm_source=dlvr.it&utm_medium=twitter…,2017-05-28T23:05:13.000Z,
twitter,Pemkot Yogyakarta beri Rp 1 juta buat pria ikut KB metode vasektomi https://merdeka.com/peristiwa/pemkot-yogyakarta-beri-rp-1-juta-buat-pria-ikut-kb-metode-vasektomi.html?utm_source=dlvr.it&utm_medium=twitter…,2017-05-28T23:05:08.000Z,
twitter,"[BP] Di Yogyakarta , Pria KB Dapat Insentif Rp1 Juta . http://dlvr.it/PG5lXB",2017-05-28T12:35:13.000Z,
twitter,"http://ow.ly/im5P100GCSc Di #Yogyakarta, Pria Ikut KB Dibayar Rp1 Juta #merahputih",2017-05-28T12:00:20.000Z,
twitter,Lampungpro - Pemkot Yogyakarta Berikan Insentif Rp1 Juta Bagi Peserta KB Pria Melalui Vasektomi https://lampungpro.com/post/4244/pemkot-yogyakarta-berikan-insentif-rp1-juta-bagi-peserta-kb-pria-melalui-vasektomi… #lampungpro,2017-05-28T10:20:31.000Z,
twitter,Yogyakarta janjikan imbalan Rp1 juta bagi pria yang mau KB http://dlvr.it/PG3DhF,2017-05-28T09:33:08.000Z,
twitter,Yogyakarta janjikan imbalan Rp1 juta bagi pria yang mau KB http://dlvr.it/PG3Dfw,2017-05-28T09:33:08.000Z,
twitter,"Pemkot Yogyakarta beri Rp 1 juta buat pria ikut KB metode vasektomi
http://tempoberita.com/index.php/2017/05/28/pemkot-yogyakarta-beri-rp-1-juta-buat-pria/…",2017-05-28T08:55:11.000Z,
twitter,"Dorong Program KB, Pemkot Yogya Beri Hadiah Rp1 Juta Bagi Pria yang Mau Vasektomi http://dlvr.it/PG2JjQ",2017-05-28T08:17:38.000Z,
twitter,"Untuk Tingkatkan Kepesertaan KB, Pemkot Yogyakarta Beri Rp1 Juta Bagi Pria yang ... - http://fakta.co.id/2017/05/28/untuk-tingkatkan-kepesertaan-kb-pemkot-yogyakarta-beri-rp1-juta-bagi-pria-yang-lakukan-vasektomi/…",2017-05-28T05:44:47.000Z,
twitter,"Pria di Yogyakarta Ditawarkan Insentif Rp 1 Juta untuk Jadi Peserta KB http://lampung.tribunnews.com/2017/05/28/pria-di-yogyakarta-ditawarkan-insentif-rp-1-juta-untuk-jadi-peserta-kb… lewat 
@tribunlampung_",2017-05-28T05:07:55.000Z,
twitter,Di Daerah Ini Pria Ikuti Program KB Dapat Intensif Rp 1… http://dlvr.it/PG09ZD #Nasional #Pria_Peserta_KB #Program_KB_Pria #malangtoday,2017-05-28T05:02:10.000Z,
twitter,Di Daerah Ini Pria Ikuti Program KB Dapat Intensif Rp 1 Juta http://dlvr.it/PG09Tm,2017-05-28T05:02:08.000Z,
twitter,Di Daerah Ini Pria Ikuti Program KB Dapat Intensif Rp 1 Juta: http://MALANGTODAY.NET… https://goo.gl/fb/oTCOch #kabarmalang,2017-05-28T05:01:02.000Z,
twitter,Di Kota Ini Pria yang Mau Ikut KB Dapat Rp 1 Juta http://dlvr.it/PG036Y,2017-05-28T04:48:04.000Z,
twitter,Peserta KB pria Yogyakarta diberi Rp1 juta http://integrasinews.com/news-news/peserta-kb-pria-yogyakarta-diberi-rp1-juta-6578.html…,2017-05-28T04:47:41.000Z,
twitter,Peserta KB pria Yogyakarta diberi Rp1 juta http://integrasinews.com/news-news/peserta-kb-pria-yogyakarta-diberi-rp1-juta-6578.html…,2017-05-28T04:47:40.000Z,
twitter,Pemkot Yogyakarta beri Rp 1 juta buat pria ikut KB metode vasektomi .. http://manadokota.com/?open=content&id=5501…,2017-05-28T04:11:10.000Z,
twitter,"Di Yogyakarta, Pria Ikut KB Dibayar Rp1 Juta http://dlvr.it/PFzbYw",2017-05-28T04:05:40.000Z,
twitter,"Peserta KB pria di 
@YogyakartaCity
 diberi Rp 1 Juta. @BKKBNofficial http://bit.ly/2r0FpjO",2017-05-28T03:32:05.000Z,
twitter,"Pemkot Yogyakarta beri Rp 1 juta buat pria ikut KB metode vasektomi
#�Berita� �#�terbaru� dibuat oleh : http://pokerdewa.io

#SAMA23",2017-05-28T03:17:30.000Z,
twitter,#jatimvoice Peserta KB Pria di Yogyakarta dapat Insentif Rp1 juta http://dlvr.it/PFyvn0,2017-05-28T03:04:14.000Z,
twitter,Perlu Dibaca: Rp.1 Juta Bagi Pria Ikut Program KB Yogyakarta: Anggaran senilai uang satu… https://goo.gl/fb/lEJHEG,2017-05-28T02:56:12.000Z,
twitter,Pria yang Mau Jadi Peserta KB di Yogya Diberi Rp 1 Juta http://dlvr.it/PFynRy,2017-05-28T02:49:06.000Z,
twitter,Pria yang Mau Jadi Peserta KB di Yogya Diberi Rp 1 Juta http://fb.me/6PsIbGMZr,2017-05-28T02:47:14.000Z,
twitter,Pria yang Mau Jadi Peserta KB di Yogya Diberi Rp 1 Juta http://fb.me/100UfjBvJ,2017-05-28T02:47:14.000Z,
twitter,Pria yang Mau Jadi Peserta KB di Yogya Diberi Rp 1 Juta http://dlvr.it/PFymPv,2017-05-28T02:47:07.000Z,
twitter,Pria yang Mau Jadi Peserta KB di Yogya Diberi Rp 1 Juta http://dlvr.it/PFymQm,2017-05-28T02:47:06.000Z,
twitter,Pria yang Mau Jadi Peserta KB di Yogya Diberi Rp 1 Juta http://dlvr.it/PFymPG,2017-05-28T02:47:06.000Z,
twitter,Pria yang Mau Jadi Peserta KB di Yogya Diberi Rp 1 Juta http://dlvr.it/PFymMt,2017-05-28T02:47:05.000Z,
twitter,"Ikut KB, Para Pria Diberi Rp 1 Juta http://dlvr.it/PFyhmr",2017-05-28T02:37:12.000Z,
twitter,Pemkot Yogyakarta beri Rp 1 juta buat pria ikut KB metode vasektomi https://merdeka.com/peristiwa/pemkot-yogyakarta-beri-rp-1-juta-buat-pria-ikut-kb-metode-vasektomi.html?utm_source=dlvr.it&utm_medium=twitter…,2017-05-28T02:32:15.000Z,
twitter,Pemkot Yogyakarta beri Rp 1 juta buat pria ikut KB metode vasektomi: Pemerintah Kota Yogyakarta… http://dlvr.it/PFydPW #peristiwa,2017-05-28T02:32:08.000Z,
twitter,Pria yang Mau Jadi Peserta KB di Yogya Diberi Rp 1 Juta http://nasional.republika.co.id/berita/nasional/daerah/17/05/28/oqn26c382-pria-yang-mau-jadi-peserta-kb-di-yogya-diberi-rp-1-juta?utm_source=dlvr.it&utm_medium=twitter…,2017-05-28T02:29:06.000Z,
twitter,Pria yang Mau Jadi Peserta KB di Yogya Diberi Rp 1 Juta http://dlvr.it/PFyVCW,2017-05-28T02:17:37.000Z,
twitter,"kompascom: Di Yogyakarta, Peserta KB Pria Dapat Insentif Rp 1 Juta http://kom.ps/AFwN1z",2017-05-28T02:12:34.000Z,
twitter,"kompascom Di Yogyakarta, Peserta KB Pria Dapat Insentif Rp 1 Juta http://kom.ps/AFwN1z",2017-05-28T02:12:14.000Z,
twitter,Peserta KB pria Yogyakarta dapat insentif Rp1 juta: Pemerintah Kota Yogyakarta menyiapkan insentif Rp1 juta untuk… https://goo.gl/fb/NFgpym,2017-05-28T02:10:49.000Z,
twitter,Pemkot Yogyakarta beri Rp 1 juta buat pria ikut KB metode vasektomi http://dlvr.it/PFyQ2G,2017-05-28T02:09:09.000Z,
twitter,Pemkot Yogyakarta beri Rp 1 juta buat pria ikut KB metode vasektomi http://dlvr.it/PFyQ0G,2017-05-28T02:09:07.000Z,
twitter,Pemkot Yogyakarta beri Rp 1 juta buat pria ikut KB metode vasektomi http://dlvr.it/PFyPy1,2017-05-28T02:09:06.000Z,
twitter,Pemkot Yogyakarta beri Rp 1 juta buat pria ikut KB metode vasektomi http://dlvr.it/PFyPxp,2017-05-28T02:09:06.000Z,
twitter,Pemkot Yogyakarta beri Rp 1 juta buat pria ikut KB metode vasektomi http://dlvr.it/PFyPwv,2017-05-28T02:09:06.000Z,
twitter,Pemkot Yogyakarta beri Rp 1 juta buat pria ikut KB metode vasektomi http://dlvr.it/PFyPz4,2017-05-28T02:09:06.000Z,
twitter,Pemkot Yogyakarta beri Rp 1 juta buat pria ikut KB metode vasektomi http://dlvr.it/PFyPzF,2017-05-28T02:09:06.000Z,
twitter,Pemkot Yogyakarta beri Rp 1 juta buat pria ikut KB metode vasektomi http://dlvr.it/PFyPyf,2017-05-28T02:09:06.000Z,
twitter,Pemkot Yogyakarta beri Rp 1 juta buat pria ikut KB metode vasektomi http://dlvr.it/PFyPzG,2017-05-28T02:09:06.000Z,
twitter,Pemkot Yogyakarta beri Rp 1 juta buat pria ikut KB metode vasektomi http://dlvr.it/PFyPww,2017-05-28T02:09:06.000Z,
twitter,Pemkot Yogyakarta beri Rp 1 juta buat pria ikut KB metode vasektomi http://dlvr.it/PFyPz3,2017-05-28T02:09:05.000Z,
twitter,"kompascom: Di Yogyakarta, Peserta KB Pria Dapat Insentif Rp 1 Juta http://kom.ps/AFwN1z",2017-05-28T02:08:32.000Z,
twitter,"kompascom: Di Yogyakarta, Peserta KB Pria Dapat Insentif Rp 1 Juta http://kom.ps/AFwN1z",2017-05-28T02:08:27.000Z,
twitter,"Peserta KB pria Yogyakarta dapat insentif Rp1 juta: http://metrobali.com/2017/05/28/peserta-kb-pria-yogyakarta-dapat-insentif-rp1-juta/… via 
@metrobali",2017-05-28T02:08:18.000Z,
twitter,"kompascom: Di Yogyakarta, Peserta KB Pria Dapat Insentif Rp 1 Juta http://kom.ps/AFwN1z",2017-05-28T02:07:25.000Z,
twitter,"kompascom: Di Yogyakarta, Peserta KB Pria Dapat Insentif Rp 1 Juta http://kom.ps/AFwN1z",2017-05-28T02:06:19.000Z,
twitter,Peserta KB pria Yogyakarta dapat insentif Rp1 juta http://setiodewo.com/g.php?i=226768,2017-05-28T02:05:05.000Z,
twitter,http://goo.gl/P8QqEz Pria yang Mau Jadi Peserta KB di Yogya Diberi Rp 1 Juta,2017-05-28T02:01:54.000Z,
twitter, Peserta #KB pria Yogyakarta diberi Rp1 juta,2017-05-28T02:00:22.000Z,
twitter,Peserta KB pria Yogyakarta diberi Rp1 juta  http://elshinta.id/109286,2017-05-28T01:58:06.000Z,
twitter,Peserta KB pria Yogyakarta dapat insentif Rp1 juta https://goo.gl/fb/k6eoSk,2017-05-28T01:54:06.000Z,
twitter,Peserta KB pria Yogyakarta dapat insentif Rp1 juta: Pemerintah Kota Yogyakarta menyiapkan insentif Rp1 juta untuk… https://goo.gl/fb/slgVMD,2017-05-28T01:53:45.000Z,
twitter,Peserta KB pria Yogyakarta dapat insentif Rp1 juta https://goo.gl/fb/zi3TrS,2017-05-28T01:34:14.000Z,
twitter,Pria yang Mau Jadi Peserta KB di Yogya Diberi Rp 1 Juta http://dlvr.it/PFy4Rk,2017-05-28T01:33:09.000Z,
twitter,Jika pria ikut KB dan tiba2 istrinya Hamil. Kira2 berapa persen siPria yakin itu janin dari hasil pembuahannya ? Bisakah 100% yakin ???,2017-05-28T01:32:05.000Z,
twitter,Peserta KB pria Yogyakarta dapat insentif Rp1 juta https://goo.gl/fb/zi3TrS,2017-05-28T01:31:43.000Z,
twitter,Pria yang Ingin KB akan Diber Intensif Rp 1 Juta #Jakarta #KeluargaBerencana(KB) #Yogyakarta http://bit.ly/2qv6qbE,2017-05-28T01:30:02.000Z,
twitter,Pria yang Mau Jadi Peserta KB di Yogya Diberi Rp 1 Juta http://rol.co.id/r/oqn26c382,2017-05-28T01:24:19.000Z,
twitter,Pria yang Mau Jadi Peserta KB di Yogya Diberi Rp 1 Juta https://goo.gl/fb/TMeseN,2017-05-28T01:24:13.000Z,
twitter,Pria yang Mau Jadi Peserta KB di Yogya Diberi Rp 1 Juta https://goo.gl/fb/TMeseN,2017-05-28T01:22:18.000Z,
twitter,republikaonline: Pria yang Mau Jadi Peserta KB di Yogya Diberi Rp 1 Juta http://rol.co.id/r/oqn26c382,2017-05-28T01:20:12.000Z,
twitter,Pria yang Mau Jadi Peserta KB di Yogya Diberi Rp 1 Juta http://dlvr.it/PFxwpz,2017-05-28T01:18:13.000Z,
twitter,Pria yang Mau Jadi Peserta KB di Yogya Diberi Rp 1 Juta http://rol.co.id/r/oqn26c382,2017-05-28T01:16:42.000Z,
twitter,Peserta KB pria Yogyakarta dapat insentif Rp1 juta  http://antaranews.com/berita/631816/peserta-kb-pria-yogyakarta-dapat-insentif-rp1-juta…,2017-05-28T01:16:19.000Z,
twitter,Pria yang Mau Jadi Peserta KB di Yogya Diberi Rp 1 Juta http://rol.co.id/r/oqn26c382,2017-05-28T01:15:49.000Z,
twitter,Peserta KB pria Yogyakarta dapat insentif Rp1 juta http://blog.sekseeh.com/berita/peserta-kb-pria-yogyakarta-dapat-insentif-rp1-juta/…,2017-05-28T01:11:22.000Z,
twitter,#News: Peserta KB pria Yogyakarta dapat insentif Rp1 juta http://ift.tt/2s8UPQT | Antaranews,2017-05-28T01:07:24.000Z,
twitter,#infosehat Peserta KB pria Yogyakarta dapat insentif Rp1 juta http://bit.ly/2qnLrMY,2017-05-28T01:06:21.000Z,
twitter,Peserta KB pria Yogyakarta dapat insentif Rp1 juta http://antaranews.com/631816,2017-05-28T01:01:26.000Z,
twitter,[INFO]Pria di Jogja yang Mau Ikut KB Dapat Rp1 Juta http://dlvr.it/PFpgwX,2017-05-27T15:46:11.000Z,
twitter,Pria di Jogja yang Mau Ikut KB Dapat Rp1 Juta http://dlvr.it/PFp51P,2017-05-27T15:11:33.000Z,
twitter,Khabar gembira !! Pria di Jogja yang Mau Ikut KB Dapat Rp1 Juta http://dlvr.it/PFngSR,2017-05-27T15:06:58.000Z,
twitter,Pria di Jogja yang Mau Ikut KB Dapat Rp1 Juta http://dlvr.it/PFns6l,2017-05-27T14:59:16.000Z,
twitter,Pria di Jogja yang Mau Ikut KB Dapat Rp1 Juta http://dlvr.it/PFns3p,2017-05-27T14:59:11.000Z,
twitter,Pria di Jogja yang Mau Ikut KB Dapat Rp1 Juta http://dlvr.it/PFnrwk,2017-05-27T14:59:10.000Z,
twitter,Pria di Jogja yang Mau Ikut KB Dapat Rp1 Juta http://dlvr.it/PFnrw8,2017-05-27T14:59:08.000Z,
twitter,Pria di Jogja yang Mau Ikut KB Dapat Rp1 Juta http://dlvr.it/PFnrvK,2017-05-27T14:59:08.000Z,
twitter,Pria di Jogja yang Mau Ikut KB Dapat Rp1 Juta http://dlvr.it/PFnrp9,2017-05-27T14:59:08.000Z,
twitter,Pria di Jogja yang Mau Ikut KB Dapat Rp1 Juta http://dlvr.it/PFnrqz,2017-05-27T14:59:08.000Z,
twitter,Pria di Jogja yang Mau Ikut KB Dapat Rp1 Juta http://m.liputan6.com/health/read/2967537/pria-di-jogja-yang-mau-ikut-kb-dapat-rp1-juta?utm_source=dlvr.it&utm_medium=twitter… #Kesehatan,2017-05-27T14:59:07.000Z,
twitter,Pria di Jogja yang Mau Ikut KB Dapat Rp1 Juta http://dlvr.it/PFngSR,2017-05-27T14:44:24.000Z,
twitter,[INFO]Pria di Jogja yang Mau Ikut KB Dapat Rp1 Juta http://dlvr.it/PFlggh,2017-05-27T12:29:35.000Z,
twitter,Pria di Jogja yang Mau Ikut KB Dapat Rp1 Juta http://dlvr.it/PFlX2Y,2017-05-27T12:21:05.000Z,
twitter,Pria di Jogja yang Mau Ikut KB Dapat Rp1 Juta http://health.liputan6.com/read/2967537/pria-di-jogja-yang-mau-ikut-kb-dapat-rp1-juta?utm_source=dlvr.it&utm_medium=twitter… #Kesehatan,2017-05-27T12:21:05.000Z,
twitter,Pria di Jogja yang Mau Ikut KB Dapat Rp1 Juta http://dlvr.it/PFlMCK,2017-05-27T12:11:09.000Z,
twitter,Pria di Jogja yang Mau Ikut KB Dapat Rp1 Juta http://dlvr.it/PFlHsT,2017-05-27T12:07:37.000Z,
twitter,Pria di Jogja yang Mau Ikut KB Dapat Rp1 Juta http://dlvr.it/PFlHmk,2017-05-27T12:07:31.000Z,
twitter,Pria di Jogja yang Mau Ikut KB Dapat Rp1 Juta http://dlvr.it/PFlHjv,2017-05-27T12:07:28.000Z,
twitter,Pria di Jogja yang Mau Ikut KB Dapat Rp1 Juta http://dlvr.it/PFlHT9,2017-05-27T12:07:17.000Z,
twitter,Pria di Jogja yang Mau Ikut KB Dapat Rp1 Juta http://dlvr.it/PFlHRS,2017-05-27T12:07:17.000Z,
twitter,Pria di Jogja yang Mau Ikut KB Dapat Rp1 Juta http://dlvr.it/PFlHS2,2017-05-27T12:07:17.000Z,
twitter,Pria di Jogja yang Mau Ikut KB Dapat Rp1 Juta http://dlvr.it/PFlHFV,2017-05-27T12:07:13.000Z,
twitter,liputan6dotcom: Pria di Jogja yang Mau Ikut KB Dapat Rp1 Juta http://dlvr.it/PFl6jn,2017-05-27T12:01:24.000Z,
twitter,Dandim 0816 Sidoarjo Ajak Pria Untuk Ikut KB http://sidoarjoterkini.com/2017/05/24/dandim-0816-sidoarjo-ajak-pria-untuk-ikut-kb/…,2017-05-24T13:13:41.000Z,
twitter,"Menggunakan Kondom, Cara Pria Berpartisipasi KB https://jettnews.com/menggunakan-kondom-cara-pria-berpartisipasi-kb/…",2017-05-17T03:37:08.000Z,
twitter,"Tb karangklesem:
Membutuhkan 
* supir/ kb (pria), sma
* kasir / spg (wanita), max 25 thn, belum menikah, sma... http://fb.me/5vrf72Zt2",2017-05-16T11:26:48.000Z,
twitter,"Dijadikan PSK di Bandarlampung, Empat Gadis di Bawah Umur Disuntik KB Sebelum Layani Pria Hidung Belang http://dlvr.it/P8PTqG",2017-05-15T11:48:12.000Z,
twitter,"Dijadikan PSK di Bandarlampung, Empat Gadis di Bawah Umur Disuntik KB Sebelum Layani Pria Hidung Belang http://dlvr.it/P8PTqJ",2017-05-15T11:48:11.000Z,
twitter,"Dijadikan PSK di Bandarlampung, Empat Gadis di Bawah Umur Disuntik KB Sebelum Layani Pria Hidung Belang http://dlvr.it/P8PTqD",2017-05-15T11:48:11.000Z,
twitter,"Dijadikan PSK di Bandarlampung, Empat Gadis di Bawah Umur Disuntik KB Sebelum Layani Pria Hidung Belang http://dlvr.it/P8PTqC",2017-05-15T11:48:11.000Z,
twitter,"Dijadikan PSK di Bandarlampung, Empat Gadis di Bawah Umur Disuntik KB Sebelum Layani Pria Hidung Belang http://dlvr.it/P8PTnq",2017-05-15T11:48:10.000Z,
twitter,"Dijadikan PSK di Bandarlampung, Empat Gadis di Bawah Umur Disuntik KB Sebelum Layani Pria Hidung Belang http://dlvr.it/P8PTnn",2017-05-15T11:48:10.000Z,
twitter,"Dijadikan PSK di Bandarlampung, Empat Gadis di Bawah Umur Disuntik KB Sebelum Layani Pria Hidung Belang http://dlvr.it/P8PTYm",2017-05-15T11:48:05.000Z,
twitter,"Dijadikan PSK di Bandarlampung, Empat Gadis di Bawah Umur Disuntik KB Sebelum Layani Pria Hidung Belang http://dlvr.it/P8PTZ5",2017-05-15T11:48:05.000Z,
twitter,"Dijadikan PSK di Bandarlampung, Empat Gadis di Bawah Umur Disuntik KB Sebelum Layani Pria… https://goo.gl/fb/DPOQJs",2017-05-15T11:46:55.000Z,
twitter,"Inka
Sleman
#SITM
Pancoran
Kb Nanas
klik > https://citibank.co.id/apply-online/credit-card/newmgm.htm?rcid=0570894291&ecid=SMTWNIDCCAENMG…",2017-05-15T04:07:26.000Z,
twitter,"Di Majalengka, Peserta KB Justru Didominasi Pria http://pikiran-rakyat.com/jawa-barat/2017/05/09/di-majalengka-peserta-kb-justru-didominasi-pria-400847… #UPDATE LEWAT 
@pikiran_rakyat",2017-05-11T00:27:59.000Z,
twitter,"beja terkini Di Majalengka, Peserta KB Justru Didominasi Pria http://dlvr.it/P5s1g5 thx 4 click",2017-05-09T15:38:46.000Z,
twitter,"Di Majalengka, Peserta KB Justru Didominasi Pria http://dlvr.it/P5s1f6",2017-05-09T15:38:45.000Z,
twitter,"Di Majalengka, Peserta KB Justru Didominasi Pria http://dlvr.it/P5s1Lx",2017-05-09T15:38:40.000Z,
twitter,"#TuitJabar Di Majalengka, Peserta KB Justru Didominasi Pria #Jabar #Tuit",2017-05-09T15:09:35.000Z,
twitter,"Di Majalengka, Peserta KB Justru Didominasi Pria http://blog.sekseeh.com/berita/di-majalengka-peserta-kb-justru-didominasi-pria/…",2017-05-09T15:05:51.000Z,
twitter,"Di Majalengka, Peserta KB Justru Didominasi Pria http://dlvr.it/P5r1Tk",2017-05-09T14:56:17.000Z,
twitter,"Dorong Pria di Riau Gunakan KB, Begini Caranya... http://dlvr.it/P5pYJb",2017-05-09T13:46:22.000Z,
twitter,"Dorong Pria di Riau Gunakan KB, Begini Caranya... http://dlvr.it/P5pYFN",2017-05-09T13:46:19.000Z,
twitter,Serma Suwasono: Motivator KB Pria Wakil DIY Tingkat Nasional - Kabar Merah Putih http://kabarmerahputih.net/2017/05/serma-suwasono-motivator-kb-pria-wakil.html…,2017-05-07T07:12:41.000Z,
twitter,Tribun: Staf DPRD Suruh eks Kepala Badan KB Tanggamus Setor Uang Pembahasan RAPBD http://dlvr.it/P2hCPJ #NewsToday #DKK,2017-05-02T14:11:18.000Z,
twitter,Enam Kekhawatiran Istri Jika Berhubungan Intim dengan Alat KB IUD http://dlvr.it/P2C74q,2017-05-01T13:38:11.000Z,
twitter,"Inilah Fakta dan Enaknya Pria Ikut KB di Kabupaten Malang, Ada Uang Sakunya Juga Lho http://fb.me/1iCpaeNf3",2017-04-27T07:42:33.000Z,
twitter,"Kaum Adam Wajib Tahu, KB Pakai Metode Operasi Pria Beda dengan Kebiri, Jadi . . . http://fb.me/5UHUs4Kk9",2017-04-27T07:42:30.000Z,
twitter,"Inilah Fakta dan Enaknya Pria Ikut KB di Kabupaten Malang, Ada Uang Sakunya Juga Lho http://fb.me/1jQVgV53E",2017-04-27T07:42:29.000Z,
twitter,"Kaum Adam Wajib Tahu, KB Pakai Metode Operasi Pria Beda dengan Kebiri, Jadi . . . http://fb.me/20nEY5WNj",2017-04-27T07:42:19.000Z,
twitter,Masih Sedikit Pria yang Memahami KB dengan Baik http://cnn.id/210416?s=tw&ca=cms&m=oa…,2017-04-27T02:31:31.000Z,
twitter,Masih Sedikit Pria yang Memahami KB dengan Baik http://dlvr.it/P0Gzqd,2017-04-27T02:28:18.000Z,
twitter,Masih Sedikit Pria yang Memahami KB dengan Baik http://dlvr.it/P0GyW5,2017-04-27T02:26:09.000Z,
twitter,"ZUNCLE Pria 18 KB Emas Berlapis Permata Besar Sekitar (Hitam) #lazada, product http://ift.tt/2pAOtwj",2017-04-26T23:45:15.000Z,
twitter,"Wah berbahaya tuh Pil KB.

~ Pria Idaman Lain Keluarga Berantakan",2017-04-20T15:03:35.000Z,
twitter,"Kabar dari 
@BKKBN_Jateng
 Bupati Banyumas Achmad Husein jadi akseptor KB menggunakan metode operasi pria (MOP/vasektomi).  #DuaAnakCukup",2017-04-20T01:48:08.000Z,
twitter,U7 18 KB Nyata Emas Berlapis Dua Cincin Dengan Band Sederhana 18 KB Cap Fashion Wanita/Pria Sempurna Aksesoris Per… http://ift.tt/2pfjbLf,2017-04-19T04:52:13.000Z,
twitter,"Bupati Banyumas 
@ir_achmadhusein
 smpkn kesetraan pria dlm berKB & contohkan lgsg jd psrta KB vasektomi #oraKBoraGayeng #PriaIkutKB #Respect",2017-04-18T04:56:31.000Z,
twitter,U7 Abjad R Awal Pasangan Kalung Kubik Zirconia 18 KB Nyata Emas Berlapis Fashion Wanita/Pria Hadiah Perhiasan (Ema… http://ift.tt/2pqkLHg,2017-04-16T15:20:14.000Z,
twitter,U7 Jangkar Kalung Pasangan 18 KB Nyata Emas Perhiasan Berlapis Fashion Pria Gaya Punk Yang Pesta Hadiah (Emas) #la… http://ift.tt/2p7V1lB,2017-04-13T00:18:32.000Z,
twitter,"@DiskominfoMks
 Pembukaan Peningkatan kapasitas pengetahuan tentang KB Pria Tingkat Kota Makassar Rabu 12 April 2017 di Hotel Dinasti",2017-04-12T09:59:23.000Z,
twitter,"#TuitPekanbaru Dijebak Harus Layani Pria Hidung Belang, Para Gadis Belia Ini Dipaksa Minum Pil KB Agar Tidak Hamil #Pekanbaru #Tuit",2017-04-12T04:57:07.000Z,
twitter,Penilaian Motivator KB Pria Tingkat Provinsi Jawa Tengah di Kecamatan Purwantoro. (10/4),2017-04-10T06:01:37.000Z,
twitter,"MOP = Medis Operasi Pria, alias Vasektomi. para pria pemberani #KBsukses",2017-04-09T10:49:51.000Z,
twitter,"Good luck, Champ! Happy to see your ever glorious self. #GameMaariChhe #KB",2017-04-09T07:40:36.000Z,
twitter,Perfect! I'll never understand people's obsession with celebs. What matters d most is how genuine and good natured a person is. #respect #KB,2017-04-08T12:43:09.000Z,
twitter,U7 71.12 cm dua nada emas berlapis kalung rantai gelang pria busana perhiasan platinum/18 KB nyata emas berlapis y… http://ift.tt/2o7Jtfh,2017-04-08T03:39:01.000Z,
twitter,"(Suntik KB untuk Pria, Benarkah Bisa Mencegah Kehamilan?) http://menariknya.com/2017/03/suntik-kb-untuk-pria-benarkah-bisa-mencegah-kehamilan/…",2017-03-25T14:19:13.000Z,
twitter,"Suntik KB untuk Pria, Benarkah Bisa Mencegah Kehamilan? - Untuk mencegah kehamilan, wanita setidaknya memiliki ... http://ow.ly/C6Zs50apXPH",2017-03-25T06:19:02.000Z,
twitter,"PENILAIAN MOTIVATOR KB PRIA TAHUN 2017 http://tinyurl.com/mryn2bp via 
@DenpasarKota
 #KB",2017-03-24T00:51:56.000Z,
twitter,"Bukti Penelitian, Pil KB Ternyata Bisa Cegah Beberapa Kanker http://dlvr.it/NhvV81",2017-03-23T06:23:07.000Z,
twitter,"Tak Menunggu Lama, Pil KB Untuk Pria Temuan Peneliti Unair Segera Dihilirisasi https://goo.gl/fb/hGsUsL",2017-03-19T04:39:49.000Z,
twitter,"Tak Menunggu Lama, Pil KB Untuk Pria Temuan Peneliti Unair Segera Dihilirisasi http://dlvr.it/Ng4hTQ",2017-03-19T04:04:07.000Z,
twitter,"Tak Menunggu Lama, Pil KB Untuk Pria Temuan Peneliti Unair Segera Dihilirisasi http://dlvr.it/Ng4ZSC",2017-03-19T03:51:08.000Z,
twitter,"Tak Menunggu Lama, Pil KB Untuk Pria Temuan Peneliti Unair Segera Dihilirisasi http://dlvr.it/Ng4ZLB",2017-03-19T03:51:06.000Z,
twitter,#JogjaPers | polresjogja : sosialisasi & pembinaan ttg KB Pria kpd tokoh masyarakat Kel. P… ,2017-03-16T13:10:48.000Z,
twitter,"sosialisasi & pembinaan ttg KB Pria kpd tokoh masyarakat Kel. Prawirodirjan, Kamis (16/3/17) sore.",2017-03-16T13:07:00.000Z,
twitter,Tingkat Partisipasi KB Pria di Kota Tasik Masih Rendah http://bit.ly/2muxSFa,2017-03-15T22:22:34.000Z,
twitter,Pil KB Pria Temuan Peneliti UNAIR Segera Dihilirisasi https://kabarindonesiapintar.com/2017/03/15/pil-kb-pria-temuan-peneliti-unair-segera-dihilirisasi/…,2017-03-15T12:19:14.000Z,
twitter,"League Kumo 1.5 KB Sepatu Lari Pria - Hitam-Cloudburst-Bright Manggo #lazada, product http://ift.tt/2nmNVco",2017-03-15T10:44:29.000Z,
twitter,"League Kumo 1.5 KB Sepatu Lari Pria - Hitam-Cloudburst-Bright Manggo #lazada, product http://ift.tt/2nmNVco",2017-03-15T10:44:14.000Z,
twitter,"Tak Menunggu Lama, Pil KB Untuk Pria Akan Dihilirisasi | Unair News http://fb.me/2UcZ72sfC",2017-03-09T22:55:43.000Z,
twitter,Pil KB untuk Pria Diproduksi Massal http://hariansindo.com/2017/03/09/pil-kb-untuk-pria-diproduksi-massal/…,2017-03-09T15:29:40.000Z,
twitter,"Tak Menunggu Lama, Pil KB Untuk Pria Akan Dihilirisasi | Unair News http://sumo.ly/wNKl",2017-03-09T10:00:03.000Z,
twitter,#JelajahBantul | Reward 1 Juta untuk Peserta KB Pria https://goo.gl/fb/29o2vQ via KEC.SANDEN (infobantul),2017-03-09T05:20:22.000Z,
twitter,Kec. Sanden: Reward 1 Juta untuk Peserta KB Pria http://kec-sanden.bantulkab.go.id/berita/2017/03/reward-1-juta-untuk-peserta-kb-pria…,2017-03-09T05:20:03.000Z,
twitter,Reward 1 Juta untuk Peserta KB Pria https://goo.gl/fb/29o2vQ via KEC.SANDEN,2017-03-09T05:18:58.000Z,
twitter,Koran Memo - PIL KB KHUSUS PRIA AKAN DI PRODUKSI-http://koranmemo.com/pil-kb-khusus-pria-akan-di-produksi/…,2017-03-09T05:17:24.000Z,
twitter,Sstt! Pil KB untuk Pria Diproduksi Massal http://ift.tt/2mGbkVB,2017-03-08T17:02:08.000Z,
twitter,Pria di Duren Seribu Aktif Jadi Peserta KB http://dlvr.it/NXNRVW,2017-03-04T04:22:07.000Z,
twitter,#TuitDepok Pria di Duren Seribu Aktif Jadi Peserta KB #Depok #Tuit,2017-03-04T04:11:07.000Z,
twitter,#InfoDPK Pria di Duren Seribu Aktif Jadi Peserta KB http://dlvr.it/NXNHdt,2017-03-04T04:11:01.000Z,
twitter,Pria di Duren Seribu Aktif Jadi Peserta KB http://dlvr.it/NXNRVW,2017-03-04T04:22:07.000Z,
twitter,#TuitDepok Pria di Duren Seribu Aktif Jadi Peserta KB #Depok #Tuit,2017-03-04T04:11:07.000Z,
twitter,#InfoDPK Pria di Duren Seribu Aktif Jadi Peserta KB http://dlvr.it/NXNHdt,2017-03-04T04:11:01.000Z,
twitter,#beritaDepok Pria di Duren Seribu Aktif Jadi Peserta KB: Salah satu kegiatan Paguyuban KB… https://goo.gl/fb/knFskU,2017-03-04T04:06:59.000Z,
twitter,Akseptor Metode Kontrasepsi Jangka Panjang dan KB Pria masih Rendah http://borneonews.co.id/berita/54633-akseptor-metode-kontrasepsi-jangka-panjang-dan-kb-pria-masih-rendah…,2017-03-04T01:38:40.000Z,
twitter,"Menyapa Masyarakat, Paguyuban KB Pria Siwalan Mesra Gerebek Pasar http://petisi.co/menyapa-masyarakat-paguyuban-kb-pria-siwalan-mesra-gerebek-pasar/… lewat 
@tuxtheme",2017-03-03T08:53:40.000Z,
twitter,"KaskusBerita: Hebat, Peneliti Unair Mampu Formulasikan Pil KB untuk Pria https://goo.gl/fb/nDW45S #Kampus #breakingnewskampus",2017-03-03T03:33:15.000Z,
twitter,"Hebat, Peneliti Unair Mampu Formulasikan Pil KB untuk Pria http://dlvr.it/NWtZ9V",2017-03-03T02:35:06.000Z,
twitter,"Hebat, Peneliti Unair Mampu Formulasikan Pil KB untuk Pria http://dlvr.it/NWtSZq",2017-03-03T02:28:40.000Z,
twitter,"Hebat, Peneliti Unair Mampu Formulasikan Pil KB untuk Pria http://dlvr.it/NWtQFm",2017-03-03T02:26:03.000Z,
twitter,"#kampusnews Hebat, Peneliti Unair Mampu Formulasikan Pil KB untuk Pria http://dlvr.it/NWtQ87",2017-03-03T02:25:49.000Z,
twitter,"Hebat, Peneliti Unair Mampu Formulasikan Pil KB untuk Pria http://dlvr.it/NWtLVR",2017-03-03T02:20:14.000Z,
twitter,"RT Hebat, Peneliti Unair Mampu Formulasikan Pil KB untuk Pria http://dlvr.it/NWtJjt #followMe #follback",2017-03-03T02:18:20.000Z,
twitter,"#BreakingNews Hebat, Peneliti Unair Mampu Formulasikan Pil KB untuk Pria: Pil KB penting untuk menutaskan permasalahan yang… #followMe",2017-03-03T02:18:03.000Z,
twitter,"Hebat, Peneliti Unair Mampu Formulasikan Pil KB untuk Pria http://okz.me/CXJmm",2017-03-03T02:15:20.000Z,
twitter,"Takut Tak ''Berfungsi'', Pria Ogah Ikut KB - Jawa Pos (Siaran Pers) (Blog) https://goo.gl/fb/qpc4cW",2017-02-25T11:48:54.000Z,
twitter,"Takut Tak ''Berfungsi'', Pria Ogah Ikut KB - Jawa Pos (Siaran Pers) (Blog) https://goo.gl/fb/rwIvL5",2017-02-25T10:34:57.000Z,
twitter,"Takut Tak ''Berfungsi'', Pria Ogah Ikut KB - Jawa Pos (Siaran Pers) (Blog) https://goo.gl/fb/Wgpne7",2017-02-25T09:23:32.000Z,
twitter,"Tangerang Expo 23-27 feb 2017 Lapangan LP anak pria, Dinas P3AP2KB.. Buka Layanan Konseling KB
@dp3ap2kb
 
@Kota_Tangerang
 
@TangerangLIVE",2017-02-24T04:11:03.000Z,
twitter,Detik:  Ahok Resmikan RPTRA dan Kampung KB Baung Pasar Minggu http://dlvr.it/NS4kwd #NewsToday #DKK,2017-02-23T02:14:37.000Z,
twitter,#JogjaPers | newsrrijogja: Jumlah pria pasangan usia subur peserta KB di Hunungkidul yang menggunakan metode opera…,2017-02-20T10:07:37.000Z,
twitter,"Jumlah pria pasangan usia subur di Gunungkidul mencapai 101 ribu orang, namun yang menjadi peserta KB dengan metode operasi pria 512 orang",2017-02-20T10:03:50.000Z,
twitter,Jumlah pria pasangan usia subur peserta KB di Hunungkidul yang menggunakan metode operasi pria di bawah jenis alat kontrasepsi lain.,2017-02-20T10:02:37.000Z,
twitter,Tingkat keikutsertaan para pria di Gunungkidul untuk menjadi peserta KB dengan metode operasi pria sangat rendah.,2017-02-20T10:01:21.000Z,
twitter,"ANGGOTA KODIM 0732/SLEMAN HADIRI RAKOR MOTIVATOR KB PRIA TINGKAT KABUPATEN
https://facebook.com/Kodam-IVDiponegoro-1821116584843831/…",2017-02-16T03:47:03.000Z,
twitter,"Ini KB suntik untuk pria, diklaim terbukti efektif http://makassarterkini.com/berita/6724/ini-kb-suntik-untuk-pria-diklaim-terbukti-efektif…",2017-02-14T07:54:12.000Z,
twitter,"Ini KB suntik untuk pria, diklaim terbukti efektif http://makassarterkini.com/berita/6724/ini-kb-suntik-untuk-pria-diklaim-terbukti-efektif…",2017-02-14T07:40:15.000Z,
twitter,"Gandarusa, Potensial untuk KB Alami untuk Pria http://omkepo.com/kesehatan/pria/gandarusa-potensial-untuk-kb-alami-untuk-pria…",2017-02-11T19:53:08.000Z,
twitter,"Kabar Baru Dunia Medis, KB Suntik Pria Terbukti Efektif! http://ift.tt/2lv1mlo",2017-02-10T08:25:09.000Z,
twitter,"Kabar Baru Dunia Medis, KB Suntik Pria Terbukti Efektif! http://dlvr.it/NLBD7m",2017-02-10T08:17:41.000Z,
twitter,"Uji Coba ""KB Suntik"" untuk Pria Terbukti Efektif http://kom.ps/AFvyTF",2017-02-09T07:20:09.000Z,
twitter,KB Suntik Cocok Diterapkan untuk Kaum Pria http://dlvr.it/NKdjWZ,2017-02-09T05:20:07.000Z,
twitter,"Uji Coba ""KB Suntik"" untuk Pria Terbukti Efektif http://dlvr.it/NKVbqX",2017-02-08T21:30:45.000Z,
twitter,"Uji Coba ""KB Suntik"" untuk Pria Terbukti Efektif http://news.semarang-id.com/NKVbpC",2017-02-08T21:30:44.000Z,
twitter,"Uji Coba ""KB Suntik"" untuk Pria Terbukti Efektif http://fb.me/1UYVD6F6Z",2017-02-08T12:36:09.000Z,
twitter,#SN_News: Uji Coba 'KB Suntik' untuk Pria Terbukti Efektif http://ift.tt/2kNqw2b,2017-02-08T12:31:01.000Z,
twitter,Uji Coba 'KB Suntik' untuk Pria Terbukti Efektif http://dlvr.it/NKGl9C,2017-02-08T11:54:38.000Z,
twitter,"Uji Coba ""KB Suntik"" untuk Pria Terbukti Efektif - http://KOMPAS.com http://dlvr.it/NKGS9w",2017-02-08T11:38:35.000Z,
twitter,Para Ahli Siapkan Alat KB Suntik Untuk Pria. Begini Cara Kerjanya http://dlvr.it/NKCcpQ,2017-02-08T09:16:07.000Z,
twitter,Para Ahli Siapkan Alat KB Suntik Untuk Pria. Begini Cara Kerjanya http://dlvr.it/NKCcbD,2017-02-08T09:16:04.000Z,
twitter,"Uji Coba ""KB Suntik"" untuk Pria Terbukti Efektif .. http://manadokota.com/?open=content&id=957…",2017-02-08T09:15:01.000Z,
twitter,"#TuitLampung Monyet Jadi Uji Coba Suntik KB Pria, Ini Hasilnya #Lampung #Tuit",2017-02-08T08:54:51.000Z,
twitter,Para Ahli Siapkan Alat KB Suntik Untuk Pria. Begini Cara Kerjanya http://dlvr.it/NKCcpQ,2017-02-08T09:16:07.000Z,
twitter,Para Ahli Siapkan Alat KB Suntik Untuk Pria. Begini Cara Kerjanya http://dlvr.it/NKCcbD,2017-02-08T09:16:04.000Z,
twitter,"Uji Coba ""KB Suntik"" untuk Pria Terbukti Efektif .. http://manadokota.com/?open=content&id=957…",2017-02-08T09:15:01.000Z,
twitter,"#TuitLampung Monyet Jadi Uji Coba Suntik KB Pria, Ini Hasilnya #Lampung #Tuit",2017-02-08T08:54:51.000Z,
twitter,"kompascom: Uji Coba ""KB Suntik"" untuk Pria Terbukti Efektif. http://kom.ps/AFvyGo",2017-02-08T08:16:26.000Z,
twitter,"@ArbianSuryana RT 
@kompascom
: Uji Coba ""KB Suntik"" untuk Pria Terbukti Efektif. http://kom.ps/AFvyGo",2017-02-08T08:13:22.000Z,
twitter,"Benerkah?! ""
@kompascom
: Uji Coba ""KB Suntik"" untuk Pria Terbukti Efektif. http://kom.ps/AFvyGo""",2017-02-08T08:08:55.000Z,
twitter,"Uji Coba ""KB Suntik"" untuk Pria Terbukti Efektif. http://kom.ps/AFvyGo",2017-02-08T08:08:03.000Z,
twitter,"Uji Coba ""KB Suntik"" untuk Pria Terbukti Efektif. http://kom.ps/AFvyGo",2017-02-08T08:06:04.000Z,
twitter,Wanita yg mengonsumsi pil KB menjadi lebih tertarik dgn pria yg berwajah feminin dibandingkan pria yg berwajah maskulin. [huffingtonpost],2017-02-07T15:59:25.000Z,
twitter,Wanita yg mengonsumsi pil KB menjadi lebih tertarik dgn pria yg berwajah feminin dibandingkan pria yg berwajah maskulin. [huffingtonpost],2017-02-07T15:55:26.000Z,
twitter,Wanita yg mengonsumsi pil KB menjadi lebih tertarik dgn pria yg berwajah feminin dibandingkan pria yg berwajah maskulin. [huffingtonpost],2017-02-07T15:54:24.000Z,
twitter,Wanita yg mengonsumsi pil KB menjadi lebih tertarik dgn pria yg berwajah feminin dibandingkan pria yg berwajah maskulin. [huffingtonpost],2017-02-07T15:52:25.000Z,
twitter,Wanita yg mengonsumsi pil KB menjadi lebih tertarik dgn pria yg berwajah feminin dibandingkan pria yg berwajah maskulin. [huffingtonpost],2017-02-07T15:52:11.000Z,
twitter,#Fakta Wanita yg mengonsumsi pil KB menjadi lebih tertarik dgn pria yg berwajah feminin dibandingkan pria yg berwajah maskulin. [huffington…,2017-02-07T15:51:17.000Z,
twitter,Wanita yg mengonsumsi pil KB menjadi lebih tertarik dgn pria yg berwajah feminin dibandingkan pria yg berwajah maskulin. [huffingtonpost],2017-02-07T15:51:00.000Z,
twitter,"Syarat Pendaftaran
Bintara Polisi (Pria dan Wanita)

Persyaratan Umum :

warga Negara Indonesia (pria atau... http://fb.me/3rdEqZNuU",2017-02-07T01:01:23.000Z,
twitter,Di Barito Selatan tak Ada yang Berminat Ikut KB Metode Operasi Pria https://goo.gl/nmHpN3,2017-02-05T09:41:15.000Z,
twitter,Di Barito Selatan tak Ada yang Berminat Ikut KB Metode Operasi Pria https://goo.gl/nmHpN3,2017-02-05T09:41:15.000Z,
twitter,"We're in a #Mental_Abyss, KB 
@Batdots
 Medical Aid, Health, Medical Professionals all are in the same #ABYSS - RockBottom 
@DrABChandorkar",2017-01-25T03:19:16.000Z,
twitter,#Fakta Wanita yg mengonsumsi pil KB menjadi lebih tertarik dgn pria yg berwajah feminin dibandingkan pria yg berwajah maskulin.,2017-01-22T02:00:46.000Z,
twitter,"Tribun: 10 Kali Setubuhi Gadis 17 Tahun, Aborsi Hingga Dicekoki Pil KB, Oknum Polisi Ini Minta… http://dlvr.it/N8hnl9 #NewsToday #DKK",2017-01-20T00:51:33.000Z,
twitter,"Batik Waskito KB 59049 Long Sleeve Silk Shirt Batik Pria - Maroon #blibli, product http://ift.tt/2j8Qzx7",2017-01-09T10:25:12.000Z,
twitter,"Batik Waskito KB 59049 Long Sleeve Silk Shirt Batik Pria- Red #blibli, product http://ift.tt/2i33Km7",2017-01-08T15:35:14.000Z,
twitter,Muslim Wajib Tau !! Pria ini bertanya Mengapa Umat Islam Mengelilingi Ka’bah? dan Jawaban Dr Zakir Naik membuat... http://fb.me/8ecmDh2Vr,2017-01-03T17:19:18.000Z,
twitter,"Km yg siaga bhkn nawarin diri buat bantu apapun yg kamu bisa bantu, km bantu buat ktm ketua satpol PP (ketua komunitas KB Pria) KA PLKB",2017-01-02T04:54:34.000Z,
twitter,how was ya christmas KB?,2016-12-27T18:25:04.000Z,
twitter,"Edan... Ibu Ini Beri Pil KB ke Putrinya yang Masih Berusia 13 Tahun, Lalu Dijual pada 2 Pria Hidung Belang https://goo.gl/68pgO9 #GoAceh",2016-12-21T04:58:09.000Z,
twitter,"Edan... Ibu Ini Beri Pil KB ke Putrinya yang Masih Berusia 13 Tahun, Lalu Dijual pada 2 Pria Hidung Belang https://goo.gl/1Fp6zG ...",2016-12-20T19:21:16.000Z,
twitter,"Edan... Ibu Ini Beri Pil KB ke Putrinya yang Masih Berusia 13 Tahun, Lalu Dijual pada 2 Pria Hidung Belang https://goo.gl/tU7XAH ...",2016-12-20T17:10:25.000Z,
twitter,"Edan... Ibu Ini Beri Pil KB ke Putrinya yang Masih Berusia 13 Tahun, Lalu Dijual pada 2 Pria Hidung Belang https://goo.gl/yeIZWW ...",2016-12-20T17:03:29.000Z,
twitter,"Edan... Ibu Ini Beri Pil KB ke Putrinya yang Masih Berusia 13 Tahun, Lalu Dijual pada 2 Pria Hidung Belang https://goo.gl/QoABf8 ...",2016-12-20T17:02:07.000Z,
twitter,"Edan... Ibu Ini Beri Pil KB ke Putrinya yang Masih Berusia 13 Tahun, Lalu Dijual pada 2 Pria Hidung Belang https://goo.gl/9qL5jg ...",2016-12-20T16:58:56.000Z,
twitter,"Edan... Ibu Ini Beri Pil KB ke Putrinya yang Masih Berusia 13 Tahun, Lalu Dijual pada 2 Pria Hidung Belang https://goo.gl/E20Rtp ...",2016-12-20T16:58:31.000Z,
twitter,Wanita yg mengonsumsi pil KB menjadi lebih tertarik dgn pria yg berwajah feminin dibandingkan pria yg berwajah maskulin. [huffingtonpost],2016-12-20T00:53:12.000Z,
twitter,Wanita yg mengonsumsi pil KB menjadi lebih tertarik dgn pria yg berwajah feminin dibandingkan pria yg berwajah maskulin. [huffingtonpost],2016-12-18T02:21:01.000Z,
twitter,"Artikel #OramiMagazine ter-populer no. 4 di minggu ini: Vasektomi & Tubektomi, KB Permanen untuk Pria dan Wanita > http://bit.ly/2hVlZWd",2016-12-17T08:01:00.000Z,
twitter,"Artikel #OramiMagazine ter-populer no. 4 di minggu ini: Vasektomi & Tubektomi, KB Permanen untuk Pria dan Wanita > http://bit.ly/2hVlZWd",2016-12-17T08:01:00.000Z,
twitter,Sering Minum Pil KB? Ternyata Tentukan Seberapa Sering Bercinta http://dlvr.it/MtpZSr,2016-12-15T13:02:44.000Z,
twitter,Waduh!! Inilah Dampak Buruk Jika Istri Memakai KB. Coba Baca Ini Jika Kamu Pernah Pakai!  http://ln.is/blogspot.co.id/Sm2R6…,2016-12-14T12:59:33.000Z,
twitter,"7.Berbeda dengan KB yang mungkin masih mendapatkan keturuan, vasektomi secara otomatis membuat pria tidak dapat menghamili wanita #RabuSehat",2016-12-14T03:29:45.000Z,
twitter,"3.Vasektomi adalah operasi yang dilakukan khusus untuk kaum pria. Berbeda dengan KB, baik pil/suntik yang dilakukan kaum wanita  #RabuSehat",2016-12-14T03:27:47.000Z,
twitter,"#KesehatanPria - Vasektomi yaitu operasi kecil yang dilakukan khusus untuk pria. Berbeda dengan KB, baik pil/suntik! http://ht.ly/DpX83074bEe",2016-12-13T10:50:12.000Z,
twitter,"#KesehatanPria - Vasektomi yaitu operasi kecil yang dilakukan khusus untuk pria. Berbeda dengan KB, baik pil/suntik! http://ht.ly/ACB93074bGa",2016-12-13T02:58:45.000Z,
twitter,"Mobil Unit Pelayanan KB (MUYAN) hari ini, 11 Des 2016, melayani akseptor KB Pria di Puskesmas… https://instagram.com/p/BN3hJBFhrIk/",2016-12-11T06:52:13.000Z,
twitter,Wanita yg mengonsumsi pil KB menjadi lebih tertarik dgn pria yg berwajah feminin dibandingkan pria yg berwajah maskulin. [huffingtonpost],2016-12-08T19:30:11.000Z,
twitter,"Bupati Pandeglang Hj. Irna Narulita meninjau pelaksaan pemasangan KB, yakni Implan dan Metoda Operasi Pria (MOP).",2016-12-06T12:55:31.000Z,
twitter,BKKBN Kalteng Terus Berupaya Kuatkan Pembinaan Kesetaraan KB Pria http://antarakalteng.com/berita/259964/bkkbn-kalteng-terus-berupaya-kuatkan-pembinaan-kesetaraan-kb-pria…,2016-12-02T02:18:27.000Z,
twitter,BKKBN Kalteng Terus Berupaya Kuatkan Pembinaan Kesetaraan KB Pria http://dlvr.it/MnX1M2,2016-12-02T00:13:35.000Z,
twitter,Tribun: Korban Pencabulan Ayah Kandung Ini Lima Kali Suntik KB http://dlvr.it/MmnXgd #NewsToday #DKK,2016-11-30T07:03:12.000Z,
twitter,"Vasalgel, 'Pil KB Pria' yang Akan Diluncurkan Sebelum 2020 :
http://kabar6.com/aneka/busyet-dah/25989-vasalgel-pil-kb-pria-yang-akan-diluncurkan-sebelum-2020…",2016-11-30T03:59:25.000Z,
twitter,"Sosialisasi MOP, bentuk peningkatan partisipasi KB Pria, desa Karangjoho kec. Pengadegan,26/11/2016",2016-11-29T06:18:13.000Z,
twitter,from you yeah.. KB done got cuffed!!,2016-11-26T07:04:02.000Z,
twitter,"@EibiZein
 banyak anak, termasuk dlm kategori pria tidak taat KB ",2016-11-24T23:52:39.000Z,
twitter,"Hadiah Rp1,5 Juta untuk Peserta KB Pria http://ow.ly/4jqK306tHt4",2016-11-24T16:01:09.000Z,
twitter,"Hadiah Rp1,5 Juta untuk Peserta KB Pria http://ht.ly/ceyY306tHx5",2016-11-24T16:01:09.000Z,
twitter,"Hadiah Rp1,5 Juta untuk Peserta KB Pria http://ow.ly/EUTR306tHBY",2016-11-24T16:01:09.000Z,
twitter,"Hadiah Rp1,5 Juta untuk Peserta KB Pria http://ht.ly/jVli306tHOO",2016-11-24T14:10:20.000Z,
twitter,"Hadiah Rp1,5 Juta untuk Peserta KB Pria http://ow.ly/myeQ306tHLE",2016-11-24T14:10:19.000Z,
twitter,Mengenal program vasektomi atau KB dengan metode operasi pria (MOP) http://bit.ly/2gnJvvD #MediaSehat,2016-11-24T13:15:01.000Z,
twitter,"Hadiah Rp1,5 Juta untuk Peserta KB Pria http://ht.ly/bFbD306tBMw",2016-11-24T12:25:07.000Z,
twitter,"Hadiah Rp1,5 Juta untuk Peserta KB Pria http://ow.ly/RkuH306tHTM",2016-11-24T11:55:09.000Z,
twitter,"Hadiah Rp1,5 Juta untuk Peserta KB Pria http://ht.ly/8GQ9306tCju",2016-11-24T11:05:11.000Z,
twitter,"Hadiah Rp1,5 Juta untuk Peserta KB Pria http://ow.ly/gcvd306tFqk",2016-11-24T09:20:09.000Z,
twitter,"Hadiah Rp1,5 Juta untuk Peserta KB Pria http://ht.ly/mUKn306tFyc",2016-11-24T09:20:09.000Z,
twitter,"Hadiah Rp1,5 Juta untuk Peserta KB Pria http://ht.ly/CtXa306tFm4",2016-11-24T09:20:09.000Z,
twitter,"Hadiah Rp1,5 Juta untuk Peserta KB Pria http://ow.ly/t6Y0306tCoy",2016-11-24T09:15:09.000Z,
twitter,"Peserta KB Pria Akan Mendapat Hadiah Rp1,5 Juta MediaSehat http://bit.ly/2fHyF2l",2016-11-24T07:40:29.000Z,
twitter,"Peserta KB Pria Akan Mendapat Hadiah Rp1,5 Juta MediaSehat http://bit.ly/2fHyF2l",2016-11-24T07:40:29.000Z,
twitter,"Peserta KB Pria Akan Mendapat Hadiah Rp1,5 Juta 
@MediaSehat
 http://bit.ly/2fHyF2l",2016-11-24T07:40:00.000Z,
twitter,"Hadiah Rp1,5 Juta untuk Peserta KB Pria http://ow.ly/LT7K306tFE8",2016-11-24T07:25:06.000Z,
twitter,"Hadiah Rp1,5 Juta untuk Peserta KB Pria http://ht.ly/PSuO306tFHO",2016-11-24T07:25:05.000Z,
twitter,"Hadiah Rp1,5 Juta untuk Peserta KB Pria http://ht.ly/BSFr306tCS7",2016-11-24T07:15:07.000Z,
twitter,"Hadiah Rp1,5 Juta untuk Peserta KB Pria http://ht.ly/n7dy306tCHS",2016-11-24T07:15:07.000Z,
twitter,"Hadiah Rp1,5 Juta untuk Peserta KB Pria http://ow.ly/Xytp306tFVF",2016-11-24T05:35:05.000Z,
twitter,"Hadiah Rp1,5 Juta untuk Peserta KB Pria http://ow.ly/57Yf306tD7O",2016-11-24T05:25:04.000Z,
twitter,"Peserta KB dengan metode operasi pria (MOP) akan mendapatkan Rp1,5 Juta http://bit.ly/2gnJvvD #MediaSehat",2016-11-24T05:15:00.000Z,
twitter,BKKBN: Adat ikut mempengaruhi minat pria ikut KB http://dlvr.it/MkYkmP #Papua #Papua,2016-11-24T04:05:08.000Z,
twitter,BKKBN: Adat ikut mempengaruhi minat pria ikut KB http://dlvr.it/MkYkkh,2016-11-24T04:05:07.000Z,
twitter,"Hadiah Rp1,5 Juta untuk Peserta KB Pria http://ift.tt/2g5CI99",2016-11-24T01:20:06.000Z,
twitter,"Hadiah Rp1,5 Juta untuk Peserta KB Pria http://ift.tt/2g5CI99",2016-11-24T01:06:05.000Z,
twitter,Padahal die Laki-laki(Pria) tapi  ngape lalu suntik KB ii.,2016-11-23T05:24:49.000Z,
twitter,"Pil KB utk pria sdg dlm riset.
Varian KB pria bru kondom dan Vasektomi,shg wanita msh mjd penopang suksesnya KB.",2016-11-21T07:11:43.000Z,
twitter,Wanita yg mengonsumsi pil KB menjadi lebih tertarik dgn pria yg berwajah feminin dibandingkan pria yg berwajah maskulin. [huffingtonpost],2016-11-16T04:29:21.000Z,
twitter,"BKKBN: Jangan Khawatir, Kini Pil KB Pria Sudah Ada.! | http://VIVASIANA.COM 

SEBARKANLAH.! http://fb.me/4Iazn8rJ6",2016-11-15T04:00:03.000Z,
twitter,Bhabinkamtibmas Ikuti Integrasi Kampung KB BKKBN - Halo Dunia http://fb.me/1A32vsfxM,2016-11-14T10:43:14.000Z,
twitter,"Peminat KB Vasektomi di Bangilan Minim

Reporter: Mochamad Nur Rofiq

blokTubancom - Para pria di Kecamatan... http://fb.me/1BOMam810",2016-11-11T05:42:35.000Z,
twitter,Wanita yg mengonsumsi pil KB menjadi lebih tertarik dgn pria yg berwajah feminin dibandingkan pria yg berwajah maskulin. [huffingtonpost],2016-11-08T20:55:11.000Z,
twitter,"BKKBN: Jangan Khawatir, Pil KB Pria Sudah Ada http://fb.me/7k0vgpb2F",2016-11-08T20:38:59.000Z,
twitter,sisi.. Efektivitas KB suntik bagi pria mencapai 96 persen - BeritagarID http://dlvr.it/McJL25 ..perempuan,2016-11-07T11:14:37.000Z,
twitter,"Sebuah studi mengungkapkan, efektivitas KB suntik bagi pria mencapai 96 persen https://goo.gl/q8cxt3",2016-11-06T08:00:24.000Z,
twitter,"betul, negara dirusak, lewat,finance, food, fashion, gaya hidup , pembodohan ,rokok/narkoba, pil kb pria..dst",2016-11-05T13:08:35.000Z,
twitter,Sudah Adakah Pil KB untuk Pria? http://dlvr.it/MZtyrW #NewsUpdate,2016-11-03T07:37:49.000Z,
twitter,Sudah Adakah Pil KB untuk Pria? http://dlvr.it/MZtspl,2016-11-03T07:30:07.000Z,
twitter,okezonenews : Sudah Adakah Pil KB untuk Pria? http://okz.me/W9DR … https://x.com/okezonenews/status/794078063583776768…),2016-11-03T07:28:12.000Z,
twitter,Sudah Adakah Pil KB untuk Pria? http://okz.me/W9DR,2016-11-03T07:25:38.000Z,
twitter,"BKKBN: Jangan Khawatir, Pil KB Pria Sudah Ada http://fb.me/14dNuE74i",2016-11-03T01:24:00.000Z,
twitter,"BKKBN: Jangan Khawatir, Pil KB Pria Sudah Ada http://fb.me/44iGQVbO2",2016-11-02T14:14:01.000Z,
twitter,"BKKBN: Jangan Khawatir, Pil KB Pria Sudah Ada http://fb.me/75mvn5Fs0",2016-11-02T12:17:45.000Z,
twitter,"Pelayanan KB Pria MOP di KKB Puskesmas Bobotsari, calon aksara dari ds Cipaku, kec. Merembet, 2/11/2016",2016-11-02T10:27:09.000Z,
twitter,"Pelayanan KB Pria MOP di KKB Puskesmas Bobotsari, calon aksara dari ds Cipaku, kec. Merembet, 2/11/2016",2016-11-02T10:27:09.000Z,
twitter,"[Konawe] Ayo Ikut KB Pria, Gratis dan Diberi Uang Pula http://dlvr.it/MZWPjJ",2016-11-02T07:45:13.000Z,
twitter,"BKKBN: Jangan Khawatir, Pil KB Pria Sudah Ada http://fb.me/1vz4yW8Ll",2016-11-01T14:40:59.000Z,
twitter,"BKKBN: Jangan Khawatir, Pil KB Pria Sudah Ada http://fb.me/4UTkYV4xc",2016-11-01T14:28:31.000Z,
twitter,"BKKBN: Jangan Khawatir, Pil KB Pria Sudah Ada http://fb.me/1HAjyOOEK",2016-11-01T13:09:44.000Z,
twitter,"BKKBN: Jangan Khawatir, Pil KB Pria Sudah Ada http://fb.me/VhS8vZB8",2016-11-01T11:57:08.000Z,
twitter,"Hahh..  Segera launching pil KB khusus pria??? Beneran aaja, wah bahaya bisa2 disalahgunakan..",2016-11-01T11:46:40.000Z,
twitter,"BKKBN: Jangan Khawatir, Pil KB Pria Sudah Ada http://fb.me/5aSeUtqks",2016-11-01T01:26:51.000Z,
twitter,Pria yang tewas ditembak di KB Gembira Loka bernama Nanang - http://merdeka.com http://dlvr.it/MZ1D2J,2016-10-31T21:13:03.000Z,
twitter,Pria yang tewas ditembak di KB Gembira Loka bernama Nanang - http://merdeka.com http://dlvr.it/MZ0xQh,2016-10-31T20:51:08.000Z,
twitter,Pria yang tewas ditembak di KB Gembira Loka bernama Nanang - http://merdeka.com http://bit.ly/2efRGKM,2016-10-31T20:26:07.000Z,
twitter,Pria yang tewas ditembak di KB Gembira Loka bernama Nanang - http://merdeka.com http://dlvr.it/MZ05Hk,2016-10-31T19:46:05.000Z,
twitter,Pria yang tewas ditembak di KB Gembira Loka bernama Nanang - http://merdeka.com http://dlvr.it/MYzvf4,2016-10-31T19:31:05.000Z,
twitter,Pria yang tewas ditembak di KB Gembira Loka bernama Nanang: Pria yang tewas ditembak di KB Gembira Loka berna... http://bit.ly/2eMHydk,2016-10-31T16:06:14.000Z,
twitter,"Dalam siaran pers ScienceDaily, studi telah  membuktikan bahwa pria juga dapat melakukan KB untuk menunda kehamilan pasangan mereka #StayFit",2016-10-31T15:47:22.000Z,
twitter,Pria yang tewas ditembak di KB Gembira Loka bernama Nanang http://dlvr.it/MYwXkX,2016-10-31T15:46:33.000Z,
twitter,Pria yang tewas ditembak di KB Gembira Loka bernama Nanang http://dlvr.it/MYwVLL,2016-10-31T15:43:07.000Z,
twitter,Pria yang tewas ditembak di KB Gembira Loka bernama Nanang http://dlvr.it/MYwVJj,2016-10-31T15:43:07.000Z,
twitter,Pria yang tewas ditembak di KB Gembira Loka bernama Nanang http://dlvr.it/MYwVHm,2016-10-31T15:43:06.000Z,
twitter,Pria yang tewas ditembak di KB Gembira Loka bernama Nanang http://dlvr.it/MYwVGc,2016-10-31T15:43:06.000Z,
twitter,Pria yang tewas ditembak di KB Gembira Loka bernama Nanang http://dlvr.it/MYwV9k,2016-10-31T15:43:05.000Z,
twitter,Pria yang tewas ditembak di KB Gembira Loka bernama Nanang http://dlvr.it/MYwVBt,2016-10-31T15:43:05.000Z,
twitter,Pria yang tewas ditembak di KB Gembira Loka bernama Nanang http://dlvr.it/MYwV9y,2016-10-31T15:43:04.000Z,
twitter,Pria yang tewas ditembak di KB Gembira Loka bernama Nanang http://dlvr.it/MYwV7d,2016-10-31T15:43:04.000Z,
twitter,Pria yang tewas ditembak di KB Gembira Loka bernama Nanang http://dlvr.it/MYwTzQ,2016-10-31T15:42:36.000Z,
twitter,Pria yang tewas ditembak di KB Gembira Loka bernama Nanang http://dlvr.it/MYwTxG,2016-10-31T15:42:35.000Z,
twitter,Pria yang tewas ditembak di KB Gembira Loka bernama Nanang http://ift.tt/2erxt2g,2016-10-31T15:22:29.000Z,
twitter,CintraNewsIndonesia Perlunya KB Untuk Pria BPMPPKB Gencarkan Sosialisasi https://goo.gl/fb/bNZeZp,2016-10-31T14:24:54.000Z,
twitter,"BKKBN: Jangan Khawatir, Pil KB Pria Sudah Ada http://fb.me/30PUaKrT8",2016-10-29T12:14:05.000Z,
twitter,"KB pria solusi bagi wanita yang ogah jerawatan, gendut ataupun sakit perut akibat IUD. :))",2016-10-28T10:31:53.000Z,
twitter,Batik Waskito Long Sleeve Silk Shirt KB 850322 Turqoise Kemeja Batik Pria | http://Blibli.com https://blibli.com/batik-waskito-long-sleeve-silk-shirt-kb-850322-turqoise-kemeja-batik-pria-BAW.23908.00005.htm…,2016-10-27T08:35:47.000Z,
twitter,Batik Waskito Long Sleeve Baron Silk Shirt KB 28831 Grey Baju Batik Pria | http://Blibli.com https://blibli.com/batik-waskito-long-sleeve-baron-silk-shirt-kb-28831-grey-baju-batik-pria-BAW.23908.00062.htm…,2016-10-27T07:19:52.000Z,
twitter,Batik Waskito Long Sleeve Silk Shirt KB 850322 Turqoise Kemeja Batik Pria | http://Blibli.com https://blibli.com/batik-waskito-long-sleeve-silk-shirt-kb-850322-turqoise-kemeja-batik-pria-BAW.23908.00005.htm…,2016-10-27T07:19:32.000Z,
twitter,Batik Waskito KB 59049 Long Sleeve Silk Shirt Batik Pria - Maroon | http://Blibli.com https://blibli.com/batik-waskito-kb-59049-long-sleeve-silk-shirt-batik-pria-maroon-BAW.23908.00067.htm…,2016-10-26T07:44:36.000Z,
twitter,"@"" Pria Tampan Bukan Tidak Subur tapi Mau Subur sudah Di Pasang KB sekarang Mulai utk Membuka kesuburan utk Mwujudkn keluarga bahagia.",2016-10-25T13:03:45.000Z,
twitter,Batik Waskito KB 59049 Long Sleeve Silk Shirt Batik Pria - Maroon | http://Blibli.com https://blibli.com/batik-waskito-kb-59049-long-sleeve-silk-shirt-batik-pria-maroon-BAW.23908.00067.htm…,2016-10-24T04:11:27.000Z,
twitter,Batik Waskito Short Sleeve Silk Shirt KB 10489 Blue Kemeja Batik Pria | http://Blibli.com https://blibli.com/batik-waskito-short-sleeve-silk-shirt-kb-10489-blue-kemeja-batik-pria-BAW.23908.00017.htm…,2016-10-23T08:15:33.000Z,
twitter,Batik Waskito Long Sleeve Baron Silk Shirt KB 28831 Blue Baju Batik Pria | http://Blibli.com https://blibli.com/batik-waskito-long-sleeve-baron-silk-shirt-kb-28831-blue-baju-batik-pria-BAW.23908.00058.htm…,2016-10-23T08:03:25.000Z,
twitter,Batik Waskito Long Sleeve Silk Shirt KB 850322 Turqoise Kemeja Batik Pria | http://Blibli.com https://blibli.com/batik-waskito-long-sleeve-silk-shirt-kb-850322-turqoise-kemeja-batik-pria-BAW.23908.00005.htm…,2016-10-27T08:35:47.000Z,
twitter,Batik Waskito Long Sleeve Baron Silk Shirt KB 28831 Grey Baju Batik Pria | http://Blibli.com https://blibli.com/batik-waskito-long-sleeve-baron-silk-shirt-kb-28831-grey-baju-batik-pria-BAW.23908.00062.htm…,2016-10-27T07:19:52.000Z,
twitter,Batik Waskito Long Sleeve Silk Shirt KB 850322 Turqoise Kemeja Batik Pria | http://Blibli.com https://blibli.com/batik-waskito-long-sleeve-silk-shirt-kb-850322-turqoise-kemeja-batik-pria-BAW.23908.00005.htm…,2016-10-27T07:19:32.000Z,
twitter,Batik Waskito KB 59049 Long Sleeve Silk Shirt Batik Pria - Maroon | http://Blibli.com https://blibli.com/batik-waskito-kb-59049-long-sleeve-silk-shirt-batik-pria-maroon-BAW.23908.00067.htm…,2016-10-26T07:44:36.000Z,
twitter,"@"" Pria Tampan Bukan Tidak Subur tapi Mau Subur sudah Di Pasang KB sekarang Mulai utk Membuka kesuburan utk Mwujudkn keluarga bahagia.",2016-10-25T13:03:45.000Z,
twitter,Batik Waskito KB 59049 Long Sleeve Silk Shirt Batik Pria - Maroon | http://Blibli.com https://blibli.com/batik-waskito-kb-59049-long-sleeve-silk-shirt-batik-pria-maroon-BAW.23908.00067.htm…,2016-10-24T04:11:27.000Z,
twitter,Batik Waskito Short Sleeve Silk Shirt KB 10489 Blue Kemeja Batik Pria | http://Blibli.com https://blibli.com/batik-waskito-short-sleeve-silk-shirt-kb-10489-blue-kemeja-batik-pria-BAW.23908.00017.htm…,2016-10-23T08:15:33.000Z,
twitter,Batik Waskito Long Sleeve Baron Silk Shirt KB 28831 Blue Baju Batik Pria | http://Blibli.com https://blibli.com/batik-waskito-long-sleeve-baron-silk-shirt-kb-28831-blue-baju-batik-pria-BAW.23908.00058.htm…,2016-10-23T08:03:25.000Z,
twitter,Batik Waskito Long Sleeve Baron Silk Shirt KB 28831 Grey Baju Batik Pria | http://Blibli.com https://blibli.com/batik-waskito-long-sleeve-baron-silk-shirt-kb-28831-grey-baju-batik-pria-BAW.23908.00062.htm…,2016-10-23T06:40:04.000Z,
twitter,Batik Waskito Long Sleeve Baron Silk Shirt KB 28831 Grey Baju Batik Pria | http://Blibli.com https://blibli.com/batik-waskito-long-sleeve-baron-silk-shirt-kb-28831-grey-baju-batik-pria-BAW.23908.00062.html…,2016-10-21T08:43:05.000Z,
twitter,Wanita yg mengonsumsi pil KB menjadi lebih tertarik dgn pria yg berwajah feminin dibandingkan pria yg ber... http://bit.ly/2ey4auN ^.^,2016-10-20T22:47:59.000Z,
twitter,Wanita yg mengonsumsi pil KB menjadi lebih tertarik dgn pria yg berwajah feminin dibandingkan pria yg berw... http://bit.ly/2ey3zZY %/,2016-10-20T22:47:54.000Z,
twitter,Wanita yg mengonsumsi pil KB menjadi lebih tertarik dgn pria yg berwajah feminin dibandingkan pria yg berwa... http://bit.ly/2ey4auN *,2016-10-20T22:47:45.000Z,
twitter,Wanita yg mengonsumsi pil KB menjadi lebih tertarik dgn pria yg berwajah feminin dibandingkan pria yg ber... http://bit.ly/2ey3zZY ***,2016-10-20T22:47:43.000Z,
twitter,Wanita yg mengonsumsi pil KB menjadi lebih tertarik dgn pria yg berwajah feminin dibandingkan pria yg berwajah maskulin. [huffingtonpost],2016-10-20T16:51:43.000Z,
twitter,Wanita yg mengonsumsi pil KB menjadi lebih tertarik dgn pria yg berwajah feminin dibandingkan pria yg berwajah maskulin. [huffingtonpost],2016-10-20T16:51:08.000Z,
twitter,Pria ikut KB dapat Rp 2 juta http://elshinta.com/news/83756/2016/10/19/pria-ikut-kb-dapat-rp-2-juta… … https://pic.x.com/63byzYd20E,2016-10-19T13:22:27.000Z,
twitter,Pria Harus Ikut KB Vasektomi Karena Lebih Praktis http://tribun-maluku.com/2016/10/pria-harus-ikut-kb-vasektomi-karena.html?utm_source=dlvr.it&utm_medium=twitter… #Kependudukan,2016-10-18T19:18:06.000Z,
twitter,Pria Harus Ikut KB Vasektomi Karena Lebih Praktis http://bit.ly/2eClmUW,2016-10-18T18:27:04.000Z,
twitter,Pria Harus Ikut KB Vasektomi Karena Lebih Praktis http://bit.ly/2eClmUW,2016-10-18T18:27:04.000Z,
twitter,Pria Harus Ikut KB Vasektomi Karena Lebih Praktis https://goo.gl/fb/xJUem7 #kependudukan,2016-10-18T18:27:03.000Z,
twitter,PK/B Kanaan Asabri Raih Hasil Memuaskan di HUT PKB Sinode: Pria/Kaum Bapa (P/KB) Jemaat GMIM Kanaan Asabri De... http://bit.ly/2ehHdNP,2016-10-18T16:51:15.000Z,
twitter,PK/B Kanaan Asabri Raih Hasil Memuaskan di HUT PKB Sinode: Pria/Kaum Bapa (P/KB) Jemaat GMIM Kanaan Asabri De... http://bit.ly/2ehHdNP,2016-10-18T16:51:15.000Z,
twitter,PK/B Kanaan Asabri Raih Hasil Memuaskan di HUT PKB Sinode: Pria/Kaum Bapa (P/KB) Jemaat GMIM Kanaan Asabri De... http://bit.ly/2ehDKyJ,2016-10-18T16:51:14.000Z,
twitter,Pria ikut KB dapat Rp 2 juta http://elshinta.com/news/83756/2016/10/19/pria-ikut-kb-dapat-rp-2-juta… … https://pic.x.com/63byzYd20E,2016-10-19T13:22:27.000Z,
twitter,Pria Harus Ikut KB Vasektomi Karena Lebih Praktis http://tribun-maluku.com/2016/10/pria-harus-ikut-kb-vasektomi-karena.html?utm_source=dlvr.it&utm_medium=twitter… #Kependudukan,2016-10-18T19:18:06.000Z,
twitter,Pria Harus Ikut KB Vasektomi Karena Lebih Praktis http://bit.ly/2eClmUW,2016-10-18T18:27:04.000Z,
twitter,Pria Harus Ikut KB Vasektomi Karena Lebih Praktis http://bit.ly/2eClmUW,2016-10-18T18:27:04.000Z,
twitter,Pria Harus Ikut KB Vasektomi Karena Lebih Praktis https://goo.gl/fb/xJUem7 #kependudukan,2016-10-18T18:27:03.000Z,
twitter,PK/B Kanaan Asabri Raih Hasil Memuaskan di HUT PKB Sinode: Pria/Kaum Bapa (P/KB) Jemaat GMIM Kanaan Asabri De... http://bit.ly/2ehHdNP,2016-10-18T16:51:15.000Z,
twitter,PK/B Kanaan Asabri Raih Hasil Memuaskan di HUT PKB Sinode: Pria/Kaum Bapa (P/KB) Jemaat GMIM Kanaan Asabri De... http://bit.ly/2ehHdNP,2016-10-18T16:51:15.000Z,
twitter,PK/B Kanaan Asabri Raih Hasil Memuaskan di HUT PKB Sinode: Pria/Kaum Bapa (P/KB) Jemaat GMIM Kanaan Asabri De... http://bit.ly/2ehDKyJ,2016-10-18T16:51:14.000Z,
twitter,PK/B Kanaan Asabri Raih Hasil Memuaskan di HUT PKB Sinode: Pria/Kaum Bapa (P/KB) Jemaat GMIM Kanaan Asabri De... http://bit.ly/2ehDKyJ,2016-10-18T16:50:56.000Z,
twitter,PK/B Kanaan Asabri Raih Hasil Memuaskan di HUT PKB Sinode: Pria/Kaum Bapa (P/KB) Jemaat GMIM Kanaan Asabri De... http://bit.ly/2ehHdNP,2016-10-18T16:50:45.000Z,
twitter,"nahh mantap tuh om ikut program KB,istri cukup 2",2016-10-17T16:11:11.000Z,
twitter,HUT P/KB di Amurang Pecahkan Rekor Peserta Terbanyak: Pria Kaum Bapa (P/KB) GMIM dari 954 jemaat membanjiri A... http://bit.ly/2eznEmy,2016-10-14T12:36:22.000Z,
twitter,HUT P/KB di Amurang Pecahkan Rekor Peserta Terbanyak: Pria Kaum Bapa (P/KB) GMIM dari 954 jemaat membanjiri A... http://bit.ly/2e2Kgcx,2016-10-14T12:36:13.000Z,
twitter,HUT P/KB di Amurang Pecahkan Rekor Peserta Terbanyak: Pria Kaum Bapa (P/KB) GMIM dari 954 jemaat membanjiri A... http://bit.ly/2eznEmy,2016-10-14T12:36:08.000Z,
twitter,"KORAMIL 08/KOTAGEDE BKKBN KOTA YOGYAKARTA MELAKSANAKAN SOSIALISASI KB PRIA
https://facebook.com/warta.kodam",2016-10-12T05:56:15.000Z,
twitter,"KORAMIL 08/KOTAGEDE BKKBN KOTA YOGYAKARTA MELAKSANAKAN SOSIALISASI KB PRIA via 
@Kodim0734",2016-10-12T05:41:57.000Z,
twitter,"KORAMIL 08/KOTAGEDE BKKBN KOTA YOGYAKARTA MELAKSANAKAN SOSIALISASI KB PRIA 
@pendamdiponego1
 @Puspen_TNI
 @radarjogja
 @JelajahBantul",2016-10-12T05:36:06.000Z,
twitter,Batik Waskito Long Sleeve Silk Shirt KB 850322 Dark Red Kemeja Batik Pria | http://Blibli.com https://blibli.com/batik-waskito-long-sleeve-silk-shirt-kb-850322-dark-red-kemeja-batik-pria-BAW.23908.00006.htm…,2016-10-11T11:07:23.000Z,
twitter,Batik Waskito KB 59049 Long Sleeve Silk Shirt Batik Pria- Red | http://Blibli.com https://blibli.com/batik-waskito-kb-59049-long-sleeve-silk-shirt-batik-pria-red-BAW.23908.00066.htm…,2016-10-11T10:43:36.000Z,
twitter,Batik Waskito Long Sleeve Baron Silk Shirt KB 28831 Grey Baju Batik Pria | http://Blibli.com https://blibli.com/batik-waskito-long-sleeve-baron-silk-shirt-kb-28831-grey-baju-batik-pria-BAW.23908.00062.htm…,2016-10-11T10:34:44.000Z,
twitter,Batik Waskito KB 59049 Long Sleeve Silk Shirt Batik Pria - Maroon | http://Blibli.com https://blibli.com/batik-waskito-kb-59049-long-sleeve-silk-shirt-batik-pria-maroon-BAW.23908.00067.htm…,2016-10-10T13:55:43.000Z,
twitter,Viva: Pil KB Picu Serangan Migrain? http://dlvr.it/MQjVYg #NewsToday #DKK,2016-10-10T07:39:13.000Z,
twitter,Wanita yg mengonsumsi pil KB menjadi lebih tertarik dgn pria yg berwajah feminin dibandingkan pria yg berwajah maskulin. [huffingtonpost],2016-10-10T02:17:20.000Z,
twitter,Nike KB Mentality 704942-200 Sepatu Basket Pria | http://Blibli.com https://blibli.com/nike-kb-mentality-704942-200-sepatu-basket-pria-NIE.12227.00625.html…,2016-10-10T01:50:06.000Z,
twitter,Wanita yg mengonsumsi pil KB menjadi lebih tertarik dgn pria yg berwajah feminin dibandingkan pria yg berwajah maskulin. [huffingtonpost],2016-10-09T00:40:07.000Z,
twitter,Batik Waskito Long Sleeve Silk Shirt KB 850322 Turqoise Kemeja Batik Pria | http://Blibli.com https://blibli.com/batik-waskito-long-sleeve-silk-shirt-kb-850322-turqoise-kemeja-batik-pria-BAW.23908.00005.htm…,2016-10-08T05:32:09.000Z,
twitter,Batik Waskito Long Sleeve Silk Shirt KB 10476 Kemeja Batik Pria - Red | http://Blibli.com https://blibli.com/batik-waskito-long-sleeve-silk-shirt-kb-10476-kemeja-batik-pria-red-BAW.23908.00014.html…,2016-10-07T07:27:26.000Z,
twitter,"ard well ima finish it KB. 
@Bear_103",2016-10-07T06:28:09.000Z,
twitter,Batik Waskito KB 59049 Long Sleeve Silk Shirt Batik Pria - Maroon | http://Blibli.com https://blibli.com/batik-waskito-kb-59049-long-sleeve-silk-shirt-batik-pria-maroon-BAW.23908.00067.htm…,2016-10-07T04:09:16.000Z,
twitter,Batik Waskito Long Sleeve Silk Shirt KB 69038 Brown Kemeja Batik Pria | http://Blibli.com https://blibli.com/batik-waskito-long-sleeve-silk-shirt-kb-69038-brown-kemeja-batik-pria-BAW.23908.00002.htm…,2016-10-07T04:08:38.000Z,
twitter,Batik Waskito Long Sleeve Silk Shirt KB 850322 Turqoise Kemeja Batik Pria | http://Blibli.com https://blibli.com/batik-waskito-long-sleeve-silk-shirt-kb-850322-turqoise-kemeja-batik-pria-BAW.23908.00005.htm…,2016-10-07T03:46:32.000Z,
twitter,Batik Waskito Long Sleeve Silk Shirt KB 69038 Brown Kemeja Batik Pria | http://Blibli.com https://blibli.com/batik-waskito-long-sleeve-silk-shirt-kb-69038-brown-kemeja-batik-pria-BAW.23908.00002.htm…,2016-10-07T03:20:48.000Z,
twitter,Batik Waskito Long Sleeve Silk Shirt KB 850322 Turqoise Kemeja Batik Pria | http://Blibli.com https://blibli.com/batik-waskito-long-sleeve-silk-shirt-kb-850322-turqoise-kemeja-batik-pria-BAW.23908.00005.htm…,2016-10-06T04:54:52.000Z,
twitter,Batik Waskito Long Sleeve Baron Silk Shirt KB 28831 Green Baju Batik Pria | http://Blibli.com https://blibli.com/batik-waskito-long-sleeve-baron-silk-shirt-kb-28831-green-baju-batik-pria-BAW.23908.00059.htm…,2016-10-06T03:39:34.000Z,
twitter,Batik Waskito Long Sleeve Baron Silk Shirt KB 28831 Orange Baju Batik Pria | http://Blibli.com https://blibli.com/batik-waskito-long-sleeve-baron-silk-shirt-kb-28831-orange-baju-batik-pria-BAW.23908.00061.htm…,2016-10-06T03:37:53.000Z,
twitter,Batik Waskito Long Sleeve Baron Silk Shirt KB 28831 Blue Baju Batik Pria | http://Blibli.com https://blibli.com/batik-waskito-long-sleeve-baron-silk-shirt-kb-28831-blue-baju-batik-pria-BAW.23908.00058.htm…,2016-10-06T03:34:04.000Z,
twitter,Batik Waskito Long Sleeve Silk Shirt KB 69038 Brown Kemeja Batik Pria | http://Blibli.com https://blibli.com/batik-waskito-long-sleeve-silk-shirt-kb-69038-brown-kemeja-batik-pria-BAW.23908.00002.htm…,2016-10-04T00:38:38.000Z,
twitter,Batik Waskito Long Sleeve Baron Silk Shirt KB 28831 Grey Baju Batik Pria | http://Blibli.com https://blibli.com/batik-waskito-long-sleeve-baron-silk-shirt-kb-28831-grey-baju-batik-pria-BAW.23908.00062.htm…,2016-10-03T01:06:55.000Z,
twitter,P/KB Tomohon Satu Gelar Pesta Seni: Pria Kaum Bapa (P/KB) Wilayah Tomohon Satu menggelar pesta seni dalam ran... http://bit.ly/2dRf6Yc,2016-10-02T16:32:56.000Z,
twitter,Batik Waskito Long Sleeve Silk Shirt KB 850322 Turqoise Kemeja Batik Pria | http://Blibli.com https://blibli.com/batik-waskito-long-sleeve-silk-shirt-kb-850322-turqoise-kemeja-batik-pria-BAW.23908.00005.htm…,2016-10-01T02:23:59.000Z,
twitter,Batik Waskito Long Sleeve Baron Silk Shirt KB 28831 Grey Baju Batik Pria | http://Blibli.com https://blibli.com/batik-waskito-long-sleeve-baron-silk-shirt-kb-28831-grey-baju-batik-pria-BAW.23908.00062.htm…,2016-10-03T01:06:55.000Z,
twitter,P/KB Tomohon Satu Gelar Pesta Seni: Pria Kaum Bapa (P/KB) Wilayah Tomohon Satu menggelar pesta seni dalam ran... http://bit.ly/2dRf6Yc,2016-10-02T16:32:56.000Z,
twitter,Batik Waskito Long Sleeve Silk Shirt KB 850322 Turqoise Kemeja Batik Pria | http://Blibli.com https://blibli.com/batik-waskito-long-sleeve-silk-shirt-kb-850322-turqoise-kemeja-batik-pria-BAW.23908.00005.htm…,2016-10-01T02:23:59.000Z,
twitter,Woww akan diluncurkan pil KB” untuk pria  dengan nama  Vasalgel #KABARMALAM,2016-09-30T11:55:42.000Z,
twitter,Batik Waskito Long Sleeve Silk Shirt KB 69038 Brown Kemeja Batik Pria | http://Blibli.com https://blibli.com/batik-waskito-long-sleeve-silk-shirt-kb-69038-brown-kemeja-batik-pria-BAW.23908.00002.htm…,2016-09-30T10:46:34.000Z,
twitter,Batik Waskito Long Sleeve Baron Silk Shirt KB 28831 Grey Baju Batik Pria | http://Blibli.com https://blibli.com/batik-waskito-long-sleeve-baron-silk-shirt-kb-28831-grey-baju-batik-pria-BAW.23908.00062.htm…,2016-09-30T04:33:41.000Z,
twitter,Batik Waskito KB 59049 Long Sleeve Silk Shirt Batik Pria - Maroon | http://Blibli.com https://blibli.com/batik-waskito-kb-59049-long-sleeve-silk-shirt-batik-pria-maroon-BAW.23908.00067.htm…,2016-09-30T04:30:22.000Z,
twitter,Batik Waskito Long Sleeve Silk Shirt KB 69038 Brown Kemeja Batik Pria | http://Blibli.com https://blibli.com/batik-waskito-long-sleeve-silk-shirt-kb-69038-brown-kemeja-batik-pria-BAW.23908.00002.htm…,2016-09-30T04:23:53.000Z,
twitter,"Sabtu, Temu Teknis HUT ke-54 P/KB GMIM di Kharisma Buha: Temu teknis perayaan HUT ke-54 Pria/Kaum Bapa (P/KB)... http://bit.ly/2d9YhZQ",2016-09-29T14:52:52.000Z,
twitter,Pil KB untuk Pria Siap Dirilis. Seperti Apa Wujudnya? http://dlvr.it/MMH012,2016-09-29T14:13:24.000Z,
twitter,Pil KB untuk Pria Siap Dirilis. Seperti Apa Wujudnya? http://dlvr.it/MMH00t,2016-09-29T14:13:24.000Z,
twitter,"Pil KB untuk Pria Siap Dirilis. Seperti Apa Wujudnya?: 

Kabar hadirnya “pil KB” untuk pria yang viral ... http://bit.ly/2d8h4Bd",2016-09-29T13:50:45.000Z,
twitter,Pil KB untuk Pria Siap Dirilis. Seperti Apa Wujudnya? http://bit.ly/2dwZEBd,2016-09-29T13:50:24.000Z,
twitter,Pil KB untuk Pria Siap Dirilis. Seperti Apa Wujudnya? http://bit.ly/2d8h4Bd,2016-09-29T13:50:00.000Z,
twitter,Pil KB untuk Pria Siap Dirilis. Seperti Apa Wujudnya? http://bit.ly/2d8h4Bd,2016-09-29T13:50:00.000Z,
twitter,Pil KB untuk Pria Siap Dirilis. Seperti Apa Wujudnya? http://bit.ly/2dwZEBd,2016-09-29T13:44:19.000Z,
twitter,Batik Waskito KB 59049 Long Sleeve Silk Shirt Batik Pria - Maroon | http://Blibli.com https://blibli.com/batik-waskito-kb-59049-long-sleeve-silk-shirt-batik-pria-maroon-BAW.23908.00067.html…,2016-09-29T04:04:40.000Z,
twitter,Batik Waskito Long Sleeve Silk Shirt KB 10476 Kemeja Batik Pria - Red | http://Blibli.com https://blibli.com/batik-waskito-long-sleeve-silk-shirt-kb-10476-kemeja-batik-pria-red-BAW.23908.00014.html…,2016-09-29T04:04:04.000Z,
twitter,Batik Waskito Long Sleeve Silk Shirt KB 69038 Brown Kemeja Batik Pria | http://Blibli.com https://blibli.com/batik-waskito-long-sleeve-silk-shirt-kb-69038-brown-kemeja-batik-pria-BAW.23908.00002.htm…,2016-09-30T04:23:53.000Z,
twitter,"Sabtu, Temu Teknis HUT ke-54 P/KB GMIM di Kharisma Buha: Temu teknis perayaan HUT ke-54 Pria/Kaum Bapa (P/KB)... http://bit.ly/2d9YhZQ",2016-09-29T14:52:52.000Z,
twitter,Pil KB untuk Pria Siap Dirilis. Seperti Apa Wujudnya? http://dlvr.it/MMH012,2016-09-29T14:13:24.000Z,
twitter,Pil KB untuk Pria Siap Dirilis. Seperti Apa Wujudnya? http://dlvr.it/MMH00t,2016-09-29T14:13:24.000Z,
twitter,"Pil KB untuk Pria Siap Dirilis. Seperti Apa Wujudnya?: 

Kabar hadirnya “pil KB” untuk pria yang viral ... http://bit.ly/2d8h4Bd",2016-09-29T13:50:45.000Z,
twitter,Pil KB untuk Pria Siap Dirilis. Seperti Apa Wujudnya? http://bit.ly/2dwZEBd,2016-09-29T13:50:24.000Z,
twitter,Pil KB untuk Pria Siap Dirilis. Seperti Apa Wujudnya? http://bit.ly/2d8h4Bd,2016-09-29T13:50:00.000Z,
twitter,Pil KB untuk Pria Siap Dirilis. Seperti Apa Wujudnya? http://bit.ly/2d8h4Bd,2016-09-29T13:50:00.000Z,
twitter,Pil KB untuk Pria Siap Dirilis. Seperti Apa Wujudnya? http://bit.ly/2dwZEBd,2016-09-29T13:44:19.000Z,
twitter,Batik Waskito KB 59049 Long Sleeve Silk Shirt Batik Pria - Maroon | http://Blibli.com https://blibli.com/batik-waskito-kb-59049-long-sleeve-silk-shirt-batik-pria-maroon-BAW.23908.00067.html…,2016-09-29T04:04:40.000Z,
twitter,Batik Waskito Long Sleeve Silk Shirt KB 10476 Kemeja Batik Pria - Red | http://Blibli.com https://blibli.com/batik-waskito-long-sleeve-silk-shirt-kb-10476-kemeja-batik-pria-red-BAW.23908.00014.html…,2016-09-29T04:04:04.000Z,
twitter,"Penemuan Terbaru, Suntikan KB Bagi Pria http://bit.ly/2dl46he #tipsDokter",2016-09-28T16:41:01.000Z,
twitter,"Penemuan Terbaru, Suntikan KB Bagi Pria    http://doktersehat.com/penemuan-terbaru-suntikan-kb-bagi-pria/… … http://bit.ly/2dtApQe",2016-09-28T16:14:56.000Z,
twitter,"Penemuan Terbaru, Suntikan KB Bagi Pria http://setiodewo.com/g.php?i=173012",2016-09-28T15:05:02.000Z,
twitter,"[Dokter Sehat] Penemuan Terbaru, Suntikan KB Bagi Pria http://bit.ly/2d9zimH",2016-09-28T14:48:02.000Z,
twitter,"Penemuan Terbaru, Suntikan KB Bagi Pria http://bit.ly/2dzBh1S",2016-09-28T14:47:59.000Z,
twitter,"Penemuan Terbaru, Suntikan KB Bagi Pria http://bit.ly/2dzBh1S",2016-09-28T14:47:59.000Z,
twitter,"#InfoSehatZ Penemuan Terbaru, Suntikan KB Bagi Pria http://bit.ly/2dzBh1S",2016-09-28T14:47:58.000Z,
twitter,"Penemuan Terbaru, Suntikan KB Bagi Pria http://dlvr.it/MLwxyW",2016-09-28T14:15:13.000Z,
twitter,"Penemuan Terbaru, Suntikan KB Bagi Pria http://dlvr.it/MLwxwB",2016-09-28T14:15:12.000Z,
twitter,"Penemuan Terbaru, Suntikan KB Bagi Pria http://dlvr.it/MLwxsY",2016-09-28T14:15:11.000Z,
twitter,"Penemuan Terbaru, Suntikan KB Bagi Pria http://dlvr.it/MLwxsY",2016-09-28T14:15:11.000Z,
twitter,"Penemuan Terbaru, Suntikan KB Bagi Pria http://tinyurl.com/h7uawsf #SayaIndonesia",2016-09-28T14:10:02.000Z,
twitter,"Penemuan Terbaru, Suntikan KB Bagi Pria http://tinyurl.com/hos4jrk #SayaIndonesia",2016-09-28T14:10:02.000Z,
twitter,"Penemuan Terbaru, Suntikan KB Bagi Pria: http://DokterSehat.Com – Selama ini kita hanya mengenal… http://goo.gl/fb/FIQdvv",2016-09-28T14:07:31.000Z,
twitter,"Penemuan Terbaru, Suntikan KB Bagi Pria  http://doktersehat.com/penemuan-terbaru-suntikan-kb-bagi-pria/…",2016-09-28T14:01:55.000Z,
twitter,"Hmmm... brarti namanya suntik KB pria, semoga teruji efektif dan harus aman #oraKBoraGayeng",2016-09-28T07:23:25.000Z,
twitter,#sukabumi Kesadaran KB Pria di Kota Sukabumi Mulai Naik - Republika Online http://news.google.com/news/url?sa=t&fd=R&ct2=id_id&usg=AFQjCNGbedNGG6MQhhJ8jIBgQ3zQll_CJQ&clid=c3a7d30bb8a4878e06b80cf16b898331&cid=52780156468142&ei=TPXqV5jjBsGL3gHFxKvYCA&url=http://nasional.republika.co.id/berita/nasional/daerah/16/09/25/oe2175382-kesadaran-kb-pria-di-kota-sukabumi-mulai-naik…,2016-09-27T22:40:13.000Z,
twitter,#sukabumi Kesadaran KB Pria di Kota Sukabumi Mulai Naik - Republika Online http://news.google.com/news/url?sa=t&fd=R&ct2=id_id&usg=AFQjCNGbedNGG6MQhhJ8jIBgQ3zQll_CJQ&clid=c3a7d30bb8a4878e06b80cf16b898331&cid=52780156468142&ei=JrDqV6iNE8-A3wGP2p7gAg&url=http://nasional.republika.co.id/berita/nasional/daerah/16/09/25/oe2175382-kesadaran-kb-pria-di-kota-sukabumi-mulai-naik…,2016-09-27T17:45:11.000Z,
twitter,#TuitLampung 'Pil KB' untuk Pria Segera Tersedia #Lampung #Tuit,2016-09-27T07:19:16.000Z,
twitter,Akan segera tersedia alat KB pria yang daya tahannya seperti alat kontrasepsi dalam rahim atau spiral. http://bbc.in/2cR4JPQ,2016-09-27T06:18:08.000Z,
twitter,"Berita Terhangat...!!! Bakalan Meluncur Pil KB Untuk Pria, Para Ibu Pasti senang http://fb.me/5vxiPuAFF",2016-09-27T05:47:47.000Z,
twitter,"Berita Terhangat...!!! Bakalan Meluncur Pil KB Untuk Pria, Para Ibu Pasti senang http://fb.me/5QcWOieWi",2016-09-27T05:47:21.000Z,
twitter,pilihan.. Segera Hadir 'Pil KB' Pria - DNA Berita http://dlvr.it/MLR946 ..lelaki,2016-09-27T04:47:38.000Z,
twitter,"""
@BBCIndonesia
: Segera tersedia 'pil KB' untuk pria, tapi bukan berupa pil. http://bbc.in/2cYxUT7 """,2016-09-27T04:29:26.000Z,
twitter,"BBCIndonesia : Segera tersedia 'pil KB' untuk pria, tapi bukan berupa pil. … https://x.com/BBCIndonesia/status/780622294909587456…)",2016-09-27T04:21:14.000Z,
twitter,"BBCIndonesia : Segera tersedia 'pil KB' untuk pria, tapi bukan berupa pil. … https://x.com/BBCIndonesia/status/780622294909587456…)",2016-09-27T04:21:14.000Z,
twitter,"Segera tersedia 'pil KB' untuk pria, tapi bukan berupa pil. http://bbc.in/2cYxUT7",2016-09-27T04:17:13.000Z,
twitter,Ekstrak Pare dapat dijadikan obat KB karena dapat mengurangi jumlah sperma pada pria. http://fb.me/2vUSkM0kw,2016-09-27T04:13:32.000Z,
twitter,"http://dnaberita.com/berita-25906-segera-hadir-pil-kb-pria.html…..
Segera Hadir 'Pil KB' Pria",2016-09-27T04:04:53.000Z,
twitter,"#beritainyangada Segera tersedia 'pil KB' untuk pria, tapi bukan berupa pil: Opsi bagi kau... http://bbc.in/2df2p57 via BBC #Indonesia",2016-09-27T03:01:33.000Z,
twitter,"#TyoNews Segera tersedia 'pil KB' untuk pria, tapi bukan berupa pil: Opsi bagi kaum pria untuk memilih ... http://bbc.in/2df2p57 #News",2016-09-27T02:32:27.000Z,
twitter,"#News: Segera tersedia 'pil KB' untuk pria, tapi bukan berupa pil: Opsi bagi kaum pria untuk memilih kont... http://bbc.in/2d1Saqq #TU",2016-09-27T02:32:10.000Z,
twitter,"Segera tersedia 'pil KB' untuk pria, tapi bukan berupa pil: Opsi bagi kaum pria… http://goo.gl/fb/5dOmLL #infoTribun",2016-09-27T01:50:48.000Z,
twitter,"Segera tersedia 'pil KB' untuk pria, tapi bukan berupa pil http://bbc.in/2d1Saqq #kartusejahtera",2016-09-27T01:43:43.000Z,
twitter,"http://goo.gl/ElddFd Segera tersedia 'pil KB' untuk pria, tapi bukan berupa pil",2016-09-27T01:40:27.000Z,
twitter,"Segera tersedia 'pil KB' untuk pria, tapi bukan berupa pil: Opsi bagi kaum pria untuk memilih kontrasepsi dal... http://bit.ly/2dv3jvG",2016-09-27T01:40:20.000Z,
twitter,Batik Waskito Long Sleeve Silk Shirt KB 10476 Kemeja Batik Pria - Red | http://Blibli.com https://blibli.com/batik-waskito-long-sleeve-silk-shirt-kb-10476-kemeja-batik-pria-red-BAW.23908.00014.html…,2016-09-27T01:40:16.000Z,
twitter,"Segera tersedia 'pil KB' untuk pria, tapi bukan berupa pil http://dlvr.it/MLNz7r",2016-09-27T01:30:34.000Z,
twitter,"Segera tersedia 'pil KB' untuk pria, tapi bukan berupa pil http://dlvr.it/MLNzG5",2016-09-27T01:23:14.000Z,
twitter,"Segera tersedia 'pil KB' untuk pria, tapi bukan berupa pil http://dlvr.it/MLNzB9",2016-09-27T01:23:10.000Z,
twitter,"Segera tersedia 'pil KB' untuk pria, tapi bukan berupa pil http://dlvr.it/MLNz7r",2016-09-27T01:23:07.000Z,
twitter,"Tribun: Segera tersedia 'pil KB' untuk pria, tapi bukan berupa pil http://dlvr.it/MLNyjD #NewsToday #DKK",2016-09-27T01:22:19.000Z,
twitter,"Segera tersedia 'pil KB' untuk pria, tapi bukan berupa pil http://dlvr.it/MLNyhv",2016-09-27T01:22:19.000Z,
twitter,"Segera tersedia 'pil KB' untuk pria, tapi bukan berupa pil http://bbc.in/2d1Saqq #kartusejahtera",2016-09-27T01:43:43.000Z,
twitter,"http://goo.gl/ElddFd Segera tersedia 'pil KB' untuk pria, tapi bukan berupa pil",2016-09-27T01:40:27.000Z,
twitter,"Segera tersedia 'pil KB' untuk pria, tapi bukan berupa pil: Opsi bagi kaum pria untuk memilih kontrasepsi dal... http://bit.ly/2dv3jvG",2016-09-27T01:40:20.000Z,
twitter,Batik Waskito Long Sleeve Silk Shirt KB 10476 Kemeja Batik Pria - Red | http://Blibli.com https://blibli.com/batik-waskito-long-sleeve-silk-shirt-kb-10476-kemeja-batik-pria-red-BAW.23908.00014.html…,2016-09-27T01:40:16.000Z,
twitter,"Segera tersedia 'pil KB' untuk pria, tapi bukan berupa pil http://dlvr.it/MLNz7r",2016-09-27T01:30:34.000Z,
twitter,"Segera tersedia 'pil KB' untuk pria, tapi bukan berupa pil http://dlvr.it/MLNzG5",2016-09-27T01:23:14.000Z,
twitter,"Segera tersedia 'pil KB' untuk pria, tapi bukan berupa pil http://dlvr.it/MLNzB9",2016-09-27T01:23:10.000Z,
twitter,"Segera tersedia 'pil KB' untuk pria, tapi bukan berupa pil http://dlvr.it/MLNz7r",2016-09-27T01:23:07.000Z,
twitter,"Tribun: Segera tersedia 'pil KB' untuk pria, tapi bukan berupa pil http://dlvr.it/MLNyjD #NewsToday #DKK",2016-09-27T01:22:19.000Z,
twitter,"Segera tersedia 'pil KB' untuk pria, tapi bukan berupa pil http://dlvr.it/MLNyhv",2016-09-27T01:22:19.000Z,
twitter,"Tribun: Segera tersedia 'pil KB' untuk pria, tapi bukan berupa pil: Opsi bagi kaum pria untuk memilih… http://dlvr.it/MLNydd #NewsToday",2016-09-27T01:22:16.000Z,
twitter,"Segera tersedia 'pil KB' untuk pria, tapi bukan berupa pil: Opsi bagi kaum pria untuk memilih… #Beritadunia #BBC",2016-09-27T01:11:11.000Z,
twitter,"Segera tersedia 'pil KB' untuk pria, tapi bukan berupa pil: Opsi bagi kaum pria untuk memilih kontrasepsi dal... http://bbc.in/2d1Saqq",2016-09-27T01:10:08.000Z,
twitter,"Segera tersedia 'pil KB' untuk pria, tapi bukan berupa pil: Opsi bagi kaum pria untuk memilih kontrasepsi dal... http://bbc.in/2df1dyo",2016-09-27T01:10:08.000Z,
twitter,"Segera tersedia 'pil KB' untuk pria, tapi bukan berupa pil: Opsi bagi kaum pria untuk memilih kontrasepsi dal... http://bbc.in/2d1Saqq",2016-09-27T01:10:07.000Z,
twitter,"Segera tersedia 'pil KB' untuk pria, tapi bukan berupa pil http://bbc.in/2df2p57",2016-09-27T01:10:06.000Z,
twitter,"Segera tersedia 'pil KB' untuk pria, tapi bukan berupa pil: Opsi bagi kaum pria untuk memilih kontrasepsi dal... http://bbc.in/2d1Saqq",2016-09-27T01:10:05.000Z,
twitter,"Segera tersedia 'pil KB' untuk pria, tapi bukan berupa pil http://bbc.in/2df1dyo",2016-09-27T01:10:04.000Z,
twitter,"Segera tersedia 'pil KB' untuk pria, tapi bukan berupa pil: Opsi bagi kaum pria untuk memilih kontrasepsi dal... http://bbc.in/2d1Saqq",2016-09-27T01:10:02.000Z,
twitter,"Segera tersedia 'pil KB' untuk pria, tapi bukan berupa pil: Opsi bagi kaum pria untuk memilih kontrasepsi dal... http://bbc.in/2d1Saqq",2016-09-27T01:10:02.000Z,
twitter,"Segera tersedia 'pil KB' untuk pria, tapi bukan berupa pil: Opsi bagi kaum pria untuk memilih kontrasepsi dal... http://bbc.in/2df2p57",2016-09-27T01:10:00.000Z,
twitter,"Segera tersedia 'pil KB' untuk pria, tapi bukan berupa pil: Opsi bagi kaum pria untuk memilih kontrasepsi dal... http://bbc.in/2df2p57",2016-09-27T01:09:59.000Z,
twitter,"Segera tersedia 'pil KB' untuk pria, tapi bukan berupa pil: Opsi bagi kaum pria untuk memilih kontrasepsi dal... http://bbc.in/2df2p57",2016-09-27T01:09:59.000Z,
twitter,"Segera tersedia 'pil KB' untuk pria, tapi bukan berupa pil: Opsi bagi kaum pria untuk memilih kontrasepsi dal... http://bbc.in/2d1Saqq",2016-09-27T01:09:51.000Z,
twitter,"Segera tersedia 'pil KB' untuk pria, tapi bukan berupa pil http://dlvr.it/MLNjM8",2016-09-27T00:58:11.000Z,
twitter,"Segera tersedia 'pil KB' untuk pria, tapi bukan berupa pil http://dlvr.it/MLNjJp",2016-09-27T00:58:09.000Z,
twitter,"BBCIndonesia : Segera tersedia 'pil KB' untuk pria, tapi bukan berupa pil. … https://x.com/BBCIndonesia/status/780566658733727745…)",2016-09-27T00:36:31.000Z,
twitter,"Segera tersedia 'pil KB' untuk pria, tapi bukan berupa pil. http://bbc.in/2d5a1Z8",2016-09-27T00:36:08.000Z,
twitter,"dunia.. Sodik, Membujuk Pria Agar Mau KB - Poskotanews http://dlvr.it/MLJh8Y ..pasangan",2016-09-26T18:56:03.000Z,
twitter,"Sodik, Membujuk Pria Agar Mau KB: PULUHAN tahun bertugas sebagai petugas Penyuluh Keluarga Berencana (PKB), M... http://tinyurl.com/jf9qe9f",2016-09-26T18:19:55.000Z,
twitter,"Sodik, Membujuk Pria Agar Mau KB http://bit.ly/2d44Kmk #PunyaBerita",2016-09-26T18:11:35.000Z,
twitter,"Agen Judi Bola ► Sodik, Membujuk Pria Agar Mau KB  ►",2016-09-26T18:09:45.000Z,
twitter,"@info
: Sodik, Membujuk Pria Agar Mau KB  -",2016-09-26T18:09:44.000Z,
twitter,"Di Tabalong, Peserta KB Medis Operasi Pria Dapat Insentif Rp 1 Juta http://bit.ly/2ddYwkh",2016-09-26T15:04:33.000Z,
twitter,"Di Tabalong, Peserta KB Medis Operasi Pria Dapat Insentif Rp 1 Juta http://bit.ly/2ddXUv2",2016-09-26T15:04:23.000Z,
twitter,"Di Tabalong, Peserta KB Medis Operasi Pria Dapat Insentif Rp 1 Juta http://bit.ly/2ddYwkh",2016-09-26T15:04:33.000Z,
twitter,"Di Tabalong, Peserta KB Medis Operasi Pria Dapat Insentif Rp 1 Juta http://bit.ly/2ddXUv2",2016-09-26T15:04:23.000Z,
twitter,Batik Waskito Long Sleeve Silk Shirt KB 850322 Turqoise Kemeja Batik Pria | http://Blibli.com https://blibli.com/batik-waskito-long-sleeve-silk-shirt-kb-850322-turqoise-kemeja-batik-pria-BAW.23908.00005.htm…,2016-09-26T02:33:14.000Z,
twitter,Batik Waskito Long Sleeve Silk Shirt KB 69038 Brown Kemeja Batik Pria | http://Blibli.com https://blibli.com/batik-waskito-long-sleeve-silk-shirt-kb-69038-brown-kemeja-batik-pria-BAW.23908.00002.htm…,2016-09-26T02:31:46.000Z,
twitter,Kesadaran KB Pria di Kota Sukabumi Mulai Naik http://bit.ly/2d9qGJB,2016-09-25T11:11:51.000Z,
twitter,Kesadaran KB Pria di Kota Sukabumi Mulai Naik - Republika Online http://bit.ly/2d9iLw6,2016-09-25T10:09:29.000Z,
twitter,#sukabumi Kesadaran KB Pria di Kota Sukabumi Mulai Naik - Republika Online http://news.google.com/news/url?sa=t&fd=R&ct2=id_id&usg=AFQjCNGbedNGG6MQhhJ8jIBgQ3zQll_CJQ&clid=c3a7d30bb8a4878e06b80cf16b898331&cid=52780156468142&ei=mKHnV7jkEIXF3gGOoL7QCQ&url=http://nasional.republika.co.id/berita/nasional/daerah/16/09/25/oe2175382-kesadaran-kb-pria-di-kota-sukabumi-mulai-naik…,2016-09-25T10:06:17.000Z,
twitter,Kesadaran KB Pria di Kota Sukabumi Mulai Naik http://rol.co.id/r/oe2175382,2016-09-25T10:01:56.000Z,
twitter,"Pemberangkatan Peserta KB Pria (MOP) Kabupaten wonogiri
Sabtu, 24 September 2016
...
Lokasi… https://instagram.com/p/BKvtHImgyVF/",2016-09-24T16:28:45.000Z,
twitter,Batik Waskito KB 59049 Long Sleeve Silk Shirt Batik Pria - Blue | http://Blibli.com https://blibli.com/batik-waskito-kb-59049-long-sleeve-silk-shirt-batik-pria-blue-BAW.23908.00068.htm…,2016-09-24T15:39:54.000Z,
twitter,Batik Waskito Long Sleeve Silk Shirt KB 10476 Kemeja Batik Pria - Red | http://Blibli.com https://blibli.com/batik-waskito-long-sleeve-silk-shirt-kb-10476-kemeja-batik-pria-red-BAW.23908.00014.htm…,2016-09-24T15:39:33.000Z,
twitter,Batik Waskito KB 59049 Long Sleeve Silk Shirt Batik Pria - Maroon | http://Blibli.com https://blibli.com/batik-waskito-kb-59049-long-sleeve-silk-shirt-batik-pria-maroon-BAW.23908.00067.htm…,2016-09-24T15:39:15.000Z,
twitter,Batik Waskito Long Sleeve Silk Shirt KB 850322 Turqoise Kemeja Batik Pria | http://Blibli.com https://blibli.com/batik-waskito-long-sleeve-silk-shirt-kb-850322-turqoise-kemeja-batik-pria-BAW.23908.00005.htm…,2016-09-24T15:38:15.000Z,
twitter,Batik Waskito Long Sleeve Silk Shirt KB 69038 Brown Kemeja Batik Pria | http://Blibli.com https://blibli.com/batik-waskito-long-sleeve-silk-shirt-kb-69038-brown-kemeja-batik-pria-BAW.23908.00002.htm…,2016-09-24T15:33:24.000Z,
twitter,Wanita yg mengonsumsi pil KB menjadi lebih tertarik dgn pria yg berwajah feminin dibandingkan pria yg berwajah maskulin. [huffingtonpost],2016-09-24T10:59:15.000Z,
twitter,"SUNGGUH LUAR BIASA.!! AKSI PRIA MUSLIM INI MEMBUAT WARGA PARIS TERHARU,!! KEBERANIANNYA PATUT DICONTOH, YANG... http://fb.me/3ep9eVyn1",2016-09-23T16:49:41.000Z,
twitter,Batik Waskito KB 59049 Long Sleeve Silk Shirt Batik Pria - Maroon | http://Blibli.com https://blibli.com/batik-waskito-kb-59049-long-sleeve-silk-shirt-batik-pria-maroon-BAW.23908.00067.htm…,2016-09-22T06:48:28.000Z,
twitter,Batik Waskito KB 59049 Long Sleeve Silk Shirt Batik Pria - Maroon | http://Blibli.com https://blibli.com/batik-waskito-kb-59049-long-sleeve-silk-shirt-batik-pria-maroon-BAW.23908.00067.html…,2016-09-22T02:13:08.000Z,
twitter,Batik Waskito Long Sleeve Silk Shirt KB 10476 Kemeja Batik Pria - Red | http://Blibli.com https://blibli.com/batik-waskito-long-sleeve-silk-shirt-kb-10476-kemeja-batik-pria-red-BAW.23908.00014.html…,2016-09-22T02:10:39.000Z,
twitter,Wanita Perokok Sekaligus Pengguna Pil KB Lebih Berisiko Terkena Serangan Jantung http://dlvr.it/MJmK6l,2016-09-22T01:46:10.000Z,
twitter,Wanita Perokok Sekaligus Pengguna Pil KB Lebih Berisiko Terkena Serangan Jantung http://dlvr.it/MJmK6l,2016-09-22T01:46:10.000Z,
twitter,Tribun: Wanita Perokok Sekaligus Pengguna Pil KB Lebih Berisiko Terkena Serangan Jantung http://dlvr.it/MJlzb3 #NewsToday #DKK,2016-09-22T01:14:07.000Z,
twitter,Wanita yg mengonsumsi pil KB menjadi lebih tertarik dgn pria yg berwajah feminin dibandingkan pria yg berwajah maskulin. [huffingtonpost],2016-09-21T12:00:35.000Z,
twitter,Batik Waskito Long Sleeve Silk Shirt KB 10476 Kemeja Batik Pria - Red | http://Blibli.com https://blibli.com/batik-waskito-long-sleeve-silk-shirt-kb-10476-kemeja-batik-pria-red-BAW.23908.00014.htm…,2016-09-21T02:37:46.000Z,
twitter,Batik Waskito Long Sleeve Baron Silk Shirt KB 28831 Grey Baju Batik Pria | http://Blibli.com https://blibli.com/batik-waskito-long-sleeve-baron-silk-shirt-kb-28831-grey-baju-batik-pria-BAW.23908.00062.htm…,2016-09-21T02:36:46.000Z,
twitter,Batik Waskito Long Sleeve Silk Shirt KB 850322 Turqoise Kemeja Batik Pria | http://Blibli.com https://blibli.com/batik-waskito-long-sleeve-silk-shirt-kb-850322-turqoise-kemeja-batik-pria-BAW.23908.00005.htm…,2016-09-21T02:35:55.000Z,
twitter,Batik Waskito Long Sleeve Silk Shirt KB 69038 Brown Kemeja Batik Pria | http://Blibli.com https://blibli.com/batik-waskito-long-sleeve-silk-shirt-kb-69038-brown-kemeja-batik-pria-BAW.23908.00002.htm…,2016-09-21T02:29:14.000Z,
twitter,Batik Waskito Long Sleeve Baron Silk Shirt KB 28831 Green Baju Batik Pria | http://Blibli.com https://blibli.com/batik-waskito-long-sleeve-baron-silk-shirt-kb-28831-green-baju-batik-pria-BAW.23908.00059.htm…,2016-09-21T02:21:03.000Z,
twitter,Batik Waskito Long Sleeve Baron Silk Shirt KB 28831 Orange Baju Batik Pria | http://Blibli.com https://blibli.com/batik-waskito-long-sleeve-baron-silk-shirt-kb-28831-orange-baju-batik-pria-BAW.23908.00061.htm…,2016-09-21T02:20:14.000Z,
twitter,Batik Waskito Long Sleeve Silk Shirt KB 10476 Kemeja Batik Pria - Red | http://Blibli.com https://blibli.com/batik-waskito-long-sleeve-silk-shirt-kb-10476-kemeja-batik-pria-red-BAW.23908.00014.htm…,2016-09-21T01:00:03.000Z,
twitter,Batik Waskito Long Sleeve Silk Shirt KB 10476 Kemeja Batik Pria - Red | http://Blibli.com https://blibli.com/batik-waskito-long-sleeve-silk-shirt-kb-10476-kemeja-batik-pria-red-BAW.23908.00014.htm…,2016-09-21T00:57:58.000Z,
twitter,"Klo pria KB, biarpun berhubungan gituan sama istri, gak bakalan hamil kan? Permanen gak perlu KB lg?",2016-09-20T08:41:55.000Z,
twitter,"Pria bs KB dong 
@Ononk_negara
 disaat kondisi istri tdk memungkinkan unt KB (ada riwayat penyakit/ alergi) ada KB Kondom & Vasektomi unt pria https://x.com/Ononk_negara/status/778149213515505664…",2016-09-20T08:36:50.000Z,
twitter,"Wanita ikut KB sudah biasa
Pria ikut KB ruarbiasa
#oraKBoraGayeng",2016-09-20T08:28:23.000Z,
twitter,Kabar Baik! Akan Ada KB untuk Pria Sebagai Alternatif Alat Kontrasepsi http://fb.me/1bRfYtFKg,2016-09-20T01:46:59.000Z,
twitter,Wanita yg mengonsumsi pil KB menjadi lebih tertarik dgn pria yg berwajah feminin dibandingkan pria yg berwajah maskulin. [huffingtonpost],2016-09-19T11:58:14.000Z,
twitter,Wanita yg mengonsumsi pil KB menjadi lebih tertarik dgn pria yg berwajah feminin dibandingkan pria yg berwajah maskulin. [huffingtonpost],2016-09-19T11:58:14.000Z,
twitter,Batik Waskito Long Sleeve Silk Shirt KB 69038 Brown Kemeja Batik Pria | http://Blibli.com https://blibli.com/batik-waskito-long-sleeve-silk-shirt-kb-69038-brown-kemeja-batik-pria-BAW.23908.00002.htm…,2016-09-17T07:06:10.000Z,
twitter,"Wow, 20 #Pria #Operasi #Mandul http://goo.gl/fb/3gmTGf #rdrMLG #headline #batu #kb",2016-09-17T04:31:40.000Z,
twitter,"Wow, 20 #Pria #Operasi #Mandul http://goo.gl/fb/lnaopu #rdrmlg #headline #batu #kb",2016-09-17T04:31:22.000Z,
twitter,Kabar Baik! Akan Ada KB untuk Pria Sebagai Alternatif Alat Kontrasepsi | SHARE YA http://fb.me/1qFd26mw8,2016-09-17T04:18:57.000Z,
twitter,Kabar Baik! Akan Ada KB untuk Pria Sebagai Alternatif Alat Kontrasepsi: Bentuk-bentuk baru dari KB untuk pria... http://bit.ly/2cw3sCL,2016-09-17T04:16:39.000Z,
twitter,Erzaldi Rosman mengajak kaum Pria di Desa Lampur Ikut Keluarga Berencana (KB) – http://bangkatengah.com/m/2k,2016-09-16T10:44:49.000Z,
twitter,"KB untuk pria ini dikabarkan cukup aman karena berupa KB non-hormonal. Kira-kira suami mau pakai gak ya, Bun? http://ow.ly/zslE304gDj6",2016-09-16T09:30:17.000Z,
twitter,Batik Waskito KB 59049 Long Sleeve Silk Shirt Batik Pria- Red | http://Blibli.com https://blibli.com/batik-waskito-kb-59049-long-sleeve-silk-shirt-batik-pria-red-BAW.23908.00066.htm…,2016-09-16T07:55:13.000Z,
twitter,Batik Waskito Long Sleeve Silk Shirt KB 10476 Kemeja Batik Pria - Red | http://Blibli.com https://blibli.com/batik-waskito-long-sleeve-silk-shirt-kb-10476-kemeja-batik-pria-red-BAW.23908.00014.htm…,2016-09-16T01:00:15.000Z,
twitter,Vasektomi merupakan KB permanen buat pria yang dilakukan dengan memutus saluran sperma. Apa untung ruginya? Cek http://goo.gl/udMdqW,2016-09-15T10:01:02.000Z,
twitter,#BeritaSumseL KB Bukan Hanya Tugas Istri Saja Tapi Juga Pria Ini Fakta Vasektomi KB Pria http://tinyurl.com/jetnpm7,2016-09-15T09:20:23.000Z,
twitter,Rapat Koordinasi Bakti TNI KB Kesehatan Terpadu http://bit.ly/2cwx39r,2016-09-14T12:24:27.000Z,
twitter,Wanita yg mengonsumsi pil KB menjadi lebih tertarik dgn pria yg berwajah feminin dibandingkan pria yg berwajah maskulin. [huffingtonpost],2016-09-11T19:08:33.000Z,
twitter,"Pria Sudah Sadar Pentingnya KB, BPPKB Beri Pendampingan Hukum KDRT http://jabarbersatu.com/2016/09/10/pria-sudah-sadar-pentingnya-kb-bppkb-beri-pendampingan-hukum-kdrt/…",2016-09-10T09:16:51.000Z,
twitter,Pria di Bandung Sudah Sadar KB http://bit.ly/2cvjvMh,2016-09-08T08:34:19.000Z,
twitter,"Tekan Laju Penduduk, Ali Mukhni: Pria Juga Objek KB - Pariaman Today: http://pariamantoday.com/2016/09/tekan-laju-penduduk-ali-mukhni-pria.html#.V9DbkT_ssIM.twitter…",2016-09-08T03:33:03.000Z,
twitter,Batik Waskito KB 59049 Long Sleeve Silk Shirt Batik Pria- Red | http://Blibli.com https://blibli.com/batik-waskito-kb-59049-long-sleeve-silk-shirt-batik-pria-red-BAW.23908.00066.htm…,2016-09-07T15:31:38.000Z,
twitter,"Tekan Laju Penduduk, Ali Mukhni: Pria Juga Objek KB http://dlvr.it/MCLHgX",2016-09-07T06:20:06.000Z,
twitter,"Tekan Laju Penduduk, Ali Mukhni: Pria Juga Objek KB - Pariaman Today: http://pariamantoday.com/2016/09/tekan-laju-penduduk-ali-mukhni-pria.html#.V8-wge5SrUo.twitter…",2016-09-07T06:15:49.000Z,
twitter,"Pria Sudah Sadar Pentingnya KB, BPPKB Beri Pendampingan Hukum KDRT http://jabarbersatu.com/2016/09/10/pria-sudah-sadar-pentingnya-kb-bppkb-beri-pendampingan-hukum-kdrt/…",2016-09-10T09:16:51.000Z,
twitter,Pria di Bandung Sudah Sadar KB http://bit.ly/2cvjvMh,2016-09-08T08:34:19.000Z,
twitter,"Tekan Laju Penduduk, Ali Mukhni: Pria Juga Objek KB - Pariaman Today: http://pariamantoday.com/2016/09/tekan-laju-penduduk-ali-mukhni-pria.html#.V9DbkT_ssIM.twitter…",2016-09-08T03:33:03.000Z,
twitter,Batik Waskito KB 59049 Long Sleeve Silk Shirt Batik Pria- Red | http://Blibli.com https://blibli.com/batik-waskito-kb-59049-long-sleeve-silk-shirt-batik-pria-red-BAW.23908.00066.htm…,2016-09-07T15:31:38.000Z,
twitter,"Tekan Laju Penduduk, Ali Mukhni: Pria Juga Objek KB http://dlvr.it/MCLHgX",2016-09-07T06:20:06.000Z,
twitter,"Tekan Laju Penduduk, Ali Mukhni: Pria Juga Objek KB - Pariaman Today: http://pariamantoday.com/2016/09/tekan-laju-penduduk-ali-mukhni-pria.html#.V8-wge5SrUo.twitter…",2016-09-07T06:15:49.000Z,
twitter,"Tekan Laju Penduduk, Ali Mukhni: Pria Juga Objek KB http://bit.ly/2c6q3jp #pariaman",2016-09-07T06:15:11.000Z,
twitter,"Tekan Laju Penduduk, Ali Mukhni: Pria Juga Objek KB http://bit.ly/2bWyBiq",2016-09-07T06:15:10.000Z,
twitter,"Tekan Laju Penduduk, Ali Mukhni: Pria Juga Objek KB: Bupati Ali Mukhni dan Dandim 0308 Pariaman Letkol. Arh. ... http://bit.ly/2bWyzXQ",2016-09-07T06:15:10.000Z,
twitter,Parah Banget! Pria Ini Pukul Dan Tampar 2 Bocah Didepan Umum https://youtu.be/-1AIP6UxMLk Fatmawati #LONCENGCINTAANTV Tangerang Kb Nanas,2016-09-05T05:26:21.000Z,
twitter,Batik Waskito KB 59049 Long Sleeve Silk Shirt Batik Pria- Red | http://Blibli.com https://blibli.com/batik-waskito-kb-59049-long-sleeve-silk-shirt-batik-pria-red-BAW.23908.00066.htm…,2016-09-04T14:07:19.000Z,
twitter,Batik Waskito Long Sleeve Silk Shirt KB 69038 Brown Kemeja Batik Pria | http://Blibli.com https://blibli.com/batik-waskito-long-sleeve-silk-shirt-kb-69038-brown-kemeja-batik-pria-BAW.23908.00002.htm…,2016-09-02T13:05:31.000Z,
twitter,Batik Waskito Long Sleeve Silk Shirt KB 69038 Brown Kemeja Batik Pria | http://Blibli.com https://blibli.com/batik-waskito-long-sleeve-silk-shirt-kb-69038-brown-kemeja-batik-pria-BAW.23908.00002.htm…,2016-09-01T17:03:31.000Z,
twitter,Batik Waskito KB 59049 Long Sleeve Silk Shirt Batik Pria - Maroon | http://Blibli.com https://blibli.com/batik-waskito-kb-59049-long-sleeve-silk-shirt-batik-pria-maroon-BAW.23908.00067.htm…,2016-09-01T10:27:14.000Z,
twitter,Batik Waskito KB 59049 Long Sleeve Silk Shirt Batik Pria - Maroon | http://Blibli.com https://blibli.com/batik-waskito-kb-59049-long-sleeve-silk-shirt-batik-pria-maroon-BAW.23908.00067.htm…,2016-09-01T06:36:40.000Z,
twitter,Batik Waskito Long Sleeve Baron Silk Shirt KB 28831 Orange Baju Batik Pria | http://Blibli.com https://blibli.com/batik-waskito-long-sleeve-baron-silk-shirt-kb-28831-orange-baju-batik-pria-BAW.23908.00061.htm…,2016-08-31T08:52:52.000Z,
twitter,Batik Waskito Long Sleeve Silk Shirt KB 850322 Violet Kemeja Batik Pria | http://Blibli.com https://blibli.com/batik-waskito-long-sleeve-silk-shirt-kb-850322-violet-kemeja-batik-pria-BAW.23908.00007.htm…,2016-08-31T08:47:40.000Z,
twitter,Batik Waskito KB 59049 Long Sleeve Silk Shirt Batik Pria - Maroon | http://Blibli.com https://blibli.com/batik-waskito-kb-59049-long-sleeve-silk-shirt-batik-pria-maroon-BAW.23908.00067.htm…,2016-08-31T03:20:08.000Z,
twitter,Wanita yg mengonsumsi pil KB menjadi lebih tertarik dgn pria yg berwajah feminin dibandingkan pria yg berwaja... http://bit.ly/2ca7k7Q,2016-08-31T01:45:45.000Z,
twitter,Batik Waskito KB 59049 Long Sleeve Silk Shirt Batik Pria- Red | http://Blibli.com https://blibli.com/batik-waskito-kb-59049-long-sleeve-silk-shirt-batik-pria-red-BAW.23908.00066.htm…,2016-08-30T23:02:33.000Z,
twitter,Batik Waskito Long Sleeve Silk Shirt KB 69038 Brown Kemeja Batik Pria | http://Blibli.com https://blibli.com/batik-waskito-long-sleeve-silk-shirt-kb-69038-brown-kemeja-batik-pria-BAW.23908.00002.htm…,2016-09-01T17:03:31.000Z,
twitter,Batik Waskito KB 59049 Long Sleeve Silk Shirt Batik Pria - Maroon | http://Blibli.com https://blibli.com/batik-waskito-kb-59049-long-sleeve-silk-shirt-batik-pria-maroon-BAW.23908.00067.htm…,2016-09-01T10:27:14.000Z,
twitter,Batik Waskito KB 59049 Long Sleeve Silk Shirt Batik Pria - Maroon | http://Blibli.com https://blibli.com/batik-waskito-kb-59049-long-sleeve-silk-shirt-batik-pria-maroon-BAW.23908.00067.htm…,2016-09-01T06:36:40.000Z,
twitter,Batik Waskito Long Sleeve Baron Silk Shirt KB 28831 Orange Baju Batik Pria | http://Blibli.com https://blibli.com/batik-waskito-long-sleeve-baron-silk-shirt-kb-28831-orange-baju-batik-pria-BAW.23908.00061.htm…,2016-08-31T08:52:52.000Z,
twitter,Batik Waskito Long Sleeve Silk Shirt KB 850322 Violet Kemeja Batik Pria | http://Blibli.com https://blibli.com/batik-waskito-long-sleeve-silk-shirt-kb-850322-violet-kemeja-batik-pria-BAW.23908.00007.htm…,2016-08-31T08:47:40.000Z,
twitter,Batik Waskito KB 59049 Long Sleeve Silk Shirt Batik Pria - Maroon | http://Blibli.com https://blibli.com/batik-waskito-kb-59049-long-sleeve-silk-shirt-batik-pria-maroon-BAW.23908.00067.htm…,2016-08-31T03:20:08.000Z,
twitter,Wanita yg mengonsumsi pil KB menjadi lebih tertarik dgn pria yg berwajah feminin dibandingkan pria yg berwaja... http://bit.ly/2ca7k7Q,2016-08-31T01:45:45.000Z,
twitter,Batik Waskito KB 59049 Long Sleeve Silk Shirt Batik Pria- Red | http://Blibli.com https://blibli.com/batik-waskito-kb-59049-long-sleeve-silk-shirt-batik-pria-red-BAW.23908.00066.htm…,2016-08-30T23:02:33.000Z,
twitter,Tribun: Wali Kota Solo Beri Penghargaan kepada Para Petugas Penyuluh KB http://dlvr.it/M8Ppdx #NewsToday #DKK,2016-08-30T16:26:17.000Z,
twitter,Wanita yg mengonsumsi pil KB menjadi lebih tertarik dgn pria yg berwajah feminin dibandingkan pria yg berwajah maskulin. [huffingtonpost],2016-08-30T15:12:55.000Z,
twitter,Batik Waskito Long Sleeve Baron Silk Shirt KB 28831 Orange Baju Batik Pria | http://Blibli.com https://blibli.com/batik-waskito-long-sleeve-baron-silk-shirt-kb-28831-orange-baju-batik-pria-BAW.23908.00061.htm…,2016-08-30T11:07:31.000Z,
twitter,Batik Waskito Long Sleeve Silk Shirt KB 850322 Violet Kemeja Batik Pria | http://Blibli.com https://blibli.com/batik-waskito-long-sleeve-silk-shirt-kb-850322-violet-kemeja-batik-pria-BAW.23908.00007.htm…,2016-08-30T09:21:35.000Z,
twitter,Batik Waskito KB 59049 Long Sleeve Silk Shirt Batik Pria - Maroon | http://Blibli.com https://blibli.com/batik-waskito-kb-59049-long-sleeve-silk-shirt-batik-pria-maroon-BAW.23908.00067.htm…,2016-08-30T04:50:59.000Z,
twitter,Batik Waskito KB 59049 Long Sleeve Silk Shirt Batik Pria- Red | http://Blibli.com https://blibli.com/batik-waskito-kb-59049-long-sleeve-silk-shirt-batik-pria-red-BAW.23908.00066.htm…,2016-08-30T03:29:03.000Z,
twitter,Batik Waskito Long Sleeve Silk Shirt KB 850322 Violet Kemeja Batik Pria | http://Blibli.com https://blibli.com/batik-waskito-long-sleeve-silk-shirt-kb-850322-violet-kemeja-batik-pria-BAW.23908.00007.htm…,2016-08-30T03:21:26.000Z,
twitter,Batik Waskito Long Sleeve Silk Shirt KB 850322 Violet Kemeja Batik Pria | http://Blibli.com https://blibli.com/batik-waskito-long-sleeve-silk-shirt-kb-850322-violet-kemeja-batik-pria-BAW.23908.00007.htm…,2016-08-29T15:10:20.000Z,
twitter,Batik Waskito KB 59049 Long Sleeve Silk Shirt Batik Pria - Maroon | http://Blibli.com https://blibli.com/batik-waskito-kb-59049-long-sleeve-silk-shirt-batik-pria-maroon-BAW.23908.00067.htm…,2016-08-29T10:10:31.000Z,
twitter,Batik Waskito KB 59049 Long Sleeve Silk Shirt Batik Pria - Maroon | http://Blibli.com https://blibli.com/batik-waskito-kb-59049-long-sleeve-silk-shirt-batik-pria-maroon-BAW.23908.00067.htm…,2016-08-29T09:12:52.000Z,
twitter,Batik Waskito Long Sleeve Silk Shirt KB 850322 Violet Kemeja Batik Pria | http://Blibli.com https://blibli.com/batik-waskito-long-sleeve-silk-shirt-kb-850322-violet-kemeja-batik-pria-BAW.23908.00007.htm…,2016-08-29T08:24:08.000Z,
twitter,Batik Waskito KB 59049 Long Sleeve Silk Shirt Batik Pria - Maroon | http://Blibli.com https://blibli.com/batik-waskito-kb-59049-long-sleeve-silk-shirt-batik-pria-maroon-BAW.23908.00067.htm…,2016-08-29T01:34:24.000Z,
twitter,Batik Waskito KB 59049 Long Sleeve Silk Shirt Batik Pria- Red | http://Blibli.com https://blibli.com/batik-waskito-kb-59049-long-sleeve-silk-shirt-batik-pria-red-BAW.23908.00066.htm…,2016-08-29T01:29:03.000Z,
twitter,Batik Waskito Long Sleeve Silk Shirt KB 69038 Brown Kemeja Batik Pria | http://Blibli.com https://blibli.com/batik-waskito-long-sleeve-silk-shirt-kb-69038-brown-kemeja-batik-pria-BAW.23908.00002.htm…,2016-08-28T18:07:47.000Z,
twitter,Wanita yg mengonsumsi pil KB menjadi lebih tertarik dgn pria yg berwajah feminin dibandingkan pria yg berwajah maskulin. [huffingtonpost],2016-08-28T09:06:06.000Z,
twitter,Batik Waskito KB 59049 Long Sleeve Silk Shirt Batik Pria- Red | http://Blibli.com https://blibli.com/batik-waskito-kb-59049-long-sleeve-silk-shirt-batik-pria-red-BAW.23908.00066.htm…,2016-08-30T03:29:03.000Z,
twitter,Batik Waskito Long Sleeve Silk Shirt KB 850322 Violet Kemeja Batik Pria | http://Blibli.com https://blibli.com/batik-waskito-long-sleeve-silk-shirt-kb-850322-violet-kemeja-batik-pria-BAW.23908.00007.htm…,2016-08-30T03:21:26.000Z,
twitter,Batik Waskito Long Sleeve Silk Shirt KB 850322 Violet Kemeja Batik Pria | http://Blibli.com https://blibli.com/batik-waskito-long-sleeve-silk-shirt-kb-850322-violet-kemeja-batik-pria-BAW.23908.00007.htm…,2016-08-29T15:10:20.000Z,
twitter,Batik Waskito KB 59049 Long Sleeve Silk Shirt Batik Pria - Maroon | http://Blibli.com https://blibli.com/batik-waskito-kb-59049-long-sleeve-silk-shirt-batik-pria-maroon-BAW.23908.00067.htm…,2016-08-29T10:10:31.000Z,
twitter,Batik Waskito KB 59049 Long Sleeve Silk Shirt Batik Pria - Maroon | http://Blibli.com https://blibli.com/batik-waskito-kb-59049-long-sleeve-silk-shirt-batik-pria-maroon-BAW.23908.00067.htm…,2016-08-29T09:12:52.000Z,
twitter,Batik Waskito Long Sleeve Silk Shirt KB 850322 Violet Kemeja Batik Pria | http://Blibli.com https://blibli.com/batik-waskito-long-sleeve-silk-shirt-kb-850322-violet-kemeja-batik-pria-BAW.23908.00007.htm…,2016-08-29T08:24:08.000Z,
twitter,Batik Waskito KB 59049 Long Sleeve Silk Shirt Batik Pria - Maroon | http://Blibli.com https://blibli.com/batik-waskito-kb-59049-long-sleeve-silk-shirt-batik-pria-maroon-BAW.23908.00067.htm…,2016-08-29T01:34:24.000Z,
twitter,Batik Waskito KB 59049 Long Sleeve Silk Shirt Batik Pria- Red | http://Blibli.com https://blibli.com/batik-waskito-kb-59049-long-sleeve-silk-shirt-batik-pria-red-BAW.23908.00066.htm…,2016-08-29T01:29:03.000Z,
twitter,Batik Waskito Long Sleeve Silk Shirt KB 69038 Brown Kemeja Batik Pria | http://Blibli.com https://blibli.com/batik-waskito-long-sleeve-silk-shirt-kb-69038-brown-kemeja-batik-pria-BAW.23908.00002.htm…,2016-08-28T18:07:47.000Z,
twitter,Wanita yg mengonsumsi pil KB menjadi lebih tertarik dgn pria yg berwajah feminin dibandingkan pria yg berwajah maskulin. [huffingtonpost],2016-08-28T09:06:06.000Z,
twitter,Batik Waskito KB 59049 Long Sleeve Silk Shirt Batik Pria- Red | http://Blibli.com https://blibli.com/batik-waskito-kb-59049-long-sleeve-silk-shirt-batik-pria-red-BAW.23908.00066.htm…,2016-08-28T06:28:34.000Z,
twitter,Batik Waskito Long Sleeve Silk Shirt KB 69038 Green Kemeja Batik Pria | http://Blibli.com https://blibli.com/batik-waskito-long-sleeve-silk-shirt-kb-69038-green-kemeja-batik-pria-BAW.23908.00003.htm…,2016-08-27T22:16:56.000Z,
twitter,Batik Waskito Long Sleeve Silk Shirt KB 850322 Violet Kemeja Batik Pria | http://Blibli.com https://blibli.com/batik-waskito-long-sleeve-silk-shirt-kb-850322-violet-kemeja-batik-pria-BAW.23908.00007.htm…,2016-08-27T08:38:04.000Z,
twitter,Batik Waskito Long Sleeve Silk Shirt KB 850322 Violet Kemeja Batik Pria | http://Blibli.com https://blibli.com/batik-waskito-long-sleeve-silk-shirt-kb-850322-violet-kemeja-batik-pria-BAW.23908.00007.htm…,2016-08-27T05:49:33.000Z,
twitter,Batik Waskito KB 59049 Long Sleeve Silk Shirt Batik Pria - Maroon | http://Blibli.com https://blibli.com/batik-waskito-kb-59049-long-sleeve-silk-shirt-batik-pria-maroon-BAW.23908.00067.htm…,2016-08-27T03:27:25.000Z,
twitter,Batik Waskito KB 59049 Long Sleeve Silk Shirt Batik Pria - Maroon | http://Blibli.com https://blibli.com/batik-waskito-kb-59049-long-sleeve-silk-shirt-batik-pria-maroon-BAW.23908.00067.htm…,2016-08-27T01:55:59.000Z,
twitter,"FREE ONGKIR !!!!
Sepatu Pria - Hummer
CUMA Rp. 240.000
klik: http://inisepatumurah.com/sepatu-pria/hummer/1142-hummer…
Kb Jeruk - Tomang PADAT",2016-08-27T01:40:21.000Z,
twitter,"FREE ONGKIR !!!!
Sepatu Pria - Kickers
CUMA Rp. 180.000
klik: http://inisepatumurah.com/sepatu-pria/kickers/3339-kickers-casual…
Kb Jeruk - Tomang PADAT",2016-08-27T01:20:25.000Z,
twitter,"FREE ONGKIR !!!!
Sepatu Pria - Kickers
CUMA Rp. 220.000
klik: http://inisepatumurah.com/sepatu-pria/kickers/3482-kickers-solopatop-brown…
Kb Jeruk - Tomang PADAT",2016-08-27T01:00:27.000Z,
twitter,Batik Waskito Long Sleeve Silk Shirt KB 69038 Green Kemeja Batik Pria | http://Blibli.com https://blibli.com/batik-waskito-long-sleeve-silk-shirt-kb-69038-green-kemeja-batik-pria-BAW.23908.00003.htm…,2016-08-26T23:39:11.000Z,
twitter,"FREE ONGKIR !!!!
Sepatu Pria - Giant Flames
CUMA Rp. 250.000
klik: http://inisepatumurah.com/sepatu-pria/giant-flames/3108-thor…
Kb Jeruk - Tomang PADAT",2016-08-26T23:20:23.000Z,
twitter,"FREE ONGKIR !!!!
Sepatu Pria - Kickers
CUMA Rp. 190.000
klik: http://inisepatumurah.com/sepatu-pria/kickers/3387-kickers-sloafer-letaher…
Kb Jeruk - Tomang PADAT",2016-08-26T23:00:18.000Z,
twitter,"Demi Sesuap Nasi, Pria Tua Ini Bolak-balik Mengangkut 100 Kg Tepung sejauh 1 Km di Punggungnya Setiap Hari... http://fb.me/1rEDvn0NB",2016-08-26T15:32:46.000Z,
twitter,"FREE ONGKIR !!!!
Sepatu Pria - Boots Dr Faris
CUMA Rp. 350.000
klik: http://inisepatumurah.com/sepatu-pria/boots-dr-faris/2642-drfaris-boots-404r-blaack-pullups-sol-walking-d-rosel…
Kb Jeruk - Tomang PADAT",2016-08-26T10:20:15.000Z,
twitter,"FREE ONGKIR !!!!
Sepatu Pria - Kickers
CUMA Rp. 200.000
klik: http://inisepatumurah.com/sepatu-pria/kickers/2845-kickers-slank…
Kb Jeruk - Tomang PADAT",2016-08-26T10:00:17.000Z,
twitter,"FREE ONGKIR !!!!
Sepatu Pria - Black Master
CUMA Rp. 300.000
klik: http://inisepatumurah.com/sepatu-pria/black-master/1818-bm-rossel-leather…
Kb Jeruk - Tomang PADAT",2016-08-26T09:40:25.000Z,
twitter,"FREE ONGKIR !!!!
Sepatu Pria - Crocodile
CUMA Rp. 270.000
klik: http://inisepatumurah.com/sepatu-pria/crocodile/3208-crocodile…
Kb Jeruk - Tomang PADAT",2016-08-26T07:40:13.000Z,
twitter,"FREE ONGKIR !!!!
Sepatu Pria - Boots Dr Faris
CUMA Rp. 350.000
klik: http://inisepatumurah.com/sepatu-pria/boots-dr-faris/2665-drfaris-boots-4027-black-pullups-sol-walking-rosel…
Kb Jeruk - Tomang PADAT",2016-08-26T07:25:54.000Z,
twitter,Batik Waskito Long Sleeve Silk Shirt KB 69038 Brown Kemeja Batik Pria | http://Blibli.com https://blibli.com/batik-waskito-long-sleeve-silk-shirt-kb-69038-brown-kemeja-batik-pria-BAW.23908.00002.htm…,2016-08-26T04:01:09.000Z,
twitter,Batik Waskito Long Sleeve Silk Shirt KB 69038 Brown Kemeja Batik Pria | http://Blibli.com https://blibli.com/batik-waskito-long-sleeve-silk-shirt-kb-69038-brown-kemeja-batik-pria-BAW.23908.00002.htm…,2016-08-25T22:11:48.000Z,
twitter,Batik Waskito Long Sleeve Silk Shirt KB 850322 Violet Kemeja Batik Pria | http://Blibli.com https://blibli.com/batik-waskito-long-sleeve-silk-shirt-kb-850322-violet-kemeja-batik-pria-BAW.23908.00007.htm…,2016-08-25T11:02:59.000Z,
twitter,Batik Waskito Long Sleeve Silk Shirt KB 850322 Violet Kemeja Batik Pria | http://Blibli.com https://blibli.com/batik-waskito-long-sleeve-silk-shirt-kb-850322-violet-kemeja-batik-pria-BAW.23908.00007.htm…,2016-08-25T03:34:54.000Z,
twitter,"PENINGKATAN PROGRAM KB MELALUI PENYULUHAN TENAGA MOTIVATOR KB PRIA
https://facebook.com/profile.php?id=100006931336886…",2016-08-25T00:42:10.000Z,
twitter,Bravo Ardi Arcadia pembina Kelp KB Pria !TPD KB enerjik&ulet dorong pr Bapak meringankan peran reproduksi para Ibu,2016-08-22T08:08:47.000Z,
twitter,"Saatnya Pria berpartisipasi aktif sbg akseptor dan motivator. Bravo Kelp KB pria ""Idaman"" kecCikole 2ndwinner prop",2016-08-22T07:55:12.000Z,
twitter,"FREE ONGKIR !!!!
Sepatu Pria - Boots Dr Faris
CUMA Rp. 350.000
klik: http://inisepatumurah.com/sepatu-pria/boots-dr-faris/2646-drfaris-boots-405-tan-gold-pullups-sol-walking-rosel…
Kb Nanas",2016-08-22T07:40:26.000Z,
twitter,Batik Waskito Long Sleeve Silk Shirt KB 69038 Green Kemeja Batik Pria | http://Blibli.com https://blibli.com/batik-waskito-long-sleeve-silk-shirt-kb-69038-green-kemeja-batik-pria-BAW.23908.00003.htm…,2016-08-22T06:31:19.000Z,
twitter,Batik Waskito Long Sleeve Silk Shirt KB 69038 Brown Kemeja Batik Pria | http://Blibli.com https://blibli.com/batik-waskito-long-sleeve-silk-shirt-kb-69038-brown-kemeja-batik-pria-BAW.23908.00002.htm…,2016-08-22T06:30:51.000Z,
twitter,Batik Waskito Long Sleeve Silk Shirt KB 850322 Violet Kemeja Batik Pria | http://Blibli.com https://blibli.com/batik-waskito-long-sleeve-silk-shirt-kb-850322-violet-kemeja-batik-pria-BAW.23908.00007.htm…,2016-08-22T06:21:05.000Z,
twitter,Batik Waskito Long Sleeve Silk Shirt KB 850322 Violet Kemeja Batik Pria | http://Blibli.com https://blibli.com/batik-waskito-long-sleeve-silk-shirt-kb-850322-violet-kemeja-batik-pria-BAW.23908.00007.htm…,2016-08-21T04:01:39.000Z,
twitter,Batik Waskito KB 59049 Long Sleeve Silk Shirt Batik Pria - Maroon | http://Blibli.com https://blibli.com/batik-waskito-kb-59049-long-sleeve-silk-shirt-batik-pria-maroon-BAW.23908.00067.htm…,2016-08-20T16:28:57.000Z,
twitter,Batik Waskito Long Sleeve Silk Shirt KB 69038 Green Kemeja Batik Pria | http://Blibli.com https://blibli.com/batik-waskito-long-sleeve-silk-shirt-kb-69038-green-kemeja-batik-pria-BAW.23908.00003.htm…,2016-08-19T18:53:47.000Z,
twitter,Batik Waskito Long Sleeve Silk Shirt KB 850322 Violet Kemeja Batik Pria | http://Blibli.com https://blibli.com/batik-waskito-long-sleeve-silk-shirt-kb-850322-violet-kemeja-batik-pria-BAW.23908.00007.htm…,2016-08-19T05:31:07.000Z,
twitter,"FREE ONGKIR !!!!
Sepatu Pria - Azcost Footwear
CUMA Rp. 270.000
klik: http://inisepatumurah.com/sepatu-pria/azcost-footwear/2697-azcost-slop-slank…
Kb Nanas",2016-08-19T02:40:23.000Z,
twitter,"FREE ONGKIR !!!!
Sepatu Pria - Black Master
CUMA Rp. 235.000
klik: http://inisepatumurah.com/sepatu-pria/black-master/1616-bm-mokasin…
Kb Nanas",2016-08-19T02:20:21.000Z,
twitter,"FREE ONGKIR !!!!
Sepatu Pria - Giant Flames
CUMA Rp. 250.000
klik: http://inisepatumurah.com/sepatu-pria/giant-flames/3108-thor…
Kb Nanas",2016-08-19T02:00:24.000Z,
twitter,"FREE ONGKIR !!!!
Sepatu Pria - Goodness Footwear
CUMA Rp. 160.000
klik: http://inisepatumurah.com/sepatu-pria/goodness-footwear/3092-youth-black…
Kb Nanas",2016-08-18T05:20:23.000Z,
twitter,"FREE ONGKIR !!!!
Sepatu Pria - Boots Dr Faris
CUMA Rp. 230.000
klik: http://inisepatumurah.com/sepatu-pria/boots-dr-faris/2594-drfaris-403-darkbrown-suede-sol-walking-cat…
Kb Nanas",2016-08-18T03:20:20.000Z,
twitter,WOWFAKTA: Wanita yg mengonsumsi pil KB menjadi lebih tertarik dgn pria yg berwajah feminin dibandingkan pria yg berwajah maskulin. [huffing…,2016-08-18T02:26:22.000Z,
twitter,WOWFAKTA: Wanita yg mengonsumsi pil KB menjadi lebih tertarik dgn pria yg berwajah feminin dibandingkan pria yg berwajah maskulin. [huffing…,2016-08-18T02:08:18.000Z,
twitter,Wanita yg mengonsumsi pil KB menjadi lebih tertarik dgn pria yg berwajah feminin dibandingkan pria yg berwajah maskulin. [huffingtonpost],2016-08-18T02:08:00.000Z,
twitter,Wanita yg mengonsumsi pil KB menjadi lebih tertarik dgn pria yg berwajah feminin dibandingkan pria yg berwajah maskulin. [huffingtonpost],2016-08-18T02:05:57.000Z,
twitter,Batik Waskito Long Sleeve Silk Shirt KB 850322 Violet Kemeja Batik Pria | http://Blibli.com https://blibli.com/batik-waskito-long-sleeve-silk-shirt-kb-850322-violet-kemeja-batik-pria-BAW.23908.00007.htm…,2016-08-18T01:28:45.000Z,
twitter,Batik Waskito Long Sleeve Silk Shirt KB 850322 Violet Kemeja Batik Pria | http://Blibli.com https://blibli.com/batik-waskito-long-sleeve-silk-shirt-kb-850322-violet-kemeja-batik-pria-BAW.23908.00007.htm…,2016-08-16T08:43:20.000Z,
twitter,"3.menimbulkan jerawat, pnambahan BB, bahkan terjadinya memicu penurunan gairah seksual pd pria.Selain Pil KB u/ Pria",2016-08-15T02:49:18.000Z,
twitter,2.telah mengembangkan alt kontrasepsi terbaru u/ pria yaitu pil KB khsus pria KB u/ pria ini jgmemiliki efek samping,2016-08-15T02:45:43.000Z,
twitter,'KB Lanang' di Rejanglebong sepi peminat: Peserta keluarga berencana dengan metode kontrasepsi medis operasi pria… http://dlvr.it/M1h05S,2016-08-13T03:14:13.000Z,
twitter,'KB Lanang' di Rejanglebong sepi peminat: Peserta keluarga berencana dengan metode kontrasepsi medis operasi pria… http://dlvr.it/M1h04h,2016-08-13T03:14:12.000Z,
twitter,Perayaan HUT ke-54 P/KB GMIM Diawali Penanaman 500 Bibit Pohon: Pencanangan perayaan HUT ke-54 Pria/Kaum Bapa... http://tinyurl.com/h83rhw3,2016-08-12T23:26:01.000Z,
twitter,Batik Waskito Long Sleeve Silk Shirt KB 850322 Violet Kemeja Batik Pria | http://Blibli.com https://blibli.com/batik-waskito-long-sleeve-silk-shirt-kb-850322-violet-kemeja-batik-pria-BAW.23908.00007.htm…,2016-08-16T08:43:20.000Z,
twitter,"3.menimbulkan jerawat, pnambahan BB, bahkan terjadinya memicu penurunan gairah seksual pd pria.Selain Pil KB u/ Pria",2016-08-15T02:49:18.000Z,
twitter,2.telah mengembangkan alt kontrasepsi terbaru u/ pria yaitu pil KB khsus pria KB u/ pria ini jgmemiliki efek samping,2016-08-15T02:45:43.000Z,
twitter,'KB Lanang' di Rejanglebong sepi peminat: Peserta keluarga berencana dengan metode kontrasepsi medis operasi pria… http://dlvr.it/M1h05S,2016-08-13T03:14:13.000Z,
twitter,'KB Lanang' di Rejanglebong sepi peminat: Peserta keluarga berencana dengan metode kontrasepsi medis operasi pria… http://dlvr.it/M1h04h,2016-08-13T03:14:12.000Z,
twitter,Perayaan HUT ke-54 P/KB GMIM Diawali Penanaman 500 Bibit Pohon: Pencanangan perayaan HUT ke-54 Pria/Kaum Bapa... http://tinyurl.com/h83rhw3,2016-08-12T23:26:01.000Z,
twitter,Perayaan HUT ke-54 P/KB GMIM Diawali Penanaman 500 Bibit Pohon: Pencanangan perayaan HUT ke-54 Pria/Kaum Bapa... http://tinyurl.com/z4ftr4a,2016-08-12T23:26:01.000Z,
twitter,Perayaan HUT ke-54 P/KB GMIM Diawali Penanaman 500 Bibit Pohon: Pencanangan perayaan HUT ke-54 Pria/Kaum Bapa... http://tinyurl.com/z4ftr4a,2016-08-12T23:26:01.000Z,
twitter,Perayaan HUT ke-54 P/KB GMIM Diawali Penanaman 500 Bibit Pohon: Pencanangan perayaan HUT ke-54 Pria/Kaum Bapa... http://bit.ly/2boB98z,2016-08-12T20:42:02.000Z,
twitter,Perayaan HUT ke-54 P/KB GMIM Diawali Penanaman 500 Bibit Pohon: Pencanangan perayaan HUT ke-54 Pria/Kaum Bapa... http://bit.ly/2boB98z,2016-08-12T18:22:14.000Z,
twitter,Perayaan HUT ke-54 P/KB GMIM Diawali Penanaman 500 Bibit Pohon: Pencanangan perayaan HUT ke-54 Pria/Kaum Bapa... http://bit.ly/2boB98z,2016-08-12T18:22:14.000Z,
twitter,Perayaan HUT ke-54 P/KB GMIM Diawali Penanaman 500 Bibit Pohon: Pencanangan perayaan HUT ke-54 Pria/Kaum Bapa... http://bit.ly/2bmbXvT,2016-08-12T18:22:13.000Z,
twitter,Perayaan HUT ke-54 P/KB GMIM Diawali Penanaman 500 Bibit Pohon: Pencanangan perayaan HUT ke-54 Pria/Kaum Bapa... http://bit.ly/2bmbXvT,2016-08-12T18:22:09.000Z,
twitter,Perayaan HUT ke-54 P/KB GMIM Diawali Penanaman 500 Bibit Pohon: Pencanangan perayaan HUT ke-54 Pria/Kaum Bapa... http://bit.ly/2boB98z,2016-08-12T18:22:06.000Z,
twitter,"FREE ONGKIR !!!!
Sepatu Pria - Kickers
CUMA Rp. 190.000
klik: http://inisepatumurah.com/sepatu-pria/kickers/3402-kickers-zappato…
Kb Jeruk - Tomang PADAT",2016-08-12T07:40:21.000Z,
twitter,"FREE ONGKIR !!!!
Sepatu Pria - Converse
CUMA Rp. 190.000
klik: http://inisepatumurah.com/sepatu-pria/converse/3233-converse-low-ct-ii…
Kb Jeruk - Tomang PADAT",2016-08-12T07:20:15.000Z,
twitter,Batik Waskito Long Sleeve Baron Silk Shirt KB 28831 Grey Baju Batik Pria | http://Blibli.com https://blibli.com/batik-waskito-long-sleeve-baron-silk-shirt-kb-28831-grey-baju-batik-pria-BAW.23908.00062.html…,2016-08-12T07:09:10.000Z,
twitter,Batik Waskito Long Sleeve Baron Silk Shirt KB 28831 Grey Baju Batik Pria | http://Blibli.com https://blibli.com/batik-waskito-long-sleeve-baron-silk-shirt-kb-28831-grey-baju-batik-pria-BAW.23908.00062.html…,2016-08-12T07:07:39.000Z,
twitter,"FREE ONGKIR !!!!
Sepatu Pria - Kickers
CUMA Rp. 170.000
klik: http://inisepatumurah.com/sepatu-pria/kickers/3220-kickers-slop-suede…
Kb Jeruk - Tomang PADAT",2016-08-12T06:40:37.000Z,
twitter,Batik Waskito Long Sleeve Baron Silk Shirt KB 28831 Grey Baju Batik Pria | http://Blibli.com https://blibli.com/batik-waskito-long-sleeve-baron-silk-shirt-kb-28831-grey-baju-batik-pria-BAW.23908.00062.html…,2016-08-12T03:59:54.000Z,
twitter,Batik Waskito Long Sleeve Baron Silk Shirt KB 28831 Grey Baju Batik Pria | http://Blibli.com https://blibli.com/batik-waskito-long-sleeve-baron-silk-shirt-kb-28831-grey-baju-batik-pria-BAW.23908.00062.html…,2016-08-12T02:54:59.000Z,
twitter,Batik Waskito Long Sleeve Baron Silk Shirt KB 28831 Grey Baju Batik Pria | http://Blibli.com https://blibli.com/batik-waskito-long-sleeve-baron-silk-shirt-kb-28831-grey-baju-batik-pria-BAW.23908.00062.html…,2016-08-12T02:03:23.000Z,
twitter,Batik Waskito Long Sleeve Baron Silk Shirt KB 28831 Grey Baju Batik Pria | http://Blibli.com https://blibli.com/batik-waskito-long-sleeve-baron-silk-shirt-kb-28831-grey-baju-batik-pria-BAW.23908.00062.html…,2016-08-12T01:11:50.000Z,
twitter,Batik Waskito Long Sleeve Baron Silk Shirt KB 28831 Grey Baju Batik Pria | http://Blibli.com https://blibli.com/batik-waskito-long-sleeve-baron-silk-shirt-kb-28831-grey-baju-batik-pria-BAW.23908.00062.html…,2016-08-12T01:08:57.000Z,
twitter,Batik Waskito Long Sleeve Baron Silk Shirt KB 28831 Grey Baju Batik Pria | http://Blibli.com https://blibli.com/batik-waskito-long-sleeve-baron-silk-shirt-kb-28831-grey-baju-batik-pria-BAW.23908.00062.html…,2016-08-12T00:18:18.000Z,
twitter,Batik Waskito Long Sleeve Baron Silk Shirt KB 28831 Grey Baju Batik Pria | http://Blibli.com https://blibli.com/batik-waskito-long-sleeve-baron-silk-shirt-kb-28831-grey-baju-batik-pria-BAW.23908.00062.html…,2016-08-12T00:15:49.000Z,
twitter,Batik Waskito Long Sleeve Baron Silk Shirt KB 28831 Grey Baju Batik Pria | http://Blibli.com https://blibli.com/batik-waskito-long-sleeve-baron-silk-shirt-kb-28831-grey-baju-batik-pria-BAW.23908.00062.html…,2016-08-10T04:26:27.000Z,
twitter,Batik Waskito KB 59049 Long Sleeve Silk Shirt Batik Pria - Green | http://Blibli.com https://blibli.com/batik-waskito-kb-59049-long-sleeve-silk-shirt-batik-pria-green-BAW.23908.00069.htm…,2016-08-08T14:56:43.000Z,
twitter,Batik Waskito KB 59049 Long Sleeve Silk Shirt Batik Pria- Red | http://Blibli.com https://blibli.com/batik-waskito-kb-59049-long-sleeve-silk-shirt-batik-pria-red-BAW.23908.00066.htm…,2016-08-08T14:55:11.000Z,
twitter,Batik Waskito KB 59049 Long Sleeve Silk Shirt Batik Pria - Maroon | http://Blibli.com https://blibli.com/batik-waskito-kb-59049-long-sleeve-silk-shirt-batik-pria-maroon-BAW.23908.00067.htm…,2016-08-08T14:54:16.000Z,
twitter,Batik Waskito KB 59049 Long Sleeve Silk Shirt Batik Pria - Blue | http://Blibli.com https://blibli.com/batik-waskito-kb-59049-long-sleeve-silk-shirt-batik-pria-blue-BAW.23908.00068.htm…,2016-08-08T14:53:17.000Z,
twitter,Batik Waskito Long Sleeve Silk Shirt KB 850322 Violet Kemeja Batik Pria | http://Blibli.com https://blibli.com/batik-waskito-long-sleeve-silk-shirt-kb-850322-violet-kemeja-batik-pria-BAW.23908.00007.htm…,2016-08-08T06:46:05.000Z,
twitter,"Hanya 1 Persen Pria Gunakan KB, Program Dua Anak Kurang Diminati - Bontang Post http://goo.gl/fb/H50uct",2016-08-08T05:34:21.000Z,
twitter,Batik Waskito Long Sleeve Silk Shirt KB 850322 Violet Kemeja Batik Pria | http://Blibli.com https://blibli.com/batik-waskito-long-sleeve-silk-shirt-kb-850322-violet-kemeja-batik-pria-BAW.23908.00007.htm…,2016-08-08T03:13:39.000Z,
twitter,Batik Waskito Long Sleeve Baron Silk Shirt KB 28831 Grey Baju Batik Pria | http://Blibli.com https://blibli.com/batik-waskito-long-sleeve-baron-silk-shirt-kb-28831-grey-baju-batik-pria-BAW.23908.00062.html…,2016-08-10T04:26:27.000Z,
twitter,Batik Waskito KB 59049 Long Sleeve Silk Shirt Batik Pria - Green | http://Blibli.com https://blibli.com/batik-waskito-kb-59049-long-sleeve-silk-shirt-batik-pria-green-BAW.23908.00069.htm…,2016-08-08T14:56:43.000Z,
twitter,Batik Waskito KB 59049 Long Sleeve Silk Shirt Batik Pria- Red | http://Blibli.com https://blibli.com/batik-waskito-kb-59049-long-sleeve-silk-shirt-batik-pria-red-BAW.23908.00066.htm…,2016-08-08T14:55:11.000Z,
twitter,Batik Waskito KB 59049 Long Sleeve Silk Shirt Batik Pria - Maroon | http://Blibli.com https://blibli.com/batik-waskito-kb-59049-long-sleeve-silk-shirt-batik-pria-maroon-BAW.23908.00067.htm…,2016-08-08T14:54:16.000Z,
twitter,Batik Waskito KB 59049 Long Sleeve Silk Shirt Batik Pria - Blue | http://Blibli.com https://blibli.com/batik-waskito-kb-59049-long-sleeve-silk-shirt-batik-pria-blue-BAW.23908.00068.htm…,2016-08-08T14:53:17.000Z,
twitter,Batik Waskito Long Sleeve Silk Shirt KB 850322 Violet Kemeja Batik Pria | http://Blibli.com https://blibli.com/batik-waskito-long-sleeve-silk-shirt-kb-850322-violet-kemeja-batik-pria-BAW.23908.00007.htm…,2016-08-08T06:46:05.000Z,
twitter,"Hanya 1 Persen Pria Gunakan KB, Program Dua Anak Kurang Diminati - Bontang Post http://goo.gl/fb/H50uct",2016-08-08T05:34:21.000Z,
twitter,Batik Waskito Long Sleeve Silk Shirt KB 850322 Violet Kemeja Batik Pria | http://Blibli.com https://blibli.com/batik-waskito-long-sleeve-silk-shirt-kb-850322-violet-kemeja-batik-pria-BAW.23908.00007.htm…,2016-08-08T03:13:39.000Z,
twitter,Batik Waskito Long Sleeve Baron Silk Shirt KB 28831 Blue Baju Batik Pria | http://Blibli.com https://blibli.com/batik-waskito-long-sleeve-baron-silk-shirt-kb-28831-blue-baju-batik-pria-BAW.23908.00058.htm…,2016-08-07T16:26:22.000Z,
twitter,Batik Waskito Short Sleeve Silk Shirt KB 10489 Blue Kemeja Batik Pria | http://Blibli.com https://blibli.com/batik-waskito-short-sleeve-silk-shirt-kb-10489-blue-kemeja-batik-pria-BAW.23908.00017.htm…,2016-08-07T16:10:58.000Z,
twitter,Batik Waskito Long Sleeve Silk Shirt KB 69038 Brown Kemeja Batik Pria | http://Blibli.com https://blibli.com/batik-waskito-long-sleeve-silk-shirt-kb-69038-brown-kemeja-batik-pria-BAW.23908.00002.htm…,2016-08-07T07:38:38.000Z,
twitter,Batik Waskito Long Sleeve Silk Shirt KB 850322 Violet Kemeja Batik Pria | http://Blibli.com https://blibli.com/batik-waskito-long-sleeve-silk-shirt-kb-850322-violet-kemeja-batik-pria-BAW.23908.00007.htm…,2016-08-06T10:40:49.000Z,
twitter,"FREE ONGKIR !!!!
Sepatu Pria - Clemz Shoes Premium
CUMA Rp. 260.000
klik: http://inisepatumurah.com/sepatu-pria/clemz-shoes-premium/2260-clemz-shoes-leather…
Kb Nanas",2016-08-06T10:00:28.000Z,
twitter,"FREE ONGKIR !!!!
Sepatu Pria - Azcost Footwear
CUMA Rp. 280.000
klik: http://inisepatumurah.com/sepatu-pria/azcost-footwear/2819-azcost-edward…
Kb Nanas",2016-08-06T09:40:25.000Z,
twitter,"FREE ONGKIR !!!!
Sepatu Pria - Joey Footwear
CUMA Rp. 200.000
klik: http://inisepatumurah.com/sepatu-pria/joey-footwear/3012-best-black…
Kb Nanas",2016-08-06T09:20:27.000Z,
twitter,"FREE ONGKIR !!!!
Sepatu Pria - Joey Footwear
CUMA Rp. 200.000
klik: http://inisepatumurah.com/sepatu-pria/joey-footwear/3012-best-black…
Kb Nanas",2016-08-06T09:20:27.000Z,
twitter,"Ajak para pria ikut KB, BPPKB Jatim gendeng Kiai http://bit.ly/2aHyBNr",2016-08-05T23:08:25.000Z,
twitter,"Ajak para pria ikut KB, BPPKB Jatim gendeng Kiai http://bit.ly/2aHyBNr",2016-08-05T23:08:24.000Z,
twitter,"lensaindonesia: Ajak para pria ikut KB, BPPKB Jatim gendeng Kiai http://lensa.in/Lyrdkb via lensaindonesia",2016-08-05T22:47:09.000Z,
twitter,"lensaindonesia: Ajak para pria ikut KB, BPPKB Jatim gendeng Kiai http://lensa.in/Lyrdkb via lensaindonesia",2016-08-05T22:42:48.000Z,
twitter,"Ajak para pria ikut KB, BPPKB Jatim gendeng Kiai http://lensa.in/Lyrdkb via 
@lensaindonesia",2016-08-05T22:31:11.000Z,
twitter,Batik Waskito Long Sleeve Silk Shirt KB 69038 Green Kemeja Batik Pria | http://Blibli.com https://blibli.com/batik-waskito-long-sleeve-silk-shirt-kb-69038-green-kemeja-batik-pria-BAW.23908.00003.htm…,2016-08-05T16:05:29.000Z,
twitter,Batik Waskito Long Sleeve Silk Shirt KB 850322 Turqoise Kemeja Batik Pria | http://Blibli.com https://blibli.com/batik-waskito-long-sleeve-silk-shirt-kb-850322-turqoise-kemeja-batik-pria-BAW.23908.00005.htm…,2016-08-05T16:04:18.000Z,
twitter,"BKKBN : Jangan Khawatir, Pil KB Pria Sudah Ada http://fb.me/1nF0FFffH",2016-08-05T15:38:01.000Z,
twitter,"BKKBN : Jangan Khawatir, Pil KB Pria Sudah Ada http://fb.me/2HFtYwPOj",2016-08-05T15:26:59.000Z,
twitter,Anggota Kodim 0303/Bkls Menghadiri Acara Pertemuan Akseptor Kb Kes Pria (Mop) http://dlvr.it/Lycrsz,2016-08-05T10:02:35.000Z,
twitter,Anggota Kodim 0303/Bkls Menghadiri Acara Pertemuan Akseptor Kb Kes Pria (Mop) http://dlvr.it/Lycrs5,2016-08-05T10:02:35.000Z,
twitter,Anggota Kodim 0303/Bkls Menghadiri Acara Pertemuan Akseptor Kb Kes Pria (Mop) http://dlvr.it/LycrjS,2016-08-05T10:02:33.000Z,
twitter,Batik Waskito Long Sleeve Silk Shirt KB 850322 Violet Kemeja Batik Pria | http://Blibli.com https://blibli.com/batik-waskito-long-sleeve-silk-shirt-kb-850322-violet-kemeja-batik-pria-BAW.23908.00007.htm…,2016-08-03T15:43:26.000Z,
twitter,Anggota Kodim 0303/Bkls Menghadiri Acara Pertemuan Akseptor Kb Kes Pria (Mop) http://dlvr.it/LycrjS,2016-08-05T10:02:33.000Z,
twitter,Batik Waskito Long Sleeve Silk Shirt KB 850322 Violet Kemeja Batik Pria | http://Blibli.com https://blibli.com/batik-waskito-long-sleeve-silk-shirt-kb-850322-violet-kemeja-batik-pria-BAW.23908.00007.htm…,2016-08-03T15:43:26.000Z,
twitter,"Jas Hendrizal, Motivator KB Pria Terbaik Nasional dari Sijunjung http://fb.me/5chUdI3YO",2016-08-03T01:02:16.000Z,
twitter,Wanita yg mengonsumsi pil KB menjadi lebih tertarik dgn pria yg berwajah feminin dibandingkan pria yg berwajah maskulin. [huffingtonpost],2016-08-02T22:05:21.000Z,
twitter,"Jas Hendrizal, Motivator KB Pria Terbaik Nasional dari Sijunjung http://fb.me/5EW70iaVZ",2016-08-02T16:08:27.000Z,
twitter,"Jas Hendrizal, Motivator KB Pria Terbaik Nasional dari Sijunjung http://fb.me/4WdmkQBIE",2016-08-02T15:59:51.000Z,
twitter,"Singkirkan 11 Provinsi, Kelompok Pria Bersyukur Teluk Lingga Juara 1 Motivator KB. http://goo.gl/NR2FZr",2016-08-02T04:01:21.000Z,
twitter,Wanita yg mengonsumsi pil KB menjadi lebih tertarik dgn pria yg berwajah feminin dibandingkan pria yg berwajah maskulin. [huffingtonpost],2016-08-01T13:29:39.000Z,
twitter,"FREE ONGKIR !!!!
Sepatu Pria - Hummer
CUMA Rp. 270.000
klik: http://inisepatumurah.com/sepatu-pria/hummer/1125-hummer…
Kb Nanas",2016-07-31T11:00:31.000Z,
twitter,"FREE ONGKIR !!!!
Sepatu Pria - Ablinc
CUMA Rp. 250.000
klik: http://inisepatumurah.com/sepatu-pria/ablinc/467-ablinc-boot…
Kb Nanas",2016-07-31T10:40:26.000Z,
twitter,Video Pria pedofil Babak Belur Di Hajar Sekelompok Remaja https://youtu.be/qxcW44XvAqY Jalur Puncak Mas Subadar Kb Nanas Tanjung Balai,2016-07-31T10:34:17.000Z,
twitter,"FREE ONGKIR !!
Sepatu Impor - Nike Pria
CUMA Rp. 200.000
klik: http://inisepatumurah.com/sepatu-impor/nike-pria/3410-nike-boston…
Kb Nanas",2016-07-31T10:20:25.000Z,
twitter,Kutai Timur Raih Penghargaan Motivator KB Pria: Dalam rangkaian Peringatan Hari Keluarga... http://bit.ly/2ayUJNp #Balikpapan #twitKBM,2016-07-29T03:33:24.000Z,
twitter,"Pemkab Blitar Galakkan Pria KB Vasektomi
http://pojokpitu.com/baca.php?idurut=30997&&top=1&&ktg=Jatim&&keyrbk=Kesehatan&&keyjdl=kb…  #kesehatan #news #pojokpitu",2016-07-28T04:14:17.000Z,
twitter,Nike KB Mentality 704942-200 Sepatu Basket Pria | http://Blibli.com https://blibli.com/nike-kb-mentality-704942-200-sepatu-basket-pria-NIE.12227.00625.html…,2016-07-28T01:42:14.000Z,
twitter,Apa Jadinya Kalau Dua Nenek Seksi Ini Berpose dengan Bikini di Majalah Pria Dewasa http://ow.ly/WMvZ302DPj5,2016-07-27T07:50:08.000Z,
twitter,Nike KB Mentality 704942-200 Sepatu Basket Pria | http://Blibli.com https://blibli.com/nike-kb-mentality-704942-200-sepatu-basket-pria-NIE.12227.00625.html…,2016-07-26T03:41:17.000Z,
twitter,Batik Waskito Long Sleeve Silk Shirt KB 850322 Violet Kemeja Batik Pria | http://Blibli.com https://blibli.com/batik-waskito-long-sleeve-silk-shirt-kb-850322-violet-kemeja-batik-pria-BAW.23908.00007.html…,2016-07-25T22:59:07.000Z,
twitter,Seratusan Warga Humbahas Ikuti Kontab KB Pria dan Wanita Gratis http://dlvr.it/Lt9mXb,2016-07-25T13:37:11.000Z,
twitter,Seratusan Warga Humbahas Ikuti Kontab KB Pria dan Wanita Gratis http://dlvr.it/Lt9m27,2016-07-25T13:36:44.000Z,
twitter,"Modal Rp 10 Juta, Pria Ini Sekarang Jadi Eksportir Sepatu http://ow.ly/yXDE302ySxT",2016-07-25T03:55:05.000Z,
twitter,"Karena KB itu bakal menumbuhkan penyakit. Jangka panjang. 
Kecuali pengaman pria dan kalender.",2016-07-24T15:17:34.000Z,
twitter,BPMPKB Kota Serang: Sulit Ajak Warga untuk Ikut KB Pria http://dld.bz/eHQ8T,2016-07-23T15:30:02.000Z,
twitter,Batik Waskito Long Sleeve Silk Shirt KB 850322 Violet Kemeja Batik Pria | http://Blibli.com https://blibli.com/batik-waskito-long-sleeve-silk-shirt-kb-850322-violet-kemeja-batik-pria-BAW.23908.00007.html…,2016-07-22T10:01:26.000Z,
twitter,BPMPKB Kota Serang: Sulit Ajak Warga untuk Ikut KB Pria http://dlvr.it/LrwL0z | Tanggerang #Banten,2016-07-22T05:13:34.000Z,
twitter,Wanita yg mengonsumsi pil KB menjadi lebih tertarik dgn pria yg berwajah feminin dibandingkan pria yg berwajah maskulin. [huffingtonpost],2016-07-22T02:16:22.000Z,
twitter,"Bisnis Kaos 'Yajugaya', Pria Ini Kantongi Omzet Rp 50 Juta/Bulan http://ow.ly/Z49o302s8Yv",2016-07-21T06:15:07.000Z,
twitter,"FREE ONGKIR !!!!
Sepatu Pria - Black Master
CUMA Rp. 175.000
klik: http://inisepatumurah.com/sepatu-pria/black-master/2550-bm-slip-on…
Kb Jeruk - Tomang PADAT",2016-07-19T09:40:14.000Z,
twitter,"FREE ONGKIR !!!!
Sepatu Pria - Hummer
CUMA Rp. 240.000
klik: http://inisepatumurah.com/sepatu-pria/hummer/1757-hummer…
Kb Jeruk - Tomang PADAT",2016-07-19T07:20:16.000Z,
twitter,"FREE ONGKIR !!!!
Sepatu Pria - Circle
CUMA Rp. 290.000
klik: http://inisepatumurah.com/sepatu-pria/circle/1177-circle-tracking…
Kb Jeruk - Tomang PADAT",2016-07-19T07:00:22.000Z,
twitter,"FREE ONGKIR !!
Sepatu Pria - Vans
CUMA Rp. 220.000
klik: http://inisepatumurah.com/sepatu-pria/vans/3264-vans-chima-estate-pro-icc…
Kb Jeruk - Tomang PADAT",2016-07-19T05:20:14.000Z,
twitter,"FREE ONGKIR !!!!
Sepatu Pria - Black Master
CUMA Rp. 175.000
klik: http://inisepatumurah.com/sepatu-pria/black-master/2547-bm-slip-on…
Kb Jeruk - Tomang PADAT",2016-07-19T05:01:08.000Z,
twitter,"FREE ONGKIR !!!!
Sepatu Pria - Boots Dr Faris
CUMA Rp. 230.000
klik: http://inisepatumurah.com/sepatu-pria/boots-dr-faris/2601-drfaris-4027-black-suede-sol-walking-cat…
Kb Jeruk",2016-07-17T11:40:30.000Z,
twitter,"FREE ONGKIR !!!!
Sepatu Pria - Headway Footwear
CUMA Rp. 195.000
klik: http://inisepatumurah.com/sepatu-pria/headway-footwear/3042-headway-02-trust-darkbrown…
Kb Jeruk",2016-07-17T11:20:17.000Z,
twitter,"FREE ONGKIR !!!!
Sepatu Pria - Dr Faris Pantofel
CUMA Rp. 270.000
klik: http://inisepatumurah.com/sepatu-pria/dr-faris-pantofel/3156-drfaris-pantofel-1609-hitam-pullup…
Kb Nanas",2016-07-16T08:20:16.000Z,
twitter,Batik Waskito Long Sleeve Baron Silk Shirt KB 28831 Grey Baju Batik Pria | http://Blibli.com https://blibli.com/batik-waskito-long-sleeve-baron-silk-shirt-kb-28831-grey-baju-batik-pria-BAW.23908.00062.html…,2016-07-15T12:10:22.000Z,
twitter,Batik Waskito Long Sleeve Baron Silk Shirt KB 28831 Grey Baju Batik Pria | http://Blibli.com https://blibli.com/batik-waskito-long-sleeve-baron-silk-shirt-kb-28831-grey-baju-batik-pria-BAW.23908.00062.html…,2016-07-15T10:49:10.000Z,
twitter,Batik Waskito Long Sleeve Baron Silk Shirt KB 28831 Grey Baju Batik Pria | http://Blibli.com https://blibli.com/batik-waskito-long-sleeve-baron-silk-shirt-kb-28831-grey-baju-batik-pria-BAW.23908.00062.html…,2016-07-15T06:55:29.000Z,
twitter,Batik Waskito Long Sleeve Baron Silk Shirt KB 28831 Grey Baju Batik Pria | http://Blibli.com https://blibli.com/batik-waskito-long-sleeve-baron-silk-shirt-kb-28831-grey-baju-batik-pria-BAW.23908.00062.html…,2016-07-15T04:33:49.000Z,
twitter,Batik Waskito Long Sleeve Baron Silk Shirt KB 28831 Grey Baju Batik Pria | http://Blibli.com https://blibli.com/batik-waskito-long-sleeve-baron-silk-shirt-kb-28831-grey-baju-batik-pria-BAW.23908.00062.html…,2016-07-15T03:48:37.000Z,
twitter,"Retweeted Advokasi Bkb makasar (
@AdvokasiKb
):

Peningkatan kapasitas pengetahuan KB pria tingkat kota makassar... http://fb.me/CDMLVDsX",2016-07-15T02:51:28.000Z,
twitter,Batik Waskito Long Sleeve Baron Silk Shirt KB 28831 Grey Baju Batik Pria | http://Blibli.com https://blibli.com/batik-waskito-long-sleeve-baron-silk-shirt-kb-28831-grey-baju-batik-pria-BAW.23908.00062.html…,2016-07-15T02:03:01.000Z,
twitter,Batik Waskito Long Sleeve Baron Silk Shirt KB 28831 Grey Baju Batik Pria | http://Blibli.com https://blibli.com/batik-waskito-long-sleeve-baron-silk-shirt-kb-28831-grey-baju-batik-pria-BAW.23908.00062.html…,2016-07-15T01:13:36.000Z,
twitter,"Batik Waskito
 Long Sleeve Baron Silk Shirt KB 28831 Grey Baju Batik Pria | http://Blibli.com https://blibli.com/batik-waskito-long-sleeve-baron-silk-shirt-kb-28831-grey-baju-batik-pria-BAW.23908.00062.html…",2016-07-15T00:24:28.000Z,
twitter,"Batik 
Waskito Long Sleeve Baron Silk Shirt KB 28831 Grey Baju Batik Pria | http://Blibli.com https://blibli.com/batik-waskito-long-sleeve-baron-silk-shirt-kb-28831-grey-baju-batik-pria-BAW.23908.00062.html…",2016-07-15T00:16:52.000Z,
twitter,Batik Waskito Long Sleeve Baron Silk Shirt KB 28831 Grey Baju Batik Pria | http://Blibli.com https://blibli.com/batik-waskito-long-sleeve-baron-silk-shirt-kb-28831-grey-baju-batik-pria-BAW.23908.00062.html…,2016-07-15T00:07:14.000Z,
twitter,Batik Waskito Long Sleeve Baron Silk Shirt KB 28831 Grey Baju Batik Pria | http://Blibli.com https://blibli.com/batik-waskito-long-sleeve-baron-silk-shirt-kb-28831-grey-baju-batik-pria-BAW.23908.00062.html…,2016-07-14T17:32:39.000Z,
twitter,"Peningkatan kapasitas pengetahuan KB pria tingkat kota makassar tahun 2016 Ang 2.
Hotel makasar marine 13 juli 2016.",2016-07-13T08:17:00.000Z,
twitter,"Jual ANEKA KONDOM PRIA UNIK SILIKON, ALAT KONTRASEPSI & KB - LAPAK NELAYAN | Tokopedia https://tokopedia.com/lapaknelayan/aneka-kondom-pria-unik-silikon-alat-kontrasepsi-kb…",2016-07-12T15:41:34.000Z,
twitter,"Retweeted Advokasi Bkb makasar (
@AdvokasiKb
):

Peningkatan kapasitas pengetahuan tentang KB pria tingkat kota... http://fb.me/5ccmP8wo9",2016-07-12T09:16:23.000Z,
twitter,"Peningkatan kapasitas pengetahuan tentang KB pria tingkat kota Makassar thn 2016, hotel makassar marine 12 juli 2016",2016-07-12T02:41:47.000Z,
twitter,"Peningkatan kapasitas pengetahuan tentang KB pria tingkat kota Makassar thn 2016, hotel makassar marine 12 juli 2016",2016-07-12T02:41:47.000Z,
twitter,Wanita yg mengonsumsi pil KB menjadi lebih tertarik dgn pria yg berwajah feminin dibandingkan pria yg berwajah maskulin. [huffingtonpost],2016-07-11T06:47:09.000Z,
twitter,Nike KB Mentality 704942-200 Sepatu Basket Pria | http://Blibli.com https://blibli.com/nike-kb-mentality-704942-200-sepatu-basket-pria-NIE.12227.00625.html…,2016-07-08T21:20:35.000Z,
twitter,Wanita yg mengonsumsi pil KB menjadi lebih tertarik dgn pria yg berwajah feminin dibandingkan pria yg berwajah maskulin. [huffingtonpost],2016-07-08T16:14:34.000Z,
twitter,Nike KB Mentality 704942-200 Sepatu Basket Pria | http://Blibli.com https://blibli.com/nike-kb-mentality-704942-200-sepatu-basket-pria-NIE.12227.00625.html…,2016-07-04T02:06:35.000Z,
twitter,Wanita yg mengonsumsi pil KB menjadi lebih tertarik dgn pria yg berwajah feminin dibandingkan pria yg berwajah maskulin. [huffingtonpost],2016-07-03T05:21:19.000Z,
twitter,Wanita yg mengonsumsi pil KB menjadi lebih tertarik dgn pria yg berwajah feminin dibandingkan pria yg berwajah maskulin. [huffingtonpost],2016-07-03T05:09:08.000Z,
twitter,Wanita yg mengonsumsi pil KB menjadi lebih tertarik dgn pria yg berwajah feminin dibandingkan pria yg berwajah maskulin. [huffingtonpost],2016-07-03T05:08:14.000Z,
twitter,Wanita yg mengonsumsi pil KB menjadi lebih tertarik dgn pria yg berwajah feminin dibandingkan pria yg berwajah maskulin. [huffingtonpost],2016-07-03T05:07:00.000Z,
twitter,Wanita yg mengonsumsi pil KB menjadi lebih tertarik dgn pria yg berwajah feminin dibandingkan pria yg berwajah maskulin. [huffingtonpost],2016-07-03T05:06:25.000Z,
twitter,Presiden Filipina ancam potong kelamin pria ogah ikut KB | http://merdeka.com http://fb.me/7iY7PM2nd,2016-07-01T02:28:07.000Z,
twitter,Perkembangan KB Pria di Batang Tersendat - SuaraMerdeka http://bit.ly/29relzJ #Batang,2016-06-30T02:18:14.000Z,
twitter,infoSMJateng: Perkembangan KB Pria di Batang Tersendat http://bit.ly/29dVJr3 #Info #Jateng,2016-06-30T01:05:37.000Z,
twitter,Perkembangan KB Pria di Batang Tersendat http://bit.ly/29dVJr3 #Info #Jateng,2016-06-30T00:49:04.000Z,
twitter,"Perkembangan KB Pria di Batang Tersendat: BATANG, http://suaramerdeka.com – Perkembangan Keluarga Berencana (K... http://bit.ly/29dVJr3",2016-06-30T00:49:03.000Z,
twitter,http://SuaraMerdeka.com : Perkembangan KB Pria di Batang Tersendat http://bit.ly/29dVJr3,2016-06-30T00:48:59.000Z,
twitter,Perkembangan KB Pria di Batang Tersendat http://bit.ly/29dVXhY,2016-06-30T00:48:59.000Z,
twitter,hehehe.....kb aayegi hme bi btaoo...hme apko big screen pe jldi dkhna h.....,2016-06-29T10:21:10.000Z,
twitter,"Waduh, Presiden Terpilih Filipina Ancam Potong Kelamin Pria yang Menolak Ikut Program KB http://dlvr.it/LgcgGZ (http://GoNews.co)",2016-06-28T19:22:08.000Z,
twitter,"Waduh, Presiden Terpilih Filipina Ancam Potong Kelamin Pria yang Menolak Ikut Program KB http://dlvr.it/LgcgGG",2016-06-28T19:22:08.000Z,
twitter,"Waduh, Presiden Terpilih Filipina Ancam Potong Kelamin Pria yang Menolak Ikut Program KB http://dlvr.it/LgcXzm",2016-06-28T19:14:09.000Z,
twitter,"Waduh, Presiden Terpilih Filipina Ancam Potong Kelamin Pria yang Menolak Ikut Program KB http://dlvr.it/LgcXwv",2016-06-28T19:14:08.000Z,
twitter,#OpenFollow Duterte Ancam Potong Kelamin Pria Jika Tak Ikut KB http://bit.ly/29jIi4K #TeamFollowBack,2016-06-28T11:12:06.000Z,
twitter,http://SuaraMerdeka.com : Perkembangan KB Pria di Batang Tersendat http://bit.ly/29dVJr3,2016-06-30T00:48:59.000Z,
twitter,Perkembangan KB Pria di Batang Tersendat http://bit.ly/29dVXhY,2016-06-30T00:48:59.000Z,
twitter,hehehe.....kb aayegi hme bi btaoo...hme apko big screen pe jldi dkhna h.....,2016-06-29T10:21:10.000Z,
twitter,"Waduh, Presiden Terpilih Filipina Ancam Potong Kelamin Pria yang Menolak Ikut Program KB http://dlvr.it/LgcgGZ (http://GoNews.co)",2016-06-28T19:22:08.000Z,
twitter,"Waduh, Presiden Terpilih Filipina Ancam Potong Kelamin Pria yang Menolak Ikut Program KB http://dlvr.it/LgcgGG",2016-06-28T19:22:08.000Z,
twitter,"Waduh, Presiden Terpilih Filipina Ancam Potong Kelamin Pria yang Menolak Ikut Program KB http://dlvr.it/LgcXzm",2016-06-28T19:14:09.000Z,
twitter,"Waduh, Presiden Terpilih Filipina Ancam Potong Kelamin Pria yang Menolak Ikut Program KB http://dlvr.it/LgcXwv",2016-06-28T19:14:08.000Z,
twitter,#OpenFollow Duterte Ancam Potong Kelamin Pria Jika Tak Ikut KB http://bit.ly/29jIi4K #TeamFollowBack,2016-06-28T11:12:06.000Z,
twitter,"Waduh, Presiden Terpilih Filipina Ancam Potong Kelamin Pria yang Menolak Ikut Program KB http://dlvr.it/LgS7tM",2016-06-28T11:00:33.000Z,
twitter,Duterte Ancam Potong Kelamin Pria Jika Tak Ikut KB http://goo.gl/fb/OlKrIw,2016-06-28T10:17:27.000Z,
twitter,Headline - Duterte Ancam Potong Kelamin Pria Jika Tak Ikut KB: Duterte Ancam Potong Kelamin Pria Jika Tak Ikut KB http://bit.ly/29jJOUy,2016-06-28T10:11:33.000Z,
twitter,inilahdotcom : Headline - Duterte Ancam Potong Kelamin Pria Jika Tak Ikut KB … https://x.com/inilahdotcom/status/747723996863602689…),2016-06-28T09:43:48.000Z,
twitter,"@info
: Duterte Ancam Potong Kelamin Pria Jika Tak Ikut KB  -",2016-06-28T09:43:36.000Z,
twitter,"@inilahdotcom
 Duterte Ancam Potong Kelamin Pria Jika Tak Ikut KB http://bit.ly/29jIi4K #terpopuler #news",2016-06-28T09:35:28.000Z,
twitter,Duterte Ancam Potong Kelamin Pria Jika Tak Ikut KB http://bit.ly/29jIi4K,2016-06-28T09:35:19.000Z,
twitter,inilahdotcom : Duterte Ancam Potong Kelamin Pria Jika Tak Ikut KB http://dunia.inilah.com/read/detail/2306517/duterte-ancam-potong-kelamin-pria-jika-tak-ikut-kb…… https://x.com/inilahdotcom/status/747721876009521152…),2016-06-28T09:28:25.000Z,
twitter,Wanita yg mengonsumsi pil KB menjadi lebih tertarik dgn pria yg berwajah feminin dibandingkan pria yg berwajah maskulin. [huffingtonpost],2016-06-28T09:10:47.000Z,
twitter,Wanita yg mengonsumsi pil KB menjadi lebih tertarik dgn pria yg berwajah feminin dibandingkan pria yg berwajah... http://fb.me/7qjUlwJAf,2016-06-28T09:06:05.000Z,
twitter,Wanita yg mengonsumsi pil KB menjadi lebih tertarik dgn pria yg berwajah feminin dibandingkan pria yg berwajah maskulin. [huffingtonpost],2016-06-28T09:05:59.000Z,
twitter,inilahdotcom : Headline - Duterte Ancam Potong Kelamin Pria Jika Tak Ikut KB … https://x.com/inilahdotcom/status/747723996863602689…),2016-06-28T09:43:48.000Z,
twitter,"@info
: Duterte Ancam Potong Kelamin Pria Jika Tak Ikut KB  -",2016-06-28T09:43:36.000Z,
twitter,"@inilahdotcom
 Duterte Ancam Potong Kelamin Pria Jika Tak Ikut KB http://bit.ly/29jIi4K #terpopuler #news",2016-06-28T09:35:28.000Z,
twitter,Duterte Ancam Potong Kelamin Pria Jika Tak Ikut KB http://bit.ly/29jIi4K,2016-06-28T09:35:19.000Z,
twitter,inilahdotcom : Duterte Ancam Potong Kelamin Pria Jika Tak Ikut KB http://dunia.inilah.com/read/detail/2306517/duterte-ancam-potong-kelamin-pria-jika-tak-ikut-kb…… https://x.com/inilahdotcom/status/747721876009521152…),2016-06-28T09:28:25.000Z,
twitter,Wanita yg mengonsumsi pil KB menjadi lebih tertarik dgn pria yg berwajah feminin dibandingkan pria yg berwajah maskulin. [huffingtonpost],2016-06-28T09:10:47.000Z,
twitter,Wanita yg mengonsumsi pil KB menjadi lebih tertarik dgn pria yg berwajah feminin dibandingkan pria yg berwajah... http://fb.me/7qjUlwJAf,2016-06-28T09:06:05.000Z,
twitter,Wanita yg mengonsumsi pil KB menjadi lebih tertarik dgn pria yg berwajah feminin dibandingkan pria yg berwajah maskulin. [huffingtonpost],2016-06-28T09:05:59.000Z,
twitter,"Unggulkan Program KB, Duterte Ancam Pria Beranak Lebih Dari Tiga http://dlvr.it/LgM2N9",2016-06-28T05:56:07.000Z,
twitter,"Unggulkan Program KB, Duterte Ancam Pria Beranak Lebih Dari Tiga http://dlvr.it/LgM2BY",2016-06-28T05:55:39.000Z,
twitter,"Unggulkan Program KB, Duterte Ancam Pria Beranak Lebih Dari Tiga http://dlvr.it/LgM2BJ",2016-06-28T05:55:39.000Z,
twitter,"Unggulkan Program KB, Duterte Ancam Pria Beranak Lebih Dari Tiga http://dlvr.it/LgM24K",2016-06-28T05:55:34.000Z,
twitter,Presiden Filipina ancam potong kelamin pria ogah ikut KB - http://djogjasumberberita.com/presiden-filipina-ancam-potong-kelamin-pria-ogah-ikut-kb/…,2016-06-28T03:22:11.000Z,
twitter,Presiden Filipina ancam potong kelamin pria ogah ikut KB: Rodrigo Duterte ingin membatasi keluarga maksimal p... http://bit.ly/2929S9D,2016-06-28T03:16:14.000Z,
twitter,Presiden Filipina ancam potong kelamin pria ogah ikut KB,2016-06-28T03:12:30.000Z,
twitter,Presiden Filipina ancam potong kelamin pria ogah ikut KB http://ift.tt/28Z9Z5X,2016-06-28T03:02:27.000Z,
twitter,"Wah... 
@merdekadotcom
: http://mdk.to/1bQV Presiden Filipina ancam potong kelamin pria ogah ikut KB ”",2016-06-28T03:01:44.000Z,
twitter,Presiden Filipina Ancam Potong Kelamin Pria Ogah Ikut KB http://alnomeganews.com/2016/06/presiden-filipina-ancam-potong-kelamin.html…,2016-06-28T03:01:38.000Z,
twitter,Presiden Filipina ancam potong kelamin pria ogah ikut KB http://dlvr.it/LgJVXF,2016-06-28T03:00:19.000Z,
twitter,Presiden Filipina ancam potong kelamin pria ogah ikut KB http://dlvr.it/LgJVWT,2016-06-28T03:00:18.000Z,
twitter,Presiden Filipina ancam potong kelamin pria ogah ikut KB http://dlvr.it/LgJVTz,2016-06-28T03:00:16.000Z,
twitter,Presiden Filipina ancam potong kelamin pria ogah ikut KB http://dlvr.it/LgJVR6,2016-06-28T03:00:14.000Z,
twitter,Presiden Filipina ancam potong kelamin pria ogah ikut KB http://dlvr.it/LgJVNw,2016-06-28T03:00:14.000Z,
twitter,Presiden Filipina ancam potong kelamin pria ogah ikut KB http://dlvr.it/LgJVQ2,2016-06-28T03:00:14.000Z,
twitter,Presiden Filipina ancam potong kelamin pria ogah ikut KB http://dlvr.it/LgJVQS,2016-06-28T03:00:13.000Z,
twitter,Presiden Filipina ancam potong kelamin pria ogah ikut KB http://dlvr.it/LgJVNj,2016-06-28T03:00:13.000Z,
twitter,Presiden Filipina ancam potong kelamin pria ogah ikut KB http://dlvr.it/LgJVKv,2016-06-28T03:00:12.000Z,
twitter,Presiden Filipina ancam potong kelamin pria ogah ikut KB http://dlvr.it/LgJVGh,2016-06-28T03:00:12.000Z,
twitter,Presiden Filipina ancam potong kelamin pria ogah ikut KB http://dlvr.it/LgJVG3,2016-06-28T03:00:11.000Z,
twitter,Presiden Filipina ancam potong kelamin pria ogah ikut KB http://dlvr.it/LgJVHD,2016-06-28T03:00:11.000Z,
twitter,Presiden Filipina ancam potong kelamin pria ogah ikut KB http://dlvr.it/LgJV4x,2016-06-28T03:00:10.000Z,
twitter,Presiden Filipina ancam potong kelamin pria ogah ikut KB http://dlvr.it/LgJV32,2016-06-28T03:00:09.000Z,
twitter,Presiden Filipina ancam potong kelamin pria ogah ikut KB http://dlvr.it/LgJTbl,2016-06-28T02:59:16.000Z,
twitter,Presiden Filipina ancam potong kelamin pria ogah ikut KB http://dlvr.it/LgJTbK,2016-06-28T02:59:16.000Z,
twitter,Presiden Filipina ancam potong kelamin pria ogah ikut KB http://dlvr.it/LgJTWJ,2016-06-28T02:59:15.000Z,
twitter,Presiden Filipina ancam potong kelamin pria ogah ikut KB http://dlvr.it/LgJTWT,2016-06-28T02:59:15.000Z,
twitter,Presiden Filipina ancam potong kelamin pria ogah ikut KB http://dlvr.it/LgJTRf,2016-06-28T02:59:14.000Z,
twitter,Presiden Filipina ancam potong kelamin pria ogah ikut KB http://dlvr.it/LgJTR5,2016-06-28T02:59:14.000Z,
twitter,Presiden Filipina ancam potong kelamin pria ogah ikut KB http://dlvr.it/LgJT5j,2016-06-28T02:59:09.000Z,
twitter,"""
@merdekadotcom
: http://mdk.to/1bQV Presiden Filipina ancam potong kelamin pria ogah ikut KB ""
@kokokdirgantoro",2016-06-28T02:58:45.000Z,
twitter,http://mdk.to/1bQV Presiden Filipina ancam potong kelamin pria ogah ikut KB,2016-06-28T02:55:04.000Z,
twitter,Presiden Filipina ancam potong kelamin pria ogah ikut KB http://dlvr.it/LgJTWT,2016-06-28T02:59:15.000Z,
twitter,Presiden Filipina ancam potong kelamin pria ogah ikut KB http://dlvr.it/LgJTRf,2016-06-28T02:59:14.000Z,
twitter,Presiden Filipina ancam potong kelamin pria ogah ikut KB http://dlvr.it/LgJTR5,2016-06-28T02:59:14.000Z,
twitter,Presiden Filipina ancam potong kelamin pria ogah ikut KB http://dlvr.it/LgJT5j,2016-06-28T02:59:09.000Z,
twitter,"""
@merdekadotcom
: http://mdk.to/1bQV Presiden Filipina ancam potong kelamin pria ogah ikut KB ""
@kokokdirgantoro",2016-06-28T02:58:45.000Z,
twitter,http://mdk.to/1bQV Presiden Filipina ancam potong kelamin pria ogah ikut KB,2016-06-28T02:55:04.000Z,
twitter,Pria di Negara Ini Ogah KB? Sang Presiden Ancam Potong Alat Kelamin http://dlvr.it/LgHyvt,2016-06-28T02:22:06.000Z,
twitter,"Presiden Filipina Ancam Potong Kelamin Pria Yang Tak Mau KB: Manila – Presiden Filipina yang baru, Rodrigo Du... http://bit.ly/296t99u",2016-06-28T01:41:38.000Z,
twitter,Presiden Filipina Ancam Potong Kelamin Pria Yang Tak Ikut KB — http://BeritaPrima.com http://fb.me/1diYtw7ek,2016-06-28T00:20:34.000Z,
twitter,Presiden Filipina Ancam Potong Kelamin Pria Yang Tak Ikut KB — http://BeritaPrima.com http://fb.me/77XVh8ljO,2016-06-28T00:20:27.000Z,
twitter,Presiden Filipina Ancam Potong Kelamin Pria Yang Tak Ikut KB http://beritaprima.com/presiden-filipina-ancam-potong-kelamin-pria-tak-ikut-kb/… via @beritaprimacom http://fb.me/2SIjv9WsH,2016-06-28T00:20:17.000Z,
twitter,Presiden Filipina Ancam Potong Kelamin Pria Yang Tak Ikut KB http://beritaprima.com/presiden-filipina-ancam-potong-kelamin-pria-tak-ikut-kb/… via @beritaprimacom,2016-06-28T00:20:11.000Z,
twitter,Presiden Ini Ancam Kebiri Pria di Negaranya yang Tak Ikut KB http://bit.ly/293EBDP,2016-06-27T23:33:14.000Z,
twitter,Presiden Ini Ancam Kebiri Pria di Negaranya yang Tak Ikut KB http://bit.ly/293EmJa,2016-06-27T23:33:11.000Z,
twitter,Presiden Ini Ancam Kebiri Pria di Negaranya yang Tak Ikut KB http://bit.ly/293EmJa,2016-06-27T23:33:11.000Z,
twitter,Pria di Negara Ini Ogah KB? Sang Presiden Ancam Potong Alat Kelamin http://balamnews.com/pria-di-negara-ini-ogah-kb-sang-presiden-ancam-potong-alat-kelamin/304225/%20…,2016-06-27T23:25:55.000Z,
twitter,Presiden Filipina Ancam Potong Alat Kelamin Pria Jika Tak Ikut KB - http://Tribunnews.com Mobile http://m.tribunnews.com/internasional/2016/06/28/presiden-filipina-ancam-potong-alat-kelamin-pria-jika-tak-ikut-kb…,2016-06-27T21:05:29.000Z,
twitter,Presiden Filipina Ancam Potong Alat Kelamin Pria Jika Tak Ikut KB http://bit.ly/292GvD7,2016-06-27T18:55:55.000Z,
twitter,Presiden Filipina Ancam Potong Alat Kelamin Pria Jika Tak Ikut KB: Banyak politisi Filipina telah berusaha me... http://bit.ly/292GqPG,2016-06-27T18:38:37.000Z,
twitter,Presiden Filipina Ancam Potong Alat Kelamin Pria Jika Tak Ikut KB: Banyak politisi Filipina telah berusaha me... http://bit.ly/292GqPG,2016-06-27T18:38:32.000Z,
twitter,Presiden Filipina Ancam Potong Alat Kelamin Pria Jika Tak Ikut KB,2016-06-27T18:37:20.000Z,
twitter,#CPNS Presiden Filipina Ancam Potong Alat Kelamin Pria Jika Tak Ikut KB  http://goo.gl/bDX9kp,2016-06-27T18:36:34.000Z,
twitter,Presiden Filipina Ancam Potong Alat Kelamin Pria Jika Tak Ikut KB http://bit.ly/292GnUl,2016-06-27T18:36:25.000Z,
twitter,Presiden Filipina Ancam Potong Alat Kelamin Pria Jika Tak Ikut KB  http://goo.gl/2XNWpM,2016-06-27T18:36:24.000Z,
twitter,Presiden Filipina Ancam Potong Alat Kelamin Pria Jika Tak Ikut KB: Banyak politisi Filipina telah berusaha me... http://bit.ly/292GBdX,2016-06-27T18:36:11.000Z,
twitter,Presiden Filipina Ancam Potong Alat Kelamin Pria Jika Tak Ikut KB http://bit.ly/292GnUl,2016-06-27T18:35:43.000Z,
twitter,Presiden Filipina Ancam Potong Alat Kelamin Pria Jika Tak Ikut KB: Banyak politisi Filipina telah berusaha me... http://bit.ly/292GBdX,2016-06-27T18:35:39.000Z,
twitter,Presiden Filipina Ancam Potong Alat Kelamin Pria Jika Tak Ikut KB: Banyak politisi Filipina telah berusaha me... http://bit.ly/292GqPG,2016-06-27T18:35:34.000Z,
twitter,Presiden Filipina Ancam Potong Alat Kelamin Pria Jika Tak Ikut KB: Banyak politisi Filipina telah berusaha me... http://bit.ly/292GqPG,2016-06-27T18:35:32.000Z,
twitter,Surya News: Presiden Filipina Ancam Potong Alat Kelamin Pria Jika Tak Ikut KB: Banyak politisi Filipina telah... http://bit.ly/292GBdX,2016-06-27T18:35:13.000Z,
twitter,Presiden Filipina Ancam Potong Alat Kelamin Pria Jika Tak Ikut KB: Banyak politisi Filipina telah berusaha me... http://bit.ly/292GqPG,2016-06-27T18:34:53.000Z,
twitter,#BeritaBolla Presiden Filipina Ancam Potong Alat Kelamin Pria Jika Tak Ikut KB: Banyak politisi Filipina tela... http://bit.ly/292GBdX,2016-06-27T18:34:49.000Z,
twitter,Presiden Filipina Ancam Potong Alat Kelamin Pria Jika Tak Ikut KB http://bit.ly/292GBdX,2016-06-27T18:34:40.000Z,
twitter,Presiden Filipina Ancam Potong Alat Kelamin Pria Jika Tak Ikut KB: Banyak politisi Filipina telah berusaha me... http://bit.ly/292GqPG,2016-06-27T18:34:29.000Z,
twitter,Presiden Filipina Ancam Potong Alat Kelamin Pria Jika Tak Ikut KB: Banyak politisi Filipina telah berusaha me... http://bit.ly/292GqPG,2016-06-27T18:34:29.000Z,
twitter,Presiden Filipina Ancam Potong Alat Kelamin Pria Jika Tak Ikut KB: Banyak politisi Filipina telah berusaha me... http://bit.ly/292GqPG,2016-06-27T18:34:26.000Z,
twitter,Presiden Filipina Ancam Potong Alat Kelamin Pria Jika Tak Ikut KB: Banyak politisi Filipina telah berusaha me... http://bit.ly/292GqPG,2016-06-27T18:34:15.000Z,
twitter,Presiden Filipina Ancam Potong Alat Kelamin Pria Jika Tak Ikut KB http://bit.ly/292GvD7,2016-06-27T18:34:09.000Z,
twitter,Presiden Filipina Duterte Ancam Potong Alat Kelamin Pria jika Tak Ikut KB: Banyak politisi Filipina telah ber... http://bit.ly/28XIENB,2016-06-27T18:27:13.000Z,
twitter,Presiden Filipina Ancam Potong Alat Kelamin Pria Jika Tak Ikut KB: Banyak… http://goo.gl/fb/l8oc5o #infoTribun,2016-06-27T18:26:47.000Z,
twitter,Presiden Filipina Ancam Potong Alat Kelamin Pria Jika Tak Ikut KB http://dlvr.it/Lg9HxH,2016-06-27T18:23:13.000Z,
twitter,Presiden Filipina Ancam Potong Alat Kelamin Pria Jika Tak Ikut KB http://dlvr.it/Lg9G1q,2016-06-27T18:21:27.000Z,
twitter,Presiden Filipina Duterte Ancam Potong Alat Kelamin Pria jika Tak Ikut KB: Banyak politisi Filipina telah berusaha… http://dlvr.it/Lg8Lp8,2016-06-27T17:24:36.000Z,
twitter,Presiden Filipina Duterte Ancam Potong Alat Kelamin Pria jika Tak Ikut KB: Banyak politisi Filipina telah ber... http://bit.ly/28XIENB,2016-06-27T17:21:36.000Z,
twitter,Pria di Negara Ini Ogah KB? Sang Presiden Ancam Potong Alat Kelamin http://bit.ly/28YltnI,2016-06-27T17:19:34.000Z,
twitter,Update today : Pria di Negara Ini Ogah KB? Sang Presiden Ancam Potong Alat Kelamin http://bit.ly/295jQbn #LintasLampung,2016-06-27T17:19:23.000Z,
twitter,Pria di Negara Ini Ogah KB? Sang Presiden Ancam Potong Alat Kelamin http://dlvr.it/Lg7c96,2016-06-27T16:41:09.000Z,
twitter,#TuitLampung Pria di Negara Ini Ogah KB? Sang Presiden Ancam Potong Alat Kelamin #Lampung #Tuit,2016-06-27T16:41:07.000Z,
twitter,Duterte Ancam Potong Alat Kelamin Pria jika Tak Ikut KB. http://kom.ps/AFvXk7,2016-06-27T16:13:46.000Z,
twitter,Duterte Ancam Potong Alat Kelamin Pria jika Tak Ikut KB - http://KOMPAS.com http://bit.ly/28Y75vH,2016-06-27T16:05:03.000Z,
twitter,Duterte Ancam Potong Alat Kelamin Pria jika Tak Ikut KB. http://kom.ps/AFvXk7,2016-06-27T16:00:04.000Z,
twitter,"Terkait KB, Duterte Bergurau Akan Sunat Pria 'Nakal': Presiden terpilih Filipina dalam program KB-nya ia berg... http://bit.ly/294kINr",2016-06-27T12:47:21.000Z,
twitter,"Terkait KB, Duterte Bergurau Akan Sunat Pria 'Nakal': Presiden terpilih Filipina dalam program KB-nya ia berg... http://bit.ly/294kINr",2016-06-27T12:47:19.000Z,
twitter,"Terkait KB, Duterte Bergurau Akan Sunat Pria 'Nakal' http://bit.ly/29fPr66 #SrudukFollow",2016-06-27T12:47:16.000Z,
twitter,"Terkait KB, Duterte Bergurau Akan Sunat Pria 'Nakal'",2016-06-27T12:47:09.000Z,
twitter,Pria di Negara Ini Ogah KB? Sang Presiden Ancam Potong Alat Kelamin http://bit.ly/28YltnI,2016-06-27T17:19:34.000Z,
twitter,Update today : Pria di Negara Ini Ogah KB? Sang Presiden Ancam Potong Alat Kelamin http://bit.ly/295jQbn #LintasLampung,2016-06-27T17:19:23.000Z,
twitter,Pria di Negara Ini Ogah KB? Sang Presiden Ancam Potong Alat Kelamin http://dlvr.it/Lg7c96,2016-06-27T16:41:09.000Z,
twitter,#TuitLampung Pria di Negara Ini Ogah KB? Sang Presiden Ancam Potong Alat Kelamin #Lampung #Tuit,2016-06-27T16:41:07.000Z,
twitter,Duterte Ancam Potong Alat Kelamin Pria jika Tak Ikut KB. http://kom.ps/AFvXk7,2016-06-27T16:13:46.000Z,
twitter,Duterte Ancam Potong Alat Kelamin Pria jika Tak Ikut KB - http://KOMPAS.com http://bit.ly/28Y75vH,2016-06-27T16:05:03.000Z,
twitter,Duterte Ancam Potong Alat Kelamin Pria jika Tak Ikut KB. http://kom.ps/AFvXk7,2016-06-27T16:00:04.000Z,
twitter,"Terkait KB, Duterte Bergurau Akan Sunat Pria 'Nakal': Presiden terpilih Filipina dalam program KB-nya ia berg... http://bit.ly/294kINr",2016-06-27T12:47:21.000Z,
twitter,"Terkait KB, Duterte Bergurau Akan Sunat Pria 'Nakal': Presiden terpilih Filipina dalam program KB-nya ia berg... http://bit.ly/294kINr",2016-06-27T12:47:19.000Z,
twitter,"Terkait KB, Duterte Bergurau Akan Sunat Pria 'Nakal' http://bit.ly/29fPr66 #SrudukFollow",2016-06-27T12:47:16.000Z,
twitter,"Terkait KB, Duterte Bergurau Akan Sunat Pria 'Nakal'",2016-06-27T12:47:09.000Z,
twitter,"Terkait KB, Duterte Bergurau Akan Sunat Pria 'Nakal': Presiden terpilih Filipina dalam program KB-nya ia berg... http://bit.ly/29fPr66",2016-06-27T12:47:06.000Z,
twitter,"Surya News: Terkait KB, Duterte Bergurau Akan Sunat Pria 'Nakal': Presiden terpilih Filipina dalam program KB... http://bit.ly/29fPr66",2016-06-27T12:47:06.000Z,
twitter,"#jkt48squadrafans Terkait KB, Duterte Bergurau Akan Sunat Pria 'Nakal': Presiden terpilih ... http://bit.ly/29fPr66 #InternationalNews",2016-06-27T12:47:05.000Z,
twitter,"#OkezonInternational Terkait KB, Duterte Bergurau Akan Sunat Pria 'Nakal': Presiden terpilih Filipina dalam p... http://bit.ly/294kINr",2016-06-27T12:47:03.000Z,
twitter,"#OkezonInternational Terkait KB, Duterte Bergurau Akan Sunat Pria 'Nakal': Presiden terpilih Filipina dalam p... http://bit.ly/29fPr66",2016-06-27T12:47:03.000Z,
twitter,"Terkait KB, Duterte Bergurau Akan Sunat Pria 'Nakal' http://bit.ly/294kGoY",2016-06-27T12:47:02.000Z,
twitter,"Terkait KB, Duterte Bergurau Akan Sunat Pria 'Nakal' http://dlvr.it/Lg2vyx",2016-06-27T12:20:13.000Z,
twitter,"Terkait KB, Duterte Bergurau Akan Sunat Pria 'Nakal': Presiden terpilih Filipina dalam program... http://bit.ly/29fQmnh #international",2016-06-27T12:18:27.000Z,
twitter,"Terkait KB, Duterte Bergurau Akan Sunat Pria 'Nakal' http://bit.ly/294JjjL",2016-06-27T12:18:24.000Z,
twitter,"Terkait KB, Duterte Bergurau Akan Sunat Pria 'Nakal': Presiden terpilih Filipina dalam program KB-nya ia berg... http://bit.ly/29fQDGz",2016-06-27T12:18:21.000Z,
twitter,"Terkait KB, Duterte Bergurau Akan Sunat Pria 'Nakal': Presiden terpilih Filipina dalam program KB-nya ia berg... http://bit.ly/29fQDGz",2016-06-27T12:18:20.000Z,
twitter,"Terkait KB, Duterte Bergurau Akan Sunat Pria 'Nakal': Presiden terpilih Filipina dalam program KB-nya ia berg... http://bit.ly/29fQDGz",2016-06-27T12:18:18.000Z,
twitter,"Terkait KB, Duterte Bergurau Akan Sunat Pria 'Nakal': Presiden terpilih Filipina dalam program KB-nya ia berg... http://ln.is/bit.ly/xpFt8",2016-06-27T12:18:15.000Z,
twitter,"#OkezonInternational Terkait KB, Duterte Bergurau Akan Sunat Pria 'Nakal': Presiden terpilih Filipina dalam p... http://bit.ly/294kINr",2016-06-27T12:47:03.000Z,
twitter,"#OkezonInternational Terkait KB, Duterte Bergurau Akan Sunat Pria 'Nakal': Presiden terpilih Filipina dalam p... http://bit.ly/29fPr66",2016-06-27T12:47:03.000Z,
twitter,"Terkait KB, Duterte Bergurau Akan Sunat Pria 'Nakal' http://bit.ly/294kGoY",2016-06-27T12:47:02.000Z,
twitter,"Terkait KB, Duterte Bergurau Akan Sunat Pria 'Nakal' http://dlvr.it/Lg2vyx",2016-06-27T12:20:13.000Z,
twitter,"Terkait KB, Duterte Bergurau Akan Sunat Pria 'Nakal': Presiden terpilih Filipina dalam program... http://bit.ly/29fQmnh #international",2016-06-27T12:18:27.000Z,
twitter,"Terkait KB, Duterte Bergurau Akan Sunat Pria 'Nakal' http://bit.ly/294JjjL",2016-06-27T12:18:24.000Z,
twitter,"Terkait KB, Duterte Bergurau Akan Sunat Pria 'Nakal': Presiden terpilih Filipina dalam program KB-nya ia berg... http://bit.ly/29fQDGz",2016-06-27T12:18:21.000Z,
twitter,"Terkait KB, Duterte Bergurau Akan Sunat Pria 'Nakal': Presiden terpilih Filipina dalam program KB-nya ia berg... http://bit.ly/29fQDGz",2016-06-27T12:18:20.000Z,
twitter,"Terkait KB, Duterte Bergurau Akan Sunat Pria 'Nakal': Presiden terpilih Filipina dalam program KB-nya ia berg... http://bit.ly/29fQDGz",2016-06-27T12:18:18.000Z,
twitter,"Terkait KB, Duterte Bergurau Akan Sunat Pria 'Nakal': Presiden terpilih Filipina dalam program KB-nya ia berg... http://ln.is/bit.ly/xpFt8",2016-06-27T12:18:15.000Z,
twitter,"Terkait KB, Duterte Bergurau Akan Sunat Pria 'Nakal': Presiden terpilih Filipina dalam program KB-nya ia berg... http://bit.ly/294kINr",2016-06-27T12:17:35.000Z,
twitter,"Terkait KB, Duterte Bergurau Akan Sunat Pria 'Nakal' http://bit.ly/294kGoY",2016-06-27T12:17:10.000Z,
twitter,"Terkait KB, Duterte Bergurau Akan Sunat Pria 'Nakal' http://bit.ly/294kGoY",2016-06-27T12:16:53.000Z,
twitter,"Terkait KB, Duterte Bergurau Akan Sunat Pria 'Nakal': Presiden terpilih Filipina dalam program KB-nya ia berg... http://bit.ly/294kGoY",2016-06-27T12:16:38.000Z,
twitter,"#Okezone Terkait KB, Duterte Bergurau Akan Sunat Pria 'Nakal': Presiden terpilih Filipina dalam program KB-ny... http://bit.ly/291MlEP",2016-06-27T12:16:36.000Z,
twitter,"Terkait KB, Duterte Bergurau Akan Sunat Pria 'Nakal': Presiden terpilih Filipina dalam program KB-nya ia berg... http://bit.ly/29fPr66",2016-06-27T12:16:28.000Z,
twitter,"Terkait KB, Duterte Bergurau Akan Sunat Pria 'Nakal': Presiden terpilih Filipina dalam program KB-nya ia berg... http://bit.ly/294kINr",2016-06-27T12:16:27.000Z,
twitter,"Terkait KB, Duterte Bergurau Akan Sunat Pria 'Nakal' http://bit.ly/29fPr66",2016-06-27T12:16:25.000Z,
twitter,"http://okezone.com : Terkait KB, Duterte Bergurau Akan Sunat Pria 'Nakal' http://bit.ly/294kINr",2016-06-27T12:16:20.000Z,
twitter,"@info
: Terkait KB, Duterte Bergurau Akan Sunat Pria 'Nakal'  -",2016-06-27T12:16:08.000Z,
twitter,"Terkait KB, Duterte Bergurau Akan Sunat Pria 'Nakal' http://bit.ly/294kGoY",2016-06-27T12:16:08.000Z,
twitter,"Terkait KB, Duterte Bergurau Akan Sunat Pria 'Nakal': Presiden terpilih Filipina dalam program KB-nya ia berg... http://bit.ly/29fPr66",2016-06-27T12:16:00.000Z,
twitter,"Terkait KB, Duterte Bergurau Akan Sunat Pria 'Nakal' http://bit.ly/294kGoY",2016-06-27T12:15:58.000Z,
twitter,"Kompas News : Terkait KB, Duterte Bergurau Akan Sunat Pria 'Nakal': Presiden terpilih Filipina dalam program ... http://bit.ly/294kINr",2016-06-27T12:15:56.000Z,
twitter,"Kompas News : Terkait KB, Duterte Bergurau Akan Sunat Pria 'Nakal': Presiden terpilih Filipina dalam program ... http://bit.ly/29fPr66",2016-06-27T12:15:49.000Z,
twitter,"Terkait KB, Duterte Bergurau Akan Sunat Pria 'Nakal' http://bit.ly/29fPr66",2016-06-27T12:16:25.000Z,
twitter,"http://okezone.com : Terkait KB, Duterte Bergurau Akan Sunat Pria 'Nakal' http://bit.ly/294kINr",2016-06-27T12:16:20.000Z,
twitter,"@info
: Terkait KB, Duterte Bergurau Akan Sunat Pria 'Nakal'  -",2016-06-27T12:16:08.000Z,
twitter,"Terkait KB, Duterte Bergurau Akan Sunat Pria 'Nakal' http://bit.ly/294kGoY",2016-06-27T12:16:08.000Z,
twitter,"Terkait KB, Duterte Bergurau Akan Sunat Pria 'Nakal': Presiden terpilih Filipina dalam program KB-nya ia berg... http://bit.ly/29fPr66",2016-06-27T12:16:00.000Z,
twitter,"Terkait KB, Duterte Bergurau Akan Sunat Pria 'Nakal' http://bit.ly/294kGoY",2016-06-27T12:15:58.000Z,
twitter,"Kompas News : Terkait KB, Duterte Bergurau Akan Sunat Pria 'Nakal': Presiden terpilih Filipina dalam program ... http://bit.ly/294kINr",2016-06-27T12:15:56.000Z,
twitter,"Kompas News : Terkait KB, Duterte Bergurau Akan Sunat Pria 'Nakal': Presiden terpilih Filipina dalam program ... http://bit.ly/29fPr66",2016-06-27T12:15:49.000Z,
twitter,"Terkait KB, Duterte Bergurau Akan Sunat Pria 'Nakal': Presiden terpilih Filipina dalam program KB-nya ia berg... http://bit.ly/294kGoY",2016-06-27T12:15:30.000Z,
twitter,"Terkait KB, Duterte Bergurau Akan Sunat Pria 'Nakal' http://dlvr.it/Lg2pH3",2016-06-27T12:15:30.000Z,
twitter,"Terkait KB, Duterte Bergurau Akan Sunat Pria 'Nakal' http://bit.ly/294kGoY",2016-06-27T12:15:21.000Z,
twitter,"Terkait KB, Duterte Bergurau Akan Sunat Pria 'Nakal' http://bit.ly/294kGoY",2016-06-27T12:15:17.000Z,
twitter,"Terkait KB, Duterte Bergurau Akan Sunat Pria 'Nakal' http://bit.ly/294kGoY",2016-06-27T12:14:32.000Z,
twitter,"Terkait KB, Duterte Bergurau Akan Sunat Pria 'Nakal': Presiden terpilih Filipina dalam program KB-nya ia berg... http://bit.ly/294kGoY",2016-06-27T12:14:19.000Z,
twitter,"Terkait KB, Duterte Bergurau Akan Sunat Pria 'Nakal' http://bit.ly/294kGoY",2016-06-27T12:14:12.000Z,
twitter,"[okezone] Terkait KB, Duterte Bergurau Akan Sunat Pria 'Nakal': Presiden terpilih Filipina dalam program KB-n... http://bit.ly/294kGoY",2016-06-27T12:14:04.000Z,
twitter,"Terkait KB, Duterte Bergurau Akan Sunat Pria 'Nakal' http://okz.me/Wu7N",2016-06-27T12:05:21.000Z,
twitter,CV Kreatif Bikin Pria Ini Langsung Diterima Tanpa Wawancara http://ow.ly/wJ2y301ENh0,2016-06-27T10:20:12.000Z,
twitter,Pria India Miliki Rambut Terpanjang di Dunia http://ow.ly/ko8I301ENg8,2016-06-27T05:50:05.000Z,
twitter,Munaiseche: Kaum Bapa Mitra Harus Rajin Mengikuti Pelayanan: Peran Pria Kaum Bapa (P/KB) di Kabupaten Minahas... http://bit.ly/28TNCfD,2016-06-26T04:35:26.000Z,
twitter,Munaiseche: Kaum Bapa Mitra Harus Rajin Mengikuti Pelayanan: Peran Pria Kaum Bapa (P/KB) di Kabupaten Minahas... http://bit.ly/28TNUD6,2016-06-26T04:35:26.000Z,
twitter,Munaiseche: Kaum Bapa Mitra Harus Rajin Mengikuti Pelayanan: Peran Pria Kaum Bapa (P/KB) di Kabupaten Minahas... http://bit.ly/28TNUD6,2016-06-26T04:35:15.000Z,
twitter,Munaiseche: Kaum Bapa Mitra Harus Rajin Mengikuti Pelayanan: Peran Pria Kaum Bapa (P/KB) di Kabupaten Minahas... http://bit.ly/28TNCfD,2016-06-26T04:35:09.000Z,
twitter,Munaiseche: Kaum Bapa Mitra Harus Rajin Mengikuti Pelayanan: Peran Pria Kaum Bapa (P/KB) di Kabupaten Minahas... http://bit.ly/28TNCfD,2016-06-26T04:35:09.000Z,
twitter,Nike KB Mentality 704942-200 Sepatu Basket Pria | http://Blibli.com https://blibli.com/nike-kb-mentality-704942-200-sepatu-basket-pria-NIE.12227.00625.html…,2016-06-24T13:43:14.000Z,
twitter,"Buat CV Kreatif, Lamaran Pria Ini Langsung Diterima Tanpa Wawancara http://ow.ly/HSeF301Ajdd",2016-06-24T08:45:10.000Z,
twitter,Wanita yg mengonsumsi pil KB menjadi lebih tertarik dgn pria yg berwajah feminin dibandingkan pria yg berwajah maskulin. [huffingtonpost],2016-06-22T17:36:12.000Z,
twitter,"Di Kabupaten Bekasi, Peserta KB Pria Masih Sedikit http://dakta.com/news/5277/di-kabupaten-bekasi-peserta-kb-pria-masih-sedikit…",2016-06-21T07:46:16.000Z,
twitter,Batik Waskito Long Sleeve Silk Shirt KB 10480 Red Kemeja Batik Pria | http://Blibli.com https://blibli.com/batik-waskito-long-sleeve-silk-shirt-kb-10480-red-kemeja-batik-pria-BAW.23908.00009.htm…,2016-06-21T05:02:51.000Z,
twitter,Batik Waskito Long Sleeve Silk Shirt KB 10480 Black Kemeja Batik Pria | http://Blibli.com https://blibli.com/batik-waskito-long-sleeve-silk-shirt-kb-10480-black-kemeja-batik-pria-BAW.23908.00010.htm…,2016-06-21T04:59:26.000Z,
twitter,Batik Waskito Long Sleeve Silk Shirt KB 10480 Blue Kemeja Batik Pria | http://Blibli.com https://blibli.com/batik-waskito-long-sleeve-silk-shirt-kb-10480-blue-kemeja-batik-pria-BAW.23908.00012.htm…,2016-06-21T04:51:09.000Z,
twitter,Batik Waskito Long Sleeve Silk Shirt KB 10476 Black Kemeja Batik Pria | http://Blibli.com https://blibli.com/batik-waskito-long-sleeve-silk-shirt-kb-10476-black-kemeja-batik-pria-BAW.23908.00015.htm…,2016-06-21T04:39:18.000Z,
twitter,Batik Waskito Long Sleeve Silk Shirt KB 10476 Green Kemeja Batik Pria | http://Blibli.com https://blibli.com/batik-waskito-long-sleeve-silk-shirt-kb-10476-green-kemeja-batik-pria-BAW.23908.00016.htm…,2016-06-21T04:35:51.000Z,
twitter,Batik Waskito Long Sleeve Silk Shirt KB 10476 Orange Kemeja Batik Pria | http://Blibli.com https://blibli.com/batik-waskito-long-sleeve-silk-shirt-kb-10476-orange-kemeja-batik-pria-BAW.23908.00013.htm…,2016-06-21T04:33:46.000Z,
twitter,Batik Waskito Long Sleeve Silk Shirt KB 10476 Red Kemeja Batik Pria | http://Blibli.com https://blibli.com/batik-waskito-long-sleeve-silk-shirt-kb-10476-red-kemeja-batik-pria-BAW.23908.00014.htm…,2016-06-21T04:27:09.000Z,
twitter,"Citra Kirana Inginkan Pria Seiman, Pengertian dan Sayang Keluarga http://ow.ly/i5qG301qajv",2016-06-20T04:10:04.000Z,
twitter,"BKKBN: Jangan Khawatir, Pil KB Pria Sudah Ada http://fb.me/1mTFln3J4",2016-06-19T21:44:11.000Z,
twitter,Nike KB Mentality 704942-200 Sepatu Basket Pria | http://Blibli.com https://blibli.com/nike-kb-mentality-704942-200-sepatu-basket-pria-NIE.12227.00625.html…,2016-06-18T16:39:29.000Z,
twitter,Batik Waskito Long Sleeve Baron Silk Shirt KB 28831 Grey Baju Batik Pria | http://Blibli.com https://blibli.com/batik-waskito-long-sleeve-baron-silk-shirt-kb-28831-grey-baju-batik-pria-BAW.23908.00062.html… *,2016-06-17T07:32:02.000Z,
twitter,Batik Waskito Long Sleeve Baron Silk Shirt KB 28831 Grey Baju Batik Pria | http://Blibli.com https://blibli.com/batik-waskito-long-sleeve-baron-silk-shirt-kb-28831-grey-baju-batik-pria-BAW.23908.00062.html…,2016-06-17T07:05:38.000Z,
twitter,Batik Waskito Long Sleeve Silk Shirt KB 10480 Blue Kemeja Batik Pria | http://Blibli.com https://blibli.com/batik-waskito-long-sleeve-silk-shirt-kb-10480-blue-kemeja-batik-pria-BAW.23908.00012.htm…,2016-06-17T06:38:13.000Z,
twitter,Batik Waskito Long Sleeve Silk Shirt KB 10480 Black Kemeja Batik Pria | http://Blibli.com https://blibli.com/batik-waskito-long-sleeve-silk-shirt-kb-10480-black-kemeja-batik-pria-BAW.23908.00010.htm…,2016-06-17T06:36:42.000Z,
twitter,"Vasektomi, KB Permanen untuk Pria http://sehatki.com/vasektomi.htm?utm_source=ReviveOldPost&utm_medium=social&utm_campaign=ReviveOldPost…",2016-06-16T23:19:04.000Z,
twitter,Wanita yg mengonsumsi pil KB menjadi lebih tertarik dgn pria yg berwajah feminin dibandingkan pria yg berwajah maskulin. [huffingtonpost],2016-06-16T22:00:59.000Z,
twitter,"BKKBN: Jangan Khawatir, Pil KB Pria Sudah Ada http://fb.me/1mTFln3J4",2016-06-19T21:44:11.000Z,
twitter,Nike KB Mentality 704942-200 Sepatu Basket Pria | http://Blibli.com https://blibli.com/nike-kb-mentality-704942-200-sepatu-basket-pria-NIE.12227.00625.html…,2016-06-18T16:39:29.000Z,
twitter,Batik Waskito Long Sleeve Baron Silk Shirt KB 28831 Grey Baju Batik Pria | http://Blibli.com https://blibli.com/batik-waskito-long-sleeve-baron-silk-shirt-kb-28831-grey-baju-batik-pria-BAW.23908.00062.html… *,2016-06-17T07:32:02.000Z,
twitter,Batik Waskito Long Sleeve Baron Silk Shirt KB 28831 Grey Baju Batik Pria | http://Blibli.com https://blibli.com/batik-waskito-long-sleeve-baron-silk-shirt-kb-28831-grey-baju-batik-pria-BAW.23908.00062.html…,2016-06-17T07:05:38.000Z,
twitter,Batik Waskito Long Sleeve Silk Shirt KB 10480 Blue Kemeja Batik Pria | http://Blibli.com https://blibli.com/batik-waskito-long-sleeve-silk-shirt-kb-10480-blue-kemeja-batik-pria-BAW.23908.00012.htm…,2016-06-17T06:38:13.000Z,
twitter,Batik Waskito Long Sleeve Silk Shirt KB 10480 Black Kemeja Batik Pria | http://Blibli.com https://blibli.com/batik-waskito-long-sleeve-silk-shirt-kb-10480-black-kemeja-batik-pria-BAW.23908.00010.htm…,2016-06-17T06:36:42.000Z,
twitter,"Vasektomi, KB Permanen untuk Pria http://sehatki.com/vasektomi.htm?utm_source=ReviveOldPost&utm_medium=social&utm_campaign=ReviveOldPost…",2016-06-16T23:19:04.000Z,
twitter,Wanita yg mengonsumsi pil KB menjadi lebih tertarik dgn pria yg berwajah feminin dibandingkan pria yg berwajah maskulin. [huffingtonpost],2016-06-16T22:00:59.000Z,
twitter,"Seharusnya pil KB dibuat untuk pria, karena mengosongkan peluru terdengar lebih aman dari pada… https://instagram.com/p/BGrcZsRmC3j/",2016-06-15T14:40:09.000Z,
twitter,Wanita yg mengonsumsi pil KB menjadi lebih tertarik dgn pria yg berwajah feminin dibandingkan pria yg berwajah maskulin.,2016-06-14T02:01:09.000Z,
twitter,Tribun: Bocah Korban Pemerkosaan Polisi Dijejali Pil KB dan Foto Bugilnya Disebar http://dlvr.it/LYBQrB #NewsToday #DKK,2016-06-13T11:33:14.000Z,
twitter,"Pria Keturunan Tionghoa Pukul Letkol , FKPPI : TNI Sudah Tak Di Hargai, Ini Pelecehan ! Jangan... http://fb.me/5yh1gKi2A",2016-06-12T15:39:06.000Z,
twitter,Wanita yg mengonsumsi pil KB menjadi lebih tertarik dgn pria yg berwajah feminin dibandingkan pria yg berwajah maskuliN,2016-06-12T02:02:15.000Z,
twitter,Wanita yg mengonsumsi pil KB menjadi lebih tertarik dgn pria yg berwajah feminin dibandingkan pria yg berwajah maskulin. [huffingtonpost],2016-06-12T01:51:02.000Z,
twitter,Faktor penyebab kencing manis pada wanita dan pria yaitu alat kb dan aktif merokok.#Nutrixten #CryptoForce,2016-06-09T14:02:27.000Z,
twitter,Wanita yg mengonsumsi pil KB menjadi lebih tertarik dgn pria yg berwajah feminin dibandingkan pria yg berwajah maskulin. [huffingtonpost],2016-06-08T19:51:03.000Z,
twitter,Faktor penyebab kencing manis pada wanita dan pria yaitu alat kb dan aktif merokok.#Nutrixten #CryptoForce,2016-06-07T14:02:27.000Z,
twitter,"fantasi yg dilakukan oleh pria http://forediaman.com/fantasi-seks-yang-selalu-dilakukan-pria… 
#GameofThrones
#25BulanDIGOSISI
Meksiko
Kb Nanas",2016-06-06T03:50:54.000Z,
twitter,Batik Waskito KB 59049 Long Sleeve Silk Shirt Batik Pria - Maroon | http://Blibli.com https://blibli.com/batik-waskito-kb-59049-long-sleeve-silk-shirt-batik-pria-maroon-2459001.html…,2016-06-05T06:01:53.000Z,
twitter,"Pagi Ini, P/KB GMIM Eben Heazer Bumber Gelar Lomba Mancing Ikan: Pria Kaum Bapa (P/KB) GMIM Eben Heazer Bumi ... http://tinyurl.com/jxla359",2016-06-04T23:05:53.000Z,
twitter,"fantasi yg dilakukan oleh pria http://forediaman.com/fantasi-seks-yang-selalu-dilakukan-pria… 
#GameofThrones
#25BulanDIGOSISI
Meksiko
Kb Nanas",2016-06-06T03:50:54.000Z,
twitter,Batik Waskito KB 59049 Long Sleeve Silk Shirt Batik Pria - Maroon | http://Blibli.com https://blibli.com/batik-waskito-kb-59049-long-sleeve-silk-shirt-batik-pria-maroon-2459001.html…,2016-06-05T06:01:53.000Z,
twitter,"Pagi Ini, P/KB GMIM Eben Heazer Bumber Gelar Lomba Mancing Ikan: Pria Kaum Bapa (P/KB) GMIM Eben Heazer Bumi ... http://tinyurl.com/jxla359",2016-06-04T23:05:53.000Z,
twitter,"Pagi Ini, P/KB GMIM Eben Heazer Bumber Gelar Lomba Mancing Ikan: Pria Kaum Bapa (P/KB) GMIM Eben Heazer Bumi ... http://tinyurl.com/z7rrhx3",2016-06-04T23:05:53.000Z,
twitter,"Pagi Ini, P/KB GMIM Eben Heazer Bumber Gelar Lomba Mancing Ikan: Pria Kaum Bapa (P/KB) GMIM Eben Heazer Bumi ... http://tinyurl.com/z7rrhx3",2016-06-04T23:05:53.000Z,
twitter,"Pagi Ini, P/KB GMIM Eben Heazer Bumber Gelar Lomba Mancing Ikan: Pria Kaum Bapa (P/KB) GMIM Eben Heazer Bumi ... http://bit.ly/24p9vap",2016-06-04T20:29:37.000Z,
twitter,"Pagi Ini, P/KB GMIM Eben Heazer Bumber Gelar Lomba Mancing Ikan: Pria Kaum Bapa (P/KB) GMIM Eben Heazer Bumi ... http://bit.ly/24p9vap",2016-06-04T19:35:20.000Z,
twitter,"Pagi Ini, P/KB GMIM Eben Heazer Bumber Gelar Lomba Mancing Ikan: Pria Kaum Bapa (P/KB) GMIM Eben Heazer Bumi ... http://bit.ly/28bHXdh",2016-06-04T19:35:20.000Z,
twitter,"Pagi Ini, P/KB GMIM Eben Heazer Bumber Gelar Lomba Mancing Ikan: Pria Kaum Bapa (P/KB) GMIM Eben Heazer Bumi ... http://bit.ly/24p9vap",2016-06-04T18:09:15.000Z,
twitter,"Pagi Ini, P/KB GMIM Eben Heazer Bumber Gelar Lomba Mancing Ikan: Pria Kaum Bapa (P/KB) GMIM Eben Heazer Bumi ... http://bit.ly/28bHXdh",2016-06-04T18:09:05.000Z,
twitter,"Pagi Ini, P/KB GMIM Eben Heazer Bumber Gelar Lomba Mancing Ikan: Pria Kaum Bapa (P/KB) GMIM Eben Heazer Bumi ... http://bit.ly/24p9vap",2016-06-04T18:08:59.000Z,
twitter,"Kegiatan : vasektomi (KB PRIA)
Lokasi  : RSUD LANTO DG.PASEWANG KAB.JENEPONTO
Waktu  : 04 Juli 2016
Akseptor: 39",2016-06-04T13:19:39.000Z,
twitter,BPMPPKB Tangsel Ajak Pria Gunakan KB - Berita Global Tangerang Selatan http://globaltangsel.com/2016/06/bpmppkb-tangsel-ajak-pria-gunakan-kb.html…,2016-06-03T07:06:37.000Z,
twitter,"#JatimMakmur KB Pria di Gresik Sepi Peminat, Ini Penyebab Utamanya http://dlvr.it/LSzRlN #SURABAYA https://pic.x.com/LiktO6fm3K",2016-06-03T06:54:34.000Z,
twitter,"KB Pria di Gresik Sepi Peminat, Ini Penyebab Utamanya - Surya http://bit.ly/1PpTLSQ #Gresik",2016-06-03T06:53:41.000Z,
twitter,"#JatimMakmur KB Pria di Gresik Sepi Peminat, Ini Penyebab Utamanya http://dlvr.it/LSzRlN #SURABAYA https://pic.x.com/FqdsY06wOf",2016-06-03T06:53:34.000Z,
twitter,"KB Pria di Gresik Sepi Peminat, Ini Penyebab Utamanya http://dlvr.it/LSzRlN #SURABAYA https://pic.x.com/7u1heyNmQm #JatimKita",2016-06-03T06:45:52.000Z,
twitter,"KB Pria di Gresik Sepi Peminat, Ini Penyebab Utamanya http://dlvr.it/LSzL9V",2016-06-03T06:33:12.000Z,
twitter,"KB Pria di Gresik Sepi Peminat, Ini Penyebab Utamanya http://dlvr.it/LSzLCS",2016-06-03T06:33:11.000Z,
twitter,"SURABAYA | KB Pria di Gresik Sepi Peminat, Ini Penyebab Utamanya http://bit.ly/1Uzfbf8",2016-06-03T06:16:58.000Z,
twitter,"KB Pria di Gresik Sepi Peminat, Ini Penyebab Utamanya: ahun 2014 lalu terhitung ada 19 peserta yang ikut, kem... http://bit.ly/1Uzfbf8",2016-06-03T06:16:54.000Z,
twitter,"KB Pria di Gresik Sepi Peminat, Ini Penyebab Utamanya http://dlvr.it/LSzRlN #SURABAYA https://pic.x.com/7u1heyNmQm #JatimKita",2016-06-03T06:45:52.000Z,
twitter,"KB Pria di Gresik Sepi Peminat, Ini Penyebab Utamanya http://dlvr.it/LSzL9V",2016-06-03T06:33:12.000Z,
twitter,"KB Pria di Gresik Sepi Peminat, Ini Penyebab Utamanya http://dlvr.it/LSzLCS",2016-06-03T06:33:11.000Z,
twitter,"SURABAYA | KB Pria di Gresik Sepi Peminat, Ini Penyebab Utamanya http://bit.ly/1Uzfbf8",2016-06-03T06:16:58.000Z,
twitter,"KB Pria di Gresik Sepi Peminat, Ini Penyebab Utamanya: ahun 2014 lalu terhitung ada 19 peserta yang ikut, kem... http://bit.ly/1Uzfbf8",2016-06-03T06:16:54.000Z,
twitter,"#infosurabaya KB Pria di Gresik Sepi Peminat, Ini Penyebab Utamanya: ahun 2014 lalu terhitung ... http://bit.ly/1Uzfbf8 #promotegratis",2016-06-03T06:16:44.000Z,
twitter,"KB Pria di Gresik Sepi Peminat, Ini Penyebab Utamanya http://bit.ly/287FfFN",2016-06-03T06:16:44.000Z,
twitter,"KB Pria di Gresik Sepi Peminat, Ini Penyebab Utamanya http://bit.ly/287FfFN",2016-06-03T06:16:42.000Z,
twitter,"KB Pria di Gresik Sepi Peminat, Ini Penyebab Utamanya: ahun 2014 lalu terhitung ada 19 peserta yang ikut, kem... http://bit.ly/1Uzfbf8",2016-06-03T06:16:20.000Z,
twitter,"KB Pria di Gresik Sepi Peminat, Ini Penyebab Utamanya http://bit.ly/1Uzfbf8",2016-06-03T06:16:14.000Z,
twitter,"KB Pria di Gresik Sepi Peminat, Ini Penyebab Utamanya: ahun 2014 lalu terhitung ada 19 peserta yang ikut, kem... http://bit.ly/1Uzfbf8",2016-06-03T06:16:12.000Z,
twitter,"KB Pria di Gresik Sepi Peminat, Ini Penyebab Utamanya http://bit.ly/1Uzfbf8 #updateSUB",2016-06-03T06:16:10.000Z,
twitter,"KB Pria di Gresik Sepi Peminat, Ini Penyebab Utamanya http://bit.ly/1Uzfbf8",2016-06-03T06:16:04.000Z,
twitter,"KB Pria di Gresik Sepi Peminat, Ini Penyebab Utamanya http://bit.ly/1Uzfbf8 #wahSBY",2016-06-03T06:16:03.000Z,
twitter,"KB Pria di Gresik Sepi Peminat, Ini Penyebab Utamanya http://bit.ly/1Uzfbf8 #lalinmlg",2016-06-03T06:15:58.000Z,
twitter,"KB Pria di Gresik Sepi Peminat, Ini Penyebab Utamanya: ahun 2014 lalu terhitung ada 19 peserta yang ikut, kem... http://bit.ly/1Uzfbf8",2016-06-03T06:15:55.000Z,
twitter,Berita Global Tangerang Selatan: BPMPPKB Tangsel Ajak Pria Gunakan KB: http://globaltangsel.com/2016/06/bpmppkb-tangsel-ajak-pria-gunakan-kb.html…,2016-06-03T03:07:16.000Z,
twitter,"#Gresik: KB Pria Tak Dilarang Agama, Wanita Tak Perlu Takut http://bit.ly/1PmPWxL",2016-06-02T11:22:21.000Z,
twitter,"KB Pria Tak Dilarang Agama, Wanita Tak Perlu Takut http://bit.ly/1ZfH25m",2016-06-02T11:13:16.000Z,
twitter,"KB Pria Tak Dilarang Agama, Wanita Tak Perlu Takut http://bit.ly/1PmPWxL",2016-06-02T11:13:11.000Z,
twitter,"JATIM | KB Pria Tak Dilarang Agama, Wanita Tak Perlu Takut http://bit.ly/1PmPWxL",2016-06-02T10:59:33.000Z,
twitter,"KB Pria Tak Dilarang Agama, Wanita Tak Perlu Takut http://bit.ly/1PmPWxL",2016-06-02T10:59:32.000Z,
twitter,"Peserta aktif KB pria di Kabupaten Gresik sudah mencapai 70 persen. Pencapaian angka itu, sudah diatas rata-rata… http://beritajatim.com/pendidikan_kesehatan/268160/kb_pria_tak_dilarang_agama,_wanita_tak_perlu_takut.html?utm_source=dlvr.it&utm_medium=twitter…",2016-06-02T10:43:16.000Z,
twitter,"Peserta aktif KB pria di Kabupaten Gresik sudah mencapai 70 persen. Pencapaian angka itu, sudah diatas rata-rata... http://fb.me/C0WwesRQ",2016-06-02T10:31:37.000Z,
twitter,"KB Pria Tak Dilarang Agama, Wanita Tak Perlu Takut http://ift.tt/1VyI7Gt",2016-06-02T10:23:02.000Z,
twitter,"KB Pria di Gresik Sepi Peminat, Ini Penyebab Utamanya http://bit.ly/1Uzfbf8 #lalinmlg",2016-06-03T06:15:58.000Z,
twitter,"KB Pria di Gresik Sepi Peminat, Ini Penyebab Utamanya: ahun 2014 lalu terhitung ada 19 peserta yang ikut, kem... http://bit.ly/1Uzfbf8",2016-06-03T06:15:55.000Z,
twitter,Berita Global Tangerang Selatan: BPMPPKB Tangsel Ajak Pria Gunakan KB: http://globaltangsel.com/2016/06/bpmppkb-tangsel-ajak-pria-gunakan-kb.html…,2016-06-03T03:07:16.000Z,
twitter,"#Gresik: KB Pria Tak Dilarang Agama, Wanita Tak Perlu Takut http://bit.ly/1PmPWxL",2016-06-02T11:22:21.000Z,
twitter,"KB Pria Tak Dilarang Agama, Wanita Tak Perlu Takut http://bit.ly/1ZfH25m",2016-06-02T11:13:16.000Z,
twitter,"KB Pria Tak Dilarang Agama, Wanita Tak Perlu Takut http://bit.ly/1PmPWxL",2016-06-02T11:13:11.000Z,
twitter,"JATIM | KB Pria Tak Dilarang Agama, Wanita Tak Perlu Takut http://bit.ly/1PmPWxL",2016-06-02T10:59:33.000Z,
twitter,"KB Pria Tak Dilarang Agama, Wanita Tak Perlu Takut http://bit.ly/1PmPWxL",2016-06-02T10:59:32.000Z,
twitter,"Peserta aktif KB pria di Kabupaten Gresik sudah mencapai 70 persen. Pencapaian angka itu, sudah diatas rata-rata… http://beritajatim.com/pendidikan_kesehatan/268160/kb_pria_tak_dilarang_agama,_wanita_tak_perlu_takut.html?utm_source=dlvr.it&utm_medium=twitter…",2016-06-02T10:43:16.000Z,
twitter,"Peserta aktif KB pria di Kabupaten Gresik sudah mencapai 70 persen. Pencapaian angka itu, sudah diatas rata-rata... http://fb.me/C0WwesRQ",2016-06-02T10:31:37.000Z,
twitter,"KB Pria Tak Dilarang Agama, Wanita Tak Perlu Takut http://ift.tt/1VyI7Gt",2016-06-02T10:23:02.000Z,
twitter,BPMPPKB Tangsel Ajak Pria Gunakan KB - Tangsel Pos http://dlvr.it/LSWznD,2016-06-02T06:50:09.000Z,
twitter,#TangSel BPMPPKB Tangsel Ajak Pria Gunakan KB http://bit.ly/1RPnr6j,2016-06-02T06:34:03.000Z,
twitter,Batik Waskito KB 59049 Long Sleeve Silk Shirt Batik Pria - Maroon | http://Blibli.com https://blibli.com/batik-waskito-kb-59049-long-sleeve-silk-shirt-batik-pria-maroon-2459001.html…,2016-06-01T04:53:16.000Z,
twitter,Batik Waskito Long Sleeve Silk Shirt KB 850322 Dark Red Kemeja Batik Pria | http://Blibli.com https://blibli.com/batik-waskito-long-sleeve-silk-shirt-kb-850322-dark-red-kemeja-batik-pria-1271201.html…,2016-05-31T08:25:53.000Z,
twitter,"KB Pria Mulai Diminati: Sampai Mei, 10 Pria Divasektomi http://bangsaonline.com/berita/23215/kb-pria-mulai-diminati-sampai-mei-10-pria-divasektomi…",2016-05-30T05:53:07.000Z,
twitter,Bakti TNI KB Kes Terpadu Kodam III/Siliwangi Tahun 2016 Siap Digelar http://bit.ly/1Z7Aztj,2016-05-30T04:13:20.000Z,
twitter,Batik Waskito KB 59049 Long Sleeve Silk Shirt Batik Pria - Maroon | http://Blibli.com https://blibli.com/batik-waskito-kb-59049-long-sleeve-silk-shirt-batik-pria-maroon-2459001.html…,2016-05-30T03:19:36.000Z,
twitter,"KB Pria Mulai Diminati: Sampai Mei, 10 Pria Divasektomi  http://bangsaonline.com/berita/23215/kb-pria-mulai-diminati-sampai-mei-10-pria-divasektomi…",2016-05-30T02:28:06.000Z,
twitter,Kesadaran Pria untuk KB Masih Rendah http://dlvr.it/LQRxDv,2016-05-28T04:42:32.000Z,
twitter,Kesadaran Pria untuk KB Masih Rendah http://dlvr.it/LQRwtK,2016-05-28T04:42:10.000Z,
twitter,Kesadaran Pria untuk KB Masih Rendah http://dlvr.it/LQRwtK,2016-05-28T04:42:10.000Z,
twitter,Kesadaran Pria untuk KB Masih Rendah http://dlvr.it/LQRwtb,2016-05-28T04:42:10.000Z,
twitter,Kesadaran Pria untuk KB Masih Rendah http://dlvr.it/LQRwbv,2016-05-28T04:42:07.000Z,
twitter,BKBPP: Minat Peserta KB Pria Masih Rendah http://ift.tt/1TKSRiH,2016-05-28T04:16:48.000Z,
twitter,Minat Peserta KB Pria Masih Rendah http://dlvr.it/LQR6YV,2016-05-28T03:36:10.000Z,
twitter,Minat Peserta KB Pria Masih Rendah http://dlvr.it/LQQpZB,2016-05-28T03:12:36.000Z,
twitter,Batik Waskito KB 59049 Long Sleeve Silk Shirt Batik Pria - Maroon | http://Blibli.com https://blibli.com/batik-waskito-kb-59049-long-sleeve-silk-shirt-batik-pria-maroon-2459001.html…,2016-05-27T23:29:51.000Z,
twitter,"Ingin Tunda Kehamilan tapi Lupa Minum Pil KB, Sebaiknya Lakukan Ini http://dlvr.it/LQ83Zl",2016-05-27T10:58:35.000Z,
twitter,Kebiri kimia sendiri adalah penyuntikan hormon wanita seperti KB ke tubuh pria untuk menurunkan li... http://bit.ly/1P1VkpT,2016-05-27T01:10:20.000Z,
twitter,"#SimakSehat Mengandung Estrogen, Pil KB Bermanfaat untuk Bantu Cegah Osteoporosis http://bit.ly/20E8JoZ",2016-05-26T02:48:44.000Z,
twitter,"Desa  Terpencil Jadi Kampung KB,  Bupati Siap Tangani Sendiri Akseptor Pria http://bit.ly/1OYfMbh via @JoglosNews",2016-05-26T00:37:16.000Z,
twitter,"Desa Terpencil Jadi Kampung KB, Bupati Siap Tangani Sendiri Akseptor Pria http://goo.gl/fb/h3llaU #News",2016-05-25T23:51:22.000Z,
twitter,"Desa  Terpencil Jadi Kampung KB,  Bupati Siap Tangani Sendiri Akseptor Pria http://bit.ly/1sQFo05",2016-05-25T23:45:34.000Z,
twitter,"Desa  Terpencil Jadi Kampung KB,  Bupati Siap Tangani Sendiri Akseptor Pria http://bit.ly/1sQFo05",2016-05-25T23:45:34.000Z,
twitter,Tribun: Wow! Ternyata Seperti Ini Cara Kerja Pil KB di Dalam Tubuh http://dlvr.it/LPLN1F #NewsToday #DKK,2016-05-25T15:08:21.000Z,
twitter,Batik Waskito Long Sleeve Silk Shirt KB 10480 Red Kemeja Batik Pria | http://Blibli.com https://blibli.com/batik-waskito-long-sleeve-silk-shirt-kb-10480-red-kemeja-batik-pria-1271281.html…,2016-05-25T04:05:32.000Z,
twitter," #Setuju Penelitian, Hanya 4.6 Persen Pria Indonesia Yang Mau Gunakan Alat KB http://myeffecto.com/r/9r2m_tp",2016-05-24T19:16:42.000Z,
twitter,"Masyaallah, Pria Bosnia Ini Pergi Haji dengan Jalan Kaki Lewati 7 Negara! - Islampos http://fb.me/4UUNX0PB3",2016-05-24T16:08:55.000Z,
twitter,#SimakSehat Lupa Minum Pil KB? Coba Tindak Lanjuti dengan Menerapkan Rumus '12 Jam' http://bit.ly/1TJWAhy,2016-05-24T15:28:39.000Z,
twitter,Sudah Ada Pil KB Untuk Pria http://harianbhirawa.co.id/2016/05/sudah-ada-pil-kb-untuk-pria/…,2016-05-24T12:06:03.000Z,
twitter,"Curi Tas Berisikan Senpi Polisi, Dua Pria di Kampar Riau Didor http://ow.ly/vo8e300vPYa",2016-05-24T09:30:24.000Z,
twitter,http://MatahariMall.com Promo Diskon Hingga 60% Produk Sepatu Pria http://ow.ly/LdwL300vPY1,2016-05-24T08:45:09.000Z,
twitter,PiL KB untuk Pria 󾮗 http://fb.me/85iVrTqRQ,2016-05-24T03:05:52.000Z,
twitter,#News : Jakut Optimistis Target Akseptor KB Pria Tercapai http://bit.ly/1Xs4SvX,2016-05-23T17:41:26.000Z,
twitter,Jakut Optimistis Target Akseptor KB Pria Tercapai: Pemerintah Kota (Pemkot) Administrasi Jakarta Utara terus ... http://bit.ly/1XrZtF1,2016-05-23T17:29:09.000Z,
twitter,Jakut Optimistis Target Akseptor KB Pria Tercapai http://bit.ly/1XrZtF1,2016-05-23T17:22:51.000Z,
twitter,Jakut Optimistis Target Akseptor KB Pria Tercapai: Pemerintah Kota (Pemkot) Administrasi Jakarta Utara terus ... http://bit.ly/1YSphZS,2016-05-23T17:22:50.000Z,
twitter,Jakut Optimistis Target Akseptor KB Pria Tercapai http://bit.ly/1YSphZS,2016-05-23T17:22:49.000Z,
twitter,Jakut Optimistis Target Akseptor KB Pria Tercapai: Pemerintah Kota (Pemkot) Administrasi Jakarta Utara terus ... http://bit.ly/1YSphZS,2016-05-23T17:22:49.000Z,
twitter,Jakut Optimistis Target Akseptor KB Pria Tercapai: Pemerintah Kota (Pemkot) Administrasi Jakarta Utara terus ... http://bit.ly/1YSphZS,2016-05-23T17:22:48.000Z,
twitter,Jakut Optimistis Target Akseptor KB Pria Tercapai http://bit.ly/1YSphZS,2016-05-23T17:22:48.000Z,
twitter,[ibukota jakarta] Kantor KB Jakut Targetkan 500 Akseptor Pria http://bit.ly/1WN7Psq,2016-05-23T14:16:30.000Z,
twitter,http://MatahariMall.com Promo Diskon Hingga 60% Produk Sepatu Pria http://ow.ly/cysQ300tfDR,2016-05-23T13:05:17.000Z,
twitter,Dandim 0305/Pasaman Hadiri Rakerda KB dan Rakor Bakti TNI KB Kes http://bit.ly/1Xr165Q,2016-05-23T06:20:56.000Z,
twitter,Jakut Optimistis Target Akseptor KB Pria Tercapai: Pemerintah Kota (Pemkot) Administrasi Jakarta Utara terus ... http://bit.ly/1YSphZS,2016-05-23T17:22:49.000Z,
twitter,Jakut Optimistis Target Akseptor KB Pria Tercapai: Pemerintah Kota (Pemkot) Administrasi Jakarta Utara terus ... http://bit.ly/1YSphZS,2016-05-23T17:22:48.000Z,
twitter,Jakut Optimistis Target Akseptor KB Pria Tercapai http://bit.ly/1YSphZS,2016-05-23T17:22:48.000Z,
twitter,[ibukota jakarta] Kantor KB Jakut Targetkan 500 Akseptor Pria http://bit.ly/1WN7Psq,2016-05-23T14:16:30.000Z,
twitter,http://MatahariMall.com Promo Diskon Hingga 60% Produk Sepatu Pria http://ow.ly/cysQ300tfDR,2016-05-23T13:05:17.000Z,
twitter,Dandim 0305/Pasaman Hadiri Rakerda KB dan Rakor Bakti TNI KB Kes http://bit.ly/1Xr165Q,2016-05-23T06:20:56.000Z,
twitter,Batik Waskito KB 59049 Long Sleeve Silk Shirt Batik Pria - Maroon | http://Blibli.com https://blibli.com/batik-waskito-kb-59049-long-sleeve-silk-shirt-batik-pria-maroon-2459001.html…,2016-05-23T03:12:56.000Z,
twitter,Sorongan Bersyukur P/KB Paulus TWM Juara CCA Seri A: Tim Cerdas Cermat Alkitab (CCA) Pria Kaum Bapa (P/KB) GM... http://bit.ly/1XpWdKj,2016-05-22T14:27:16.000Z,
twitter,klu sinetron pantasnya kasi judul PRIA MONAS MEMANAS. Semakin mendekati 1 juta semakin gencar juga bibib menjatuhkan ahok,2016-05-22T00:17:44.000Z,
twitter,Tribun: Kampung Marsi Distrik Kaimana Kampung KB Ketiga di Papua Barat http://dlvr.it/LMSKB6 #NewsToday #DKK,2016-05-21T02:36:47.000Z,
twitter,Atraksi Panji Yosua Pukau Peserta HAPSA P/KB GMIM: Kegiatan perayaan Hari Persatuan (HAPSA) Pria Kaum Bapa (P... http://bit.ly/1WG82xw,2016-05-20T11:48:15.000Z,
twitter,http://MatahariMall.com Promo Diskon Hingga 60% Produk Sepatu Pria http://ow.ly/sTvF300okHl,2016-05-20T03:45:05.000Z,
twitter,http://MatahariMall.com Promo Diskon Hingga 60% Produk Sepatu Pria http://ow.ly/clZr300jl8d,2016-05-18T10:40:16.000Z,
twitter,BPPKB Dan Kodim Gelar Saresehan KB Pria http://dlvr.it/LL8gRs #TNIAD,2016-05-18T05:36:08.000Z,
twitter,BPPKB Dan Kodim Gelar Saresehan KB Pria http://dlvr.it/LL8BHm,2016-05-18T05:05:05.000Z,
twitter,Program KB Pria Makin Diminati Akseptor http://bit.ly/1OFaaCs #tweetMJLK,2016-05-18T04:19:02.000Z,
twitter,Program KB Pria Makin Diminati Akseptor http://bit.ly/1OFaaCs #infoCirebon,2016-05-18T03:31:38.000Z,
twitter,Program KB Pria Makin Diminati Akseptor http://bit.ly/1OFbbdL,2016-05-18T03:31:35.000Z,
twitter,Program KB Pria Makin Diminati Akseptor http://bit.ly/1R7ycAp #tweetCRB,2016-05-18T03:31:35.000Z,
twitter,Program KB Pria Makin Diminati Akseptor http://bit.ly/1OFaaCs,2016-05-18T03:26:03.000Z,
twitter,http://MatahariMall.com Promo Diskon Hingga 60% Produk Sepatu Pria http://ow.ly/xbXC300gVCR,2016-05-17T12:20:12.000Z,
twitter,BKBPM Kota Malang Dorong Pemakaian Alat KB Pria - http://malangvoice.com (Sindiran) (Siaran Pers… http://goo.gl/fb/OWPrFr,2016-05-17T03:13:14.000Z,
twitter,BKBPM Kota Malang Dorong Pemakaian Alat KB Pria - http://malangvoice.com (Sindiran) (Siaran Pers… http://goo.gl/fb/zC99bV,2016-05-17T02:14:41.000Z,
twitter,BKBPM Kota Malang Dorong Pemakaian Alat KB Pria - http://malangvoice.com (Sindiran) (Siaran Pers… http://goo.gl/fb/zwCVKo,2016-05-17T01:15:16.000Z,
twitter,http://MatahariMall.com Promo Diskon Hingga 60% Produk Sepatu Pria http://ow.ly/clZr300jl8d,2016-05-18T10:40:16.000Z,
twitter,BPPKB Dan Kodim Gelar Saresehan KB Pria http://dlvr.it/LL8gRs #TNIAD,2016-05-18T05:36:08.000Z,
twitter,BPPKB Dan Kodim Gelar Saresehan KB Pria http://dlvr.it/LL8BHm,2016-05-18T05:05:05.000Z,
twitter,Program KB Pria Makin Diminati Akseptor http://bit.ly/1OFaaCs #tweetMJLK,2016-05-18T04:19:02.000Z,
twitter,Program KB Pria Makin Diminati Akseptor http://bit.ly/1OFaaCs #infoCirebon,2016-05-18T03:31:38.000Z,
twitter,Program KB Pria Makin Diminati Akseptor http://bit.ly/1OFbbdL,2016-05-18T03:31:35.000Z,
twitter,Program KB Pria Makin Diminati Akseptor http://bit.ly/1R7ycAp #tweetCRB,2016-05-18T03:31:35.000Z,
twitter,Program KB Pria Makin Diminati Akseptor http://bit.ly/1OFaaCs,2016-05-18T03:26:03.000Z,
twitter,http://MatahariMall.com Promo Diskon Hingga 60% Produk Sepatu Pria http://ow.ly/xbXC300gVCR,2016-05-17T12:20:12.000Z,
twitter,BKBPM Kota Malang Dorong Pemakaian Alat KB Pria - http://malangvoice.com (Sindiran) (Siaran Pers… http://goo.gl/fb/OWPrFr,2016-05-17T03:13:14.000Z,
twitter,BKBPM Kota Malang Dorong Pemakaian Alat KB Pria - http://malangvoice.com (Sindiran) (Siaran Pers… http://goo.gl/fb/zC99bV,2016-05-17T02:14:41.000Z,
twitter,BKBPM Kota Malang Dorong Pemakaian Alat KB Pria - http://malangvoice.com (Sindiran) (Siaran Pers… http://goo.gl/fb/zwCVKo,2016-05-17T01:15:16.000Z,
twitter,BKBPM Kota Malang Dorong Pemakaian Alat KB Pria - http://malangvoice.com (Sindiran) (Siaran Pers… http://goo.gl/fb/aeD3Pu,2016-05-17T00:14:58.000Z,
twitter,BKBPM Kota Malang Dorong Pemakaian Alat KB Pria - http://malangvoice.com (Sindiran) (Siaran Pers… http://goo.gl/fb/oJuD2x,2016-05-16T23:17:52.000Z,
twitter,BKBPM Kota Malang Dorong Pemakaian Alat KB Pria - http://malangvoice.com (Sindiran) (Siaran Pers… http://goo.gl/fb/3pKv33,2016-05-16T22:22:06.000Z,
twitter,BKBPM Kota Malang Dorong Pemakaian Alat KB Pria - http://malangvoice.com (Sindiran) (Siaran Pers… http://goo.gl/fb/ReSk4V,2016-05-16T20:23:32.000Z,
twitter,BKBPM Kota Malang Dorong Pemakaian Alat KB Pria - http://malangvoice.com (Sindiran) (Siaran Pers… http://goo.gl/fb/htWQDg,2016-05-16T19:24:54.000Z,
twitter,BKBPM Kota Malang Dorong Pemakaian Alat KB Pria - http://malangvoice.com (Sindiran) (Siaran Pers… http://goo.gl/fb/ZzyJlf,2016-05-16T18:22:37.000Z,
twitter,BKBPM Kota Malang Dorong Pemakaian Alat KB Pria - http://malangvoice.com (Sindiran) (Siaran Pers… http://goo.gl/fb/R5pliz,2016-05-16T17:23:00.000Z,
twitter,BKBPM Kota Malang Dorong Pemakaian Alat KB Pria - http://malangvoice.com (Sindiran) (Siaran Pers… http://goo.gl/fb/C1hj4s,2016-05-16T16:22:07.000Z,
twitter,BKBPM Kota Malang Dorong Pemakaian Alat KB Pria - http://malangvoice.com (Sindiran) (Siaran Pers… http://goo.gl/fb/Z33wFF,2016-05-16T15:19:10.000Z,
twitter,BKBPM Kota Malang Dorong Pemakaian Alat KB Pria - http://malangvoice.com (Sindiran) (Siaran Pers… http://goo.gl/fb/sTmz2K,2016-05-16T14:17:08.000Z,
twitter,BKBPM Kota Malang Dorong Pemakaian Alat KB Pria - http://malangvoice.com (Sindiran) (Siaran Pers… http://goo.gl/fb/5Dxdq3,2016-05-16T13:15:35.000Z,
twitter,Dokter Sukses Cabut Ranting yang Menancap di Mata Pria Ini http://ow.ly/Sgad300e0GC,2016-05-16T12:15:18.000Z,
twitter,BKBPM Kota Malang Dorong Pemakaian Alat KB Pria - http://malangvoice.com (Sindiran) (Siaran Pers… http://goo.gl/fb/bOkvtF,2016-05-16T12:12:54.000Z,
twitter,BKBPM Kota Malang Dorong Pemakaian Alat KB Pria - http://malangvoice.com (Sindiran) (Siaran Pers… http://goo.gl/fb/sTmz2K,2016-05-16T14:17:08.000Z,
twitter,BKBPM Kota Malang Dorong Pemakaian Alat KB Pria - http://malangvoice.com (Sindiran) (Siaran Pers… http://goo.gl/fb/5Dxdq3,2016-05-16T13:15:35.000Z,
twitter,Dokter Sukses Cabut Ranting yang Menancap di Mata Pria Ini http://ow.ly/Sgad300e0GC,2016-05-16T12:15:18.000Z,
twitter,BKBPM Kota Malang Dorong Pemakaian Alat KB Pria - http://malangvoice.com (Sindiran) (Siaran Pers… http://goo.gl/fb/bOkvtF,2016-05-16T12:12:54.000Z,
twitter,BKBPM Kota Malang Dorong Pemakaian Alat KB Pria - http://malangvoice.com (Sindiran) (Siaran Pers… http://goo.gl/fb/eE7pTX,2016-05-16T11:15:20.000Z,
twitter,BKBPM Kota Malang Dorong Pemakaian Alat KB Pria - http://malangvoice.com (Sindiran) (Siaran Pers… http://goo.gl/fb/sOMrPO,2016-05-16T10:18:18.000Z,
twitter,BKBPM Kota Malang Dorong Pemakaian Alat KB Pria - http://malangvoice.com (Sindiran) (Siaran Pers… http://goo.gl/fb/WCjWBP,2016-05-16T09:20:44.000Z,
twitter,"[Berita] BKBPM Kota Malang Dorong Pemakaian Alat KB Pria - http://malangvoice.com (Sindiran) (... http://bit.ly/1OuJsMZ cc: 
@MalangKab",2016-05-16T08:30:56.000Z,
twitter,BKBPM Kota Malang Dorong Pemakaian Alat KB Pria - http://malangvoice.com (Sindiran) (Siaran Pers… http://goo.gl/fb/ZbqIB2,2016-05-16T08:20:43.000Z,
twitter,Batik Waskito Long Sleeve Silk Shirt KB 69038 Green Kemeja Batik Pria | http://Blibli.com https://blibli.com/batik-waskito-long-sleeve-silk-shirt-kb-69038-green-kemeja-batik-pria-1271111.html…,2016-05-16T08:18:10.000Z,
twitter,Batik Waskito Long Sleeve Silk Shirt KB 10480 Red Kemeja Batik Pria | http://Blibli.com https://blibli.com/batik-waskito-long-sleeve-silk-shirt-kb-10480-red-kemeja-batik-pria-1271281.html….,2016-05-16T08:10:46.000Z,
twitter,Batik Waskito Long Sleeve Silk Shirt KB 10480 Red Kemeja Batik Pria | http://Blibli.com https://blibli.com/batik-waskito-long-sleeve-silk-shirt-kb-10480-red-kemeja-batik-pria-1271281.html…,2016-05-16T08:10:15.000Z,
twitter,http://MatahariMall.com Promo Diskon Hingga 60% Produk Sepatu Pria http://ow.ly/1Jna300e0FM,2016-05-16T07:55:06.000Z,
twitter,"BKKBN: Jangan Khawatir, Pil KB Pria Sudah Ada http://fb.me/7zRDfZ7Eo",2016-05-14T23:09:03.000Z,
twitter,"BKKBN: Jangan Khawatir, Pil KB Pria Sudah Ada http://fb.me/8450zD6ii",2016-05-14T07:19:39.000Z,
twitter,"BKKBN: Jangan Khawatir, Pil KB Pria Sudah Ada - Tips Kesehatan http://duniakesehatan.web.id/2016/05/bkkbn-jangan-khawatir-pil-kb-pria-sudah.html…",2016-05-14T03:04:51.000Z,
twitter,Batik Waskito Long Sleeve Silk Shirt KB 10480 Blue Kemeja Batik Pria | http://Blibli.com https://blibli.com/batik-waskito-long-sleeve-silk-shirt-kb-10480-blue-kemeja-batik-pria-1281121.html…,2016-05-14T01:11:22.000Z,
twitter,Batik Waskito Long Sleeve Silk Shirt KB 850322 Red Kemeja Batik Pria | http://Blibli.com https://blibli.com/batik-waskito-long-sleeve-silk-shirt-kb-850322-red-kemeja-batik-pria-1271241.html…,2016-05-14T00:55:51.000Z,
twitter,"BKKBN: Jangan Khawatir, Pil KB Pria Sudah Ada - Tips Kesehatan http://duniakesehatan.web.id/2016/05/bkkbn-jangan-khawatir-pil-kb-pria-sudah.html…",2016-05-13T18:10:52.000Z,
twitter,"Botak Diringkus saat Asyik Menulis Nomor Togel: Pria bernama Naman, biasa d http://ow.ly/z7nu3009Cv3",2016-05-13T10:45:12.000Z,
twitter,http://MatahariMall.com Promo Diskon Hingga 60% Produk Sepatu Pria http://ow.ly/oBhj3009CuU,2016-05-13T10:00:39.000Z,
twitter,"sore, Pil KB untuk Pria (Gandarusa) masih dalam uji klinis, semoga saja bisa segera diluncurkan ya. terima kasih",2016-05-13T08:30:28.000Z,
twitter,"Semangat pagi @BKKBN_pusat, barusan saya baca artikel temen, katanya ada pil KB khusus pria, mohon pencerahan, tengkiyu",2016-05-13T01:48:59.000Z,
twitter,"sore, Pil KB untuk Pria (Gandarusa) masih dalam uji klinis, semoga saja bisa segera diluncurkan ya. terima kasih",2016-05-13T08:30:28.000Z,
twitter,"Semangat pagi @BKKBN_pusat, barusan saya baca artikel temen, katanya ada pil KB khusus pria, mohon pencerahan, tengkiyu",2016-05-13T01:48:59.000Z,
twitter,"Semangat pagi 
@humasBKKBN
, barusan saya baca artikel temen, katanya ada pil KB khusus pria, mohon pencerahan, tengkiyu",2016-05-13T01:48:35.000Z,
twitter,"Semangat pagi @Sobat_BKKBN, barusan saya baca artikel temen, katanya ada pil KB khusus pria, mohon pencerahan, tengkiyu #cokoRers",2016-05-13T01:38:53.000Z,
twitter,Atur Jumlah Keturunan 45 Pria Ikut KB MOP - http://bhasafm.co.id/atur-jumlah-keturunan-45-pria-ikut-kb-mop/…,2016-05-12T22:30:04.000Z,
twitter,Atur Jumlah Keturunan 45 Pria Ikut KB MOP: Radio Bhasa FM Radio Bhasa FM - News Portal… http://goo.gl/fb/vRaAVp,2016-05-12T22:29:29.000Z,
twitter,"Vasektomi tidak sama dgn kastrasi bedah.
Kastrasi: testis dipotong
Vasektomi: vas deferens diikat/dipotong

Vasektomi = metode KB pria",2016-05-12T16:51:56.000Z,
twitter,http://MatahariMall.com Promo Diskon Hingga 60% Produk Sepatu Pria http://ow.ly/TM5l3007N6Z,2016-05-12T11:40:13.000Z,
twitter,"Ajak Pria Melamar Setelah Lulus UN, Gadis Ini Didatangi Penyuluh KB http://dlvr.it/LHjpZ5",2016-05-12T09:17:06.000Z,
twitter,"Ajak Pria Melamar Setelah Lulus UN, Gadis Ini Didatangi Penyuluh KB http://dlvr.it/LHjpb2",2016-05-12T09:17:06.000Z,
twitter,"Ajak Pria Melamar Setelah Lulus UN, Gadis Ini Didatangi Penyuluh KB http://dlvr.it/LHjpRz",2016-05-12T09:17:04.000Z,
twitter,"Hendak Pergi ke Suriah, Australia Tangkap Lima Pria: Polisi Australia menangkap http://ow.ly/gcaB3007N5Y",2016-05-12T06:25:04.000Z,
twitter,Gordon Ramsay Gagalkan Kejutan Pria yang Ingin Melamar Kekasihnya http://ow.ly/p7n73007N5Q,2016-05-12T05:45:06.000Z,
twitter,Batik Waskito Long Sleeve Silk Shirt KB 10476 Green Kemeja Batik Pria | http://Blibli.com https://blibli.com/batik-waskito-long-sleeve-silk-shirt-kb-10476-green-kemeja-batik-pria-1281271.html…,2016-05-12T02:40:24.000Z,
twitter,Buaya Terkam Pria Ini di Depan Istrinya Saat Cari Kayu http://ow.ly/y8id3005Sgu,2016-05-11T11:05:14.000Z,
twitter,"Ada KB untuk pria

http://duniakesehatan.web.id/2016/05/bkkbn-jangan-khawatir-pil-kb-pria-sudah.html… http://fb.me/7FdsKtVyl",2016-05-11T08:39:06.000Z,
twitter,http://MatahariMall.com Promo Diskon Hingga 60% Produk Sepatu Pria http://ow.ly/UT0L3005SfL,2016-05-11T07:20:07.000Z,
twitter,http://MatahariMall.com Promo Diskon Hingga 60% Produk Sepatu Pria http://ow.ly/Gwf53003W4Q,2016-05-10T11:25:11.000Z,
twitter,"Horee... Pil KB Pria sudah ada. #2anakcukup #oraKBoraGayeng BKKBN: Jangan Khawatir, Pil KB Pria Sudah Ada http://malangvoice.com/mbois-puol/bkkbn-jangan-khawatir-pil-kb-pria-sudah-ada/…",2016-05-10T10:47:22.000Z,
twitter,http://MatahariMall.com Diskon Produk Fashion Pria http://ow.ly/j9yI3003W4I,2016-05-10T10:45:12.000Z,
twitter,"Trauma, Korban Pemerkosaan oleh 15 Pria Mengurung Diri di Kamar http://ow.ly/6Vdw3003W3P",2016-05-10T06:10:07.000Z,
twitter,Batik Waskito Long Sleeve Silk Shirt KB 10476 Black Kemeja Batik Pria | http://Blibli.com https://blibli.com/batik-waskito-long-sleeve-silk-shirt-kb-10476-black-kemeja-batik-pria-1281241.html…,2016-05-09T13:11:33.000Z,
twitter,Batik Waskito Long Sleeve Silk Shirt KB 69038 Blue Kemeja Batik Pria | http://Blibli.com https://blibli.com/batik-waskito-long-sleeve-silk-shirt-kb-69038-blue-kemeja-batik-pria-1271151.html…,2016-05-09T13:03:22.000Z,
twitter,Batik Waskito Long Sleeve Silk Shirt KB 10480 Red Kemeja Batik Pria | http://Blibli.com https://blibli.com/batik-waskito-long-sleeve-silk-shirt-kb-10480-red-kemeja-batik-pria-1271281.html…,2016-05-09T13:03:14.000Z,
twitter,Batik Waskito Long Sleeve Silk Shirt KB 10476 Green Kemeja Batik Pria | http://Blibli.com https://blibli.com/batik-waskito-long-sleeve-silk-shirt-kb-10476-green-kemeja-batik-pria-1281271.html…,2016-05-09T12:39:16.000Z,
twitter,"BKKBN: Jangan Khawatir, Pil KB Pria Sudah Ada http://fb.me/7iXhobcl5",2016-05-09T07:18:46.000Z,
twitter,Batik Waskito Long Sleeve Silk Shirt KB 10476 Green Kemeja Batik Pria | http://Blibli.com https://blibli.com/batik-waskito-long-sleeve-silk-shirt-kb-10476-green-kemeja-batik-pria-1281271.html…,2016-05-09T03:57:13.000Z,
twitter,Batik Waskito KB 59049 Long Sleeve Silk Shirt Batik Pria - Maroon | http://Blibli.com https://blibli.com/batik-waskito-kb-59049-long-sleeve-silk-shirt-batik-pria-maroon-2459001.html…,2016-05-08T22:13:47.000Z,
twitter,Perlu riset teknologi untuk tingkatkan KB pria http://bit.ly/23yBELG,2016-05-08T05:46:43.000Z,
twitter,Perlu riset teknologi untuk tingkatkan KB pria: Masih rendahnya partisifasi pria dalam ber-KB. Disebabkan oleh…... http://fb.me/7nB2r3D19,2016-05-08T05:33:23.000Z,
twitter,Perlu riset teknologi untuk tingkatkan KB pria: Masih rendahnya partisifasi pria dalam ber-KB. Disebabkan oleh…... http://fb.me/tjjFSCpO,2016-05-08T05:33:19.000Z,
twitter,Perlu riset teknologi untuk tingkatkan KB pria http://dlvr.it/LFtMrm,2016-05-08T05:33:10.000Z,
twitter,Perlu riset teknologi untuk tingkatkan KB pria: Masih rendahnya partisifasi pria dalam ber-KB. Disebabkan oleh… http://dlvr.it/LFtMhz,2016-05-08T05:33:09.000Z,
twitter,Perlu riset teknologi untuk tingkatkan KB pria http://dlvr.it/LFtMm5,2016-05-08T05:33:08.000Z,
twitter,Perlu riset teknologi untuk tingkatkan KB pria http://dlvr.it/LFtMm5,2016-05-08T05:33:08.000Z,
twitter,Perlu riset teknologi untuk tingkatkan KB pria http://dlvr.it/LFtMjl,2016-05-08T05:33:08.000Z,
twitter,Perlu riset teknologi untuk tingkatkan KB pria: Masih rendahnya partisifasi pria dalam ber-KB. Disebabkan oleh… http://dlvr.it/LFtMm3,2016-05-08T05:33:07.000Z,
twitter,Perlu riset teknologi untuk tingkatkan KB pria http://dlvr.it/LFtMhY,2016-05-08T05:33:07.000Z,
twitter,Batik Waskito Long Sleeve Silk Shirt KB 69038 Blue Kemeja Batik Pria | http://Blibli.com https://blibli.com/batik-waskito-long-sleeve-silk-shirt-kb-69038-blue-kemeja-batik-pria-1271151.html…,2016-05-05T17:17:52.000Z,
twitter,Batik Waskito Long Sleeve Silk Shirt KB 10480 Blue Kemeja Batik Pria | http://Blibli.com https://blibli.com/batik-waskito-long-sleeve-silk-shirt-kb-10480-blue-kemeja-batik-pria-1281121.html…,2016-05-05T17:16:37.000Z,
twitter,Batik Waskito Long Sleeve Silk Shirt KB 10476 Green Kemeja Batik Pria | http://Blibli.com https://blibli.com/batik-waskito-long-sleeve-silk-shirt-kb-10476-green-kemeja-batik-pria-1281271.html…,2016-05-05T17:15:47.000Z,
twitter,Hapsa P/KB GMIM di Tombatu Bakal Kental Nuansa Kesenian Daerah Sulut: Puncak perayaan Hari Persatuan Pria/Kau... http://tinyurl.com/jgx6tnx,2016-05-04T22:54:26.000Z,
twitter,Hapsa P/KB GMIM di Tombatu Bakal Kental Nuansa Kesenian Daerah Sulut: Puncak perayaan Hari Persatuan Pria/Kau... http://tinyurl.com/huzzqlr,2016-05-04T22:54:26.000Z,
twitter,Hapsa P/KB GMIM di Tombatu Bakal Kental Nuansa Kesenian Daerah Sulut: Puncak perayaan Hari Persatuan Pria/Kau... http://tinyurl.com/huzzqlr,2016-05-04T22:54:26.000Z,
twitter,Hapsa P/KB GMIM di Tombatu Bakal Kental Nuansa Kesenian Daerah Sulut: Puncak perayaan Hari Persatuan Pria/Kau... http://bit.ly/23pS0q3,2016-05-04T19:21:40.000Z,
twitter,Hapsa P/KB GMIM di Tombatu Bakal Kental Nuansa Kesenian Daerah Sulut: Puncak perayaan Hari Persatuan Pria/Kau... http://bit.ly/23pS0q3,2016-05-04T19:21:40.000Z,
twitter,Hapsa P/KB GMIM di Tombatu Bakal Kental Nuansa Kesenian Daerah Sulut: Puncak perayaan Hari Persatuan Pria/Kau... http://bit.ly/1UzEBLs,2016-05-04T19:21:39.000Z,
twitter,Hapsa P/KB GMIM di Tombatu Bakal Kental Nuansa Kesenian Daerah Sulut: Puncak perayaan Hari Persatuan Pria/Kau... http://bit.ly/1UzEBLs,2016-05-04T19:21:38.000Z,
twitter,Hapsa P/KB GMIM di Tombatu Bakal Kental Nuansa Kesenian Daerah Sulut: Puncak perayaan Hari Persatuan Pria/Kau... http://bit.ly/23pS0q3,2016-05-04T19:21:36.000Z,
twitter,Hapsa P/KB GMIM di Tombatu Bakal Kental Nuansa Kesenian Daerah Sulut: Puncak perayaan Hari Persatuan Pria/Kau... http://bit.ly/23pS0q3,2016-05-04T19:21:35.000Z,
twitter,Pria Misterius di Balik Kematian Mahasiswi UGM http://ow.ly/4noHP2,2016-05-04T15:05:20.000Z,
twitter,http://MatahariMall.com Diskon Produk Fashion Pria http://ow.ly/4noHOW,2016-05-04T14:35:15.000Z,
twitter,http://MatahariMall.com Diskon Produk Fashion Pria http://ow.ly/4noHOe,2016-05-04T10:55:09.000Z,
twitter,http://MatahariMall.com Diskon Produk Fashion Pria http://ow.ly/4noHjr,2016-05-04T10:00:44.000Z,
twitter,"Stres, Pemicu Masalah Kesuburan pada Pria http://ow.ly/4noHNY",2016-05-04T09:35:08.000Z,
twitter,"Stres, Pemicu Masalah Kesuburan pada Pria http://ow.ly/4noHiM",2016-05-04T06:35:05.000Z,
twitter,Sosialisasi Peningkatan Partisipasi KB Pria di Kec. Beruntung Baru http://kabupatenreport.com/sosialisasi-peningkatan-partisipasi-kb-pria-kec-beruntung-baru/…,2016-05-04T06:00:29.000Z,
twitter,Sosialisasi Peningkatan Partisipasi KB Pria di Kec. Pengaron http://kabupatenreport.com/sosialisasi-peningkatan-partisipasi-kb-pria-kec-pengaron/…,2016-05-04T05:55:34.000Z,
twitter,Tahukah Anda? Pil KB Pria Sudah Ada... http://goo.gl/fb/n6PtAj,2016-05-04T03:27:38.000Z,
twitter,http://MatahariMall.com Diskon Produk Fashion Pria http://ow.ly/4nlP8N,2016-05-03T13:55:17.000Z,
twitter,Kec. Sanden: KB Pria Bimo Sentosa Dapat Kunjungan Sembilan Negara http://kec-sanden.bantulkab.go.id/berita/2016/05/kb-pria-bimo-sentosa-dapat-kunjungan-sembilan-negara…,2016-05-03T05:20:03.000Z,
twitter,KB Pria Bimo Sentosa Dapat Kunjungan Sembilan Negara http://goo.gl/fb/2ylCh3 via KEC.SANDEN,2016-05-03T05:10:49.000Z,
twitter,http://MatahariMall.com Diskon Produk Fashion Pria http://ow.ly/4nlP6Z,2016-05-03T05:05:05.000Z,
twitter,KB Pria Bimo Sentosa Dapat Kunjungan Sembilan Negara http://goo.gl/fb/2ylCh3 via KEC.SANDEN,2016-05-03T05:03:08.000Z,
twitter,Mayat Pria Ditemukan Tergeletak Dekat Pintu Rel Pasar Enjo Jakarta Tim http://ow.ly/4nj271,2016-05-02T14:15:21.000Z,
twitter,"""Kehamilan dapat dihindari dengan menggunakan alat kontrasepsi seperti kondom untuk pria dan KB untuk wanita.""",2016-05-02T11:45:35.000Z,
twitter,http://MatahariMall.com Diskon Produk Fashion Pria http://ow.ly/4nj25l,2016-05-02T05:40:05.000Z,
twitter,http://MatahariMall.com Diskon Produk Fashion Pria http://ow.ly/4nj24X,2016-05-02T03:40:05.000Z,
twitter,Batik Waskito Long Sleeve Silk Shirt KB 10480 Red Kemeja Batik Pria | http://Blibli.com https://blibli.com/batik-waskito-long-sleeve-silk-shirt-kb-10480-red-kemeja-batik-pria-1271281.html…,2016-05-02T03:21:44.000Z,
twitter,Batik Waskito Long Sleeve Silk Shirt KB 10480 Blue Kemeja Batik Pria | http://Blibli.com https://blibli.com/batik-waskito-long-sleeve-silk-shirt-kb-10480-blue-kemeja-batik-pria-1281121.html…,2016-05-02T03:15:30.000Z,
twitter,Kunjungan KB Pria dari 8 Negara Sahabat di Murtigading Sanden http://goo.gl/fb/bPGv3M via POLRES,2016-04-30T07:19:53.000Z,
twitter,Kunjungan KB Pria dari 8 Negara Sahabat di Murtigading Sanden http://goo.gl/fb/bPGv3M via POLRES,2016-04-30T07:05:40.000Z,
twitter,Recheking Lomba Kelompok KB Pria tingkat Provinsi,2016-04-29T02:49:40.000Z,
twitter,Recheking Lomba Kelompok KB Pria tingkat Provinsi,2016-04-29T02:49:40.000Z,
twitter,Batik Waskito Long Sleeve Silk Shirt KB 69038 Green Kemeja Batik Pria | http://Blibli.com https://blibli.com/batik-waskito-long-sleeve-silk-shirt-kb-69038-green-kemeja-batik-pria-1271111.html…,2016-04-28T07:10:00.000Z,
twitter,Batik Waskito Long Sleeve Silk Shirt KB 10480 Blue Kemeja Batik Pria | http://Blibli.com https://blibli.com/batik-waskito-long-sleeve-silk-shirt-kb-10480-blue-kemeja-batik-pria-1281121.html…,2016-04-28T03:16:50.000Z,
twitter,Partisipasi Kaum Pria dalam Program KB Masih Sangat Rendah http://gobekasi.pojoksatu.id/2016/04/27/partisipasi-kaum-pria-dalam-program-kb-masih-sangat-rendah/…,2016-04-27T08:18:50.000Z,
twitter,Batik Waskito Long Sleeve Silk Shirt KB 10480 Red Kemeja Batik Pria | http://Blibli.com https://blibli.com/batik-waskito-long-sleeve-silk-shirt-kb-10480-red-kemeja-batik-pria-1271281.html…,2016-04-27T07:25:44.000Z,
twitter,Batik Waskito Long Sleeve Silk Shirt KB 10480 Blue Kemeja Batik Pria | http://Blibli.com https://blibli.com/batik-waskito-long-sleeve-silk-shirt-kb-10480-blue-kemeja-batik-pria-1281121.html…..,2016-04-27T07:22:55.000Z,
twitter,Batik Waskito Long Sleeve Silk Shirt KB 10480 Blue Kemeja Batik Pria | http://Blibli.com https://blibli.com/batik-waskito-long-sleeve-silk-shirt-kb-10480-blue-kemeja-batik-pria-1281121.html…,2016-04-27T07:20:49.000Z,
twitter,KB bisa menggunakan cara alami atau penggunaan alat kontrasepsi pada wanita atau pria. @Sobat_BKKBN #KampungKBBanyuasin,2016-04-27T05:20:01.000Z,
twitter,Anda Minat? Pil KB Pria Diluncurkan Tahun Ini - Tribun Jambi http://bit.ly/233FQTo,2016-04-26T15:45:28.000Z,
twitter,Kalau Pil KB Wanita Ovum yang Tidak Diaktifkan: Pil KB pria ... - Tribun Jambi http://bit.ly/1SMuiV6,2016-04-26T14:36:00.000Z,
twitter,Pil KB Pria Segera Diluncurkan Akhir Tahun Ini - Tribun Jambi http://bit.ly/1SMiJgP,2016-04-26T13:34:08.000Z,
twitter,"Pil KB Pria Segera Diluncurkan Akhir Tahun Ini: http://TRIBUNJAMBI.COM, PADANG-- Alat kontrasepsi berupa pil ... http://bit.ly/1SxeDne",2016-04-26T13:03:52.000Z,
twitter,Cara kerja pil KB pria tidak jauh berbeda dengan pil KB yang dipakai oleh wanita. http://bit.ly/23YEsr1,2016-04-26T12:34:06.000Z,
twitter,Pil KB pria diluncurkan akhir 2016 http://regional.kontan.co.id/news/pil-kb-pria-diluncurkan-akhir-2016… #kesehatan,2016-04-26T12:30:06.000Z,
twitter,Pil KB pria diluncurkan akhir 2016 http://regional.kontan.co.id/news/pil-kb-pria-diluncurkan-akhir-2016… #kesehatan,2016-04-26T12:30:02.000Z,
twitter,"Ikut KB, Kaum Pria Bisa Bawa Pulang Kambing http://ow.ly/4n3HZ4",2016-04-26T05:30:29.000Z,
twitter,Nike KB Mentality 704942-101 White Purple Sepatu Basket Pria | http://Blibli.com https://blibli.com/nike-kb-mentality-704942-101-white-purple-sepatu-basket-pria-500032.html…,2016-04-24T18:36:02.000Z,
twitter,Wanita yg mengonsumsi pil KB menjadi lebih tertarik dgn pria yg berwajah feminin dibandingkan pria yg berwajah maskulin. [huffingtonpost],2016-04-23T23:24:44.000Z,
twitter,Wanita yg mengonsumsi pil KB menjadi lebih tertarik dgn pria yg berwajah feminin dibandingkan pria yg berwajah maskulin. [huffingtonpost],2016-04-23T23:23:52.000Z,
twitter,"Ikut KB, Kaum Pria Bisa Bawa Pulang Kambing http://ow.ly/4n3HZ4",2016-04-26T05:30:29.000Z,
twitter,Nike KB Mentality 704942-101 White Purple Sepatu Basket Pria | http://Blibli.com https://blibli.com/nike-kb-mentality-704942-101-white-purple-sepatu-basket-pria-500032.html…,2016-04-24T18:36:02.000Z,
twitter,Wanita yg mengonsumsi pil KB menjadi lebih tertarik dgn pria yg berwajah feminin dibandingkan pria yg berwajah maskulin. [huffingtonpost],2016-04-23T23:24:44.000Z,
twitter,Wanita yg mengonsumsi pil KB menjadi lebih tertarik dgn pria yg berwajah feminin dibandingkan pria yg berwajah maskulin. [huffingtonpost],2016-04-23T23:23:52.000Z,
twitter,Wanita yg mengonsumsi pil KB menjadi lebih tertarik dgn pria yg berwajah feminin dibandingkan pria yg berwajah maskulin. [huffingtonpost],2016-04-23T23:13:09.000Z,
twitter,Wanita yg mengonsumsi pil KB menjadi lebih tertarik dgn pria yg berwajah feminin dibandingkan pria yg berwajah maskulin. [huffingtonpost],2016-04-23T23:12:48.000Z,
twitter,Wanita yg mengonsumsi pil KB menjadi lebih tertarik dgn pria yg berwajah feminin dibandingkan pria yg berwajah maskulin. [huffingtonpost],2016-04-23T23:10:00.000Z,
twitter,"BKKBN: Jangan Khawatir, Pil KB Pria Sudah Ada http://fb.me/7PEPS7m15",2016-04-22T02:28:25.000Z,
twitter,Batik Waskito KB 59049 Long Sleeve Silk Shirt Batik Pria - Blue | http://Blibli.com https://blibli.com/batik-waskito-kb-59049-long-sleeve-silk-shirt-batik-pria-blue-2459111.html…,2016-04-22T01:44:58.000Z,
twitter,Batik Waskito KB 59049 Long Sleeve Silk Shirt Batik Pria - Blue | http://Blibli.com https://blibli.com/batik-waskito-kb-59049-long-sleeve-silk-shirt-batik-pria-blue-2459111.html…,2016-04-22T01:15:44.000Z,
twitter,Wanita yg mengonsumsi pil KB menjadi lebih tertarik dgn pria yg berwajah feminin dibandingkan pria yg berwajah maskulin. [huffingtonpost],2016-04-21T15:30:20.000Z,
twitter,"Pria yang Terobsesi Mirip Boneka Ken Alami Nekrosis Pasca Operasi, Sep http://ow.ly/4mVsWM",2016-04-21T14:05:20.000Z,
twitter,Disarankan untuk Pria/Wanita memakai KB ataupun Kondom sebelum melakukan Pasangan suami istri untuk menjaga kesehatan #PITHOGSI9Surabaya,2016-04-20T13:34:18.000Z,
twitter,Sosialisasi Peningkatan Partisipasi KB Pria di Kec. Simpang Empat http://kabupatenreport.com/sosialisasi-peningkatan-partisipasi-kb-pria-kec-simpang-empat/…,2016-04-20T12:00:14.000Z,
twitter,"BKKBN: Jangan Khawatir, Pil KB Pria Sudah Ada http://fb.me/748mhg1ch",2016-04-20T03:54:02.000Z,
twitter,"[Populer] Cemburu, Remaja 17 Tahun Tusuk Pria Paruh Baya Pakai Pisau h http://ow.ly/4mQmgy",2016-04-19T08:40:10.000Z,
twitter,"Cemburu, Remaja 17 Tahun Tusuk Pria Paruh Baya Pakai Pisau http://ow.ly/4mQ8yt",2016-04-19T08:20:12.000Z,
twitter,"Cemburu, Remaja 17 Tahun Tusuk Pria Paruh Baya Pakai Pisau http://ow.ly/4mQ8jP",2016-04-19T08:20:12.000Z,
twitter,"BKKBN: Jangan Khawatir, Pil KB Pria Sudah Ada http://malangvoice.com/mbois-puol/bkkbn-jangan-khawatir-pil-kb-pria-sudah-ada/…",2016-04-19T01:53:20.000Z,
twitter,"BKKBN: Jangan Khawatir, Pil KB Pria Sudah Ada http://fb.me/3tfGgcZ4T",2016-04-18T11:41:10.000Z,
twitter,Batik Waskito Long Sleeve Baron Silk Shirt KB 28831 Blue Baju Batik Pria | http://Blibli.com https://blibli.com/batik-waskito-long-sleeve-baron-silk-shirt-kb-28831-blue-baju-batik-pria-1803691.html…,2016-04-18T08:41:23.000Z,
twitter,TIM VOLEY BALL PRIA KAUM BAPA JEMAAT GMIM KAKASKASEN EBEN HAEZER TOMOHON UTARA KOTA TOMOHON.MALAM FINAL,2016-04-18T06:33:04.000Z,
twitter,TIM VOLEY BALL PRIA KAUM BAPA JEMAAT GMIM KAKASKASEN EBEN HAEZER TOMOHON UTARA KOTA TOMOHON,2016-04-18T06:32:22.000Z,
twitter,"BKKBN: Jangan Khawatir, Pil KB Pria Sudah Ada http://fb.me/3duD4x910",2016-04-17T14:09:19.000Z,
twitter,"BKKBN: Jangan Khawatir, Pil KB Pria Sudah Ada http://fb.me/77L4UHf0M",2016-04-17T07:08:11.000Z,
twitter,"BKKBN: Jangan Khawatir, Pil KB Pria Sudah Ada http://fb.me/4Pw7LPT9P",2016-04-17T01:59:18.000Z,
twitter,"BKKBN: Jangan Khawatir, Pil KB Pria Sudah Ada http://fb.me/4SmWcw2AA",2016-04-16T16:24:34.000Z,
twitter,"BKKBN: Jangan Khawatir, Pil KB Pria Sudah Ada http://fb.me/7HtYYUSpO",2016-04-16T14:59:20.000Z,
twitter,"BKKBN: Jangan Khawatir, Pil KB Pria Sudah Ada http://fb.me/2qO7LV4Ao",2016-04-16T10:08:38.000Z,
twitter,"BKKBN: Jangan Khawatir, Pil KB Pria Sudah Ada http://fb.me/2dFtqBFo2",2016-04-16T09:57:33.000Z,
twitter,Wanita yg mengonsumsi pil KB menjadi lebih tertarik dgn pria yg berwajah feminin dibandingkan pria yg berwajah maskulin. [huffingtonpost],2016-04-15T13:57:35.000Z,
twitter,Wanita yg mengonsumsi pil KB menjadi lebih tertarik dgn pria yg berwajah feminin dibandingkan pria yg berwajah maskulin. [huffingtonpost],2016-04-15T13:50:53.000Z,
twitter,"Begini Pengakuan Emma, Pengantin Pria yang Ternyata Wanita di Riau http://ow.ly/4mIlvj",2016-04-15T12:45:19.000Z,
twitter,BKKBN: Pria Jangan Takut Ikut KB http://dlvr.it/L3JV8s,2016-04-14T07:21:36.000Z,
twitter,"jika nanti ada pria yg menawarkan KB kpd mu terima KB nya jgn terima prianya lalu, implementasikan lah kepadaku mana yg hrus aku tambh.",2016-04-13T01:50:57.000Z,
twitter,7 ABG Dipaksa Layani Pria di Ambon http://ow.ly/10vB72,2016-04-11T12:55:16.000Z,
twitter,Faktor-Faktor yang Mempengaruhi Kurangnya Partisipasi Pria dalam KB di Desa XX Kecamatan XX Kabupaten XX http://skripsikeperawatan.com/faktor-faktor-yang-mempengaruhi-kurangnya-partisipasi-pria-dalam-kb-di-desa-xx-kecamatan-xx-kabupaten-xx/…,2016-04-11T07:11:48.000Z,
twitter,Batik Waskito KB 59049 Long Sleeve Silk Shirt Batik Pria - Maroon | http://Blibli.com https://blibli.com/batik-waskito-kb-59049-long-sleeve-silk-shirt-batik-pria-maroon-2459001.html…,2016-04-11T00:13:38.000Z,
twitter,BKKBN: Pria Jangan Takut Ikut KB http://dlvr.it/L3JV8s,2016-04-14T07:21:36.000Z,
twitter,"jika nanti ada pria yg menawarkan KB kpd mu terima KB nya jgn terima prianya lalu, implementasikan lah kepadaku mana yg hrus aku tambh.",2016-04-13T01:50:57.000Z,
twitter,7 ABG Dipaksa Layani Pria di Ambon http://ow.ly/10vB72,2016-04-11T12:55:16.000Z,
twitter,Faktor-Faktor yang Mempengaruhi Kurangnya Partisipasi Pria dalam KB di Desa XX Kecamatan XX Kabupaten XX http://skripsikeperawatan.com/faktor-faktor-yang-mempengaruhi-kurangnya-partisipasi-pria-dalam-kb-di-desa-xx-kecamatan-xx-kabupaten-xx/…,2016-04-11T07:11:48.000Z,
twitter,Batik Waskito KB 59049 Long Sleeve Silk Shirt Batik Pria - Maroon | http://Blibli.com https://blibli.com/batik-waskito-kb-59049-long-sleeve-silk-shirt-batik-pria-maroon-2459001.html…,2016-04-11T00:13:38.000Z,
twitter,"Mereka rela melakukan vasektomi atau program KB pria, yaitu memutus saluran spermanya, sehingga tidak bisa lag... http://bit.ly/1VIZhjX",2016-04-10T04:37:20.000Z,
twitter,"Wahyuni Muslimah, Motivator KB Pria Terbaik III Tingkat Propinsi DIY http://goo.gl/fb/tdjwLH via KEC.SANDEN",2016-04-08T08:02:35.000Z,
twitter,"Wahyuni Muslimah, Motivator KB Pria Terbaik III Tingkat Propinsi DIY http://goo.gl/fb/tdjwLH via KEC.SANDEN",2016-04-08T08:00:43.000Z,
twitter,"Bantul : Wahyuni Muslimah terpilih sebagai motivator KB Pria Terbaik ke-3 Tingkat Provinsi DIY,",2016-04-08T07:51:18.000Z,
twitter,"Kec. Sanden: Wahyuni Muslimah, Motivator KB Pria Terbaik III Tingkat Propinsi DIY http://kec-sanden.bantulkab.go.id/berita/2016/04/wahyuni-muslimah-motivator-kb-pria-terbaik-iii-tingkat-propinsi-diy…",2016-04-08T07:40:11.000Z,
twitter,Kamis Ganteng - Batik Waskito Long Sleeve Silk Shirt KB 10476 Red Kemeja Batik Pria | http://Blibli.com https://blibli.com/kamis-ganteng-batik-waskito-long-sleeve-silk-shirt-kb-10476-red-kemeja-batik-pria-2471961.html…,2016-04-07T03:15:51.000Z,
twitter,Kamis Ganteng - Batik Waskito Long Sleeve Silk Shirt KB 10476 Red Kemeja Batik Pria | http://Blibli.com https://blibli.com/kamis-ganteng-batik-waskito-long-sleeve-silk-shirt-kb-10476-red-kemeja-batik-pria-2471961.html…,2016-04-07T01:53:45.000Z,
twitter,Kamis Ganteng - Batik Waskito Long Sleeve Silk Shirt KB 10476 Red Kemeja Batik Pria | http://Blibli.com https://blibli.com/kamis-ganteng-batik-waskito-long-sleeve-silk-shirt-kb-10476-red-kemeja-batik-pria-2471961.html…,2016-04-06T22:02:51.000Z,
twitter,"@DiskominfoMks
 Peningkatan Kapasitas Pria Dalam Kb & Kesehatan Reproduksi Tingkat Kota Makassar. 6 April 2016",2016-04-06T07:10:32.000Z,
twitter,KB untuk pria dan wanita #KampungKBPadang,2016-04-05T08:15:59.000Z,
twitter,Acara Pembukaan Pertemuan Nasional Peningkatan Peran dan Kualitas Motivator KB Pria @bkkbn_pusat #bkkbn #bkkbnsumbar,2016-04-05T06:43:26.000Z,
twitter,Kini Ada Suntikan Dosis Tunggal untuk KB Pria http://dlvr.it/KxCwn1,2016-03-31T17:02:04.000Z,
twitter,[INFO]Kini Ada Suntikan Dosis Tunggal untuk KB Pria http://dlvr.it/KxBvxd,2016-03-31T16:08:07.000Z,
twitter,Kini Ada Suntikan Dosis Tunggal untuk KB Pria http://dlvr.it/KxBYk6,2016-03-31T15:51:17.000Z,
twitter,Kini Ada Suntikan Dosis Tunggal untuk KB Pria http://dlvr.it/Kx9vhf,2016-03-31T15:20:50.000Z,
twitter,Pria Ikut KB Dapat Rp 500 Ribu dan Tes Kesehatan Gratis.. Mau?? | http://klikapa.com/read/1310/pria-ikut-kb-dapat-rp-500-ribu-dan-tes-kesehatan-gratis-mau#.Vv06uNuucEY.twitter…,2016-03-31T14:57:06.000Z,
twitter,Kini Ada Suntikan Dosis Tunggal untuk KB Pria http://ift.tt/1VVd7jt,2016-03-31T14:55:33.000Z,
twitter,Kini Ada Suntikan Dosis Tunggal untuk KB Pria http://dlvr.it/Kx99MV,2016-03-31T14:46:50.000Z,
twitter,Kini Ada Suntikan Dosis Tunggal untuk KB Pria http://dlvr.it/Kx97ZW,2016-03-31T14:45:14.000Z,
twitter,Kini Ada Suntikan Dosis Tunggal untuk KB Pria http://dlvr.it/Kx97SG,2016-03-31T14:45:10.000Z,
twitter,Kini Ada Suntikan Dosis Tunggal untuk KB Pria http://dlvr.it/Kx97Ph,2016-03-31T14:45:10.000Z,
twitter,Kini Ada Suntikan Dosis Tunggal untuk KB Pria http://dlvr.it/Kx97P0,2016-03-31T14:45:09.000Z,
twitter,Kini Ada Suntikan Dosis Tunggal untuk KB Pria http://dlvr.it/Kx97N1,2016-03-31T14:45:09.000Z,
twitter,Kini Ada Suntikan Dosis Tunggal untuk KB Pria http://dlvr.it/Kx97Lh,2016-03-31T14:45:09.000Z,
twitter,Kini Ada Suntikan Dosis Tunggal untuk KB Pria http://dlvr.it/Kx97Hr,2016-03-31T14:45:08.000Z,
twitter,Kini Ada Suntikan Dosis Tunggal untuk KB Pria http://dlvr.it/Kx9782,2016-03-31T14:45:07.000Z,
twitter,Kini Ada Suntikan Dosis Tunggal untuk KB Pria http://dlvr.it/Kx90nF,2016-03-31T14:38:06.000Z,
twitter,[INFO]Kini Ada Suntikan Dosis Tunggal untuk KB Pria http://dlvr.it/Kx8qWK,2016-03-31T14:29:40.000Z,
twitter,Kini Ada Suntikan Dosis Tunggal untuk KB Pria http://dlvr.it/Kx8k7Q,2016-03-31T14:24:12.000Z,
twitter,Kini Ada Suntikan Dosis Tunggal untuk KB Pria http://dlvr.it/Kx8k25,2016-03-31T14:24:09.000Z,
twitter,liputan6dotcom : Kini Ada Suntikan Dosis Tunggal untuk KB Pria http://health.liputan6.com/read/2472058/kini-ada-suntikan-dosis-tunggal-untuk-kb-pria… … https://x.com/liputan6dotcom/status/715541903098437632…),2016-03-31T14:23:45.000Z,
twitter,Kini Ada Suntikan Dosis Tunggal untuk KB Pria http://dlvr.it/Kx8Ycz,2016-03-31T14:16:46.000Z,
twitter,Kini Ada Suntikan Dosis Tunggal untuk KB Pria http://dlvr.it/Kx8Ybl,2016-03-31T14:16:46.000Z,
twitter,Kini Ada Suntikan Dosis Tunggal untuk KB Pria http://dlvr.it/Kx8YWx,2016-03-31T14:16:43.000Z,
twitter,Kini Ada Suntikan Dosis Tunggal untuk KB Pria http://health.liputan6.com/read/2472058/kini-ada-suntikan-dosis-tunggal-untuk-kb-pria…,2016-03-31T14:10:59.000Z,
twitter,"Terbakar Cemburu, Suami Pukul dan Injak Perut Istri: Pria berinisial KB (23) terpaksa dijebloskan ke penjara l... http://bit.ly/1RMrZ0y",2016-03-31T13:09:28.000Z,
twitter,"Terbaru: KB Injeksi untuk Pria, Bisa Blok Sperma Selama 12 Bulan http://dlvr.it/KwvfxW #GayaHidup #Kesehatan",2016-03-31T02:33:13.000Z,
twitter,"Terbaru: KB Injeksi untuk Pria, Bisa Blok Sperma Selama 12 Bulan http://dlvr.it/KwvfxV #GayaHidup #Kesehatan",2016-03-31T02:33:13.000Z,
twitter,"Terbaru: KB Injeksi untuk Pria, Bisa Blok Sperma Selama 12 Bulan http://dlvr.it/KwvfxX #GayaHidup #Kesehatan #kb",2016-03-31T02:33:13.000Z,
twitter,"Terbaru: KB Injeksi untuk Pria, Bisa Blok Sperma Selama 12 Bulan http://dlvr.it/KwvfJV",2016-03-31T02:33:03.000Z,
twitter,"Terbaru: #KB Injeksi untuk Pria, Bisa Blok Sperma Selama 12 Bulan http://goo.gl/fb/SGY4C1 #gayahidup #kesehatan",2016-03-31T02:26:11.000Z,
twitter,"Terbaru: #KB Injeksi untuk Pria, Bisa Blok Sperma Selama 12 Bulan http://goo.gl/fb/OWqyk1 #gayahidup #kesehatan",2016-03-31T02:26:11.000Z,
twitter,"Terbaru: #KB Injeksi untuk Pria, Bisa Blok Sperma Selama 12 Bulan http://goo.gl/fb/q5rPJX #gayahidup #kesehatan",2016-03-31T02:26:10.000Z,
twitter,"Terbaru: #KB Injeksi untuk Pria, Bisa Blok Sperma Selama 12 Bulan http://goo.gl/fb/JExrRI #gayahidup #kesehatan",2016-03-31T02:26:10.000Z,
twitter,"Terbaru: #KB Injeksi untuk Pria, Bisa Blok Sperma Selama 12 Bulan: http://RAKYATKU.COM – Alat… http://goo.gl/fb/VmpLC0",2016-03-31T02:26:09.000Z,
twitter,"Terbaru: #KB Injeksi untuk Pria, Bisa Blok Sperma Selama 12 Bulan http://goo.gl/fb/z4VUAb #gayahidup #kesehatan",2016-03-31T02:26:08.000Z,
twitter,Pria Tanpa Tangan Ini Buat Bordiran Pakai Kaki http://ow.ly/ZYSkU,2016-03-28T22:50:20.000Z,
twitter,"Mabuk, Pria ini Di Penjara 6 Bulan Penjara gara gara melakuk http://ow.ly/ZYSk5",2016-03-28T18:35:17.000Z,
twitter,Pria KB Di Tangsel Masih Rendah | http://indolinear.com: http://indolinear.com/pria-kb-di-tangsel-masih-rendah.html#.VvlMFel26IE.twitter…,2016-03-28T15:25:11.000Z,
twitter,Tribun: Kepala BKKBN: Program Kampung KB Wujudkan Nawa Cita dan Revolusi Mental http://dlvr.it/Kv16Vt #NewsToday #DKK,2016-03-27T00:10:17.000Z,
twitter,Kata siapa PIL KB milik Kaum Hawa? Hari ini pil KB juga jadi alat kontrasepsi bagi pria loh! http://goo.gl/A42zFO,2016-03-25T11:53:43.000Z,
twitter,Pil KB Untuk Pria Tanpa Bikin Mandul Segera Di Produksi http://kababaik.com/pil-kb-untuk-pria-tanpa-bikin-mandul-segera-di-produksi/…,2016-03-25T02:51:29.000Z,
twitter,Pil KB Untuk Pria Tanpa Bikin Mandul Segera Di Produksi http://topikini.com/pil-kb-untuk-pria-tanpa-bikin-mandul-segera-di-produksi/…,2016-03-25T02:47:33.000Z,
twitter,"Kepala Dihantam Bola Keras, Pria Ini Malah Tertawa http://ow.ly/ZStNG",2016-03-25T01:10:16.000Z,
twitter,JATIM | BKKBN Jatim Intensifkan Kembali Kelompok KB Pria http://bit.ly/1Rkpcvk,2016-03-23T14:59:02.000Z,
twitter,[BPLN] Pil KB untuk Pria Tanpa Bikin Mandul Segera Dipasarkan http://dlvr.it/KsFcxq,2016-03-23T04:58:06.000Z,
twitter,"Pil KB untuk Pria Tanpa Bikin Mandul Segera Dipasarkan: Selama ini, pil kontrasepsi bagi pria masih memiliki e http://ow.ly/ZMRoU",2016-03-22T16:05:29.000Z,
twitter,Pil KB Pria Tanpa Mandul Siap Serbu Konsumen http://ift.tt/1S316mC,2016-03-22T11:12:03.000Z,
twitter,Ayo kita tingkatkan jumlah peserta KB pria #DukungBKKBN,2016-03-22T05:25:52.000Z,
twitter,Ilmuwan Ciptakan Pil KB Pria Tanpa Bikin Mandul http://bit.ly/1Rfaw0D,2016-03-22T04:45:17.000Z,
twitter,"Update lagii - Pil KB untuk Pria Tanpa Bikin Mandul Segera Dipasarkan: Selama ini, pil kontrasepsi ... http://bit.ly/1VxaVOU #teknologi",2016-03-22T03:04:11.000Z,
twitter,"Pil KB untuk Pria Tanpa Bikin Mandul Segera Dipasarkan: Selama ini, pil kontrasepsi bagi pria masih memiliki e... http://bit.ly/1Vxc0X3",2016-03-21T23:47:29.000Z,
twitter,"Pil KB untuk Pria Tanpa Bikin Mandul Segera Dipasarkan: Selama ini, pil kontrasepsi bagi pria masih memiliki e... http://bit.ly/1Vxc0X3",2016-03-21T23:47:29.000Z,
twitter,Pil KB untuk Pria Tanpa Bikin Mandul Segera Dipasarkan http://bit.ly/1VxaVOU,2016-03-21T23:47:28.000Z,
twitter,Pil KB untuk Pria Tanpa Bikin Mandul Segera Dipasarkan http://bit.ly/1VxbZ5v,2016-03-21T23:47:28.000Z,
twitter,Viva: Pil KB untuk Pria Tanpa Bikin Mandul Segera Dipasarkan http://bit.ly/1VxbZ5v #teknoap,2016-03-21T23:47:27.000Z,
twitter,Pil KB untuk Pria Tanpa Bikin Mandul Segera Dipasarkan http://bit.ly/1VxbZ5v #WawasanTekno,2016-03-21T23:47:26.000Z,
twitter,"Pil KB untuk Pria Tanpa Bikin Mandul Segera Dipasarkan: Selama ini, pil kontrasepsi bagi pria masih memiliki e... http://bit.ly/1Zm0RbC",2016-03-21T23:47:26.000Z,
twitter,Pil KB untuk Pria Tanpa Bikin Mandul Segera Dipasarkan http://bit.ly/1VxaVOU,2016-03-21T23:47:25.000Z,
twitter,Pil KB untuk Pria Tanpa Bikin Mandul Segera Dipasarkan http://bit.ly/1VxaVOU,2016-03-21T23:47:24.000Z,
twitter,"Pil KB untuk Pria Tanpa Bikin Mandul Segera Dipasarkan: Selama ini, pil kontrasepsi bagi pria masih memiliki e... http://bit.ly/1VxaVOU",2016-03-21T23:47:24.000Z,
twitter,"Pil KB untuk Pria Tanpa Bikin Mandul Segera Dipasarkan: Selama ini, pil kontrasepsi bagi pria masih memiliki e... http://bit.ly/1Vxc0X3",2016-03-21T23:47:22.000Z,
twitter,"Pil KB untuk Pria Tanpa Bikin Mandul Segera Dipasarkan: Selama ini, pil kontrasepsi bagi pria masih memiliki e... http://bit.ly/1VxaVOU",2016-03-21T23:47:21.000Z,
twitter,"Pil KB untuk Pria Tanpa Bikin Mandul Segera Dipasarkan: Selama ini, pil kontrasepsi bagi pria masih memiliki e... http://bit.ly/1VxaVOU",2016-03-21T23:47:21.000Z,
twitter,"Pil KB untuk Pria Tanpa Bikin Mandul Segera Dipasarkan: Selama ini, pil kontrasepsi bagi pria masih memiliki e... http://bit.ly/1VxaVOU",2016-03-21T23:47:21.000Z,
twitter,"Pil KB untuk Pria Tanpa Bikin Mandul Segera Dipasarkan: Selama ini, pil kontrasepsi bagi pria masih memiliki e... http://bit.ly/1Zm0RbC",2016-03-21T23:47:26.000Z,
twitter,Pil KB untuk Pria Tanpa Bikin Mandul Segera Dipasarkan http://bit.ly/1VxaVOU,2016-03-21T23:47:25.000Z,
twitter,Pil KB untuk Pria Tanpa Bikin Mandul Segera Dipasarkan http://bit.ly/1VxaVOU,2016-03-21T23:47:24.000Z,
twitter,"Pil KB untuk Pria Tanpa Bikin Mandul Segera Dipasarkan: Selama ini, pil kontrasepsi bagi pria masih memiliki e... http://bit.ly/1VxaVOU",2016-03-21T23:47:24.000Z,
twitter,"Pil KB untuk Pria Tanpa Bikin Mandul Segera Dipasarkan: Selama ini, pil kontrasepsi bagi pria masih memiliki e... http://bit.ly/1Vxc0X3",2016-03-21T23:47:22.000Z,
twitter,"Pil KB untuk Pria Tanpa Bikin Mandul Segera Dipasarkan: Selama ini, pil kontrasepsi bagi pria masih memiliki e... http://bit.ly/1VxaVOU",2016-03-21T23:47:21.000Z,
twitter,"Pil KB untuk Pria Tanpa Bikin Mandul Segera Dipasarkan: Selama ini, pil kontrasepsi bagi pria masih memiliki e... http://bit.ly/1VxaVOU",2016-03-21T23:47:21.000Z,
twitter,"Pil KB untuk Pria Tanpa Bikin Mandul Segera Dipasarkan: Selama ini, pil kontrasepsi bagi pria masih memiliki e... http://bit.ly/1VxaVOU",2016-03-21T23:47:21.000Z,
twitter,Pil KB untuk Pria Tanpa Bikin Mandul Segera Dipasarkan http://bit.ly/1RbO7T4,2016-03-21T23:46:08.000Z,
twitter,Pil KB untuk Pria Tanpa Bikin Mandul Segera Dipasarkan,2016-03-21T23:41:48.000Z,
twitter,Pil KB untuk Pria Tanpa Bikin Mandul Segera Dipasarkan,2016-03-21T23:41:48.000Z,
twitter,"Pil KB untuk Pria Tanpa Bikin Mandul Segera Dipasarkan: Selama ini, pil kontrasepsi bagi pria masih memiliki e... http://bit.ly/1VxaVOU",2016-03-21T23:41:48.000Z,
twitter,"Pil KB untuk Pria Tanpa Bikin Mandul Segera Dipasarkan: Selama ini, pil kontrasepsi bagi pria masih memiliki e... http://tinyurl.com/hxce5n6",2016-03-21T23:41:47.000Z,
twitter,"Pil KB untuk Pria Tanpa Bikin Mandul Segera Dipasarkan: Selama ini, pil kontrasepsi bagi pria masih memiliki e... http://bit.ly/1VxaVOU",2016-03-21T23:40:40.000Z,
twitter,"#Teknologi Pil KB untuk Pria Tanpa Bikin Mandul Segera Dipasarkan: Selama ini, pil kontrasepsi bagi pria masih... http://bit.ly/1Vxc49s",2016-03-21T23:40:37.000Z,
twitter,"Pil KB untuk Pria Tanpa Bikin Mandul Segera Dipasarkan: Selama ini, pil kontrasepsi bagi pria masih... http://bit.ly/1VxaVOU #teknologi",2016-03-21T23:40:37.000Z,
twitter,"Pil KB untuk Pria Tanpa Bikin Mandul Segera Dipasarkan: Selama ini, pil kontrasepsi bagi pria masih... http://bit.ly/1VxaVOU #teknologi",2016-03-21T23:40:36.000Z,
twitter,"Pil KB untuk Pria Tanpa Bikin Mandul Segera Dipasarkan: Selama ini, pil kontrasepsi bagi pria masih memiliki e... http://bit.ly/1VxaVOU",2016-03-21T23:40:34.000Z,
twitter,"Pil KB untuk Pria Tanpa Bikin Mandul Segera Dipasarkan: Selama ini, pil kontrasepsi bagi pria masih memiliki e... http://bit.ly/1Vxc0X3",2016-03-21T23:40:34.000Z,
twitter,"#vivanews Pil KB untuk Pria Tanpa Bikin Mandul Segera Dipasarkan: Selama ini, pil kontrasepsi bagi pria masih ... http://bit.ly/1Vxc3SK",2016-03-21T23:40:34.000Z,
twitter,"Pil KB untuk Pria Tanpa Bikin Mandul Segera Dipasarkan: Selama ini, pil kontrasepsi bagi pria masih memiliki e... http://bit.ly/1VxbZ5v",2016-03-21T23:40:29.000Z,
twitter,"#Teknologi Pil KB untuk Pria Tanpa Bikin Mandul Segera Dipasarkan: Selama ini, pil kontrasepsi bagi pria masih... http://bit.ly/1Vxc49s",2016-03-21T23:40:37.000Z,
twitter,"Pil KB untuk Pria Tanpa Bikin Mandul Segera Dipasarkan: Selama ini, pil kontrasepsi bagi pria masih... http://bit.ly/1VxaVOU #teknologi",2016-03-21T23:40:37.000Z,
twitter,"Pil KB untuk Pria Tanpa Bikin Mandul Segera Dipasarkan: Selama ini, pil kontrasepsi bagi pria masih... http://bit.ly/1VxaVOU #teknologi",2016-03-21T23:40:36.000Z,
twitter,"Pil KB untuk Pria Tanpa Bikin Mandul Segera Dipasarkan: Selama ini, pil kontrasepsi bagi pria masih memiliki e... http://bit.ly/1VxaVOU",2016-03-21T23:40:34.000Z,
twitter,"Pil KB untuk Pria Tanpa Bikin Mandul Segera Dipasarkan: Selama ini, pil kontrasepsi bagi pria masih memiliki e... http://bit.ly/1Vxc0X3",2016-03-21T23:40:34.000Z,
twitter,"#vivanews Pil KB untuk Pria Tanpa Bikin Mandul Segera Dipasarkan: Selama ini, pil kontrasepsi bagi pria masih ... http://bit.ly/1Vxc3SK",2016-03-21T23:40:34.000Z,
twitter,"Pil KB untuk Pria Tanpa Bikin Mandul Segera Dipasarkan: Selama ini, pil kontrasepsi bagi pria masih memiliki e... http://bit.ly/1VxbZ5v",2016-03-21T23:40:29.000Z,
twitter,"Pil KB untuk Pria Tanpa Bikin Mandul Segera Dipasarkan: Selama ini, pil kontrasepsi bagi pria masih memiliki e... http://bit.ly/1VxbZ5v",2016-03-21T23:40:28.000Z,
twitter,"Pil KB untuk Pria Tanpa Bikin Mandul Segera Dipasarkan: Selama ini, pil kontrasepsi bagi pria masih memiliki e... http://bit.ly/1VxaVOU",2016-03-21T23:40:28.000Z,
twitter,"Pil KB untuk Pria Tanpa Bikin Mandul Segera Dipasarkan: Selama ini, pil kontrasepsi bagi pria masih memiliki e... http://bit.ly/1VxbZ5v",2016-03-21T23:40:28.000Z,
twitter,Pil KB untuk Pria Tanpa Bikin Mandul Segera Dipasarkan http://bit.ly/1Vxc0X3,2016-03-21T23:40:27.000Z,
twitter,"Pil KB untuk Pria Tanpa Bikin Mandul Segera Dipasarkan: Selama ini, pil kontrasepsi bagi pria masih memiliki e... http://bit.ly/1VxaVOU",2016-03-21T23:40:23.000Z,
twitter,"Pil KB untuk Pria Tanpa Bikin Mandul Segera Dipasarkan: Selama ini, pil kontrasepsi bagi pria masih memiliki e... http://bit.ly/1VxaVOU",2016-03-21T23:40:22.000Z,
twitter,"Pil KB untuk Pria Tanpa Bikin Mandul Segera Dipasarkan: Selama ini, pil kontrasepsi bagi pria masih memiliki e... http://bit.ly/1VxaVOU",2016-03-21T23:40:22.000Z,
twitter,"Pil KB untuk Pria Tanpa Bikin Mandul Segera Dipasarkan: Selama ini, pil kontrasepsi bagi pria masih memiliki e... http://bit.ly/1VxaVOU",2016-03-21T23:40:19.000Z,
twitter,"#News: Pil KB untuk Pria Tanpa Bikin Mandul Segera Dipasarkan: Selama ini, pil kontrasepsi bagi pria masih mem... http://bit.ly/1VxaVOU",2016-03-21T23:40:19.000Z,
twitter,"Pil KB untuk Pria Tanpa Bikin Mandul Segera Dipasarkan: Selama ini, pil kontrasepsi bagi pria masih memiliki e... http://bit.ly/1VxaVOU",2016-03-21T23:40:19.000Z,
twitter,Pil KB untuk Pria Tanpa Bikin Mandul Segera Dipasarkan http://bit.ly/1VxbZm0,2016-03-21T23:40:17.000Z,
twitter,Pil KB untuk Pria Tanpa Bikin Mandul Segera Dipasarkan http://bit.ly/1VxaVOU,2016-03-21T23:40:16.000Z,
twitter,"@topberita
 Pil KB untuk Pria Tanpa Bikin Mandul Segera Dipasarkan: Selama ini, pil kont... http://bit.ly/1VxaVOU http://bit.ly/brEGAr",2016-03-21T23:40:14.000Z,
twitter,Pil KB untuk Pria Tanpa Bikin Mandul Segera Dipasarkan http://bit.ly/1VxbZ5v,2016-03-21T23:40:14.000Z,
twitter,"Pil KB untuk Pria Tanpa Bikin Mandul Segera Dipasarkan: Selama ini, pil kontrasepsi bagi pria masih memiliki e... http://bit.ly/1VxaVOU",2016-03-21T23:40:13.000Z,
twitter,Pil KB untuk Pria Tanpa Bikin Mandul Segera Dipasarkan http://bit.ly/1VxaVOU [VIVANEWS],2016-03-21T23:40:12.000Z,
twitter,"Pil KB untuk Pria Tanpa Bikin Mandul Segera Dipasarkan: Selama ini, pil kontrasepsi bagi pria masih memiliki e... http://bit.ly/1VxaVOU",2016-03-21T23:40:22.000Z,
twitter,"Pil KB untuk Pria Tanpa Bikin Mandul Segera Dipasarkan: Selama ini, pil kontrasepsi bagi pria masih memiliki e... http://bit.ly/1VxaVOU",2016-03-21T23:40:22.000Z,
twitter,"Pil KB untuk Pria Tanpa Bikin Mandul Segera Dipasarkan: Selama ini, pil kontrasepsi bagi pria masih memiliki e... http://bit.ly/1VxaVOU",2016-03-21T23:40:19.000Z,
twitter,"#News: Pil KB untuk Pria Tanpa Bikin Mandul Segera Dipasarkan: Selama ini, pil kontrasepsi bagi pria masih mem... http://bit.ly/1VxaVOU",2016-03-21T23:40:19.000Z,
twitter,"Pil KB untuk Pria Tanpa Bikin Mandul Segera Dipasarkan: Selama ini, pil kontrasepsi bagi pria masih memiliki e... http://bit.ly/1VxaVOU",2016-03-21T23:40:19.000Z,
twitter,Pil KB untuk Pria Tanpa Bikin Mandul Segera Dipasarkan http://bit.ly/1VxbZm0,2016-03-21T23:40:17.000Z,
twitter,Pil KB untuk Pria Tanpa Bikin Mandul Segera Dipasarkan http://bit.ly/1VxaVOU,2016-03-21T23:40:16.000Z,
twitter,"@topberita
 Pil KB untuk Pria Tanpa Bikin Mandul Segera Dipasarkan: Selama ini, pil kont... http://bit.ly/1VxaVOU http://bit.ly/brEGAr",2016-03-21T23:40:14.000Z,
twitter,Pil KB untuk Pria Tanpa Bikin Mandul Segera Dipasarkan http://bit.ly/1VxbZ5v,2016-03-21T23:40:14.000Z,
twitter,"Pil KB untuk Pria Tanpa Bikin Mandul Segera Dipasarkan: Selama ini, pil kontrasepsi bagi pria masih memiliki e... http://bit.ly/1VxaVOU",2016-03-21T23:40:13.000Z,
twitter,Pil KB untuk Pria Tanpa Bikin Mandul Segera Dipasarkan http://bit.ly/1VxaVOU [VIVANEWS],2016-03-21T23:40:12.000Z,
twitter,Pil KB untuk Pria Tanpa Bikin Mandul Segera Dipasarkan http://dlvr.it/KrfQZD,2016-03-21T23:28:05.000Z,
twitter,Pil KB untuk Pria Tanpa Bikin Mandul Segera Dipasarkan http://dlvr.it/KrfQPr,2016-03-21T23:28:05.000Z,
twitter,Pil KB untuk Pria Tanpa Bikin Mandul Segera Dipasarkan http://dlvr.it/KrfQTP,2016-03-21T23:28:05.000Z,
twitter,"Pil KB untuk Pria Tanpa Bikin Mandul Segera Dipasarkan: Selama ini, pil kontrasepsi bagi pria masih memiliki efek samping.",2016-03-21T23:28:05.000Z,
twitter,Pil KB untuk Pria Tanpa Bikin Mandul Segera Dipasarkan http://dlvr.it/KrfQRY,2016-03-21T23:28:04.000Z,
twitter,Pil KB untuk Pria Tanpa Bikin Mandul Segera Dipasarkan http://teknologi.news.viva.co.id/news/read/750456-pil-kb-untuk-pria-tanpa-bikin-mandul-segera-dipasarkan-berita?utm_source=dlvr.it&utm_medium=twitter…,2016-03-21T23:24:05.000Z,
twitter,Pil KB untuk Pria Tanpa Bikin Mandul Segera Dipasarkan http://bit.ly/21EeeUa #teknologi,2016-03-21T23:15:15.000Z,
twitter,Pil KB untuk Pria Tanpa Bikin Mandul Segera Dipasarkan http://dlvr.it/KrfCJW,2016-03-21T23:15:09.000Z,
twitter,Pil KB untuk Pria Tanpa Bikin Mandul Segera Dipasarkan http://dlvr.it/KrfCGv,2016-03-21T23:15:08.000Z,
twitter,Pil KB untuk Pria Tanpa Bikin Mandul Segera Dipasarkan http://dlvr.it/KrfCGV,2016-03-21T23:15:08.000Z,
twitter,Pil KB untuk Pria Tanpa Bikin Mandul Segera Dipasarkan http://dlvr.it/KrfCGM,2016-03-21T23:15:08.000Z,
twitter,Pil KB untuk Pria Tanpa Bikin Mandul Segera Dipasarkan http://dlvr.it/KrfCGC,2016-03-21T23:15:08.000Z,
twitter,Pil KB untuk Pria Tanpa Bikin Mandul Segera Dipasarkan http://dlvr.it/KrfCGG,2016-03-21T23:15:08.000Z,
twitter,Pil KB untuk Pria Tanpa Bikin Mandul Segera Dipasarkan http://dlvr.it/KrfCFq,2016-03-21T23:15:08.000Z,
twitter,Pil KB untuk Pria Tanpa Bikin Mandul Segera Dipasarkan http://teknologi.news.viva.co.id/news/read/750456-pil-kb-untuk-pria-tanpa-bikin-mandul-segera-dipasarkan-berita?utm_source=dlvr.it&utm_medium=twitter…,2016-03-21T23:24:05.000Z,
twitter,Pil KB untuk Pria Tanpa Bikin Mandul Segera Dipasarkan http://bit.ly/21EeeUa #teknologi,2016-03-21T23:15:15.000Z,
twitter,Pil KB untuk Pria Tanpa Bikin Mandul Segera Dipasarkan http://dlvr.it/KrfCJW,2016-03-21T23:15:09.000Z,
twitter,Pil KB untuk Pria Tanpa Bikin Mandul Segera Dipasarkan http://dlvr.it/KrfCGv,2016-03-21T23:15:08.000Z,
twitter,Pil KB untuk Pria Tanpa Bikin Mandul Segera Dipasarkan http://dlvr.it/KrfCGV,2016-03-21T23:15:08.000Z,
twitter,Pil KB untuk Pria Tanpa Bikin Mandul Segera Dipasarkan http://dlvr.it/KrfCGM,2016-03-21T23:15:08.000Z,
twitter,Pil KB untuk Pria Tanpa Bikin Mandul Segera Dipasarkan http://dlvr.it/KrfCGC,2016-03-21T23:15:08.000Z,
twitter,Pil KB untuk Pria Tanpa Bikin Mandul Segera Dipasarkan http://dlvr.it/KrfCGG,2016-03-21T23:15:08.000Z,
twitter,Pil KB untuk Pria Tanpa Bikin Mandul Segera Dipasarkan http://dlvr.it/KrfCFq,2016-03-21T23:15:08.000Z,
twitter,Pil KB untuk Pria Tanpa Bikin Mandul Segera Dipasarkan http://dlvr.it/KrfCFG,2016-03-21T23:15:08.000Z,
twitter,Pil KB untuk Pria Tanpa Bikin Mandul Segera Dipasarkan http://dlvr.it/KrfCFD,2016-03-21T23:15:08.000Z,
twitter,Pil KB untuk Pria Tanpa Bikin Mandul Segera Dipasarkan http://dlvr.it/KrfCF7,2016-03-21T23:15:08.000Z,
twitter,Pil KB untuk Pria Tanpa Bikin Mandul Segera Dipasarkan http://dlvr.it/KrfCDc,2016-03-21T23:15:08.000Z,
twitter,Pil KB untuk Pria Tanpa Bikin Mandul Segera Dipasarkan http://dlvr.it/KrfCDW,2016-03-21T23:15:07.000Z,
twitter,Pil KB untuk Pria Tanpa Bikin Mandul Segera Dipasarkan http://dlvr.it/KrfCDQ,2016-03-21T23:15:07.000Z,
twitter,Pil KB untuk Pria Tanpa Bikin Mandul Segera Dipasarkan http://dlvr.it/KrfCDT,2016-03-21T23:15:07.000Z,
twitter,#Pil KB untuk Pria Tanpa Bikin Mandul Segera Dipasarkan http://ift.tt/1Vx4mMi,2016-03-21T23:15:07.000Z,
twitter,Pil KB untuk Pria Tanpa Bikin Mandul Segera Dipasarkan http://dlvr.it/KrfC01,2016-03-21T23:14:38.000Z,
twitter,Pil KB untuk Pria Tanpa Bikin Mandul Segera Dipasarkan http://dlvr.it/KrfBzR,2016-03-21T23:14:38.000Z,
twitter,Pil KB untuk Pria Tanpa Bikin Mandul Segera Dipasarkan http://dlvr.it/KrfBzM,2016-03-21T23:14:37.000Z,
twitter,Pil KB untuk Pria Tanpa Bikin Mandul Segera Dipasarkan http://dlvr.it/KrfBxN,2016-03-21T23:14:37.000Z,
twitter,Pil KB untuk Pria Tanpa Bikin Mandul Segera Dipasarkan http://dlvr.it/KrfBwP,2016-03-21T23:14:36.000Z,
twitter,#OPENFOLLOW Pil KB untuk Pria Tanpa Bikin Mandul Segera Dipasarkan http://dlvr.it/KrfBPQ #JFB #TeamFollowBack,2016-03-21T23:14:18.000Z,
twitter,Pil KB untuk Pria Tanpa Bikin Mandul Segera Dipasarkan http://dlvr.it/KrfBCk,2016-03-21T23:14:15.000Z,
twitter,Pil KB untuk Pria Tanpa Bikin Mandul Segera Dipasarkan http://dlvr.it/Krf9rc,2016-03-21T23:14:13.000Z,
twitter,Pil KB untuk Pria Tanpa Bikin Mandul Segera Dipasarkan http://dlvr.it/KrfBzR,2016-03-21T23:14:38.000Z,
twitter,Pil KB untuk Pria Tanpa Bikin Mandul Segera Dipasarkan http://dlvr.it/KrfBzM,2016-03-21T23:14:37.000Z,
twitter,Pil KB untuk Pria Tanpa Bikin Mandul Segera Dipasarkan http://dlvr.it/KrfBxN,2016-03-21T23:14:37.000Z,
twitter,Pil KB untuk Pria Tanpa Bikin Mandul Segera Dipasarkan http://dlvr.it/KrfBwP,2016-03-21T23:14:36.000Z,
twitter,#OPENFOLLOW Pil KB untuk Pria Tanpa Bikin Mandul Segera Dipasarkan http://dlvr.it/KrfBPQ #JFB #TeamFollowBack,2016-03-21T23:14:18.000Z,
twitter,Pil KB untuk Pria Tanpa Bikin Mandul Segera Dipasarkan http://dlvr.it/KrfBCk,2016-03-21T23:14:15.000Z,
twitter,Pil KB untuk Pria Tanpa Bikin Mandul Segera Dipasarkan http://dlvr.it/Krf9rc,2016-03-21T23:14:13.000Z,
twitter,Pil KB untuk Pria Tanpa Bikin Mandul Segera Dipasarkan http://dlvr.it/Krf9rH,2016-03-21T23:14:13.000Z,
twitter,Pil KB untuk Pria Tanpa Bikin Mandul Segera Dipasarkan http://dlvr.it/Krf9s3,2016-03-21T23:14:11.000Z,
twitter,"Pil KB untuk Pria Tanpa Bikin Mandul Segera Dipasarkan: Selama ini, pil kontrasepsi bagi… http://goo.gl/fb/oUhwpW",2016-03-21T23:12:44.000Z,
twitter,Pil KB untuk Pria Tanpa Bikin Mandul Segera Dipasarkan http://ift.tt/1Vx4mMi,2016-03-21T23:11:07.000Z,
twitter,Pil KB Untuk Pria Tanpa Bikin Mandul Segera Dipasarkan https://tulisanduniacom.wordpress.com/2016/03/22/pil-kb-untuk-pria-tanpa-bikin-mandul-segera-dipasarkan…,2016-03-21T23:09:20.000Z,
twitter,VIVAcoid : Pil KB untuk Pria Tanpa Bikin Mandul Segera Dipasarkan http://teknologi.news.viva.co.id/news/read/750456-pil-kb-untuk-pria-tanpa-bikin-mandul-segera-dipasarkan…… https://x.com/VIVAcoid/status/712051681735741440…),2016-03-21T23:09:16.000Z,
twitter,Pil KB Untuk Pria Tanpa Bikin Mandul Segera Dipasarkan http://fb.me/592OZdfXs,2016-03-21T23:09:11.000Z,
twitter,Pil KB untuk Pria Tanpa Bikin Mandul Segera Dipasarkan http://goo.gl/fb/xHFXlV,2016-03-21T23:04:03.000Z,
twitter,VIVAcoid : Pil KB untuk Pria Tanpa Bikin Mandul Segera Dipasarkan http://teknologi.news.viva.co.id/news/read/750456-pil-kb-untuk-pria-tanpa-bikin-mandul-segera-dipasarkan…… https://x.com/VIVAcoid/status/712051681735741440…),2016-03-21T23:09:16.000Z,
twitter,Pil KB Untuk Pria Tanpa Bikin Mandul Segera Dipasarkan http://fb.me/592OZdfXs,2016-03-21T23:09:11.000Z,
twitter,Pil KB untuk Pria Tanpa Bikin Mandul Segera Dipasarkan http://goo.gl/fb/xHFXlV,2016-03-21T23:04:03.000Z,
twitter,Pil KB untuk Pria Tanpa Bikin Mandul Segera Dipasarkan http://ift.tt/1Vx4mMi,2016-03-21T23:03:06.000Z,
twitter,Pil KB untuk Pria Tanpa Bikin Mandul Segera Dipasarkan http://dlvr.it/KrdydW,2016-03-21T23:02:22.000Z,
twitter,Pil KB untuk Pria Tanpa Bikin Mandul Segera Dipasarkan http://teknologi.news.viva.co.id/news/read/750456-pil-kb-untuk-pria-tanpa-bikin-mandul-segera-dipasarkan…,2016-03-21T23:02:04.000Z,
twitter,kelompok KB Pria Gading Santosa Maju ke Tingkat Provinsi http://goo.gl/fb/DL3td2 via KEC.SANDEN,2016-03-21T07:43:16.000Z,
twitter,Kec. Sanden: kelompok KB Pria Gading Santosa Maju ke Tingkat Provinsi http://kec-sanden.bantulkab.go.id/berita/2016/03/kelompok-kb-pria-gading-santosa-maju-ke-tingkat-provinsi…,2016-03-21T07:40:12.000Z,
twitter,kelompok KB Pria Gading Santosa Maju ke Tingkat Provinsi http://goo.gl/fb/DL3td2 via KEC.SANDEN,2016-03-21T07:31:59.000Z,
twitter,"Tribun: Miris Ada Desa tak Punya Generasi, Masyarakat Malinau Setuju Stop Program KB http://dlvr.it/KqmvHm #NewsToday #DKK",2016-03-19T23:52:53.000Z,
twitter,"Tribun: Beberapa Tahun tak Ada Bayi Lahir, Bupati Malinau Stop Program KB http://dlvr.it/KqmRkz #NewsToday #DKK",2016-03-19T23:19:55.000Z,
twitter,Tribun: KB PII akan Gerakkan 1 Juta Rekening Untuk Pembangunan Bank Syariah Indonesia http://dlvr.it/KqTKfG #NewsToday #DKK,2016-03-19T07:21:08.000Z,
twitter,Tribun: Kampung KB Cut Nyak Dhien Jadi Desa Percontohan Keluarga Berencana di Aceh http://dlvr.it/KqRsZM #NewsToday #DKK,2016-03-19T05:42:07.000Z,
twitter,"Terlibat Kasus, Saipul Jamil Jatuh Bangkrut?: Pria yang akrab disapa Bang Ipul ini dikabarkan mengalami g http://ow.ly/ZEkrx",2016-03-18T19:20:24.000Z,
twitter,"Kampung KB, Hadir Membantu Untuk Memantau Kesehatan Ibu Hamil http://dlvr.it/Kq8Xzc",2016-03-18T13:46:10.000Z,
twitter,Wanita yg mengonsumsi pil KB menjadi lebih tertarik dgn pria yg berwajah feminin dibandingkan pria yg berwajah maskulin. [huffingtonpost],2016-03-18T10:35:14.000Z,
twitter,Pria Tunawisma Ditemukan Tewas Kagetkan Warga Ciputat: Warga yang melihat mayat itu kemudian melaporkanny http://ow.ly/ZEkpK,2016-03-18T09:45:14.000Z,
twitter,"Kata Kades soal Sosok Andini, Pria yang Bikin Heboh karena Dinikahi Pria: Andi Budi Sutrisno alias Andini http://ow.ly/ZEkpA",2016-03-18T08:55:07.000Z,
twitter,"Heboh Pernikahan Pria dengan Pria di Pelosok Wonosobo, ini Respons Warga: Andi Budi Sutrisno alias Andini http://ow.ly/ZEkpi",2016-03-18T07:20:05.000Z,
twitter,Kamis Ganteng - Batik Waskito Long Sleeve Silk Shirt KB 10476 Orange Kemeja Batik Pria | Blibli. https://blibli.com/kamis-ganteng-batik-waskito-long-sleeve-silk-shirt-kb-10476-orange-kemeja-batik-pria-2174391.html…,2016-03-17T16:07:59.000Z,
twitter,Kamis Ganteng - Batik Waskito Long Sleeve Silk Shirt KB 10476 Orange Kemeja Batik Pria | Blibli. https://blibli.com/kamis-ganteng-batik-waskito-long-sleeve-silk-shirt-kb-10476-orange-kemeja-batik-pria-2174391.html…,2016-03-17T02:55:47.000Z,
twitter,"Terlibat Kasus, Saipul Jamil Jatuh Bangkrut?: Pria yang akrab disapa Bang Ipul ini dikabarkan mengalami g http://ow.ly/ZEkrx",2016-03-18T19:20:24.000Z,
twitter,"Kampung KB, Hadir Membantu Untuk Memantau Kesehatan Ibu Hamil http://dlvr.it/Kq8Xzc",2016-03-18T13:46:10.000Z,
twitter,Wanita yg mengonsumsi pil KB menjadi lebih tertarik dgn pria yg berwajah feminin dibandingkan pria yg berwajah maskulin. [huffingtonpost],2016-03-18T10:35:14.000Z,
twitter,Pria Tunawisma Ditemukan Tewas Kagetkan Warga Ciputat: Warga yang melihat mayat itu kemudian melaporkanny http://ow.ly/ZEkpK,2016-03-18T09:45:14.000Z,
twitter,"Kata Kades soal Sosok Andini, Pria yang Bikin Heboh karena Dinikahi Pria: Andi Budi Sutrisno alias Andini http://ow.ly/ZEkpA",2016-03-18T08:55:07.000Z,
twitter,"Heboh Pernikahan Pria dengan Pria di Pelosok Wonosobo, ini Respons Warga: Andi Budi Sutrisno alias Andini http://ow.ly/ZEkpi",2016-03-18T07:20:05.000Z,
twitter,Kamis Ganteng - Batik Waskito Long Sleeve Silk Shirt KB 10476 Orange Kemeja Batik Pria | Blibli. https://blibli.com/kamis-ganteng-batik-waskito-long-sleeve-silk-shirt-kb-10476-orange-kemeja-batik-pria-2174391.html…,2016-03-17T16:07:59.000Z,
twitter,Kamis Ganteng - Batik Waskito Long Sleeve Silk Shirt KB 10476 Orange Kemeja Batik Pria | Blibli. https://blibli.com/kamis-ganteng-batik-waskito-long-sleeve-silk-shirt-kb-10476-orange-kemeja-batik-pria-2174391.html…,2016-03-17T02:55:47.000Z,
twitter,Kamis Ganteng - Batik Waskito Long Sleeve Silk Shirt KB 10476 Orange Kemeja Batik Pria | Blibli. https://blibli.com/kamis-ganteng-batik-waskito-long-sleeve-silk-shirt-kb-10476-orange-kemeja-batik-pria-2174391.html…,2016-03-17T02:31:38.000Z,
twitter,Tribun: Kepala BKKBN: Kemenko PMK Perkuat Dukungan Program Kampung KB http://dlvr.it/KpM00B #NewsToday #DKK,2016-03-17T00:22:06.000Z,
twitter,Kamis Ganteng - Batik Waskito Long Sleeve Silk Shirt KB 10476 Orange Kemeja Batik Pria | Blibli. https://blibli.com/kamis-ganteng-batik-waskito-long-sleeve-silk-shirt-kb-10476-orange-kemeja-batik-pria-2174391.html…,2016-03-16T22:14:09.000Z,
twitter,BKBPP Giatkan Program KB Pria di Kota Cilegon http://dld.bz/eueG7,2016-03-15T09:59:41.000Z,
twitter,BKBPP Giatkan Program KB Pria di Kota Cilegon http://radarbanten.co.id/bkbpp-giatkan-program-kb-pria-di-kota-cilegon/…,2016-03-15T06:46:40.000Z,
twitter,Rita Motivasi Pelaku KB Pria - http://beritakotamakassar.com/2016/03/15/rita-motivasi-pelaku-kb-pria/…,2016-03-15T01:29:49.000Z,
twitter,"[Share News] MASALAH KEPENDUDUKAN GUNUNGKIDUL: KB Pria Tak Diminati | 
@Harian_Jogja
 http://harianjogja.com/baca/2016/03/14/masalah-kependudukan-gunungkidul-kb-pria-tak-diminati-700252… #Kependudukan #KBPria",2016-03-15T01:22:56.000Z,
twitter,Wanita yg mengonsumsi pil KB menjadi lebih tertarik dgn pria yg berwajah feminin dibandingkan pria yg berwajah maskulin. [huffingtonpost],2016-03-14T19:19:08.000Z,
twitter,MASALAH KEPENDUDUKAN GUNUNGKIDUL : KB Pria Tak Diminati http://bit.ly/1TYmAY7,2016-03-13T18:19:15.000Z,
twitter,KB Pria Tak Diminati - Harian Jogja http://bit.ly/1TG16yv #GunungKidul #Jogja,2016-03-13T18:07:31.000Z,
twitter,MASALAH KEPENDUDUKAN GUNUNGKIDUL : KB Pria Tak Diminati http://goo.gl/fb/3TnNTX,2016-03-13T17:53:58.000Z,
twitter,MASALAH KEPENDUDUKAN GUNUNGKIDUL : KB Pria Tak Diminati http://bit.ly/1YNSPYU,2016-03-13T17:43:28.000Z,
twitter,MASALAH KEPENDUDUKAN GUNUNGKIDUL : KB Pria Tak Diminati http://bit.ly/22dAuXd,2016-03-13T17:41:24.000Z,
twitter,#TuitSolo MASALAH KEPENDUDUKAN GUNUNGKIDUL : KB Pria Tak Diminati #Solo #Tuit,2016-03-13T17:34:08.000Z,
twitter,MASALAH KEPENDUDUKAN GUNUNGKIDUL : KB Pria Tak Diminati http://dlvr.it/KmkqrL,2016-03-13T17:30:08.000Z,
twitter,MASALAH KEPENDUDUKAN GUNUNGKIDUL : KB Pria Tak Diminati http://goo.gl/fb/3TnNTX,2016-03-13T17:53:58.000Z,
twitter,MASALAH KEPENDUDUKAN GUNUNGKIDUL : KB Pria Tak Diminati http://bit.ly/1YNSPYU,2016-03-13T17:43:28.000Z,
twitter,MASALAH KEPENDUDUKAN GUNUNGKIDUL : KB Pria Tak Diminati http://bit.ly/22dAuXd,2016-03-13T17:41:24.000Z,
twitter,#TuitSolo MASALAH KEPENDUDUKAN GUNUNGKIDUL : KB Pria Tak Diminati #Solo #Tuit,2016-03-13T17:34:08.000Z,
twitter,MASALAH KEPENDUDUKAN GUNUNGKIDUL : KB Pria Tak Diminati http://dlvr.it/KmkqrL,2016-03-13T17:30:08.000Z,
twitter,MASALAH KEPENDUDUKAN GUNUNGKIDUL : KB Pria Tak Diminati http://dlvr.it/KmklXm,2016-03-13T17:25:11.000Z,
twitter,MASALAH KEPENDUDUKAN GUNUNGKIDUL : KB Pria Tak Diminati http://dlvr.it/KmklXB,2016-03-13T17:25:11.000Z,
twitter,"Minat KB Meningkat, Pemkab Banyuasin Kurang Dana: Banyuasin, BP Minat peserta KB Vasektomi bagi pria atau Medi... http://bit.ly/22dd1VX",2016-03-13T13:56:16.000Z,
twitter,JPNN:  Ini Jurus Pemerintah agar KB Populer http://Lagi-JPNN.com http://dlvr.it/Kmg2SZ #NewsToday #DKK,2016-03-13T13:36:19.000Z,
twitter,"Minat KB Meningkat, Pemkab Banyuasin Kurang Dana: Banyuasin, BP Minat peserta KB Vasektomi bagi pria atau Medi... http://bit.ly/1TFrrN8",2016-03-13T12:59:23.000Z,
twitter,"Minat KB Meningkat, Pemkab Banyuasin Kurang Dana: Banyuasin, BP Minat peserta KB Vasektomi bagi pria atau Medi... http://bit.ly/1TFrrN8",2016-03-13T12:59:21.000Z,
twitter,Tribun: Menko PMK: Kampung KB Wadah Gerakan Masyarakat Sehat http://dlvr.it/KmYygp #NewsToday #DKK,2016-03-13T08:57:09.000Z,
twitter,"Tribun: Ashanty, Ini Akibatnya Kalau Lupa Minum Pil KB http://dlvr.it/KmM4sK #NewsToday #DKK",2016-03-12T19:29:09.000Z,
twitter,Wanita yg mengonsumsi pil KB menjadi lebih tertarik dgn pria yg berwajah feminin dibandingkan pria yg berwajah maskulin. [huffingtonpost],2016-03-12T16:43:14.000Z,
twitter,"Sosialisasi KB pria .
Istri sehat, suami ceria, keluarga bahagia dan… https://instagram.com/p/BC2QeO6A8dZiILAu9uNt2-wAaFodZx8GgtGcsY0/…",2016-03-12T09:27:09.000Z,
twitter,"@_surya_bkkbn_
 @HumasBKKBN
 . Rndah@ Prtisipasi Pria sbg Aksptor krn msih mnganggap, kalo Progr KB ... urusan Istri/wanita. Anggapn yg keliru",2016-03-08T14:44:13.000Z,
twitter,VIMAX IZON ASLI DI BANDUNG CIMAHI COD ~>   http://apotek69.com/vimax-izon-asli-canada-obat-pembesar-penis-di-bandung-cod/… | Kb Nanas,2016-03-08T07:44:33.000Z,
twitter,Wanita yg mengonsumsi pil KB menjadi lebih tertarik dgn pria yg berwajah feminin dibandingkan pria yg berwajah maskulin. [huffingtonpost],2016-03-06T15:45:54.000Z,
twitter,"@ukhtirofie_  
@IRWANQU_HASTAG
 @arowna_91 denger keknya neng dia bgs pndengarannya.yg gk bagus itu OTAKNYA haha hy 1,0 kb H-2 ANNIV IRWANQU",2016-03-05T12:23:20.000Z,
twitter,Wanita yg mengonsumsi pil KB menjadi lebih tertarik dgn pria yg berwajah feminin dibandingkan pria yg berwajah maskulin.,2016-03-05T03:48:53.000Z,
twitter,Kodam XII/Tanjungpura Gelar Rakernis  KB TNI Terpadu http://bit.ly/1TtUun7,2016-03-04T04:30:59.000Z,
twitter,"Training Public Speaking Sosialisasi & Pembinaan Kesertaan KB Pria BkkbN Sumatera Selatan
#agungfatwa #startraining",2016-03-02T09:58:05.000Z,
twitter,"Sepatu Boots Pria Kickers ( KB-010 ) via 
@bukalapak
 https://bukalapak.com/p/fashion/pria/sepatu-169/700p4-jual-sepatu-boots-pria-kickers-kb-010?utm_source=apps… 
@bukalapakBDG
 @infoiklan24jam
 @partner_iklan",2016-03-02T00:04:10.000Z,
twitter,Tribun: Jawa Tengah Deklarasikan Gerakan 'Ayo Ikut KB' http://dlvr.it/KfXMbg #NewsToday #DKK,2016-03-01T09:17:12.000Z,
twitter,Wanita yg mengonsumsi pil KB menjadi lebih tertarik dgn pria yg berwajah feminin dibandingkan pria yg berwajah maskulin. [huffingtonpost],2016-02-25T07:09:58.000Z,
twitter,Pertemuan rutin KB pria kecamatan cikole kota… (at Balai KB Kecamatan Cikole Kota Sukabumi Jawa Barat) [pic] — https://path.com/p/3NBQ4G,2016-02-23T07:48:12.000Z,
twitter,PAGUYUBAN KB PRIA  (at Balai Penyuluhan KB Kec. Cikole) — https://path.com/p/1T9MtS,2016-02-23T06:46:02.000Z,
twitter,"Berfantasi Liar, Seorang Pria Tega Setubuhi Anak Tirinya: Tersangka KB nekat melampiaskan nafsu birahinya itu ... http://bit.ly/1owOehx",2016-02-19T11:48:14.000Z,
twitter,"Berfantasi Liar, Seorang Pria Tega Setubuhi Anak Tirinya Tersangka KB nekat mela  http://jatim.metrotvnews.com/read/2016/02/19/487010/berfantasi-liar-seorang-pria-tega-setubuhi-anak-tirinya…",2016-02-19T11:40:41.000Z,
twitter,Program KB bisa jga meningkatkan pria untuk ikut bertanggung jawab | Surya Chandra Surapaty *13,2016-02-18T08:37:58.000Z,
twitter,"RPTRA klo bisa dilengkapi WIFI, baru tahu pria juga perlu KB. Benar penduduk Indonesia terlalu padat, justeru penduduk yg miskin byk anak.",2016-02-17T00:59:01.000Z,
twitter,dunia.. KIYE LAKONE : Peserta KB Pria Masih Sedikit - SuaraMerdeka http://dlvr.it/KX0KR2 ..pasangan,2016-02-16T22:58:04.000Z,
twitter,"KIYE LAKONE : Peserta KB Pria Masih Sedikit - SuaraMerdeka http://bit.ly/1QGMhoU cc 
@UnsoedOfficial",2016-02-16T20:08:46.000Z,
twitter,"#SimakSehat Jika Pola Haid Jadi Seperti Ini Pasca Pakai KB Suntik, Segera Cek ke Dokter http://bit.ly/1oeyb7j",2016-02-15T01:58:41.000Z,
twitter,"@_guegitu 
@AngkasaDi
 mna sudi gue dgr/prcya bacotan org yg hy py otak 0,1 kb cuiiiiih (ludahin muka jelek elu) IRWAN DA2 MAKIN CHUBBY",2016-02-12T16:35:33.000Z,
twitter,- Pil KB untuk Pria #EvellaPlay #Palangkaraya,2016-02-11T13:21:11.000Z,
twitter,Wanita yg mengonsumsi pil KB menjadi lebih tertarik dgn pria yg berwajah feminin dibandingkan pria yg berwajah maskulin. [huffingtonpost],2016-02-11T08:35:10.000Z,
twitter,Wanita yg mengonsumsi pil KB menjadi lebih tertarik dgn pria yg berwajah feminin dibandingkan pria yg berwajah maskulin. [huffingtonpost],2016-02-10T13:02:32.000Z,
twitter,"KIYE LAKONE : Peserta KB Pria Masih Sedikit - SuaraMerdeka http://bit.ly/1QGMhoU cc 
@UnsoedOfficial",2016-02-16T20:08:46.000Z,
twitter,"#SimakSehat Jika Pola Haid Jadi Seperti Ini Pasca Pakai KB Suntik, Segera Cek ke Dokter http://bit.ly/1oeyb7j",2016-02-15T01:58:41.000Z,
twitter,"@_guegitu 
@AngkasaDi
 mna sudi gue dgr/prcya bacotan org yg hy py otak 0,1 kb cuiiiiih (ludahin muka jelek elu) IRWAN DA2 MAKIN CHUBBY",2016-02-12T16:35:33.000Z,
twitter,- Pil KB untuk Pria #EvellaPlay #Palangkaraya,2016-02-11T13:21:11.000Z,
twitter,Wanita yg mengonsumsi pil KB menjadi lebih tertarik dgn pria yg berwajah feminin dibandingkan pria yg berwajah maskulin. [huffingtonpost],2016-02-11T08:35:10.000Z,
twitter,Wanita yg mengonsumsi pil KB menjadi lebih tertarik dgn pria yg berwajah feminin dibandingkan pria yg berwajah maskulin. [huffingtonpost],2016-02-10T13:02:32.000Z,
twitter,Batik Waskito Long Sleeve Silk Shirt KB 69038 Red Kemeja Batik Pria | http://Blibli.com https://blibli.com/batik-waskito-long-sleeve-silk-shirt-kb-69038-red-kemeja-batik-pria-1271071.html…,2016-02-08T00:26:23.000Z,
twitter,Batik Waskito Long Sleeve Silk Shirt KB 69038 Red Kemeja Batik Pria | http://Blibli.com https://blibli.com/batik-waskito-long-sleeve-silk-shirt-kb-69038-red-kemeja-batik-pria-1271071.html…,2016-02-08T00:02:32.000Z,
twitter,Batik Waskito Long Sleeve Silk Shirt KB 69038 Red Kemeja Batik Pria | http://Blibli.com https://blibli.com/batik-waskito-long-sleeve-silk-shirt-kb-69038-red-kemeja-batik-pria-1271071.html…,2016-02-07T22:00:36.000Z,
twitter,Batik Waskito Long Sleeve Silk Shirt KB 69038 Red Kemeja Batik Pria | http://Blibli.com https://blibli.com/batik-waskito-long-sleeve-silk-shirt-kb-69038-red-kemeja-batik-pria-1271071.html…,2016-02-07T14:21:27.000Z,
twitter,Heboh ! Pria Ini Temukan Daging Menjijikan dalam Ayam Goreng KFC. http://fb.me/Wcb9RwGs,2016-02-07T13:48:23.000Z,
twitter,Batik Waskito Long Sleeve Silk Shirt KB 850322 Dark Red Kemeja Batik Pria | http://Blibli.com https://blibli.com/batik-waskito-long-sleeve-silk-shirt-kb-850322-dark-red-kemeja-batik-pria-1271201.html…,2016-02-07T06:24:30.000Z,
twitter,Batik Waskito Long Sleeve Silk Shirt KB 850322 Red Kemeja Batik Pria | http://Blibli.com https://blibli.com/batik-waskito-long-sleeve-silk-shirt-kb-850322-red-kemeja-batik-pria-1271241.html…,2016-02-07T06:20:44.000Z,
twitter,"Pria Kencing Jongkok Terlihat Konyol? Anda Salah Besar, Ini Faktanya - Tribun Jabar http://fb.me/4VnfX7hJk",2016-02-07T05:59:41.000Z,
twitter,Batik Waskito Long Sleeve Silk Shirt KB 69038 Red Kemeja Batik Pria | http://Blibli.com https://blibli.com/batik-waskito-long-sleeve-silk-shirt-kb-69038-red-kemeja-batik-pria-1271071.html…,2016-02-07T00:16:58.000Z,
twitter,Batik Waskito Long Sleeve Silk Shirt KB 69038 Red Kemeja Batik Pria | http://Blibli.com https://blibli.com/batik-waskito-long-sleeve-silk-shirt-kb-69038-red-kemeja-batik-pria-1271071.html…,2016-02-07T00:00:15.000Z,
twitter,Ini 5 Perbedaan 'Berhubungan' dengan Pria Disunat dan Tidak Disunat - Tribun Jabar http://fb.me/4Vjhc6xcA,2016-02-06T17:20:15.000Z,
twitter,Ngeri Banget! Pria Ini Mengaku Sebagai Nabi - Tribun Jabar http://fb.me/79IgFosmt,2016-02-06T17:07:23.000Z,
twitter,Batik Waskito Long Sleeve Silk Shirt KB 69038 Red Kemeja Batik Pria | http://Blibli.com https://blibli.com/batik-waskito-long-sleeve-silk-shirt-kb-69038-red-kemeja-batik-pria-1271071.html…,2016-02-06T14:56:39.000Z,
twitter,Batik Waskito Long Sleeve Silk Shirt KB 69038 Red Kemeja Batik Pria | http://Blibli.com https://blibli.com/batik-waskito-long-sleeve-silk-shirt-kb-69038-red-kemeja-batik-pria-1271071.html…,2016-02-06T13:34:08.000Z,
twitter,Batik Waskito Long Sleeve Silk Shirt KB 69038 Red Kemeja Batik Pria | http://Blibli.com https://blibli.com/batik-waskito-long-sleeve-silk-shirt-kb-69038-red-kemeja-batik-pria-1271071.html…,2016-02-06T02:15:21.000Z,
twitter,Batik Waskito Long Sleeve Silk Shirt KB 69038 Red Kemeja Batik Pria | http://Blibli.com https://blibli.com/batik-waskito-long-sleeve-silk-shirt-kb-69038-red-kemeja-batik-pria-1271071.html…,2016-02-06T01:58:13.000Z,
twitter,"Istri Sering Gatal-gatal Semenjak Suntik KB, Mengapa? http://dlvr.it/KQRSZf",2016-02-05T06:26:07.000Z,
twitter,"Istri Sering Gatal-gatal Semenjak Suntik KB, Mengapa? http://dlvr.it/KQRSZf",2016-02-05T06:26:07.000Z,
twitter,Peserta KB Pria di Kecamatan Rambutan Rendah http://buanaindonesia.com/news/banyuasin/2016/02/04/peserta-kb-pria-di-kecamatan-rambutan-rendah/…,2016-02-05T01:24:32.000Z,
twitter,Batik Waskito Long Sleeve Silk Shirt KB 69038 Red Kemeja Batik Pria | http://Blibli.com https://blibli.com/batik-waskito-long-sleeve-silk-shirt-kb-69038-red-kemeja-batik-pria-1271071.html…,2016-02-05T01:21:23.000Z,
twitter,Batik Waskito Long Sleeve Silk Shirt KB 69038 Red Kemeja Batik Pria | http://Blibli.com https://blibli.com/batik-waskito-long-sleeve-silk-shirt-kb-69038-red-kemeja-batik-pria-1271071.html…,2016-02-04T23:40:50.000Z,
twitter,Batik Waskito Long Sleeve Silk Shirt KB 69038 Red Kemeja Batik Pria | http://Blibli.com https://blibli.com/batik-waskito-long-sleeve-silk-shirt-kb-69038-red-kemeja-batik-pria-1271071.html…,2016-02-04T12:15:31.000Z,
twitter,Batik Waskito Long Sleeve Silk Shirt KB 69038 Red Kemeja Batik Pria | http://Blibli.com https://blibli.com/batik-waskito-long-sleeve-silk-shirt-kb-69038-red-kemeja-batik-pria-1271071.html…,2016-02-04T05:21:02.000Z,
twitter,Batik Waskito Long Sleeve Silk Shirt KB 69038 Red Kemeja Batik Pria | http://Blibli.com https://blibli.com/batik-waskito-long-sleeve-silk-shirt-kb-69038-red-kemeja-batik-pria-1271071.html…,2016-02-04T00:45:34.000Z,
twitter,Batik Waskito Long Sleeve Silk Shirt KB 69038 Red Kemeja Batik Pria | http://Blibli.com https://blibli.com/batik-waskito-long-sleeve-silk-shirt-kb-69038-red-kemeja-batik-pria-1271071.html…,2016-02-03T09:39:27.000Z,
twitter,Batik Waskito Long Sleeve Silk Shirt KB 69038 Red Kemeja Batik Pria | http://Blibli.com https://blibli.com/batik-waskito-long-sleeve-silk-shirt-kb-69038-red-kemeja-batik-pria-1271071.html…,2016-02-03T06:38:16.000Z,
twitter,Batik Waskito Long Sleeve Silk Shirt KB 69038 Red Kemeja Batik Pria | http://Blibli.com https://blibli.com/batik-waskito-long-sleeve-silk-shirt-kb-69038-red-kemeja-batik-pria-1271071.html…,2016-02-03T02:17:29.000Z,
twitter,Batik Waskito Long Sleeve Silk Shirt KB 69038 Red Kemeja Batik Pria | http://Blibli.com https://blibli.com/batik-waskito-long-sleeve-silk-shirt-kb-69038-red-kemeja-batik-pria-1271071.html…,2016-02-02T16:30:30.000Z,
twitter,Batik Waskito Long Sleeve Silk Shirt KB 69038 Red Kemeja Batik Pria | http://Blibli.com https://blibli.com/batik-waskito-long-sleeve-silk-shirt-kb-69038-red-kemeja-batik-pria-1271071.html…,2016-02-02T02:46:42.000Z,
twitter,Batik Waskito Long Sleeve Silk Shirt KB 69038 Red Kemeja Batik Pria | http://Blibli.com https://blibli.com/batik-waskito-long-sleeve-silk-shirt-kb-69038-red-kemeja-batik-pria-1271071.html…,2016-02-02T00:49:49.000Z,
twitter,Batik Waskito Long Sleeve Silk Shirt KB 69038 Red Kemeja Batik Pria | http://Blibli.com https://blibli.com/batik-waskito-long-sleeve-silk-shirt-kb-69038-red-kemeja-batik-pria-1271071.html…,2016-02-02T00:45:49.000Z,
twitter,Batik Waskito Long Sleeve Silk Shirt KB 69038 Red Kemeja Batik Pria | http://Blibli.com https://blibli.com/batik-waskito-long-sleeve-silk-shirt-kb-69038-red-kemeja-batik-pria-1271071.html…,2016-02-02T00:25:13.000Z,
twitter,"Stefanus Liow Lantik Panitia POR P/KB GMIM 2016: Ketua Komisi Pria Kaum Bapa GMIM, Pnt Stefanus Liow melantik ... http://bit.ly/1Q3N4A4",2016-01-31T17:09:50.000Z,
twitter,"Stefanus Liow Lantik Panitia POR P/KB GMIM 2016: Ketua Komisi Pria Kaum Bapa GMIM, Pnt… http://goo.gl/fb/ggnKc7",2016-01-31T16:21:33.000Z,
twitter,"Stefanus Liow Lantik Panitia POR P/KB GMIM 2016: Ketua Komisi Pria Kaum Bapa GMIM, Pnt Stefanus Liow melantik ... http://bit.ly/1Q3N4A4",2016-01-31T15:42:12.000Z,
twitter,"Stefanus Liow Lantik Panitia POR P/KB GMIM 2016: Ketua Komisi Pria Kaum Bapa GMIM, Pnt Stefanus Liow melantik ... http://bit.ly/1Q3N4A4",2016-01-31T15:42:12.000Z,
twitter,"Stefanus Liow Lantik Panitia POR P/KB GMIM 2016: Ketua Komisi Pria Kaum Bapa GMIM, Pnt Stefanus Liow melantik ... http://bit.ly/1StZG8b",2016-01-31T15:42:11.000Z,
twitter,"Stefanus Liow Lantik Panitia POR P/KB GMIM 2016: Ketua Komisi Pria Kaum Bapa GMIM, Pnt… http://goo.gl/fb/ggnKc7",2016-01-31T16:21:33.000Z,
twitter,"Stefanus Liow Lantik Panitia POR P/KB GMIM 2016: Ketua Komisi Pria Kaum Bapa GMIM, Pnt Stefanus Liow melantik ... http://bit.ly/1Q3N4A4",2016-01-31T15:42:12.000Z,
twitter,"Stefanus Liow Lantik Panitia POR P/KB GMIM 2016: Ketua Komisi Pria Kaum Bapa GMIM, Pnt Stefanus Liow melantik ... http://bit.ly/1Q3N4A4",2016-01-31T15:42:12.000Z,
twitter,"Stefanus Liow Lantik Panitia POR P/KB GMIM 2016: Ketua Komisi Pria Kaum Bapa GMIM, Pnt Stefanus Liow melantik ... http://bit.ly/1StZG8b",2016-01-31T15:42:11.000Z,
twitter,"Stefanus Liow Lantik Panitia POR P/KB GMIM 2016: Ketua Komisi Pria Kaum Bapa GMIM, Pnt Stefanus Liow melantik ... http://bit.ly/1StZG8b",2016-01-31T15:41:57.000Z,
twitter,"Stefanus Liow Lantik Panitia POR P/KB GMIM 2016: Ketua Komisi Pria Kaum Bapa GMIM, Pnt Stefanus Liow melantik ... http://bit.ly/1Q3N4A4",2016-01-31T15:41:50.000Z,
twitter,Pria Wajib Baca! Ini Beberapa Kesalahan Ketika Cukur Bulu Wajah yang Jarang Disadari http://fb.me/7yIRIIofl,2016-01-31T03:09:12.000Z,
twitter,"Gandeng Peserta KB Pria, 2016 Kota Mojokerto Targetkan 10 Vaksetomi http://bit.ly/1SqwWgL",2016-01-30T08:12:05.000Z,
twitter,"Gandeng Peserta KB Pria, 2016 Kota Mojokerto Targetkan 10 Vaksetomi http://bit.ly/20cXvfj",2016-01-30T07:54:33.000Z,
twitter,"Gandeng Peserta KB Pria, 2016 Kota Mojokerto Targetkan 10 Vaksetomi http://bit.ly/1SqwWgL",2016-01-30T07:54:29.000Z,
twitter,"#Mojokerto: Gandeng Peserta KB Pria, 2016 Kota Mojokerto Targetkan 10 Vaksetomi http://bit.ly/1SqwWgL",2016-01-30T07:27:29.000Z,
twitter,"Gandeng Peserta KB Pria, 2016 Kota Mojokerto Targetkan 10 Vaksetomi http://ift.tt/1nULaer",2016-01-30T07:06:42.000Z,
twitter,"*Meski diming-imingi hadiah uang senilai Rp 500 ribu, namun angka kepesertaan keluarga berencana (KB) pria di... http://fb.me/7bSJ75ToZ",2016-01-30T06:31:11.000Z,
twitter,Tribun: Warga RW 01 Tua Tunu Indah Ucapkan Deklarasi Kampung KB http://dlvr.it/KLvzQF #NewsToday #DKK,2016-01-29T17:12:20.000Z,
twitter,Tribun: Gubernur Babel Launching Kampung KB http://dlvr.it/KLvzDB #NewsToday #DKK,2016-01-29T17:12:17.000Z,
twitter,"Pil KB tuh cocoknya utk pria. Lebih logis kan, mencabut peluru dari pistol, daripada memaksa target pake perisai",2016-01-29T15:00:47.000Z,
twitter,"Ada 5 Juta Kelahiran Per Tahun, KB Post Partum Perlu Dimaksimalkan http://dlvr.it/KLZ0pv",2016-01-29T01:08:07.000Z,
twitter,"#SimakSehat Ada 5 Juta Kelahiran Per Tahun, KB Post Partum Perlu Dimaksimalkan http://bit.ly/1QIIvzI",2016-01-29T00:51:59.000Z,
twitter,"http://news.detik.com/read/2016/01/25/183253/3126751/10/jokowi-ingatkan-pentingnya-kb-dan-hentikan-diskriminasi-terhadap-perempuan… REPOSISI&REVITALISASI Program KB, didorong pria lebih berperan/Vasektomi, 2 anak cukup,1anak lebih baik 
@jokowi",2016-01-27T17:29:56.000Z,
twitter,Pria pria tangguh,2016-01-27T13:53:46.000Z,
twitter,Komisi P/KB Sinode GMIM Matangkan Program Pelayanan 2016: Komisi Pria Kaum Bapa (P/KB) Sinode GMIM mematangkan... http://bit.ly/1Psv2gA,2016-01-24T15:43:33.000Z,
twitter,Komisi P/KB Sinode GMIM Matangkan Program Pelayanan 2016: Komisi Pria Kaum Bapa (P/KB) Sinode GMIM mematangkan... http://bit.ly/1WH6uzL,2016-01-24T15:43:22.000Z,
twitter,Komisi P/KB Sinode GMIM Matangkan Program Pelayanan 2016: Komisi Pria Kaum Bapa (P/KB… http://goo.gl/fb/QDVPKy,2016-01-24T15:37:10.000Z,
twitter,Batik Waskito Long Sleeve Silk Shirt KB 69038 Red Kemeja Batik Pria | http://Blibli.com https://blibli.com/batik-waskito-long-sleeve-silk-shirt-kb-69038-red-kemeja-batik-pria-1271071.html…,2016-01-24T13:40:42.000Z,
twitter,Batik Waskito Long Sleeve Silk Shirt KB 69038 Red Kemeja Batik Pria | http://Blibli.com https://blibli.com/batik-waskito-long-sleeve-silk-shirt-kb-69038-red-kemeja-batik-pria-1271071.html…,2016-01-24T13:17:26.000Z,
twitter,"Tantangan Pasti Ada, Tapi Komitmen Masyarakat Karanganyar untuk KB pun Tinggi http://dlvr.it/JbthLc",2016-01-24T10:16:38.000Z,
twitter,Batik Waskito Long Sleeve Silk Shirt KB 69038 Red Kemeja Batik Pria | http://Blibli.com https://blibli.com/batik-waskito-long-sleeve-silk-shirt-kb-69038-red-kemeja-batik-pria-1271071.html…,2016-01-24T09:48:25.000Z,
twitter,"Ada Insentif Bagi Pria-pria di Karanganyar yang Jalani Vasektomi: Di tingkat nasional, prestasi Karanganyar terkait penggunaan KB jan...",2016-01-24T03:47:20.000Z,
twitter,"Ada Insentif Bagi Pria-pria di Karanganyar yang Jalani Vasektomi: Di tingkat nasional, prestasi Karanganyar terkait penggunaan KB jan...",2016-01-24T03:40:44.000Z,
twitter,"Lho Udah Tabrak Ibu-ibu sampai Berdarah, Pria Cina Ini Marah-marah dan Telepon Polisi Bekingannya http://fb.me/80pxVUQXB",2016-01-24T02:59:21.000Z,
twitter,Batik Waskito Long Sleeve Silk Shirt KB 69038 Red Kemeja Batik Pria | http://Blibli.com https://blibli.com/batik-waskito-long-sleeve-silk-shirt-kb-69038-red-kemeja-batik-pria-1271071.html…,2016-01-23T22:57:42.000Z,
twitter,Batik Waskito Long Sleeve Silk Shirt KB 69038 Red Kemeja Batik Pria | http://Blibli.com https://blibli.com/batik-waskito-long-sleeve-silk-shirt-kb-69038-red-kemeja-batik-pria-1271071.html…,2016-01-23T22:37:08.000Z,
twitter,Batik Waskito Long Sleeve Silk Shirt KB 69038 Red Kemeja Batik Pria | http://Blibli.com https://blibli.com/batik-waskito-long-sleeve-silk-shirt-kb-69038-red-kemeja-batik-pria-1271071.html…,2016-01-23T12:25:28.000Z,
twitter,#SimakSehat Kunci Utama Keberhasilan KB di Karanganyar Ada di Sini http://bit.ly/1lEooFX,2016-01-23T08:01:00.000Z,
twitter,Kunci Utama Keberhasilan KB di Karanganyar Ada di Sini http://dlvr.it/DMBvgj,2016-01-23T07:40:04.000Z,
twitter,Batik Waskito Long Sleeve Silk Shirt KB 69038 Red Kemeja Batik Pria | http://Blibli.com https://blibli.com/batik-waskito-long-sleeve-silk-shirt-kb-69038-red-kemeja-batik-pria-1271071.html…,2016-01-23T07:16:35.000Z,
twitter,"#SimakSehat Sukses Gelorakan KB, Karanganyar Jadi Tujuan Studi Banding http://bit.ly/1TevT47",2016-01-23T02:51:12.000Z,
twitter,"Sukses Gelorakan KB, Karanganyar Jadi Tujuan Studi Banding http://dlvr.it/DM7P22",2016-01-23T02:48:06.000Z,
twitter,"Sukses Gelorakan KB, Karanganyar Jadi Tujuan Studi Banding http://dlvr.it/DM7P22",2016-01-23T02:48:06.000Z,
twitter,Nike KB Mentality 704942-200 Sepatu Basket Pria | http://Blibli.com https://blibli.com/nike-kb-mentality-704942-200-sepatu-basket-pria-606766.html…,2016-01-22T09:18:24.000Z,
twitter,Batik Waskito Long Sleeve Silk Shirt KB 69038 Red Kemeja Batik Pria | http://Blibli.com https://blibli.com/batik-waskito-long-sleeve-silk-shirt-kb-69038-red-kemeja-batik-pria-1271071.html…,2016-01-22T05:02:13.000Z,
twitter,Batik Waskito Long Sleeve Silk Shirt KB 10480 Red Kemeja Batik Pria | http://Blibli.com https://blibli.com/batik-waskito-long-sleeve-silk-shirt-kb-10480-red-kemeja-batik-pria-1271281.html…,2016-01-22T04:28:51.000Z,
twitter,Batik Waskito Long Sleeve Silk Shirt KB 69038 Red Kemeja Batik Pria | http://Blibli.com https://blibli.com/batik-waskito-long-sleeve-silk-shirt-kb-69038-red-kemeja-batik-pria-1271071.html…,2016-01-22T04:06:52.000Z,
twitter,"Wow, 97 Pria Kompak Ikut KB Vasektomi https://lnkd.in/bqPfpQq",2016-01-21T23:11:53.000Z,
twitter,Batik Waskito Long Sleeve Silk Shirt KB 69038 Red Kemeja Batik Pria | http://Blibli.com https://blibli.com/batik-waskito-long-sleeve-silk-shirt-kb-69038-red-kemeja-batik-pria-1271071.html…,2016-01-21T07:13:53.000Z,
twitter,Batik Waskito Long Sleeve Silk Shirt KB 10480 Red Kemeja Batik Pria | http://Blibli.com https://blibli.com/batik-waskito-long-sleeve-silk-shirt-kb-10480-red-kemeja-batik-pria-1271281.html…,2016-01-21T06:54:34.000Z,
twitter,Batik Waskito Long Sleeve Silk Shirt KB 69038 Red Kemeja Batik Pria | http://Blibli.com https://blibli.com/batik-waskito-long-sleeve-silk-shirt-kb-69038-red-kemeja-batik-pria-1271071.html…,2016-01-21T06:30:30.000Z,
twitter,Batik Waskito Long Sleeve Silk Shirt KB 69038 Red Kemeja Batik Pria | http://Blibli.com https://blibli.com/batik-waskito-long-sleeve-silk-shirt-kb-69038-red-kemeja-batik-pria-1271071.html…,2016-01-20T15:26:10.000Z,
twitter,Batik Waskito Long Sleeve Silk Shirt KB 69038 Red Kemeja Batik Pria | http://Blibli.com https://blibli.com/batik-waskito-long-sleeve-silk-shirt-kb-69038-red-kemeja-batik-pria-1271071.html…,2016-01-20T02:07:12.000Z,
twitter,"Wow, 97 Pria Kompak Ikut KB Vasektomi | Pulau Sumbawa News http://bit.ly/1RR5U3y",2016-01-19T14:15:20.000Z,
twitter,Batik Waskito Long Sleeve Silk Shirt KB 10480 Red Kemeja Batik Pria | http://Blibli.com https://blibli.com/batik-waskito-long-sleeve-silk-shirt-kb-10480-red-kemeja-batik-pria-1271281.html…,2016-01-19T06:33:08.000Z,
twitter,Batik Waskito Long Sleeve Silk Shirt KB 69038 Red Kemeja Batik Pria | http://Blibli.com https://blibli.com/batik-waskito-long-sleeve-silk-shirt-kb-69038-red-kemeja-batik-pria-1271071.html…,2016-01-19T04:03:31.000Z,
twitter,Wanita yg mengonsumsi pil KB menjadi lebih tertarik dgn pria yg berwajah feminin dibandingkan pria yg berwajah maskulin. [huffingtonpost],2016-01-16T03:57:13.000Z,
twitter,"Minum Pil KB Setelah Bercinta, Apakah Berpeluang Hamil? http://dlvr.it/DHDlr1",2016-01-15T10:13:36.000Z,
twitter,Studi: Pil KB Tak Berkaitan dengan Risiko Bayi Lahir Cacat http://dlvr.it/DGngF8,2016-01-14T12:45:04.000Z,
twitter,Pakai KB Spiral atau Pil KB Bikin Badan Tambah Melar? Ini Kata Dokter http://dlvr.it/DFBgRf,2016-01-11T11:24:35.000Z,
twitter,"#SimakSehat KB Spiral Bisa Saja Ubah Pola Haid, Tapi Tidak dalam Jangka Panjang http://bit.ly/1RFvN4j",2016-01-11T10:40:56.000Z,
twitter,"KB Spiral Bisa Saja Ubah Pola Haid, Tapi Tidak dalam Jangka Panjang http://dlvr.it/DF94Mb",2016-01-11T10:23:05.000Z,
twitter,Wanita Seperti Ini Tak Dianjurkan Pakai KB Spiral http://dlvr.it/DF6yWp,2016-01-11T08:52:09.000Z,
twitter,"KB Spiral Berlapis Tembaga dan Hormonal, Mana yang Lebih Dianjurkan? http://dlvr.it/DF4zLR",2016-01-11T07:19:37.000Z,
twitter,Begini Cara Kerja KB Spiral Mencegah Terjadinya Kehamilan http://dlvr.it/DF3s62,2016-01-11T05:50:11.000Z,
twitter,Batik Waskito Long Sleeve Silk Shirt KB 10480 Black Kemeja Batik Pria | http://Blibli.com https://blibli.com/batik-waskito-long-sleeve-silk-shirt-kb-10480-black-kemeja-batik-pria-1271311.html…,2016-01-10T18:10:32.000Z,
twitter,Batik Waskito Long Sleeve Silk Shirt KB 10476 Black Kemeja Batik Pria | http://Blibli.com https://blibli.com/batik-waskito-long-sleeve-silk-shirt-kb-10476-black-kemeja-batik-pria-1281241.html…,2016-01-09T22:53:32.000Z,
twitter,Batik Waskito Long Sleeve Silk Shirt KB 10476 Black Kemeja Batik Pria | http://Blibli.com https://blibli.com/batik-waskito-long-sleeve-silk-shirt-kb-10476-black-kemeja-batik-pria-1281241.html…,2016-01-09T22:53:32.000Z,
twitter,"Tahukah Couples, tidak hanya wanita yang harus ber-KB tapi pria pun juga harus mulai berpatisipasi dalam KB!... http://fb.me/4V58r7GM6",2016-01-09T10:40:02.000Z,
twitter,Ini yang Perlu Diperhatikan Jika Pasutri Hendak Terapkan KB Sistem Kalender http://dlvr.it/DDHgJs,2016-01-09T08:34:34.000Z,
twitter,Batik Waskito Long Sleeve Silk Shirt KB 10480 Black Kemeja Batik Pria | http://Blibli.com https://blibli.com/batik-waskito-long-sleeve-silk-shirt-kb-10480-black-kemeja-batik-pria-1271311.html…,2016-01-09T00:34:15.000Z,
twitter,Kodim 0709/Kebumen Bersama Dinas BPPKB Kab. Kebumen Sepakat Bentuk Kampung KB http://bit.ly/1VPdnyA,2016-01-08T09:09:24.000Z,
twitter,Batik Waskito Long Sleeve Silk Shirt KB 10480 Blue Kemeja Batik Pria | http://Blibli.com https://blibli.com/batik-waskito-long-sleeve-silk-shirt-kb-10480-blue-kemeja-batik-pria-1281121.html…,2016-01-07T20:04:18.000Z,
twitter,Batik Waskito Long Sleeve Silk Shirt KB 10480 Black Kemeja Batik Pria | http://Blibli.com https://blibli.com/batik-waskito-long-sleeve-silk-shirt-kb-10480-black-kemeja-batik-pria-1271311.html…,2016-01-07T07:37:01.000Z,
twitter,Batik Waskito Long Sleeve Silk Shirt KB 10480 Black Kemeja Batik Pria | http://Blibli.com https://blibli.com/batik-waskito-long-sleeve-silk-shirt-kb-10480-black-kemeja-batik-pria-1271311.html…,2016-01-06T05:02:34.000Z,
twitter,KB pria mah tinggal potong aja /?,2016-01-04T13:25:05.000Z,
twitter,"mingyu mo ngajar kontrasepsi oral? 
Nanti prof bahas KB pria ya",2016-01-04T13:24:09.000Z,
twitter,Batik Waskito Long Sleeve Silk Shirt KB 10480 Black Kemeja Batik Pria | http://Blibli.com https://blibli.com/batik-waskito-long-sleeve-silk-shirt-kb-10480-black-kemeja-batik-pria-1271311.html…,2016-01-03T18:48:34.000Z,
twitter,Batik Waskito Long Sleeve Silk Shirt KB 10480 Black Kemeja Batik Pria | http://Blibli.com https://blibli.com/batik-waskito-long-sleeve-silk-shirt-kb-10480-black-kemeja-batik-pria-1271311.html…,2016-01-02T19:35:19.000Z,
twitter,Batik Waskito Long Sleeve Silk Shirt KB 10480 Black Kemeja Batik Pria | http://Blibli.com https://blibli.com/batik-waskito-long-sleeve-silk-shirt-kb-10480-black-kemeja-batik-pria-1271311.html…,2016-01-01T17:56:58.000Z,
twitter,Batik Waskito Long Sleeve Silk Shirt KB 10480 Black Kemeja Batik Pria | http://Blibli.com https://blibli.com/batik-waskito-long-sleeve-silk-shirt-kb-10480-black-kemeja-batik-pria-1271311.html…,2016-01-01T05:41:16.000Z,
twitter,Nike KB Mentality 704942-101 White Purple Sepatu Basket Pria | http://Blibli.com https://blibli.com/nike-kb-mentality-704942-101-white-purple-sepatu-basket-pria-500032.html…,2016-01-01T03:56:25.000Z,
twitter,Pengaruh KB Suntik Terhadap Gairah Seks Wanita http://dlvr.it/D8MzLh,2015-12-31T11:42:06.000Z,
twitter,Batik Waskito Long Sleeve Silk Shirt KB 10480 Black Kemeja Batik Pria | http://Blibli.com https://blibli.com/batik-waskito-long-sleeve-silk-shirt-kb-10480-black-kemeja-batik-pria-1271311.html…,2015-12-30T14:58:15.000Z,
twitter,Nike KB Mentality 704942-101 White Purple Sepatu Basket Pria | http://Blibli.com https://blibli.com/nike-kb-mentality-704942-101-white-purple-sepatu-basket-pria-500032.html…,2015-12-29T15:18:48.000Z,
twitter,Batik Waskito Long Sleeve Silk Shirt KB 10480 Black Kemeja Batik Pria | http://Blibli.com https://blibli.com/batik-waskito-long-sleeve-silk-shirt-kb-10480-black-kemeja-batik-pria-1271311.html…,2015-12-28T02:06:13.000Z,
twitter,Nike KB Mentality 704942-101 White Purple Sepatu Basket Pria | http://Blibli.com https://blibli.com/nike-kb-mentality-704942-101-white-purple-sepatu-basket-pria-500032.html…,2015-12-27T22:04:43.000Z,
twitter,Batik Waskito Long Sleeve Silk Shirt KB 10480 Black Kemeja Batik Pria | http://Blibli.com https://blibli.com/batik-waskito-long-sleeve-silk-shirt-kb-10480-black-kemeja-batik-pria-1271311.html…,2015-12-27T03:01:03.000Z,
twitter,"@inilahdotcom
 Mensos Ingatkan Peran Pria dalam Program KB: Mensos Ingatkan Peran Pria dalam ... http://bit.ly/1YJ0Hco #terpopuler #news",2015-12-27T02:18:29.000Z,
twitter,"@inilahdotcom
 Mensos Ingatkan Peran Pria dalam Program KB: Mensos Ingatkan Peran Pria dalam ... http://bit.ly/1YJ0Hco #terpopuler #news",2015-12-27T02:18:28.000Z,
twitter,"@inilahdotcom
 Mensos Ingatkan Peran Pria dalam Program KB: Mensos Ingatkan Peran Pria dalam ... http://bit.ly/1YJ0Hco #terpopuler #news",2015-12-27T02:18:27.000Z,
twitter,"@inilahdotcom
 Mensos Ingatkan Peran Pria dalam Program KB: Mensos Ingatkan Peran Pria dalam ... http://bit.ly/1YJ0Hco #terpopuler #news",2015-12-27T02:18:27.000Z,
twitter,Mensos Ingatkan Peran Pria dalam Program KB http://bit.ly/1YJ0Hco,2015-12-27T02:18:09.000Z,
twitter,Mensos Ingatkan Peran Pria dalam Program KB http://bit.ly/1YJ0Hco,2015-12-27T02:18:08.000Z,
twitter,Mensos Ingatkan Peran Pria dalam Program KB http://bit.ly/1YJ0HsZ,2015-12-27T02:18:05.000Z,
twitter,Mensos Ingatkan Peran Pria dalam Program KB http://bit.ly/1YF5Qrr,2015-12-27T02:18:03.000Z,
twitter,Mensos Ingatkan Peran Pria dalam Program KB http://goo.gl/fb/rL0aPw,2015-12-27T01:53:59.000Z,
twitter,#OpenFollow Mensos Ingatkan Peran Pria dalam Program KB http://bit.ly/1YJ0Hco #TeamFollowBack,2015-12-27T01:46:51.000Z,
twitter,#OpenFollow Mensos Ingatkan Peran Pria dalam Program KB http://bit.ly/1YJ0Hco #TeamFollowBack,2015-12-27T01:46:49.000Z,
twitter,#Mensos Ingatkan Peran #Pria dalam Program KB http://nasional.inilah.com/read/detail/2262723/mensos-ingatkan-peran-pria-dalam-program-kb… @BKKBN_Pusat,2015-12-27T01:40:37.000Z,
twitter,"@inilahdotcom
 Mensos Ingatkan Peran Pria dalam Program KB: Mensos Ingatkan Peran Pria dalam ... http://bit.ly/1YJ0Hco #terpopuler #news",2015-12-27T01:20:29.000Z,
twitter,Mensos Ingatkan Peran Pria dalam Program KB http://bit.ly/1YJ0Hco,2015-12-27T01:20:10.000Z,
twitter,"@info
: Mensos Ingatkan Peran Pria dalam Program KB  -",2015-12-27T01:19:52.000Z,
twitter,Mensos Ingatkan Peran Pria dalam Program KB http://dlvr.it/D6QlhN,2015-12-27T00:58:03.000Z,
twitter,Nike KB Mentality 704942-101 White Purple Sepatu Basket Pria | http://Blibli.com https://blibli.com/nike-kb-mentality-704942-101-white-purple-sepatu-basket-pria-500032.html…,2015-12-26T00:47:23.000Z,
twitter,Nike KB Mentality 704942-101 White Purple Sepatu Basket Pria | http://Blibli.com https://blibli.com/nike-kb-mentality-704942-101-white-purple-sepatu-basket-pria-500032.html…,2015-12-26T00:23:42.000Z,
twitter,Batik Waskito Long Sleeve Silk Shirt KB 10480 Black Kemeja Batik Pria | http://Blibli.com https://blibli.com/batik-waskito-long-sleeve-silk-shirt-kb-10480-black-kemeja-batik-pria-1271311.html…,2015-12-25T23:13:24.000Z,
twitter,Batik Waskito Long Sleeve Silk Shirt KB 10480 Black Kemeja Batik Pria | http://Blibli.com https://blibli.com/batik-waskito-long-sleeve-silk-shirt-kb-10480-black-kemeja-batik-pria-1271311.html…,2015-12-24T17:57:53.000Z,
twitter,Target KB Pria Tak Terpenuhi http://ift.tt/1NIzRft #berita #jualbelipwt,2015-12-22T05:01:52.000Z,
twitter,#Mensos Ingatkan Peran #Pria dalam Program KB http://nasional.inilah.com/read/detail/2262723/mensos-ingatkan-peran-pria-dalam-program-kb… @BKKBN_Pusat,2015-12-27T01:40:37.000Z,
twitter,"@inilahdotcom
 Mensos Ingatkan Peran Pria dalam Program KB: Mensos Ingatkan Peran Pria dalam ... http://bit.ly/1YJ0Hco #terpopuler #news",2015-12-27T01:20:29.000Z,
twitter,Mensos Ingatkan Peran Pria dalam Program KB http://bit.ly/1YJ0Hco,2015-12-27T01:20:10.000Z,
twitter,"@info
: Mensos Ingatkan Peran Pria dalam Program KB  -",2015-12-27T01:19:52.000Z,
twitter,Mensos Ingatkan Peran Pria dalam Program KB http://dlvr.it/D6QlhN,2015-12-27T00:58:03.000Z,
twitter,Nike KB Mentality 704942-101 White Purple Sepatu Basket Pria | http://Blibli.com https://blibli.com/nike-kb-mentality-704942-101-white-purple-sepatu-basket-pria-500032.html…,2015-12-26T00:47:23.000Z,
twitter,Nike KB Mentality 704942-101 White Purple Sepatu Basket Pria | http://Blibli.com https://blibli.com/nike-kb-mentality-704942-101-white-purple-sepatu-basket-pria-500032.html…,2015-12-26T00:23:42.000Z,
twitter,Batik Waskito Long Sleeve Silk Shirt KB 10480 Black Kemeja Batik Pria | http://Blibli.com https://blibli.com/batik-waskito-long-sleeve-silk-shirt-kb-10480-black-kemeja-batik-pria-1271311.html…,2015-12-25T23:13:24.000Z,
twitter,Batik Waskito Long Sleeve Silk Shirt KB 10480 Black Kemeja Batik Pria | http://Blibli.com https://blibli.com/batik-waskito-long-sleeve-silk-shirt-kb-10480-black-kemeja-batik-pria-1271311.html…,2015-12-24T17:57:53.000Z,
twitter,Target KB Pria Tak Terpenuhi http://ift.tt/1NIzRft #berita #jualbelipwt,2015-12-22T05:01:52.000Z,
twitter,Target KB Pria Tak Terpenuhi http://fb.me/6ZzB3Vkb6,2015-12-22T04:55:08.000Z,
twitter,Target KB Pria Tak Terpenuhi http://fb.me/72QKNcZyY,2015-12-22T04:55:02.000Z,
twitter,"Inilah Alat Kontrasepsi Pria Paling Ampuh: Selama ini program KB identik dengan wanita. Padahal, pria juga bis... http://bit.ly/1UV1TsW",2015-12-21T09:18:59.000Z,
twitter,"Inilah Alat Kontrasepsi Pria Paling Ampuh: Selama ini program KB identik dengan wanita. Padahal, pria juga bis... http://bit.ly/1UV1TsW",2015-12-21T09:18:53.000Z,
twitter,"Inilah Alat Kontrasepsi Pria Paling Ampuh: Selama ini program KB identik dengan wanita. Padahal, pria juga bis... http://bit.ly/1UV1TsW",2015-12-21T09:18:38.000Z,
twitter,"Inilah Alat Kontrasepsi Pria Paling Ampuh: Selama ini program KB identik dengan wanita. Padahal, pria juga bis... http://bit.ly/1S42nxe",2015-12-21T09:18:12.000Z,
twitter,"Inilah Alat Kontrasepsi Pria Paling Ampuh: Selama ini program KB identik dengan wanita. Padahal, pria juga bis... http://bit.ly/1UV20EO",2015-12-21T09:18:01.000Z,
twitter,"Inilah Alat Kontrasepsi Pria Paling Ampuh: Selama ini program KB identik dengan wanita. Padahal, pria juga bisa menggantikan peran wa...",2015-12-21T09:17:57.000Z,
twitter,#jkt48squadrafans Inilah Alat Kontrasepsi Pria Paling Ampuh: Selama ini program KB identik deng... http://bit.ly/1S42nxe #LifestyleNews,2015-12-21T09:17:33.000Z,
twitter,#InfoAlamanda Inilah Alat Kontrasepsi Pria Paling Ampuh: Selama ini program KB identik dengan wani... http://bit.ly/1S42nxe #TiketMurah,2015-12-21T09:17:28.000Z,
twitter,"Inilah Alat Kontrasepsi Pria Paling Ampuh: Selama ini program KB identik dengan wanita. Padahal, pria juga bis... http://bit.ly/1UV1TsW",2015-12-21T09:17:05.000Z,
twitter,"Inilah Alat Kontrasepsi Pria Paling Ampuh: Selama ini program KB identik dengan wanita. Padahal, pria juga bis... http://bit.ly/1UV1VB3",2015-12-21T09:16:57.000Z,
twitter,Penyerahan Piala KB Kes TNI dan Motor Dinas Babinsa Kodim 0732/Sleman http://bit.ly/1UUYYR2,2015-12-21T09:03:35.000Z,
twitter,@salmonfix Don't think I'm going down kb and seria soon either :<,2015-12-21T06:40:47.000Z,
twitter,#jkt48squadrafans Inilah Alat Kontrasepsi Pria Paling Ampuh: Selama ini program KB identik deng... http://bit.ly/1S42nxe #LifestyleNews,2015-12-21T09:17:33.000Z,
twitter,#InfoAlamanda Inilah Alat Kontrasepsi Pria Paling Ampuh: Selama ini program KB identik dengan wani... http://bit.ly/1S42nxe #TiketMurah,2015-12-21T09:17:28.000Z,
twitter,"Inilah Alat Kontrasepsi Pria Paling Ampuh: Selama ini program KB identik dengan wanita. Padahal, pria juga bis... http://bit.ly/1UV1TsW",2015-12-21T09:17:05.000Z,
twitter,"Inilah Alat Kontrasepsi Pria Paling Ampuh: Selama ini program KB identik dengan wanita. Padahal, pria juga bis... http://bit.ly/1UV1VB3",2015-12-21T09:16:57.000Z,
twitter,Penyerahan Piala KB Kes TNI dan Motor Dinas Babinsa Kodim 0732/Sleman http://bit.ly/1UUYYR2,2015-12-21T09:03:35.000Z,
twitter,@salmonfix Don't think I'm going down kb and seria soon either :<,2015-12-21T06:40:47.000Z,
twitter,"Menunda Kehamilan Melalui KB Pria
read more: https://goo.gl/9ZLdvX
#onclinic #konsultasi #kesehatan #seksual",2015-12-20T13:15:02.000Z,
twitter,Tidak ada godaan yg kutinggalkan yg lebih dahsyat bagi para pria selain dari godaan para wanita.(HR. Bukhari),2015-12-20T01:38:31.000Z,
twitter,Nike KB Mentality 704942-101 White Purple Sepatu Basket Pria | http://Blibli.com https://blibli.com/nike-kb-mentality-704942-101-white-purple-sepatu-basket-pria-500032.html…,2015-12-19T14:12:44.000Z,
twitter,Espero q qnd eu for pra pria esteja com esse sol ,2015-12-18T18:53:45.000Z,
twitter,Nike KB Mentality 704942-101 White Purple Sepatu Basket Pria | http://Blibli.com https://blibli.com/nike-kb-mentality-704942-101-white-purple-sepatu-basket-pria-500032.html…,2015-12-16T21:06:33.000Z,
twitter,Nike KB Mentality 704942-101 White Purple Sepatu Basket Pria | http://Blibli.com https://blibli.com/nike-kb-mentality-704942-101-white-purple-sepatu-basket-pria-500032.html…,2015-12-16T18:09:17.000Z,
twitter,Nike KB Mentality 704942-101 White Purple Sepatu Basket Pria | http://Blibli.com https://blibli.com/nike-kb-mentality-704942-101-white-purple-sepatu-basket-pria-500032.html…,2015-12-14T21:33:32.000Z,
twitter,Nike KB Mentality 704942-200 Sepatu Basket Pria (10.0) | http://Blibli.com https://blibli.com/nike-kb-mentality-704942-200-sepatu-basket-pria-10-0-606766.html…,2015-12-14T21:22:16.000Z,
twitter,Pdt Sumakul: Panji Yosua Wajib Didukung Warga GMIM!: Kehadiran Panji Yosua Pria Kaum Bapa (P/KB) GMIM harus di... http://bit.ly/1Uon8D6,2015-12-14T13:16:43.000Z,
twitter,"Ajak Pria Ber-KB, Tangsel Bentuk Kelompok KB Pria http://indolinear.com/ajak-pria-ber-kb-tangsel-bentuk-kelompok-kb-pria.html…",2015-12-14T03:36:01.000Z,
twitter,Nike KB Mentality 704942-101 White Purple Sepatu Basket Pria | http://Blibli.com https://blibli.com/nike-kb-mentality-704942-101-white-purple-sepatu-basket-pria-500032.html…,2015-12-13T08:17:44.000Z,
twitter,Wanita yg mengonsumsi pil KB menjadi lebih tertarik dgn pria yg berwajah feminin dibandingkan pria yg berwajah maskulin. [huffingtonpost],2015-12-10T15:38:07.000Z,
twitter,"Pria Juga Punya Kontribusi Sukseskan Program KB: “Maka dari itu, melalui rakor ini, selain meningkatkan kapasi... http://bit.ly/1U2deab",2015-12-09T09:54:29.000Z,
twitter,Pria Juga Punya Kontribusi Sukseskan Program KB http://bc.vc/dpkAts,2015-12-09T09:54:26.000Z,
twitter,Pria Juga Punya Kontribusi Sukseskan Program KB http://bit.ly/1U2dsya,2015-12-09T09:54:14.000Z,
twitter,Pria Juga Punya Kontribusi Sukseskan Program KB http://bit.ly/1U2dsya,2015-12-09T09:54:13.000Z,
twitter,"Pria Juga Punya Kontribusi Sukseskan Program KB: “Maka dari itu, melalui rakor ini, selain meningkatkan kapasi... http://bit.ly/1U2deab",2015-12-09T09:52:55.000Z,
twitter,"Pria Juga Punya Kontribusi Sukseskan Program KB: “Maka dari itu, melalui rakor ini, selain menin... http://bit.ly/1U2drtT #BatikBontang",2015-12-09T09:52:47.000Z,
twitter,"Pria Juga Punya Kontribusi Sukseskan Program KB: “Maka dari itu, melalui rakor ini, selain meningkatkan kapasi... http://bit.ly/1U2deab",2015-12-09T09:54:29.000Z,
twitter,Pria Juga Punya Kontribusi Sukseskan Program KB http://bc.vc/dpkAts,2015-12-09T09:54:26.000Z,
twitter,Pria Juga Punya Kontribusi Sukseskan Program KB http://bit.ly/1U2dsya,2015-12-09T09:54:14.000Z,
twitter,Pria Juga Punya Kontribusi Sukseskan Program KB http://bit.ly/1U2dsya,2015-12-09T09:54:13.000Z,
twitter,"Pria Juga Punya Kontribusi Sukseskan Program KB: “Maka dari itu, melalui rakor ini, selain meningkatkan kapasi... http://bit.ly/1U2deab",2015-12-09T09:52:55.000Z,
twitter,"Pria Juga Punya Kontribusi Sukseskan Program KB: “Maka dari itu, melalui rakor ini, selain menin... http://bit.ly/1U2drtT #BatikBontang",2015-12-09T09:52:47.000Z,
twitter,"Pria Juga Punya Kontribusi Sukseskan Program KB: “Maka dari itu, melalui rakor ini, selain menin... http://bit.ly/1U2drtT #BatikBontang",2015-12-09T09:52:44.000Z,
twitter,"Pria Juga Punya Kontribusi Sukseskan Program KB: “Maka dari itu, melalui rakor ini, selain menin... http://bit.ly/1U2drtT #BatikBontang",2015-12-09T09:52:42.000Z,
twitter,"Pria Juga Punya Kontribusi Sukseskan Program KB: “Maka dari itu, melalui rakor ini, selain meningkatkan kapasi... http://bit.ly/1U2do1o",2015-12-09T09:52:35.000Z,
twitter,"Pria Juga Punya Kontribusi Sukseskan Program KB: “Maka dari itu, melalui rakor ini, selain meningkatkan kapasi... http://bit.ly/1U2deab",2015-12-09T09:52:23.000Z,
twitter,"Pria Juga Punya Kontribusi Sukseskan Program KB: “Maka dari itu, melalui rakor ini, selain meningkatkan kapasi... http://bit.ly/1U2deab",2015-12-09T09:52:15.000Z,
twitter,Pria Juga Punya Kontribusi Sukseskan Program KB http://bit.ly/1U2deab,2015-12-09T09:52:08.000Z,
twitter,Pria Juga Punya Kontribusi Sukseskan Program KB http://bit.ly/1U2deab #HalloKaltim,2015-12-09T09:51:57.000Z,
twitter,"Pria Juga Punya Kontribusi Sukseskan Program KB: “Maka dari itu, melalui rakor ini, selain meningkatkan kapasi... http://bit.ly/1U2deab",2015-12-09T09:51:49.000Z,
twitter,Pria Juga Punya Kontribusi Sukseskan Program KB http://ift.tt/1XVgslB,2015-12-09T09:38:55.000Z,
twitter,Pria Juga Punya Kontribusi Sukseskan Program KB http://dlvr.it/CyR2vT,2015-12-09T09:37:09.000Z,
twitter,"RT 
@HandmadeStation
: Sepatu Boots Pria Kickers ( KB-010 ) via 
@bukalapak
 http://bukalapak.com/p/fashion/pria… 
@bukalapakBDG
… http://dlvr.it/Cxs8j4",2015-12-08T05:29:36.000Z,
twitter,"Sepatu Boots Pria Kickers ( KB-010 ) via 
@bukalapak
 http://bukalapak.com/p/fashion/pria… 
@bukalapakBDG
 @info_reseller
… http://dlvr.it/Cxs9sj",2015-12-08T05:29:35.000Z,
twitter,"Sepatu Boots Pria Kickers ( KB-010 ) via 
@bukalapak
 https://bukalapak.com/p/fashion/pria/sepatu-169/700p4-jual-sepatu-boots-pria-kickers-kb-010?utm_source=apps… 
@bukalapakBDG
 @info_reseller
 @FJB_sumsel",2015-12-08T05:02:00.000Z,
twitter,Wanita yg mengonsumsi pil KB menjadi lebih tertarik dgn pria yg berwajah feminin dibandingkan pria yg berwajah maskulin.,2015-12-07T13:27:40.000Z,
twitter,"Wanita yg mengonsumsi pil KB menjadi lebih tertarik dgn pria yg berwajah feminin dibandingkan pria yg berwajah maskulin.
#iDEA_ID",2015-12-07T00:35:37.000Z,
twitter,Wanita yg mengonsumsi pil KB menjadi lebih tertarik dgn pria yg berwajah feminin dibandingkan pria yg berwajah maskulin. [huffingtonpost],2015-12-05T04:27:04.000Z,
twitter,Nike KB Mentality 704942-200 Sepatu Basket Pria (10.0) | http://Blibli.com https://blibli.com/nike-kb-mentality-704942-200-sepatu-basket-pria-10-0-606766.html…,2015-12-05T03:07:13.000Z,
twitter,"RT 
@HandmadeStation
: Sepatu Boots Pria Kickers ( KB-010 ) via 
@bukalapak
 http://bukalapak.com/p/fashion/pria… 
@bukalapakBDG
… http://dlvr.it/Cxs8j4",2015-12-08T05:29:36.000Z,
twitter,"Sepatu Boots Pria Kickers ( KB-010 ) via 
@bukalapak
 http://bukalapak.com/p/fashion/pria… 
@bukalapakBDG
 @info_reseller
… http://dlvr.it/Cxs9sj",2015-12-08T05:29:35.000Z,
twitter,"Sepatu Boots Pria Kickers ( KB-010 ) via 
@bukalapak
 https://bukalapak.com/p/fashion/pria/sepatu-169/700p4-jual-sepatu-boots-pria-kickers-kb-010?utm_source=apps… 
@bukalapakBDG
 @info_reseller
 @FJB_sumsel",2015-12-08T05:02:00.000Z,
twitter,Wanita yg mengonsumsi pil KB menjadi lebih tertarik dgn pria yg berwajah feminin dibandingkan pria yg berwajah maskulin.,2015-12-07T13:27:40.000Z,
twitter,"Wanita yg mengonsumsi pil KB menjadi lebih tertarik dgn pria yg berwajah feminin dibandingkan pria yg berwajah maskulin.
#iDEA_ID",2015-12-07T00:35:37.000Z,
twitter,Wanita yg mengonsumsi pil KB menjadi lebih tertarik dgn pria yg berwajah feminin dibandingkan pria yg berwajah maskulin. [huffingtonpost],2015-12-05T04:27:04.000Z,
twitter,Nike KB Mentality 704942-200 Sepatu Basket Pria (10.0) | http://Blibli.com https://blibli.com/nike-kb-mentality-704942-200-sepatu-basket-pria-10-0-606766.html…,2015-12-05T03:07:13.000Z,
twitter,#SimakSehat Sebagian Kasus Aborsi Berkaitan dengan Gagal KB http://bit.ly/1TIB6PS,2015-12-05T01:40:18.000Z,
twitter,Sebagian Kasus Aborsi Berkaitan dengan Gagal KB http://dlvr.it/CwVkJK,2015-12-05T01:11:36.000Z,
twitter,Alat bantu pria | Sebagian Kasus Aborsi Berkaitan dengan Gagal KB  http://dloope.com,2015-12-05T01:07:23.000Z,
twitter,#InfoSex Sebagian Kasus Aborsi Berkaitan dengan Gagal KB http://bit.ly/1TIAbiy,2015-12-05T01:07:20.000Z,
twitter,Sebagian Kasus Aborsi Berkaitan dengan Gagal KB http://bit.ly/1TIAbiy,2015-12-05T01:07:18.000Z,
twitter,"Hahahaha.. Ya iyalah, kalo ada pria hamil, apa kata dunia? :D""
@MetroTipi
: Walaupun Tak Pernah Memasang KB, Namun Pria Ini Tak Pernah Hamil.""",2015-12-04T13:16:31.000Z,
twitter,"""Hhhaa songong@MetroTipi: Walaupun Tak Pernah Memasang KB, Namun Pria Ini Tak Pernah Hamil.""",2015-12-04T13:08:14.000Z,
twitter,"RT MetroTipi: Walaupun Tak Pernah Memasang KB, Namun Pria Ini Tak Pernah Hamil.",2015-12-04T13:07:47.000Z,
twitter,Wanita yg mengonsumsi pil KB menjadi lebih tertarik dgn pria yg berwajah feminin dibandingkan pria yg berwajah maskulin. [huffingtonpost],2015-12-04T12:00:50.000Z,
twitter,Wanita yg mengonsumsi pil KB menjadi lebih tertarik dgn pria yg berwajah feminin dibandingkan pria yg berwajah maskulin. [huffingtonpost],2015-12-04T05:57:39.000Z,
twitter,Wanita yg mengonsumsi pil KB menjadi lebih tertarik dgn pria yg berwajah feminin dibandingkan pria yg berwajah maskulin. [huffingtonpost]..,2015-12-04T05:35:28.000Z,
twitter,Wanita yg mengonsumsi pil KB menjadi lebih tertarik dgn pria yg berwajah feminin dibandingkan pria yg berwajah… http://dlvr.it/Cw4tm3,2015-12-04T05:16:07.000Z,
twitter,Wanita yg mengonsumsi pil KB menjadi lebih tertarik dgn pria yg berwajah feminin dibandingkan pria yg berwajah maskulin. [huffingtonpost],2015-12-04T05:11:02.000Z,
twitter,"RT MetroTipi: Walaupun Tak Pernah Memasang KB, Namun Pria Ini Tak Pernah Hamil.",2015-12-04T13:07:47.000Z,
twitter,Wanita yg mengonsumsi pil KB menjadi lebih tertarik dgn pria yg berwajah feminin dibandingkan pria yg berwajah maskulin. [huffingtonpost],2015-12-04T12:00:50.000Z,
twitter,Wanita yg mengonsumsi pil KB menjadi lebih tertarik dgn pria yg berwajah feminin dibandingkan pria yg berwajah maskulin. [huffingtonpost],2015-12-04T05:57:39.000Z,
twitter,Wanita yg mengonsumsi pil KB menjadi lebih tertarik dgn pria yg berwajah feminin dibandingkan pria yg berwajah maskulin. [huffingtonpost]..,2015-12-04T05:35:28.000Z,
twitter,Wanita yg mengonsumsi pil KB menjadi lebih tertarik dgn pria yg berwajah feminin dibandingkan pria yg berwajah… http://dlvr.it/Cw4tm3,2015-12-04T05:16:07.000Z,
twitter,Wanita yg mengonsumsi pil KB menjadi lebih tertarik dgn pria yg berwajah feminin dibandingkan pria yg berwajah maskulin. [huffingtonpost],2015-12-04T05:11:02.000Z,
twitter,Wanita yg mengonsumsi pil KB menjadi lebih tertarik dgn pria yg berwajah feminin dibandingkan pria yg berwajah maskulin. [huffingtonpost],2015-12-04T05:10:38.000Z,
twitter,Wanita yg mengonsumsi pil KB menjadi lebih tertarik dgn pria yg berwajah feminin dibandingkan pria yg berwajah maskulin. [huffingtonpost],2015-12-04T04:40:34.000Z,
twitter,"Kisah dari Ismail Husein, motivator KB pria dari SulUt dan Mama Agu, Ibu pejuang hak rakyat kecil dari Papua.
http://mugniar.com/2015/12/pejuang-pejuang-kesejahteraan-yang-tak-kenal-lelah.html…",2015-12-03T11:20:08.000Z,
twitter,"Seharusnya pil KB itu diciptakan untuk pria. Logisnya, lebih baik mengosongkan peluru daripada menembakkannya ke rompi anti peluru.",2015-12-02T15:40:04.000Z,
twitter,#SimakSehat Ini Penjelasan Dokter Kenapa KB Spiral Kadang Bikin Haid Lebih Panjang http://bit.ly/1ID0MHr,2015-12-02T05:31:44.000Z,
twitter,Ini Penjelasan Dokter Kenapa KB Spiral Kadang Bikin Haid Lebih Panjang http://dlvr.it/Cv5zC7,2015-12-02T05:27:08.000Z,
twitter,Nike KB Mentality 704942-101 White Purple Sepatu Basket Pria | http://Blibli.com https://blibli.com/nike-kb-mentality-704942-101-white-purple-sepatu-basket-pria-500032.html…,2015-12-01T17:53:15.000Z,
twitter,Benarkah Pil KB Bisa Rusak Kecantikan? http://dlvr.it/Ct76J8,2015-11-30T06:31:32.000Z,
twitter,"Seharusnya pil KB itu diciptakan untuk pria. Logisnya, lebih baik mengosongkan peluru daripada menembakkannya ke rompi anti peluru,",2015-11-29T08:47:20.000Z,
twitter,"Seharusnya pil KB itu diciptakan untuk pria. Logisnya, lebih baik mengosongkan peluru daripada menembakkannya ke rompi anti peluru.",2015-11-29T08:04:01.000Z,
twitter,Penutupan kegiatan Bhakti Sosial TNI - KB Tahun 2015 http://bit.ly/1XkhlDU,2015-11-27T07:17:21.000Z,
twitter,"Konyol, Pria Booking PSK Online Malah dapat Istri Sendiri - Wartakota http://fb.me/3yaIYtLvC",2015-11-21T15:49:32.000Z,
twitter,"Konyol, Pria Booking PSK Online Malah dapat Istri Sendiri - Wartakota http://fb.me/3yaIYtLvC",2015-11-21T15:49:32.000Z,
twitter,Koramil Burneh Upayakan Sinergitas Program KB dan Kesehatan http://bit.ly/1SKowPb,2015-11-20T07:06:59.000Z,
twitter,"Sepatu Boots Pria Kickers ( KB-010 ) via 
@bukalapak
 https://bukalapak.com/p/fashion/pria/sepatu-169/700p4-jual-sepatu-boots-pria-kickers-kb-010?utm_source=apps… 
@bukalapakBDG
 @FJB__Palembang
 @AdsJualbeli",2015-11-18T10:10:45.000Z,
twitter,Koramil Motori Program KB dan Kesehatan di Modung Bangkalan http://bit.ly/2116nmf,2015-11-18T05:36:51.000Z,
twitter,"RT 
@FJB_sumsel
: RT 
@FJB_sumsel
: Sepatu Boots Pria Kickers ( KB 27-07 ) via 
@bukalapak
 http://bukalapak.com/p/fashion/pria…… http://dlvr.it/CmWNj4",2015-11-17T22:28:04.000Z,
twitter,"RT 
@FJB_sumsel
: Sepatu Boots Pria Kickers ( KB 27-07 ) via 
@bukalapak
 http://bukalapak.com/p/fashion/pria… 
@bukalapakBDG
… http://dlvr.it/CmScDh",2015-11-17T19:24:14.000Z,
twitter,"RT 
@FJB_sumsel
: RT 
@HandmadeStation
: Sepatu Boots Pria Kickers ( KB 27-07 ) via 
@bukalapak
 http://bukalapak.com/p/fashion/pria…… http://dlvr.it/CmSfz0",2015-11-17T19:24:13.000Z,
twitter,"RT 
@HandmadeStation
: Sepatu Boots Pria Kickers ( KB 27-07 ) via 
@bukalapak
 http://bukalapak.com/p/fashion/pria… 
@bukalapakBDG
… http://dlvr.it/CmPR3T",2015-11-17T16:20:06.000Z,
twitter,"Sepatu Boots Pria Kickers ( KB 27-07 ) via 
@bukalapak
 http://bukalapak.com/p/fashion/pria… 
@bukalapakBDG
 @FJB_sumsel
… http://dlvr.it/CmPNMB",2015-11-17T16:20:04.000Z,
twitter,"Sepatu Boots Pria Kickers ( KB 27-07 ) via 
@bukalapak
 https://bukalapak.com/p/fashion/pria/sepatu-169/jkcxu-jual-sepatu-boots-pria-kickers-kb-27-07?utm_source=apps… 
@bukalapakBDG
 @FJB_sumsel
 @info_reseller",2015-11-17T13:50:37.000Z,
twitter,Nike KB Mentality 704942-101 White Purple Sepatu Basket Pria | http://Blibli.com https://blibli.com/nike-kb-mentality-704942-101-white-purple-sepatu-basket-pria-500032.html…,2015-11-15T17:43:38.000Z,
twitter,#BeritaBTG Jumlah Pria yang Ikut Program KB Terus Meningkat: BATANG – Target penggunaan alat kontraseps... http://bit.ly/20URMJ4 #Radar,2015-11-15T15:18:32.000Z,
twitter,"Iklan Ayo KB Sepanjang Jalan, Tapi 150 Pria Banyuasin Tak Terlayani KB Fasektomi... http://fb.me/1WOHFf5ij",2015-11-14T04:10:33.000Z,
twitter,"Bentuk revolusi mental :  program KB seharusnya diarahkan u/ meningkatkan partisipasi pria yg blm beranjak dr 2% #WorldVasDay2015 
@jokowi",2015-11-13T02:10:42.000Z,
twitter,"Kontrasepsi Pria Turunkan Angka Kematian Ibu: 
                    
Meskipun program KB sudah ... http://bit.ly/1QwYrVe @MotherBabyInd",2015-11-12T08:45:58.000Z,
twitter,KB Pria.... Yessss!!! Moco tulisan neng topine wong,2015-11-07T04:30:25.000Z,
twitter,Duh! Kenapa Kaum Pria Anggap KB Hanya Urusan Perempuan? http://bit.ly/1RXO2QH,2015-11-05T14:53:11.000Z,
twitter,Duh! Kenapa Kaum Pria Anggap KB Hanya Urusan Perempuan? http://bit.ly/1RXO22Y,2015-11-05T14:43:09.000Z,
twitter,Duh! Kenapa Kaum Pria Anggap KB Hanya Urusan Perempuan? http://bit.ly/1RXO2QH,2015-11-05T14:42:51.000Z,
twitter,"Duh! Kenapa Kaum Pria Anggap KB Hanya Urusan Perempuan?: “Pandangan laki-laki secara umum, tahunya KB itu ibu-... http://bit.ly/1RXO22Y",2015-11-05T14:42:44.000Z,
twitter,Duh! Kenapa Kaum Pria Anggap KB Hanya Urusan Perempuan? - Serambi Indonesia http://fb.me/4WcSEhZYA,2015-11-05T14:40:55.000Z,
twitter,"Duh! Kenapa Kaum Pria Anggap KB Hanya Urusan Perempuan?: “Pandangan laki-laki secara umum, tahunya KB itu ibu-...... http://fb.me/6VRXNwVTU",2015-11-05T14:40:51.000Z,
twitter,"Kontrasepsi Pria Turunkan Angka Kematian Ibu: 
                    
Meskipun program KB sudah ... http://bit.ly/1QwYrVe @MotherBabyInd",2015-11-12T08:45:58.000Z,
twitter,KB Pria.... Yessss!!! Moco tulisan neng topine wong,2015-11-07T04:30:25.000Z,
twitter,Duh! Kenapa Kaum Pria Anggap KB Hanya Urusan Perempuan? http://bit.ly/1RXO2QH,2015-11-05T14:53:11.000Z,
twitter,Duh! Kenapa Kaum Pria Anggap KB Hanya Urusan Perempuan? http://bit.ly/1RXO22Y,2015-11-05T14:43:09.000Z,
twitter,Duh! Kenapa Kaum Pria Anggap KB Hanya Urusan Perempuan? http://bit.ly/1RXO2QH,2015-11-05T14:42:51.000Z,
twitter,"Duh! Kenapa Kaum Pria Anggap KB Hanya Urusan Perempuan?: “Pandangan laki-laki secara umum, tahunya KB itu ibu-... http://bit.ly/1RXO22Y",2015-11-05T14:42:44.000Z,
twitter,Duh! Kenapa Kaum Pria Anggap KB Hanya Urusan Perempuan? - Serambi Indonesia http://fb.me/4WcSEhZYA,2015-11-05T14:40:55.000Z,
twitter,"Duh! Kenapa Kaum Pria Anggap KB Hanya Urusan Perempuan?: “Pandangan laki-laki secara umum, tahunya KB itu ibu-...... http://fb.me/6VRXNwVTU",2015-11-05T14:40:51.000Z,
twitter,"Duh! Kenapa Kaum Pria Anggap KB Hanya Urusan Perempuan?: “Pandangan laki-laki secara umum, tahunya KB itu ibu-... http://bit.ly/1RXNQ3S",2015-11-05T14:40:47.000Z,
twitter,Duh! Kenapa Kaum Pria Anggap KB Hanya Urusan Perempuan? http://bit.ly/1RXNQ3S #InfoDalkaFm,2015-11-05T14:40:44.000Z,
twitter,Duh! Kenapa Kaum Pria Anggap KB Hanya Urusan Perempuan? http://bit.ly/1RXNQ3S,2015-11-05T14:40:40.000Z,
twitter,Duh! Kenapa Kaum Pria Anggap KB Hanya Urusan Perempuan? http://bit.ly/1RXNQ3S,2015-11-05T14:40:27.000Z,
twitter,Duh! Kenapa Kaum Pria Anggap KB Hanya Urusan Perempuan? http://bit.ly/1RXNQ3S #BNAnews,2015-11-05T14:40:23.000Z,
twitter,Duh! Kenapa Kaum Pria Anggap KB Hanya Urusan Perempuan? http://bit.ly/1Qg165j #BNAnews,2015-11-05T14:40:20.000Z,
twitter,Duh! Kenapa Kaum Pria Anggap KB Hanya Urusan Perempuan? http://bit.ly/1RXNQ3S,2015-11-05T14:40:18.000Z,
twitter,"“
@Tertua
: Duh! Kenapa Kaum Pria Anggap KB Hanya Urusan Perempuan? http://bit.ly/1RXNQ3S ”",2015-11-05T14:40:16.000Z,
twitter,Duh! Kenapa Kaum Pria Anggap KB Hanya Urusan Perempuan? http://dlvr.it/CflDMQ,2015-11-05T13:30:47.000Z,
twitter,Duh! Kenapa Kaum Pria Anggap KB Hanya Urusan Perempuan? http://dlvr.it/CflBD1,2015-11-05T13:30:19.000Z,
twitter,Duh! Kenapa Kaum Pria Anggap KB Hanya Urusan Perempuan? http://dlvr.it/CflCy8,2015-11-05T13:30:11.000Z,
twitter,Duh! Kenapa Kaum Pria Anggap KB Hanya Urusan Perempuan? http://dlvr.it/CflCyw,2015-11-05T13:30:07.000Z,
twitter,Duh! Kenapa Kaum Pria Anggap KB Hanya Urusan Perempuan? http://dlvr.it/Cfl9Yg,2015-11-05T13:30:07.000Z,
twitter,#TuitAceh Duh! Kenapa Kaum Pria Anggap KB Hanya Urusan Perempuan? #Aceh #Tuit,2015-11-05T13:30:06.000Z,
twitter,Aceh Tribunnews | Duh! Kenapa Kaum Pria Anggap KB Hanya Urusan Perempuan? http://dlvr.it/CflF92,2015-11-05T13:30:06.000Z,
twitter,Duh! Kenapa Kaum Pria Anggap KB Hanya Urusan Perempuan? http://dlvr.it/CflDMQ,2015-11-05T13:30:47.000Z,
twitter,Duh! Kenapa Kaum Pria Anggap KB Hanya Urusan Perempuan? http://dlvr.it/CflBD1,2015-11-05T13:30:19.000Z,
twitter,Duh! Kenapa Kaum Pria Anggap KB Hanya Urusan Perempuan? http://dlvr.it/CflCy8,2015-11-05T13:30:11.000Z,
twitter,Duh! Kenapa Kaum Pria Anggap KB Hanya Urusan Perempuan? http://dlvr.it/CflCyw,2015-11-05T13:30:07.000Z,
twitter,Duh! Kenapa Kaum Pria Anggap KB Hanya Urusan Perempuan? http://dlvr.it/Cfl9Yg,2015-11-05T13:30:07.000Z,
twitter,#TuitAceh Duh! Kenapa Kaum Pria Anggap KB Hanya Urusan Perempuan? #Aceh #Tuit,2015-11-05T13:30:06.000Z,
twitter,Aceh Tribunnews | Duh! Kenapa Kaum Pria Anggap KB Hanya Urusan Perempuan? http://dlvr.it/CflF92,2015-11-05T13:30:06.000Z,
twitter,Duh! Kenapa Kaum Pria Anggap KB Hanya Urusan Perempuan? http://dlvr.it/Cfl85t,2015-11-05T13:30:06.000Z,
twitter,Duh! Kenapa Kaum Pria Anggap KB Hanya Urusan Perempuan? http://ift.tt/1iFcpGK,2015-11-05T13:23:07.000Z,
twitter,#BeritaBTG Lima Pria Ikut Program KB MOP: SUBAH – Dalam rangka kesatuan gerak PKK KB Kesehatan Kabupate... http://bit.ly/1kvPrTz #Radar,2015-11-05T13:03:09.000Z,
twitter,"Sepatu Boots Pria Kickers ( KB-010 ) via 
@bukalapak
 https://bukalapak.com/p/fashion/pria/sepatu-169/700p4-jual-sepatu-boots-pria-kickers-kb-010?utm_source=apps… 
@bukalapakBDG",2015-11-05T11:39:26.000Z,
twitter,Lima Pria Ikut Program KB MOP http://dlvr.it/CfgCvW,2015-11-05T11:00:39.000Z,
twitter,Lima Pria Ikut Program KB MOP http://bit.ly/1HbkQ8h #KabarPKL,2015-11-05T10:53:33.000Z,
twitter,Lima Pria Ikut Program KB MOP: SUBAH – Dalam rangka kesatuan gerak PKK KB Kesehatan Kabupaten Batang tahun 201... http://bit.ly/1HbkQ8h,2015-11-05T10:53:33.000Z,
twitter,Pelayanan KB di Puskesmas Ngablak http://bit.ly/1WvlQFT,2015-11-03T03:06:28.000Z,
twitter,KB Suntik Bikin Miss V Berlendir dan Menganggu Aktivitas Seks http://dlvr.it/CbjCGS,2015-10-30T11:53:29.000Z,
twitter,Sepatu Boots Pria Kickers ( KB 27-07 ) https://bukalapak.com/p/fashion/pria/sepatu-169/jkcxu-jual-sepatu-boots-pria-kickers-kb-27-07?utm_source=twitter&utm_medium=sharelapak&utm_campaign=socmed…,2015-10-27T06:48:29.000Z,
twitter,Sepatu Boots Low Pria Kickers ( KB 27... https://bukalapak.com/p/fashion/pria/sepatu-169/jkcp3-jual-sepatu-boots-low-pria-kickers-kb-27-06?utm_source=twitter&utm_medium=sharelapak&utm_campaign=socmed…,2015-10-27T06:45:59.000Z,
twitter,Sepatu Boots Low Pria Kickers ( KB 27... https://bukalapak.com/p/fashion/pria/sepatu-169/jkcif-jual-sepatu-boots-low-pria-kickers-kb-27-05?utm_source=twitter&utm_medium=sharelapak&utm_campaign=socmed…,2015-10-27T06:44:31.000Z,
twitter,Sepatu Boots Pria Kickers ( KB 27-04 ) https://bukalapak.com/p/fashion/pria/sepatu-169/jkasu-jual-sepatu-boots-pria-kickers-kb-27-04?utm_source=twitter&utm_medium=sharelapak&utm_campaign=socmed…,2015-10-27T06:40:21.000Z,
twitter,Sepatu Boots Pria Kickers ( KB 27-03 ) https://bukalapak.com/p/fashion/pria/sepatu-169/jkao0-jual-sepatu-boots-pria-kickers-kb-27-03?utm_source=twitter&utm_medium=sharelapak&utm_campaign=socmed…,2015-10-27T06:38:54.000Z,
twitter,Sepatu Boots Pria Kickers ( KB 27-02 ) https://bukalapak.com/p/fashion/pria/sepatu-169/jkaki-jual-sepatu-boots-pria-kickers-kb-27-02?utm_source=twitter&utm_medium=sharelapak&utm_campaign=socmed…,2015-10-27T06:37:52.000Z,
twitter,KB Suntik Bikin Miss V Berlendir dan Menganggu Aktivitas Seks http://dlvr.it/CbjCGS,2015-10-30T11:53:29.000Z,
twitter,Sepatu Boots Pria Kickers ( KB 27-07 ) https://bukalapak.com/p/fashion/pria/sepatu-169/jkcxu-jual-sepatu-boots-pria-kickers-kb-27-07?utm_source=twitter&utm_medium=sharelapak&utm_campaign=socmed…,2015-10-27T06:48:29.000Z,
twitter,Sepatu Boots Low Pria Kickers ( KB 27... https://bukalapak.com/p/fashion/pria/sepatu-169/jkcp3-jual-sepatu-boots-low-pria-kickers-kb-27-06?utm_source=twitter&utm_medium=sharelapak&utm_campaign=socmed…,2015-10-27T06:45:59.000Z,
twitter,Sepatu Boots Low Pria Kickers ( KB 27... https://bukalapak.com/p/fashion/pria/sepatu-169/jkcif-jual-sepatu-boots-low-pria-kickers-kb-27-05?utm_source=twitter&utm_medium=sharelapak&utm_campaign=socmed…,2015-10-27T06:44:31.000Z,
twitter,Sepatu Boots Pria Kickers ( KB 27-04 ) https://bukalapak.com/p/fashion/pria/sepatu-169/jkasu-jual-sepatu-boots-pria-kickers-kb-27-04?utm_source=twitter&utm_medium=sharelapak&utm_campaign=socmed…,2015-10-27T06:40:21.000Z,
twitter,Sepatu Boots Pria Kickers ( KB 27-03 ) https://bukalapak.com/p/fashion/pria/sepatu-169/jkao0-jual-sepatu-boots-pria-kickers-kb-27-03?utm_source=twitter&utm_medium=sharelapak&utm_campaign=socmed…,2015-10-27T06:38:54.000Z,
twitter,Sepatu Boots Pria Kickers ( KB 27-02 ) https://bukalapak.com/p/fashion/pria/sepatu-169/jkaki-jual-sepatu-boots-pria-kickers-kb-27-02?utm_source=twitter&utm_medium=sharelapak&utm_campaign=socmed…,2015-10-27T06:37:52.000Z,
twitter,Sepatu Boots Pria Kickers ( KB 27-01 ) https://bukalapak.com/p/fashion/pria/sepatu-169/jkaau-jual-sepatu-boots-pria-kickers-kb-27-01?utm_source=twitter&utm_medium=sharelapak&utm_campaign=socmed…,2015-10-27T06:36:04.000Z,
twitter,Sepatu Boots Pria Kickers ( KB 27-01) https://bukalapak.com/p/fashion/pria/sepatu-169/jkaau-jual-sepatu-boots-pria-kickers-kb-27-01?utm_source=twitter&utm_medium=sharelapak&utm_campaign=socmed…,2015-10-27T06:35:50.000Z,
twitter,Sosialisasi KB MOP untuk Pria di Kodim Kediri http://ift.tt/1NolZbT,2015-10-21T21:41:53.000Z,
twitter,Sosialisasi KB MOP untuk Pria di Kodim Kediri http://cahayabaru.co/sosialisasi-kb-mop-untuk-pria-di-kodim-kediri/…,2015-10-21T21:31:56.000Z,
twitter,"TERMURAAH !!!
Sepatu Pria - Boots Dr Faris Low
CUMA Rp. 210.000
klik: http://inisepatumurah.com/product/1088-drfaris-low-boots206-cofee-ibc…
Kb Jeruk",2015-10-19T19:00:44.000Z,
twitter,"FREE ONGKIR !!!
Sepatu Pria - Hummer
CUMA Rp. 260.000
klik: http://inisepatumurah.com/product/1121-hummer…
Kb Jeruk",2015-10-19T18:50:35.000Z,
twitter,"TERMURAAH !!!
Sepatu Pria - Boots Dr Faris
CUMA Rp. 220.000
klik: http://inisepatumurah.com/product/1564-drfaris-4026-camel-ibc-sol-bening…
Kb Jeruk",2015-10-19T18:30:39.000Z,
twitter,"FREE ONGKIR !!!
Sepatu Pria - Giant Flames
CUMA Rp. 255.000
klik: http://inisepatumurah.com/product/1505-enzo-tan-2…
Kb Jeruk",2015-10-19T13:30:53.000Z,
twitter,Souvenir Unik P/KB GMIM Ada di GMIM Betania: Ada yang menarik perhatian para peserta paduan suara Pria Kaum Ba... http://bit.ly/1LXLTWA,2015-10-18T14:03:43.000Z,
twitter,Paduan Suara Pria Kaum Bapa. Dalam rangka HUT ke-53 P/KB Sinode GMIM.  (at GMIM Sion Teling) [pic] — https://path.com/p/sG8rZ,2015-10-17T03:17:27.000Z,
twitter,[http://scrivenny.blogspot.it] > Cari Kemeja Pria Images http://goo.gl/fb/yKHWVZ #cinemaeteatro,2015-10-16T07:02:51.000Z,
twitter,:: Selamat HUT ke-53 Pria/Kaum Bapa (P/KB) Sinode GMIM. Teruslah… (w/ Hanny at Lapangan Sparta Tikala) [pic] — https://path.com/p/1MA05q,2015-10-16T04:40:43.000Z,
twitter,"Tak tampan tak jadi soal, karena pria memimpin bukan dengan ketampanan tapi dengan tanggung jawab, kebijaksanaan dan suri tauladan..

#Kb",2015-10-14T02:01:59.000Z,
twitter,RT: Seorang pria ningrat bertemu dengan Wanita Jepang. Bagaimana kisah mereka? #AyahMenyayangiTanpaAkhir,2015-10-12T09:24:38.000Z,
twitter,"FREE ONGKIR !!!
Sepatu Pria - Tragen Footwear
CUMA Rp. 240.000
klik: http://inisepatumurah.com/product/1106-tragen-clash…
Kb Nanas",2015-10-12T07:01:00.000Z,
twitter,"TERMURAAH !!!
Sepatu Pria - Boots Dr Faris
CUMA Rp. 240.000
klik: http://inisepatumurah.com/product/1566-drfaris-4028-camel-ibc-sol-walking-black…
Kb Nanas",2015-10-12T06:40:42.000Z,
twitter,"TERMURAAH !!!
Sepatu Pria - Boots Dr Faris
CUMA Rp. 220.000
klik: http://inisepatumurah.com/product/1554-drfaris-302-cofee-ibc-sol-gum…
Kb Nanas",2015-10-12T06:30:53.000Z,
twitter,75 Personil Sudin Damkar Jakarta Timur Mengikuti Sosialisasi KB Pria: SICOM-Sebanyak 75 personil Sudin Penangg... http://bit.ly/1LmLNkU,2015-10-08T04:37:58.000Z,
twitter,75 Personil Sudin Damkar Jakarta Timur Mengikuti Sosialisasi KB Pria: SICOM-Sebanyak 75 personil Sudin Penangg... http://tinyurl.com/owgyb2j,2015-10-08T04:37:58.000Z,
twitter,"Ilmuwan Temukan Teknik Baru Kontrasepsi Pria: http://REPUBLIKA.CO.ID, JAKARTA -- Pil KB untuk wanita sudah digu... http://bit.ly/1LmzRiZ",2015-10-08T03:04:28.000Z,
twitter,"FREE ONGKIR !!!
Sepatu Pria - Hummer
CUMA Rp. 260.000
klik: http://inisepatumurah.com/product/1148-hummer…
Kb Nanas",2015-10-07T01:41:03.000Z,
twitter,"FREE ONGKIR !!!
Sepatu Pria - Hummer
CUMA Rp. 250.000
klik: http://inisepatumurah.com/product/1138-hummer…
Kb Nanas",2015-10-07T01:31:28.000Z,
twitter,"FREE ONGKIR !!!
Sepatu Pria - Giant Flames
CUMA Rp. 250.000
klik: http://inisepatumurah.com/product/97-giant-pietra-black…
Kb Nanas",2015-10-07T01:20:49.000Z,
twitter,"FREE ONGKIR !!!
Sepatu Pria - Headway Footwear
CUMA Rp. 215.000
klik: http://inisepatumurah.com/product/68-headway-rich-brown…
Kb Nanas",2015-10-07T01:10:49.000Z,
twitter,"TERMURAAH !!!
Sepatu Pria - Boots Dr Faris
CUMA Rp. 220.000
klik: http://inisepatumurah.com/product/1561-drfaris-4011-black-suide-sol-walking-cat…
Kb Nanas",2015-10-07T01:00:59.000Z,
twitter,"Perayaan Hari Kontrasepsi Sedunia 2015, Momentum untuk Gaungkan KB Kembali http://dlvr.it/CL3YC8",2015-10-03T04:19:33.000Z,
twitter,"#SimakSehat Perayaan Hari Kontrasepsi Sedunia 2015, Momentum untuk Gaungkan KB Kembali http://bit.ly/1NaBfvP",2015-10-03T04:16:34.000Z,
twitter,Bertemu Jokowi Kepala BKKBN Laporkan Kegagalan Program KB http://dlvr.it/CHybJY,2015-09-29T06:58:12.000Z,
twitter,Wanita yg mengonsumsi pil KB menjadi lebih tertarik dgn pria yg berwajah feminin dibandingkan pria yg berwajah maskulin. [huffingtonpost],2015-09-25T07:40:04.000Z,
twitter,Wanita yg mengonsumsi pil KB menjadi lebih tertarik dgn pria yg berwajah feminin dibandingkan pria yg berwajah maskulin. [huffingtonpost],2015-09-25T07:11:12.000Z,
twitter,Wanita yg mengonsumsi pil KB menjadi lebih tertarik dgn pria yg berwajah feminin dibandingkan pria yg berwajah maskulin. [huffingtonpost],2015-09-25T07:06:14.000Z,
twitter,Wanita yg mengonsumsi pil KB menjadi lebih tertarik dgn pria yg berwajah feminin dibandingkan pria yg berwajah maskulin. [huffingtonpost],2015-09-25T06:53:29.000Z,
twitter,Wanita yg mengonsumsi pil KB menjadi lebih tertarik dgn pria yg berwajah feminin dibandingkan pria yg berwajah maskulin. [huffingtonpost],2015-09-25T06:53:12.000Z,
twitter,Wanita yg mengonsumsi pil KB menjadi lebih tertarik dgn pria yg berwajah feminin dibandingkan pria yg berwajah maskulin. [huffingtonpost],2015-09-25T06:52:48.000Z,
twitter,Wanita yg mengonsumsi pil KB menjadi lebih tertarik dgn pria yg berwajah feminin dibandingkan pria yg berwajah maskulin. [huffingtonpost],2015-09-25T06:50:11.000Z,
twitter,Wanita yg mengonsumsi pil KB menjadi lebih tertarik dgn pria yg berwajah feminin dibandingkan pria yg berwajah maskulin. [huffingtonpost],2015-09-25T06:48:46.000Z,
twitter,Wanita yg mengonsumsi pil KB menjadi lebih tertarik dgn pria yg berwajah feminin dibandingkan pria yg berwajah maskulin. [huffingtonpost],2015-09-25T06:45:45.000Z,
twitter,Bakti TNI Pengobatan dan Pelayanan KB Gratis http://bit.ly/1PmDuJT,2015-09-22T05:59:28.000Z,
twitter,Sebagian Besar Kaum Pria di Kuansing KB http://dlvr.it/CCzrxb,2015-09-21T10:06:36.000Z,
twitter,Sebagian Besar Kaum Pria di Kuansing KB http://dlvr.it/CCzptM,2015-09-21T10:06:35.000Z,
twitter,Kec. Sanden: Negara Colombo Plan Tertarik KB Pria Harjo Santosa http://kec-sanden.bantulkab.go.id/berita/2015/09/negara-colombo-plan-tertarik-kb-pria-harjo-santosa…,2015-09-21T06:00:01.000Z,
twitter,Negara Colombo Plan Tertarik KB Pria Harjo Santosa http://goo.gl/fb/416jnE via KEC.SANDEN,2015-09-21T05:50:41.000Z,
twitter,#Riaumandiri Pria Kuansing Tertinggi Ikut Program KB http://goo.gl/fb/uhBe7y,2015-09-21T04:32:22.000Z,
twitter,Pria Kuansing Paling Tinggi Keikut-sertaannya pada Program KB http://riauterkini.com/sosial.php?arr=97900&judul=Pria%20Kuansing%20Paling%20Tinggi%20Keikut-sertaannya%20pada%20Program%20KB…,2015-09-21T03:16:19.000Z,
twitter,Pria Kuansing Peserta KB Nomor Dua Tertinggi di Riau http://dlvr.it/CCqbmx,2015-09-21T03:09:35.000Z,
twitter,"FREE ONGKIR !!!
Sepatu Pria - Black Master
CUMA Rp. 255.000
klik: http://inisepatumurah.com/product/1583-bm-mokasin…
Kb Nanas",2015-09-16T05:40:43.000Z,
twitter,"TERMURAAH !!!
Sepatu Pria - Boots Dr Faris Low
CUMA Rp. 210.000
klik: http://inisepatumurah.com/product/1090-drfaris-202-tan…
Kb Nanas",2015-09-16T05:30:59.000Z,
twitter,"FREE ONGKIR !!!
Sepatu Pria - Ablinc
CUMA Rp. 190.000
klik: http://inisepatumurah.com/product/474-ablinc…
Kb Nanas",2015-09-16T05:22:27.000Z,
twitter,"TERMURAAH !!!
Sepatu Pria - Dr Faris Casual
CUMA Rp. 190.000
klik: http://inisepatumurah.com/product/1063-drfaris-casual-skin-head-3-hole…
Kb Nanas",2015-09-16T05:11:01.000Z,
twitter,"TERMURAAH !!!
Sepatu Pria - Boots Dr Faris
CUMA Rp. 220.000
klik: http://inisepatumurah.com/product/1577-drfaris-boots-402-maroon-swd-sol-walking-cat…
Kb Nanas",2015-09-11T06:21:28.000Z,
twitter,"FREE ONGKIR !!!
Sepatu Pria - Circle
CUMA Rp. 260.000
klik: http://inisepatumurah.com/product/1189-circle…
Kb Nanas",2015-09-11T06:00:52.000Z,
twitter,"FREE ONGKIR !!!
Sepatu Pria - Black Master
CUMA Rp. 195.000
klik: http://inisepatumurah.com/product/1620-bm-psd…
Kb Nanas",2015-09-11T03:10:45.000Z,
twitter,"FREE ONGKIR !!!
Sepatu Pria - Trumph Footwear
CUMA Rp. 210.000
klik: http://inisepatumurah.com/product/1510-rocco-tan-1…
Kb Nanas",2015-09-11T03:02:10.000Z,
twitter,"FREE ONGKIR !!!
Sepatu Pria - Prodigo Footwear
CUMA Rp. 250.000
klik: http://inisepatumurah.com/product/123-prodigo-nakula-black…
Kb Nanas",2015-09-11T02:50:58.000Z,
twitter,"FREE ONGKIR !!!
Sepatu Pria - Giant Flames
CUMA Rp. 240.000
klik: http://inisepatumurah.com/product/61-giant-fuerte-khaqi…
Kb Nanas",2015-09-11T02:30:55.000Z,
twitter,"FREE ONGKIR !!!
Sepatu Pria - Circle
CUMA Rp. 220.000
klik: http://inisepatumurah.com/product/1179-circle…
Kb Nanas",2015-09-11T02:11:00.000Z,
twitter,"FREE ONGKIR !!!
Sepatu Pria - Joey Footwear
CUMA Rp. 240.000
klik: http://inisepatumurah.com/product/43-joey-fast-brown…
Kb Nanas",2015-09-11T01:51:18.000Z,
twitter,"TERMURAAH !!!
Sepatu Pria - Boots Dr Faris
CUMA Rp. 220.000
klik: http://inisepatumurah.com/product/1563-drfaris-4026-black-ibc-sol-gum…
Kb Jeruk",2015-09-07T12:30:43.000Z,
twitter,"FREE ONGKIR !!!
Sepatu Pria - Ablinc
CUMA Rp. 260.000
klik: http://inisepatumurah.com/product/464-ablinc-boot…
Kb Jeruk",2015-09-07T12:20:45.000Z,
twitter,"Gara-gara Pakai Lensa Kontak, Mata Pria Ini Buta - Tribun Sumsel http://fb.me/4o3Eo2PbY",2015-09-04T15:02:31.000Z,
twitter,KB dengan Vasektomi dan Sterilisasi Bisa Ganggu Gairah Seks? http://dlvr.it/C30fv1,2015-09-03T12:01:04.000Z,
twitter,"COCOK UNTUK AMBER:

Ilmuwan Indonesia berhasil ciptakan pil KB untuk pria | http://merdeka.com http://merdeka.com/sehat/ilmuwan-indonesia-berhasil-ciptakan-pil-kb-untuk-pria.html… via 
@merdekadotcom",2015-09-03T02:31:17.000Z,
twitter,"Walaupun Tak Pernah Memasang KB, Namun Pria Ini Tak Pernah Hamil ;;)",2015-08-30T05:36:09.000Z,
twitter,"TNI Manunggal, KB Kesehatan Layani Masyarakat Tambora http://bit.ly/1KcOtHv",2015-08-28T07:19:28.000Z,
twitter,TNI  Manunggal  KB  Kesehatan http://bit.ly/1ImJFry,2015-08-28T01:17:50.000Z,
twitter,Kodim 0307/Tanah Datar Sosialisasi Program KB dan Taskin http://bit.ly/1PS1mFI,2015-08-26T07:03:05.000Z,
twitter,Wanita yg mengonsumsi pil KB menjadi lebih tertarik dgn pria yg berwajah feminin dibandingkan pria yg berwajah maskulin. [huffingtonpost],2015-08-24T06:19:05.000Z,
twitter,Wanita yg mengonsumsi pil KB menjadi lebih tertarik dgn pria yg berwajah feminin dibandingkan pria yg berwajah maskulin. [huffingtonpost],2015-08-22T04:47:30.000Z,
twitter,"Inilah Bahaya Celana Jeans terhadap Pria, Efek Jangka Panjang - Tribun Timur http://fb.me/5jKi465nw",2015-08-20T15:30:46.000Z,
twitter,"Nike KB Mentality 704942-200 Sepatu Basket Pria  Ekstra Diskon 10% #WishDeals 
@bliblidotcom
! Vote di sini https://wishdeal.blibli.com/ref/rwhYAVPcaLn2mTwZFzvk…",2015-08-20T07:39:51.000Z,
twitter,Bukan Hoax! Pria Ini Tetap Meneruskan SholatNya Walaupun Dalam Keadaan Di BAKAR! SubhanAllah!!! http://fb.me/7u3rqBV3t,2015-08-19T16:44:25.000Z,
twitter,Spesialis Pria Matang he he .. :v :v gimana mau KB yahh?.. http://cur.lv/p6y06,2015-08-17T13:22:12.000Z,
twitter,Wanita yg mengonsumsi pil KB menjadi lebih tertarik dgn pria yg berwajah feminin dibandingkan pria yg berwajah maskulin. [huffingtonpost],2015-08-16T07:29:24.000Z,
twitter,Wanita yg mengonsumsi pil KB menjadi lebih tertarik dgn pria yg berwajah feminin dibandingkan pria yg berwajah maskulin. [huffingtonpost],2015-08-22T04:47:30.000Z,
twitter,"Inilah Bahaya Celana Jeans terhadap Pria, Efek Jangka Panjang - Tribun Timur http://fb.me/5jKi465nw",2015-08-20T15:30:46.000Z,
twitter,"Nike KB Mentality 704942-200 Sepatu Basket Pria  Ekstra Diskon 10% #WishDeals 
@bliblidotcom
! Vote di sini https://wishdeal.blibli.com/ref/rwhYAVPcaLn2mTwZFzvk…",2015-08-20T07:39:51.000Z,
twitter,Bukan Hoax! Pria Ini Tetap Meneruskan SholatNya Walaupun Dalam Keadaan Di BAKAR! SubhanAllah!!! http://fb.me/7u3rqBV3t,2015-08-19T16:44:25.000Z,
twitter,Spesialis Pria Matang he he .. :v :v gimana mau KB yahh?.. http://cur.lv/p6y06,2015-08-17T13:22:12.000Z,
twitter,Wanita yg mengonsumsi pil KB menjadi lebih tertarik dgn pria yg berwajah feminin dibandingkan pria yg berwajah maskulin. [huffingtonpost],2015-08-16T07:29:24.000Z,
twitter,Wanita yg mengonsumsi pil KB menjadi lebih tertarik dgn pria yg berwajah feminin dibandingkan pria yg berwajah maskulin. [huffingtonpost],2015-08-16T06:59:39.000Z,
twitter,Wanita yg mengonsumsi pil KB menjadi lebih tertarik dgn pria yg berwajah feminin dibandingkan pria yg berwajah maskulin. [huffingtonpost]..,2015-08-16T06:27:25.000Z,
twitter,"@wowfakta
 wow, ternyata benar yah kalau wanita yang minum pil KB lebih
tertarik dengan pria yang
berwajah feminim.",2015-08-16T06:16:43.000Z,
twitter,"RT 
@WOWFAKTA
: Wanita yg mengonsumsi pil KB menjadi lebih tertarik dgn pria yg berwajah feminin dibandingkan pria yg berwajah maskulin.",2015-08-16T06:14:38.000Z,
twitter,tahukah anda Wanita yg mengonsumsi pil KB menjadi lebih tertarik dgn pria yg berwajah feminin dibandingkan pria yg berwajah maskulin. [huff…,2015-08-16T06:13:48.000Z,
twitter,"Wkwkwk:D""
@WOWFAKTA
: Wanita yg mengonsumsi pil KB menjadi lebih tertarik dgn pria yg berwajah feminin dibandingkan pria yg berwajah maskulin.",2015-08-16T06:13:35.000Z,
twitter,Wanita yg mengonsumsi pil KB menjadi lebih tertarik dgn pria yg berwajah feminin dibandingkan pria yg berwajah maskulin. [huffingtonpost],2015-08-16T06:12:27.000Z,
twitter,"Suntik KB 'Tertukar' Vaksin Flu, Ibu Ini Hamil dan Lahirkan Bayi Cacat http://dlvr.it/BrQMs2",2015-08-14T09:18:06.000Z,
twitter,Nike KB Mentality 704942-101 White Purple Sepatu Basket Pria | http://Blibli.com https://blibli.com/nike-kb-mentality-704942-101-white-purple-sepatu-basket-pria-500032.html…,2015-08-13T06:02:35.000Z,
twitter,"Kondom Jadi Pilihan Pria untuk KB http://harnas.co/2015/08/10/kondom-jadi-pilihan-pria-untuk-kb… via 
@HarianNasional",2015-08-12T04:25:43.000Z,
twitter,KB PRIA : 7 Negara Berguru ke Bantul http://dlvr.it/Bq1L70,2015-08-11T21:11:34.000Z,
twitter,KB PRIA : 7 Negara Berguru ke Bantul http://bit.ly/1IE33nB,2015-08-11T20:59:35.000Z,
twitter,KB PRIA : 7 Negara Berguru ke Bantul http://dlvr.it/Bq0YMc,2015-08-11T20:29:11.000Z,
twitter,KB PRIA : 7 Negara Berguru ke Bantul http://dlvr.it/Bq0ZHq,2015-08-11T20:25:05.000Z,
twitter,KB PRIA : 7 Negara Berguru ke Bantul http://bit.ly/1DHa0pg,2015-08-11T20:18:07.000Z,
twitter,Wanita yg mengonsumsi pil KB menjadi lebih tertarik dgn pria yg berwajah feminin dibandingkan pria yg berwajah maskulin. [huffingtonpost],2015-08-11T20:18:05.000Z,
twitter,Nike KB Mentality 704942-101 White Purple Sepatu Basket Pria | http://Blibli.com https://blibli.com/nike-kb-mentality-704942-101-white-purple-sepatu-basket-pria-500032.html…,2015-08-13T06:02:35.000Z,
twitter,"Kondom Jadi Pilihan Pria untuk KB http://harnas.co/2015/08/10/kondom-jadi-pilihan-pria-untuk-kb… via 
@HarianNasional",2015-08-12T04:25:43.000Z,
twitter,KB PRIA : 7 Negara Berguru ke Bantul http://dlvr.it/Bq1L70,2015-08-11T21:11:34.000Z,
twitter,KB PRIA : 7 Negara Berguru ke Bantul http://bit.ly/1IE33nB,2015-08-11T20:59:35.000Z,
twitter,KB PRIA : 7 Negara Berguru ke Bantul http://dlvr.it/Bq0YMc,2015-08-11T20:29:11.000Z,
twitter,KB PRIA : 7 Negara Berguru ke Bantul http://dlvr.it/Bq0ZHq,2015-08-11T20:25:05.000Z,
twitter,KB PRIA : 7 Negara Berguru ke Bantul http://bit.ly/1DHa0pg,2015-08-11T20:18:07.000Z,
twitter,Wanita yg mengonsumsi pil KB menjadi lebih tertarik dgn pria yg berwajah feminin dibandingkan pria yg berwajah maskulin. [huffingtonpost],2015-08-11T20:18:05.000Z,
twitter,[http://braling.com] Pria Purbalingga Masih Takut Ikut Program KB untuk Pria: Purbalingga BRALING… http://goo.gl/fb/Up3n65,2015-08-11T08:54:23.000Z,
twitter,Pria Purbalingga Masih Takut Ikut Program KB untuk Pria http://braling.com/2015/08/pria-purbalingga-masih-takut-ikut-program-kb-untuk-pria/…,2015-08-11T08:30:23.000Z,
twitter,Pria Purbalingga Masih Takut Ikut Program KB untuk Pria http://braling.com/2015/08/pria-purbalingga-masih-takut-ikut-program-kb-untuk-pria/…,2015-08-11T08:30:23.000Z,
twitter,Delegasi Tujuh Negara Kunjungi Kelompok KB Pria Harjo Santosa http://goo.gl/fb/IvE07V via KEC.SANDEN,2015-08-11T04:49:28.000Z,
twitter,"Kondom Jadi Pilihan Pria untuk KB http://harnas.co/2015/08/10/kondom-jadi-pilihan-pria-untuk-kb… via 
@HarianNasional",2015-08-10T05:45:32.000Z,
twitter,BKBPP #Mojokerto Gencarkan Kampanye KB untuk Pria http://bangsaonline.com/berita/13148/bkbpp-mojokerto-gencarkan-kampanye-kb-pria…,2015-08-10T05:04:02.000Z,
twitter,"KBB Raih Penghargaan KB Pria Terbaik Tingkat Nasional 
http://lawupost.com/2015/08/kbb-raih-penghargaan-kb-pria-terbaik.html…",2015-08-08T01:06:44.000Z,
twitter,Nike KB Mentality 704942-200 Sepatu Basket Pria | http://Blibli.com https://blibli.com/nike-kb-mentality-704942-200-sepatu-basket-pria-606766.html…,2015-08-04T10:07:16.000Z,
twitter,Nike KB Mentality 704942-200 Sepatu Basket Pria | http://Blibli.com https://blibli.com/nike-kb-mentality-704942-200-sepatu-basket-pria-606766.html…,2015-08-04T10:04:26.000Z,
twitter,IPTU HERU MEIYANTO: Jadi Motivator KB Pria: KESADARAN kaum pria untuk berpartisipasi dalam… http://dlvr.it/BkvvVl,2015-08-04T08:38:08.000Z,
twitter,"IPTU HERU MEIYANTO: Jadi Motivator KB Pria http://radarjogja.co.id/blog/2015/08/04/iptu-heru-meiyanto-jadi-motivator-kb-pria/… 
@TMCPoldaJogja
 @zebraKulonprogo
 @infokulonprogo",2015-08-04T07:47:12.000Z,
twitter,Nike KB Mentality 704942-200 Sepatu Basket Pria | http://Blibli.com https://blibli.com/nike-kb-mentality-704942-200-sepatu-basket-pria-606766.html…,2015-08-04T00:06:59.000Z,
twitter,Nike KB Mentality 704942-200 Sepatu Basket Pria | http://Blibli.com https://blibli.com/nike-kb-mentality-704942-200-sepatu-basket-pria-606766.html…,2015-08-03T21:24:10.000Z,
twitter,Nike KB Mentality 704942-200 Sepatu Basket Pria | http://Blibli.com https://blibli.com/nike-kb-mentality-704942-200-sepatu-basket-pria-606766.html…,2015-08-03T14:40:43.000Z,
twitter,Nike KB Mentality 704942-200 Sepatu Basket Pria | http://Blibli.com https://blibli.com/nike-kb-mentality-704942-200-sepatu-basket-pria-606766.html…,2015-08-03T09:45:30.000Z,
twitter,Nike KB Mentality 704942-200 Sepatu Basket Pria | http://Blibli.com https://blibli.com/nike-kb-mentality-704942-200-sepatu-basket-pria-606766.html…,2015-08-03T04:59:28.000Z,
twitter,Nike KB Mentality 704942-200 Sepatu Basket Pria | http://Blibli.com https://blibli.com/nike-kb-mentality-704942-200-sepatu-basket-pria-606766.html…,2015-08-03T03:07:52.000Z,
twitter,Nike KB Mentality 704942-200 Sepatu Basket Pria | http://Blibli.com https://blibli.com/nike-kb-mentality-704942-200-sepatu-basket-pria-606766.html…,2015-08-03T02:56:39.000Z,
twitter,Nike KB Mentality 704942-200 Sepatu Basket Pria | http://Blibli.com https://blibli.com/nike-kb-mentality-704942-200-sepatu-basket-pria-606766.html…,2015-08-02T15:00:16.000Z,
twitter,Nike KB Mentality 704942-200 Sepatu Basket Pria | http://Blibli.com https://blibli.com/nike-kb-mentality-704942-200-sepatu-basket-pria-606766.html…,2015-08-02T08:44:24.000Z,
twitter,Nike KB Mentality 704942-200 Sepatu Basket Pria | http://Blibli.com https://blibli.com/nike-kb-mentality-704942-200-sepatu-basket-pria-606766.html…,2015-08-02T07:09:31.000Z,
twitter,Nike KB Mentality 704942-200 Sepatu Basket Pria | http://Blibli.com https://blibli.com/nike-kb-mentality-704942-200-sepatu-basket-pria-606766.html…,2015-08-02T02:09:22.000Z,
twitter,Nike KB Mentality 704942-200 Sepatu Basket Pria | http://Blibli.com https://blibli.com/nike-kb-mentality-704942-200-sepatu-basket-pria-606766.html…,2015-08-01T22:15:01.000Z,
twitter,"@infopadalarang
 @GalamediaOnline: Kelompok KB Pria Paguyuban Sauyunan Cililin Juara Nasional http://dlvr.it/BjRBgt",2015-08-01T09:59:01.000Z,
twitter,Kelompok KB Pria Paguyuban Sauyunan Cililin Juara Nasional http://dlvr.it/BjRBgt,2015-08-01T09:57:23.000Z,
twitter,Nike KB Mentality 704942-200 Sepatu Basket Pria | http://Blibli.com https://blibli.com/nike-kb-mentality-704942-200-sepatu-basket-pria-606766.html…,2015-08-01T07:44:39.000Z,
twitter,Polisi Polres Kulonprogo Terima Penghargaan Presiden Sebagai Motivator KB Pria http://linesecond.com/polisi-polres-kulonprogo-terima-penghargaan-presiden-sebagai-motivator-kb-pria/…,2015-08-01T06:16:04.000Z,
twitter,Nike KB Mentality 704942-200 Sepatu Basket Pria | http://Blibli.com https://blibli.com/nike-kb-mentality-704942-200-sepatu-basket-pria-606766.html…,2015-08-01T03:31:48.000Z,
twitter,Nike KB Mentality 704942-200 Sepatu Basket Pria | http://Blibli.com https://blibli.com/nike-kb-mentality-704942-200-sepatu-basket-pria-606766.html…,2015-08-01T00:10:10.000Z,
twitter,Nike KB Mentality 704942-200 Sepatu Basket Pria | http://Blibli.com https://blibli.com/nike-kb-mentality-704942-200-sepatu-basket-pria-606766.html…,2015-07-31T17:36:32.000Z,
twitter,Nike KB Mentality 704942-200 Sepatu Basket Pria | http://Blibli.com https://blibli.com/nike-kb-mentality-704942-200-sepatu-basket-pria-606766.html…,2015-07-31T08:10:17.000Z,
twitter,Nike KB Mentality 704942-200 Sepatu Basket Pria | http://Blibli.com https://blibli.com/nike-kb-mentality-704942-200-sepatu-basket-pria-606766.html…,2015-08-02T02:09:22.000Z,
twitter,Nike KB Mentality 704942-200 Sepatu Basket Pria | http://Blibli.com https://blibli.com/nike-kb-mentality-704942-200-sepatu-basket-pria-606766.html…,2015-08-01T22:15:01.000Z,
twitter,"@infopadalarang
 @GalamediaOnline: Kelompok KB Pria Paguyuban Sauyunan Cililin Juara Nasional http://dlvr.it/BjRBgt",2015-08-01T09:59:01.000Z,
twitter,Kelompok KB Pria Paguyuban Sauyunan Cililin Juara Nasional http://dlvr.it/BjRBgt,2015-08-01T09:57:23.000Z,
twitter,Nike KB Mentality 704942-200 Sepatu Basket Pria | http://Blibli.com https://blibli.com/nike-kb-mentality-704942-200-sepatu-basket-pria-606766.html…,2015-08-01T07:44:39.000Z,
twitter,Polisi Polres Kulonprogo Terima Penghargaan Presiden Sebagai Motivator KB Pria http://linesecond.com/polisi-polres-kulonprogo-terima-penghargaan-presiden-sebagai-motivator-kb-pria/…,2015-08-01T06:16:04.000Z,
twitter,Nike KB Mentality 704942-200 Sepatu Basket Pria | http://Blibli.com https://blibli.com/nike-kb-mentality-704942-200-sepatu-basket-pria-606766.html…,2015-08-01T03:31:48.000Z,
twitter,Nike KB Mentality 704942-200 Sepatu Basket Pria | http://Blibli.com https://blibli.com/nike-kb-mentality-704942-200-sepatu-basket-pria-606766.html…,2015-08-01T00:10:10.000Z,
twitter,Nike KB Mentality 704942-200 Sepatu Basket Pria | http://Blibli.com https://blibli.com/nike-kb-mentality-704942-200-sepatu-basket-pria-606766.html…,2015-07-31T17:36:32.000Z,
twitter,Nike KB Mentality 704942-200 Sepatu Basket Pria | http://Blibli.com https://blibli.com/nike-kb-mentality-704942-200-sepatu-basket-pria-606766.html…,2015-07-31T08:10:17.000Z,
twitter,Nike KB Mentality 704942-200 Sepatu Basket Pria | http://Blibli.com https://blibli.com/nike-kb-mentality-704942-200-sepatu-basket-pria-606766.html…,2015-07-31T03:47:34.000Z,
twitter,Nike KB Mentality 704942-200 Sepatu Basket Pria | http://Blibli.com https://blibli.com/nike-kb-mentality-704942-200-sepatu-basket-pria-606766.html…,2015-07-31T02:26:10.000Z,
twitter,Nike KB Mentality 704942-200 Sepatu Basket Pria | http://Blibli.com https://blibli.com/nike-kb-mentality-704942-200-sepatu-basket-pria-606766.html…,2015-07-30T17:31:10.000Z,
twitter,Nike KB Mentality 704942-200 Sepatu Basket Pria | http://Blibli.com https://blibli.com/nike-kb-mentality-704942-200-sepatu-basket-pria-606766.html…,2015-07-30T02:52:35.000Z,
twitter,Nike KB Mentality 704942-200 Sepatu Basket Pria | http://Blibli.com https://blibli.com/nike-kb-mentality-704942-200-sepatu-basket-pria-606766.html…,2015-07-30T02:41:27.000Z,
twitter,Nike KB Mentality 704942-200 Sepatu Basket Pria | http://Blibli.com https://blibli.com/nike-kb-mentality-704942-200-sepatu-basket-pria-606766.html…,2015-07-30T02:28:06.000Z,
twitter,Nike KB Mentality 704942-200 Sepatu Basket Pria | http://Blibli.com https://blibli.com/nike-kb-mentality-704942-200-sepatu-basket-pria-606766.html…,2015-07-29T07:36:15.000Z,
twitter,Nike KB Mentality 704942-200 Sepatu Basket Pria | http://Blibli.com https://blibli.com/nike-kb-mentality-704942-200-sepatu-basket-pria-606766.html…,2015-07-29T05:55:02.000Z,
twitter,http://samuelamtiur.com Viva: Ini Efek Pil KB pada Wanita Berusia Muda http://dlvr.it/BgcZXK #NewsToday #DKK,2015-07-29T05:30:03.000Z,
twitter,"@AndaTahu
 masa' sih ?? Lha sy ttep pake KB malah makin greget mlihat pria yg maskulin ;)",2015-07-29T03:10:40.000Z,
twitter,Nike KB Mentality 704942-200 Sepatu Basket Pria | http://Blibli.com https://blibli.com/nike-kb-mentality-704942-200-sepatu-basket-pria-606766.html…,2015-07-29T02:11:40.000Z,
twitter,Wanita yg mengonsumsi pil KB menjadi lebih tertarik dgn pria yg berwajah feminin dibandingkan pria yg berwajah maskulin. [huffingtonpost],2015-07-29T02:00:55.000Z,
twitter,"Wanita yg mengonsumsi pil KB menjadi lebih tertarik dgn pria yg berwajah feminin dibandingkan pria yg berwajah maskulin. [huffingtonpost]""",2015-07-29T01:54:49.000Z,
twitter,Nike KB Mentality 704942-200 Sepatu Basket Pria | http://Blibli.com https://blibli.com/nike-kb-mentality-704942-200-sepatu-basket-pria-606766.html…,2015-07-29T07:36:15.000Z,
twitter,Nike KB Mentality 704942-200 Sepatu Basket Pria | http://Blibli.com https://blibli.com/nike-kb-mentality-704942-200-sepatu-basket-pria-606766.html…,2015-07-29T05:55:02.000Z,
twitter,http://samuelamtiur.com Viva: Ini Efek Pil KB pada Wanita Berusia Muda http://dlvr.it/BgcZXK #NewsToday #DKK,2015-07-29T05:30:03.000Z,
twitter,"@AndaTahu
 masa' sih ?? Lha sy ttep pake KB malah makin greget mlihat pria yg maskulin ;)",2015-07-29T03:10:40.000Z,
twitter,Nike KB Mentality 704942-200 Sepatu Basket Pria | http://Blibli.com https://blibli.com/nike-kb-mentality-704942-200-sepatu-basket-pria-606766.html…,2015-07-29T02:11:40.000Z,
twitter,Wanita yg mengonsumsi pil KB menjadi lebih tertarik dgn pria yg berwajah feminin dibandingkan pria yg berwajah maskulin. [huffingtonpost],2015-07-29T02:00:55.000Z,
twitter,"Wanita yg mengonsumsi pil KB menjadi lebih tertarik dgn pria yg berwajah feminin dibandingkan pria yg berwajah maskulin. [huffingtonpost]""",2015-07-29T01:54:49.000Z,
twitter,Wanita yg mengonsumsi pil KB menjadi lebih tertarik dgn pria yg berwajah feminin dibandingkan pria yg berwajah maskulin. [huffingtonpost],2015-07-29T01:50:34.000Z,
twitter,Nike KB Mentality 704942-200 Sepatu Basket Pria | http://Blibli.com https://blibli.com/nike-kb-mentality-704942-200-sepatu-basket-pria-606766.html…,2015-07-29T01:16:29.000Z,
twitter,Nike KB Mentality 704942-200 Sepatu Basket Pria | http://Blibli.com https://blibli.com/nike-kb-mentality-704942-200-sepatu-basket-pria-606766.html…,2015-07-28T18:50:18.000Z,
twitter,Bakti Sosial Pelayanan KB Kes HUT ke-57 Kodam VI/Mulawarman http://bit.ly/1SaTUuc,2015-07-28T06:59:21.000Z,
twitter,Wanita yg mengonsumsi pil KB menjadi lebih tertarik dgn pria yg berwajah feminin dibandingkan pria yg berwajah maskulin. [huffingtonpost],2015-07-28T04:04:59.000Z,
twitter,Alasan Suntik dan Pil KB Populer Meski Tak Sesuai untuk Semua Orang http://dlvr.it/BfcCT6,2015-07-27T10:39:06.000Z,
twitter,#SimakSehat Alasan Suntik dan Pil KB Populer Meski Tak Sesuai untuk Semua Orang http://bit.ly/1GTMpMv,2015-07-27T10:27:36.000Z,
twitter,Pangdam II/Sriwijaya : Program KB Harus Digalakkan Lagi http://bit.ly/1LLC5hw,2015-07-27T03:41:10.000Z,
twitter,"RT 
@TwitFAKTA
 Wanita yg mengonsumsi pil KB menjadi lebih tertarik dgn pria yg berwajah feminin dibandingkan pria yg berwajah maskulin.",2015-07-26T02:11:09.000Z,
twitter,"EFEK KB APA SAJA SIH...???

https://web.facebook.com/nasa.cristalx.5",2015-07-20T23:49:02.000Z,
twitter,"EFEK KB APA SAJA SIH...???

https://web.facebook.com/nasa.cristalx.5",2015-07-20T23:49:02.000Z,
twitter,Pria China Tumbuh Payudara Gara-gara Terlalu Banyak Makan Ayam Goreng - http://Tribunnews.com http://fb.me/1PQekQZVo,2015-07-20T16:12:35.000Z,
twitter,"""
@MetroTipi
: Walaupun Tak Pernah Memasang KB, Namun Pria Ini Tak Pernah Hamil.""",2015-07-20T14:36:43.000Z,
twitter,Ilmuwan Indonesia berhasil ciptakan pil KB untuk pria | http://merdeka.com/sehat/ilmuwan-indonesia-berhasil-ciptakan-pil-kb-untuk-pria.html…,2015-07-18T11:00:01.000Z,
twitter,Uji Coba Pil KB Pria http://sinarharapan.co/news/read/150714152/uji-coba-pil-kb-pria…,2015-07-15T11:03:53.000Z,
twitter,Uji Coba Pil KB Pria http://sinarharapan.co/news/read/150714152/uji-coba-pil-kb-pria…,2015-07-15T10:02:07.000Z,
twitter,Wanita yg mengonsumsi pil KB menjadi lebih tertarik dgn pria yg berwajah feminin dibandingkan pria yg berwajah maskulin. [huffingtonpost],2015-07-10T12:16:14.000Z,
twitter,"ga usah KB 
@TwitFAKTA
 Menyimpan ponsel di saku celana pria berisiko mandul yang disebabkan paparan radiasi ponsel sebesar 30 persen.",2015-07-09T23:44:29.000Z,
twitter,"Dari KB Hingga Diet, Ini 4 Macam Chip untuk Kesehatan Manusia http://dlvr.it/BRbWn0",2015-07-07T04:28:55.000Z,
twitter,Wanita yg mengonsumsi pil KB menjadi lebih tertarik dgn pria yg berwajah feminin dibandingkan pria yg berwajah maskulin. [huffingtonpost],2015-07-06T21:48:36.000Z,
twitter,"Walikota Jakarta Timur Motivator KB Pria, Layak Mendapat Penghargaan: SICOM-Warga rumah susun yang terbatas ru... http://bit.ly/1UspDWt",2015-07-06T16:54:26.000Z,
twitter,#Sharedikit Wanita yg mengonsumsi pil KB menjadi lebih tertarik dgn pria yg berwajah feminin dibandingkan pria yg berwajah maskulin. [huffi…,2015-07-06T15:38:03.000Z,
twitter,Wanita yg mengonsumsi pil KB menjadi lebih tertarik dgn pria yg berwajah feminin dibandingkan pria yg berwajah maskulin. [huffingtonpost] #…,2015-07-06T15:34:38.000Z,
twitter,Fakta Wanita yg mengonsumsi pil KB menjadi lebih tertarik dgn pria yg berwajah feminin dibandingkan pria yg berwajah maskulin.Huffingtonpost,2015-07-06T15:31:59.000Z,
twitter,Wanita yg mengonsumsi pil KB menjadi lebih tertarik dgn pria yg berwajah feminin dibandingkan pria yg berwajah maskulin. [huffingtonpost],2015-07-06T15:25:38.000Z,
twitter,Wanita yg mengonsumsi pil KB menjadi lebih tertarik dgn pria yg berwajah feminin dibandingkan pria yg berwajah maskulin. [huffingtonpost],2015-07-06T15:23:37.000Z,
twitter,Alat KB Gratis untuk Remaja di AS Turunkan Angka Aborsi Hingga 42 Persen http://dlvr.it/BR732l,2015-07-06T08:24:34.000Z,
twitter,Wanita yg mengonsumsi pil KB menjadi lebih tertarik dgn pria yg berwajah feminin dibandingkan pria yg berwajah maskulin. [huffingtonpost],2015-07-06T15:25:38.000Z,
twitter,Wanita yg mengonsumsi pil KB menjadi lebih tertarik dgn pria yg berwajah feminin dibandingkan pria yg berwajah maskulin. [huffingtonpost],2015-07-06T15:23:37.000Z,
twitter,Alat KB Gratis untuk Remaja di AS Turunkan Angka Aborsi Hingga 42 Persen http://dlvr.it/BR732l,2015-07-06T08:24:34.000Z,
twitter,"Konyol nih tapi lucuuu :v""
@MetroTipi
: Walaupun Tak Pernah Memasang KB, Namun Pria Ini Tak Pernah Hamil.""",2015-07-05T12:48:54.000Z,
twitter,"Motivator KB Pria Seluruh Indonesia - BKKBN - http://startc.co/pertemuan-peningkatan-peran-dan-kualitas-motivator-kb-pria-seluruh-indonesia-bkkbn/… @bkkbn_pusat 
@HumasBKKBN
 @agungfatwa
 @bbgstw 
@ariefb77
 @dijamnavi",2015-07-02T08:04:13.000Z,
twitter,Kasus yang terjadi juga terdapat pada pria yang salah minum obat. Pil KB  sangat efektif meningkatkan hormon estrogen-nya.,2015-06-27T00:41:10.000Z,
twitter,Wanita yg mengonsumsi pil KB menjadi lebih tertarik dgn pria yg berwajah feminin dibandingkan pria yg berwajah maskulin. [huffingtonpost],2015-06-24T10:30:04.000Z,
twitter,Sepatu Boots Pria Kickers ( KB  ) https://bukalapak.com/p/fashion/pria/sepatu-169/aadyp-jual-sepatu-boots-pria-kickers-kb?utm_source=twitter&utm_medium=sharelapak&utm_campaign=socmed…,2015-06-23T22:58:45.000Z,
twitter,Sepatu Boots Pria Kickers ( KB ) https://bukalapak.com/p/fashion/pria/sepatu-169/aadvm-jual-sepatu-boots-pria-kickers-kb?utm_source=twitter&utm_medium=sharelapak&utm_campaign=socmed…,2015-06-23T22:56:46.000Z,
twitter,"Sosialisasi pria ber KB kerjsama dg @bppkb_kotabdg cc@ridwankamil 
@OdedMD
 @yossiirianto
 @DiskominfoBdg
 @PemumBdg",2015-06-23T15:13:47.000Z,
twitter,"Sosialisasi dan pembentukan forum peningkatan peran pria dlm program KB 
@ridwankamil
 @bppkb_kotabdg 
@DiskominfoBdg",2015-06-23T06:18:58.000Z,
twitter,Sepatu Safety Boots Pria Kickers ( KB... https://bukalapak.com/p/fashion/pria/sepatu-169/a5qca-jual-sepatu-safety-boots-pria-kickers-kbp-028?utm_source=twitter&utm_medium=sharelapak&utm_campaign=socmed…,2015-06-21T16:11:34.000Z,
twitter,Sepatu Safety Boots Pria Kickers ( KB... https://bukalapak.com/p/fashion/pria/sepatu-169/a5q1p-jual-sepatu-safety-boots-pria-kickers-kbp-027?utm_source=twitter&utm_medium=sharelapak&utm_campaign=socmed…,2015-06-21T16:10:07.000Z,
twitter,Sepatu Safety Boots Pria Kickers ( KB... https://bukalapak.com/p/fashion/pria/sepatu-169/a5py4-jual-sepatu-safety-boots-pria-kickers-kbp-025?utm_source=twitter&utm_medium=sharelapak&utm_campaign=socmed…,2015-06-21T16:08:58.000Z,
twitter,Sepatu Boots Pria Kickers ( KB-020 ) https://bukalapak.com/p/fashion/pria/sepatu-169/a5poa-jual-sepatu-boots-pria-kickers-kb-020?utm_source=twitter&utm_medium=sharelapak&utm_campaign=socmed…,2015-06-21T15:59:09.000Z,
twitter,Sepatu Boots Pria Kickers ( KB ) https://bukalapak.com/p/fashion/pria/sepatu-169/a5pbm-jual-sepatu-boots-pria-kickers-kb?utm_source=twitter&utm_medium=sharelapak&utm_campaign=socmed…,2015-06-21T15:52:54.000Z,
twitter,Wanita yg mengonsumsi pil KB menjadi lebih tertarik dgn pria yg berwajah feminin dibandingkan pria yg berwajah maskulin. [huffingtonpost],2015-06-19T23:59:57.000Z,
twitter,Wanita yg mengonsumsi pil KB menjadi lebih tertarik dgn pria yg berwajah feminin dibandingkan pria yg berwajah maskulin. [huffingtonpost],2015-06-19T23:57:10.000Z,
twitter,Anggota Polisi Jadi Motivator KB Pria Andalan DIY: KULONPROGO – Anggota Polres Kulonprogo yang menjabat sebaga... http://bit.ly/1TA2D7k,2015-06-19T09:16:06.000Z,
twitter,"Wakili Propinsi Bali Kelompok KB Pria Buana Shanti Petang Diverifikasi Tim Pusat

            Peningkatan Indeks... http://fb.me/3OOyuDbMR",2015-06-17T01:37:14.000Z,
twitter,Wakili Propinsi Bali Kelompok KB Pria Buana Shanti Petang Diverifikasi Tim Pusat http://bit.ly/1HNRWJS,2015-06-16T09:15:56.000Z,
twitter,Wakili Propinsi Bali Kelompok KB Pria Buana Shanti Petang Diverifikasi Tim Pusat http://bit.ly/1MHw6XC #InfoBali,2015-06-16T09:15:54.000Z,
twitter,Wakili Propinsi Bali Kelompok KB Pria Buana Shanti Petang Diverifikasi Tim Pusat http://bit.ly/1HNRWJS,2015-06-16T09:15:50.000Z,
twitter,Wakili Propinsi Bali Kelompok KB Pria Buana Shanti Petang Diverifikasi Tim Pusat http://bit.ly/1MHw4Px,2015-06-16T09:15:44.000Z,
twitter,"Wakili Propinsi Bali Kelompok KB Pria Buana Shanti Petang Diverifikasi Tim Pusat: http://metrobali.com/2015/06/16/wakili-propinsi-bali-kelompok-kb-pria-buana-shanti-petang-diverifikasi-tim-pusat/… via 
@metrobali",2015-06-16T09:12:35.000Z,
twitter,Nagari Pancuang Taba optimis bisa juara lomba kelompok KB Pria tingkat nasional : http://sumbarpost.com/berita-2430-tim-penilai-kelompok-kb-pria-nasional-beri-nilai-plus-nagari-pancuang-taba-pessel.html…,2015-06-14T03:43:18.000Z,
twitter,Tim Penilai Lomba Kelompok KB Pria Nasional beri apresiasi untuk Sumbar : http://sumbarpost.com/berita-2430-tim-penilai-kelompok-kb-pria-nasional-beri-nilai-plus-nagari-pancuang-taba-pessel.html…,2015-06-13T17:10:17.000Z,
twitter,Akseptor Vaksetomi Di Gorontalo Meningkat: Jumlah akseptor Keluarga Berencana (KB) Medis Operasi Pria (MOP) at... http://bit.ly/1ScOxY0,2015-06-13T11:29:48.000Z,
twitter,Akseptor Vaksetomi Di Gorontalo Meningkat: Jumlah akseptor Keluarga Berencana (KB) Medis Operasi Pria (MOP) at... http://bit.ly/1TiQrYC,2015-06-13T11:27:21.000Z,
twitter,Tim Penilai Kelompok KB Pria Nasional Beri Nilai Plus Nagari Pancuang Taba Pessel : http://sumbarpost.com/berita-2430-tim-penilai-kelompok-kb-pria-nasional-beri-nilai-plus-nagari-pancuang-taba-pessel.html…,2015-06-13T06:03:44.000Z,
twitter,Tim Penilai Kelompok KB Pria Nasional Beri Nilai Plus Nagari Pancuang Taba Pessel http://bit.ly/1QTYozx,2015-06-13T02:29:11.000Z,
twitter,"Istri Pakai KB Spiral, Suami Mengeluh Bercinta Jadi Tak Tahan Lama http://dlvr.it/BBK0JY",2015-06-12T11:52:33.000Z,
twitter,"Akseptor KB Pria Masih Rendah
http://mediakalimantan.com/artikel-6553-akseptor-kb-pria-masih-rendah.html…",2015-06-12T08:18:30.000Z,
twitter,"Akseptor KB Pria Masih Rendah
http://mediakalimantan.com/artikel-6553-akseptor-kb-pria-masih-rendah.html…",2015-06-12T08:18:30.000Z,
twitter,"Walaupun Tak Pernah Memasang KB, Namun Seorang Pria Tak Pernah Hamil",2015-06-12T03:40:53.000Z,
twitter,"@audelovi
 hi mbak lia maaf baru jawab. Vasektomi itu metode kb pria dg cara memutus jalur perjalanan sperma dg operasi",2015-06-11T16:50:51.000Z,
twitter,#Berita #Terkini Kisah Polisi yang Gigih Kampanyekan KB untuk Pria: Anggota KB Pria Pandawa ... http://bit.ly/1FLzI6R via Tribun #Jogja,2015-06-11T15:05:02.000Z,
twitter,#beritainyangada Kisah Polisi yang Gigih Kampanyekan KB untuk Pria: Anggota KB Pria Pandawa ... http://bit.ly/1FLzI6R via Tribun #jogja,2015-06-11T15:04:59.000Z,
twitter,#jogja #update Kisah Polisi yang Gigih Kampanyekan KB untuk Pria: Anggota KB Pria Pandawa Desa Pengasih ... http://bit.ly/1FLzI6R #news,2015-06-11T15:04:52.000Z,
twitter,Kisah Polisi yang Gigih Kampanyekan KB untuk Pria http://j.mp/1C0R2TR,2015-06-11T14:38:52.000Z,
twitter,Kisah Polisi yang Gigih Kampanyekan KB untuk Pria: Anggota KB Pria Pandawa Desa Pengasih yang kini menjabat Ka... http://bit.ly/1FLzFYM,2015-06-11T14:29:44.000Z,
twitter,#InfoJogja Kisah Polisi yang Gigih Kampanyekan KB untuk Pria http://bit.ly/1FLzI6R,2015-06-11T14:29:40.000Z,
twitter,Kisah Polisi yang Gigih Kampanyekan KB untuk Pria http://dlvr.it/B9pPM2,2015-06-11T14:25:05.000Z,
twitter,#info Kisah Polisi yang Gigih Kampanyekan KB untuk Pria http://bit.ly/1FLzFYM #jogja #kulonprogo,2015-06-11T14:14:25.000Z,
twitter,Jogja Heboh!! Kisah Polisi yang Gigih Kampanyekan KB untuk Pria  http://goo.gl/Qc2QVz,2015-06-11T14:14:21.000Z,
twitter,Kisah Polisi yang Gigih Kampanyekan KB untuk Pria http://bit.ly/1FLzI6R,2015-06-11T14:14:20.000Z,
twitter,Kisah Polisi yang Gigih Kampanyekan KB untuk Pria http://bit.ly/1FLzFYM,2015-06-11T14:14:17.000Z,
twitter,Kisah Polisi yang Gigih Kampanyekan KB untuk Pria http://bit.ly/1FLzFYM,2015-06-11T14:14:15.000Z,
twitter,#KotaDjogja Kisah Polisi yang Gigih Kampanyekan KB untuk Pria http://bit.ly/1FLzFYM Via Tribun Djogja,2015-06-11T14:14:09.000Z,
twitter,Kisah Polisi yang Gigih Kampanyekan KB untuk Pria: Anggota KB Pria Pandawa Desa Pengasih yang kini menjabat Ka... http://bit.ly/1FLzFYM,2015-06-11T14:13:54.000Z,
twitter,#BeritaJogja Kisah Polisi yang Gigih Kampanyekan KB untuk Pria: Anggota KB Pria Pandawa Desa Pen... http://bit.ly/1FLzFYM [TribunJogja],2015-06-11T14:13:53.000Z,
twitter,17 Pria Ikut Program KB http://bit.ly/1KYrkEI,2015-06-11T09:39:34.000Z,
twitter,"KB Pria di Kota Batu Minim Peminat, Ini Langkah Yang Dilakukan BKKBN http://goo.gl/fb/C7HpDt #berita",2015-06-11T01:31:13.000Z,
twitter,"KB Pria di Kota Batu Minim Peminat, Ini Langkah Yang Dilakukan BKKBN: CATATAN HABRIAH, BATU - Jumlah peserta k... http://bit.ly/1HtpQmV",2015-06-11T01:31:05.000Z,
twitter,"Tekan Laju Penduduk, BPPKB Ngawi Mulai Garap Kelompok KB Pria http://bit.ly/1Gdw4oN",2015-06-10T11:46:08.000Z,
twitter,"Pria Peminat KB Operasi 119 Orang_baca 
@radarbatu
 cc@seputarmalang 
@infomalangraya
 @disparbatu
 @infobatu",2015-06-10T01:26:22.000Z,
twitter,KB MOP di Jaktim Kurang Peminat: Metode Operasi Pria (MOP) sebagai salah satu program Keluarga Berencana (KB) ... http://bit.ly/1QraXSE,2015-06-04T02:28:36.000Z,
twitter,Badan KB Sibolga Sosialisasikan KB Vasektomi Bagi Pria http://dlvr.it/B4vD5P,2015-06-03T12:05:13.000Z,
twitter,Badan KB Sibolga Sosialisasikan KB Vasektomi Bagi Pria http://dlvr.it/B4ts1y,2015-06-03T11:55:15.000Z,
twitter,pria hanya tersenyum dengan anggapan sebagai teman tapi terkadang wanita lebih cepat GR #KamusCewek,2015-06-02T13:37:57.000Z,
twitter,sebagian wanita menganggap punya shbt pria itu menyenangkan! Tp resiko terbesar adalah jadi cinta #KamusCewek,2015-06-02T04:30:12.000Z,
twitter,Jangan pernah menganggap wanita lebih rendah di banding pria. #KamusCewek,2015-06-01T20:16:40.000Z,
twitter,"Jadi pria jangan galau, jadi pria jangan lemah, karna nanti kamulah yg akan mendamaikan hati, melindungi &amp; menjaga istrimu",2015-06-01T18:40:12.000Z,
twitter,"Bagi cewek, kata ""maaf"" dari seorang pria adalah salah satu wujud bahwa pria itu mulai memahami perasaannya. :')",2015-06-01T14:37:54.000Z,
twitter,"Pada dasarnya Pria itu diciptakan bukanlah untuk menyakiti, tapi untuk melindungi &amp; menyayangi Wanita yg tulus mencintainya. #KamusCewek",2015-06-01T13:17:07.000Z,
twitter,"Wanita dewasa bukanlah dia yg ingin terlihat sempurna tuk semua pria, tapi dia yg ingin terlihat cantik tuk 1 pria yg dicintainya.",2015-06-01T10:46:50.000Z,
twitter,Pria kadang suka lupa sama wanita kalo ketemu hobi mereka. Dan wanita tidak suka akan itu #KamusCewek,2015-06-01T06:35:40.000Z,
twitter,Pria yang romantis dan humoris itu memiliki pesona yang manis bagi wanita.,2015-06-01T06:08:45.000Z,
twitter,Seorang pria sejati tdk bisa dikelabui oleh matanya. Seorang wanita sejati tdk bersembunyi dibalik penampilannya #KamusCewek,2015-06-01T05:48:34.000Z,
twitter,"Di Kalimantan Selatan, Jika Pria Ikut KB Dapat Rp 1 Juta http://berita-nusantara.com/2015/06/01/di-kalimantan-selatan-jika-pria-ikut-kb-dapat-rp-1-juta/…",2015-05-31T23:22:06.000Z,
twitter,"Di Kalimantan Selatan,  Jika Pria Ikut KB Dapat Rp 1 Juta http://bit.ly/1JcjDNT",2015-05-31T23:17:42.000Z,
twitter,"Slain wanita, pria jg hrus mjd pasangan yg pngertian biar wanita ny gk trgantung KB melulu",2015-05-31T14:14:40.000Z,
twitter,wanita tidak mudah menerima perasaan dari sembarang pria. #KamusCewek,2015-05-31T13:38:57.000Z,
twitter,Wanita adalah anugerah bagi pria. Hargailah pasangan Anda sebelum dihargai pria lain.,2015-05-31T09:23:16.000Z,
twitter,"PRIA IDAMAN: Dia yg sesungguhnya memiliki banyak pilihan, tapi memilih untuk cinta dan setia hanya kepadamu - Mario Teguh",2015-05-31T03:55:47.000Z,
twitter,"Jika pria di Kalsel ingin KB, gratis dan dikasih duit Rp 1 juta http://goo.gl/fb/Zps4wF #berita #headline",2015-05-31T02:24:57.000Z,
twitter,"Jika pria di Kalsel ingin KB, gratis dan dikasih duit Rp 1 juta: CATATAN HABRIAH -- Badan Pemberdayaan Perempu... http://bit.ly/1JaLldD",2015-05-31T02:24:56.000Z,
twitter,"Di Kalimantan Selatan, Jika Pria Ikut KB Dapat Rp 1 Juta http://berita-nusantara.com/2015/06/01/di-kalimantan-selatan-jika-pria-ikut-kb-dapat-rp-1-juta/…",2015-05-31T23:22:06.000Z,
twitter,"Di Kalimantan Selatan,  Jika Pria Ikut KB Dapat Rp 1 Juta http://bit.ly/1JcjDNT",2015-05-31T23:17:42.000Z,
twitter,"Slain wanita, pria jg hrus mjd pasangan yg pngertian biar wanita ny gk trgantung KB melulu",2015-05-31T14:14:40.000Z,
twitter,wanita tidak mudah menerima perasaan dari sembarang pria. #KamusCewek,2015-05-31T13:38:57.000Z,
twitter,Wanita adalah anugerah bagi pria. Hargailah pasangan Anda sebelum dihargai pria lain.,2015-05-31T09:23:16.000Z,
twitter,"PRIA IDAMAN: Dia yg sesungguhnya memiliki banyak pilihan, tapi memilih untuk cinta dan setia hanya kepadamu - Mario Teguh",2015-05-31T03:55:47.000Z,
twitter,"Jika pria di Kalsel ingin KB, gratis dan dikasih duit Rp 1 juta http://goo.gl/fb/Zps4wF #berita #headline",2015-05-31T02:24:57.000Z,
twitter,"Jika pria di Kalsel ingin KB, gratis dan dikasih duit Rp 1 juta: CATATAN HABRIAH -- Badan Pemberdayaan Perempu... http://bit.ly/1JaLldD",2015-05-31T02:24:56.000Z,
twitter,"wanita tidak butuh uang,wanita hanya butuh kasih sayang yg tulus dari seorang pria yg ia cintai #KamusCewek",2015-05-30T22:01:24.000Z,
twitter,"Jika pria di Kalsel ingin KB, gratis dan dikasih duit Rp 1 juta http://bit.ly/1GcolKW",2015-05-30T18:54:49.000Z,
twitter,"Jika pria di Kalsel ingin KB, gratis dan dikasih duit Rp 1 juta:  http://bit.ly/1BwW22j",2015-05-30T17:16:23.000Z,
twitter,"Jika pria di Kalsel ingin KB, gratis dan dikasih duit Rp 1 juta http://dlvr.it/B2Cg5b",2015-05-30T17:01:14.000Z,
twitter,"[BP] Jika pria di Kalsel ingin KB, gratis dan dikasih duit Rp 1 juta http://dlvr.it/B2Cg8w",2015-05-30T17:01:08.000Z,
twitter,"Selain Gratis, Pemasang KB Pria di Tabalong Juga Diberi Duit Rp1 Juta | Sulawesi -Bisnis.com http://sulawesi.bisnis.com/read/20150530/10/189178/selain-gratis-pemasang-kb-pria-di-tabalong-juga-diberi-duit-rp1-juta#.VWnBcfZCq3s.twitter… via 
@Bisniscom",2015-05-30T13:56:10.000Z,
twitter,Pria kuat ada pada kesabarannya.,2015-05-30T13:14:16.000Z,
twitter,pria hanya tersenyum dengan anggapan sebagai teman tapi terkadang wanita lebih cepat GR #KamusCewek,2015-05-30T11:55:46.000Z,
twitter,"Berani melamar, itulah sikap pria sejati. Jangan tolak lagi tuh pria, ia benar-benar pujaan #siiip",2015-05-30T07:40:04.000Z,
twitter,"Selain Gratis, Pemasang KB Pria di Tabalong Juga Diberi Duit Rp1 Juta http://dlvr.it/B1ydyt",2015-05-30T07:16:09.000Z,
twitter,"Selain Gratis, Pemasang KB Pria di Tabalong Juga Diberi Duit Rp1 Juta http://sulawesi.bisnis.com/read/20150530/10/189178/selain-gratis-pemasang-kb-pria-di-tabalong-juga-diberi-duit-rp1-juta?utm_source=dlvr.it&utm_medium=twitter&dlvrit=1252155…",2015-05-30T06:47:15.000Z,
twitter,Faktor Psikologis Sebabkan Rendahnya Partisipasi Pria Ikut KB http://dlvr.it/B00z0L,2015-05-27T13:46:06.000Z,
twitter,wanita yang bersih dan wangi juga menjadi wanita yang disenangi pria #KamusCewek,2015-05-27T10:56:09.000Z,
twitter,Cewek yang lagi broken itu rentan ditikung. Jangan membuat wanitamu menangis sebelum ada pria lain yang menghapus air matanya.,2015-05-27T09:19:42.000Z,
twitter,"Dompet Pria Bovis Khiar Hitam
KODE BARANG  
KB-DO002
HARGA  
Rp.100.000,-
SMS/WA  
0812-8619-0206
PIN BB  53BA8D46 http://fb.me/2KMjQh6Pv",2015-05-27T05:51:03.000Z,
twitter,"""
@infoLengkap
: Wanita yg mengonsumsi pil KB menjadi lebih tertarik dgn pria yg berwajah feminin (cont) http://wl.gs/kO7NF",2015-05-27T05:33:03.000Z,
twitter,"Ohh No !! :D RT 
@infoLengkap
: Wanita yg mengonsumsi pil KB menjadi lebih tertarik dgn pria yg berwajah ... http://m.tmi.me/1f4PR5",2015-05-27T05:01:20.000Z,
twitter,Wanita yg mengonsumsi pil KB menjadi lebih tertarik dgn pria yg berwajah feminin dibandingkan pria yg berwajah maskulin. [huffingtonpost],2015-05-27T03:49:08.000Z,
twitter,Wanita yg mengonsumsi pil KB menjadi lebih tertarik dgn pria yg berwajah feminin dibandingkan pria yg berwajah maskulin. [huffingtonpost],2015-05-27T03:48:24.000Z,
twitter,Wanita yg mengonsumsi pil KB menjadi lebih tertarik dgn pria yg berwajah feminin dibandingkan pria yg berwajah maskulin. [huffingtonpost],2015-05-27T03:47:57.000Z,
twitter,Wanita yg mengonsumsi pil KB menjadi lebih tertarik dgn pria yg berwajah feminin dibandingkan pria yg berwajah maskulin. [huffingtonpost],2015-05-27T03:46:36.000Z,
twitter,Wanita yg mengonsumsi pil KB menjadi lebih tertarik dgn pria yg berwajah feminin dibandingkan pria yg berwajah maskulin. [huffingtonpost],2015-05-27T03:41:11.000Z,
twitter,Wanita yg mengonsumsi pil KB menjadi lebih tertarik dgn pria yg berwajah feminin dibandingkan pria yg berwajah maskulin. [huffingtonpost],2015-05-27T03:41:10.000Z,
twitter,Wanita yg mengonsumsi pil KB menjadi lebih tertarik dgn pria yg berwajah feminin dibandingkan pria yg berwajah maskulin. [huffingtonpost],2015-05-27T03:35:53.000Z,
twitter,Sosialisasi Program Beasiswa Kuliah Bagi Putra-Putri KB AD http://bit.ly/1GChPeW,2015-05-27T03:00:42.000Z,
twitter,"Pria akan merasa ""harga dirinya"" hilang saat wanita meremehkan pria tersebut dgn masalah uang, jabatan dan seksualtas. #TipsBercinta",2015-05-26T22:13:33.000Z,
twitter,pria hanya tersenyum dengan anggapan sebagai teman tapi terkadang wanita lebih cepat GR #KamusCewek,2015-05-26T22:11:18.000Z,
twitter,Seorang pria akan selalu memuliakan istrinya sebagaimana ia memuliakan ibunya - mario teguh,2015-05-26T19:56:42.000Z,
twitter,"Bagi wanita, menjadi hal yang benar-benar membosankan ketika seorang pria selalu mengumbar janji. #KamusCewek",2015-05-26T18:49:24.000Z,
twitter,Peserta KB Pria di Sukabumi Rendah http://bit.ly/1LFUyJ7,2015-05-26T17:01:17.000Z,
twitter,Peserta KB Pria di Sukabumi Rendah - Republika Online http://bit.ly/1FUr4bJ,2015-05-26T16:08:42.000Z,
twitter,puisi #sayang Peserta KB Pria di Sukabumi Rendah http://bit.ly/1FUji1D terbaru,2015-05-26T15:31:11.000Z,
twitter,Peserta KB Pria di Sukabumi Rendah http://dlvr.it/9zKvWQ,2015-05-26T15:30:36.000Z,
twitter,Peserta KB Pria di Sukabumi Rendah http://dlvr.it/9zKqMh,2015-05-26T15:30:34.000Z,
twitter,Peserta KB Pria di Sukabumi Rendah http://dlvr.it/9zKvWQ,2015-05-26T15:30:36.000Z,
twitter,Peserta KB Pria di Sukabumi Rendah http://dlvr.it/9zKqMh,2015-05-26T15:30:34.000Z,
twitter,Peserta KB Pria di Sukabumi Rendah http://dlvr.it/9zKnKn,2015-05-26T15:30:27.000Z,
twitter,Peserta KB Pria di Sukabumi Rendah http://dlvr.it/9zKrZx,2015-05-26T15:30:25.000Z,
twitter,Peserta KB Pria di Sukabumi Rendah http://rol.co.id/r/noyhuy,2015-05-26T15:27:01.000Z,
twitter,Badan KB Dan PP Sibolga Adakan Sosialisasi Bagi Pria Vasektomi http://dlvr.it/9zJ0zJ,2015-05-26T14:30:10.000Z,
twitter,Wanita lama dalam mengambil keputusan. Tapi jauh lebih konsisten dibanding pria jika dia telah memutuskan,2015-05-26T11:00:35.000Z,
twitter,Gadis Ini Meninggal Gara-gara Pakai Pil KB untuk Lancarkan Haid http://dlvr.it/9z7F4N,2015-05-26T09:37:40.000Z,
twitter,"Bagi wanita, menjadi hal yang benar-benar membosankan ketika seorang pria selalu mengumbar janji. #KamusCewek",2015-05-26T07:38:45.000Z,
twitter,terkadang wanita gengsi untuk menyatakan perasaannya pada pria. #KamusCewek,2015-05-25T22:38:13.000Z,
twitter,"pria bersikap cuek,karena mereka ingin membuat kita menjadi serba salah #KamusCewek",2015-05-25T20:39:18.000Z,
twitter,pria sebaiknya bersikap lebih sabar dan juga tegas kpd wanita #KamusCewek,2015-05-25T17:33:06.000Z,
twitter,Wali Kota Tomohon Minta Dukungan Pria Kaum Bapa: P/KB GMIM di Wilayah Tomohon Tiga memperingati Hari Pentakost... http://bit.ly/1LBwuXL,2015-05-25T12:18:49.000Z,
twitter,"pria bersikap cuek,karena mereka ingin membuat kita menjadi serba salah #KamusCewek",2015-05-25T12:05:49.000Z,
twitter,"Miss V Jadi Kering Saat Gunakan KB Suntik, Bagaimana Solusinya? http://dlvr.it/9yVN70",2015-05-25T11:48:05.000Z,
twitter,"Bila seorang pria tidak menghormati ibu kandungnya, apalagi istrinya.",2015-05-25T07:36:41.000Z,
twitter,sebagian wanita menganggap punya shbt pria itu menyenangkan! Tp resiko terbesar adalah jadi cinta #KamusCewek,2015-05-24T20:12:36.000Z,
twitter,"Kestabilan emosi pada seorang pria. Itulah salah satu yang didamkan wanita. Milikilah, dan berbahagialah...",2015-05-24T11:25:26.000Z,
twitter,sebagian wanita menganggap punya shbt pria itu menyenangkan! Tp resiko terbesar adalah jadi cinta #KamusCewek,2015-05-24T08:10:18.000Z,
twitter,pria hanya tersenyum dengan anggapan sebagai teman tapi terkadang wanita lebih cepat GR #KamusCewek,2015-05-24T07:09:45.000Z,
twitter,"PRIA IDAMAN: Dia yang sesungguhnya memiliki banyak pilihan, tapi memilih untuk cinta dan setia hanya kepadamu - Mario Teguh",2015-05-24T04:10:21.000Z,
twitter,Wanita yg mengonsumsi pil KB menjadi lebih tertarik dgn pria yg berwajah feminin dibandingkan pria yg berwajah maskulin. [huffingtonpost],2015-05-24T04:08:17.000Z,
twitter,Wanita yg mengonsumsi pil KB menjadi lebih tertarik dgn pria yg berwajah feminin dibandingkan pria yg berwajah maskulin. [huffingtonpost],2015-05-24T03:57:35.000Z,
twitter,Wanita yg mengonsumsi pil KB menjadi lebih tertarik dgn pria yg berwajah feminin dibandingkan pria yg berwajah maskulin. [huffingtonpost],2015-05-24T03:56:30.000Z,
twitter,Wanita yg mengonsumsi pil KB menjadi lebih tertarik dgn pria yg berwajah feminin dibandingkan pria yg berwajah maskulin. [huffingtonpost],2015-05-24T03:52:31.000Z,
twitter,Wanita yg mengonsumsi pil KB menjadi lebih tertarik dgn pria yg berwajah feminin dibandingkan pria yg berwajah maskulin. [huffingtonpost],2015-05-24T03:52:30.000Z,
twitter,Wanita yg mengonsumsi pil KB menjadi lebih tertarik dgn pria yg berwajah feminin dibandingkan pria yg berwajah maskulin. [huffingtonpost],2015-05-24T03:39:05.000Z,
twitter,wanita tidak mudah menerima perasaan dari sembarang pria. #KamusCewek,2015-05-23T20:17:06.000Z,
twitter,pria hanya tersenyum dengan anggapan sebagai teman tapi terkadang wanita lebih cepat GR #KamusCewek,2015-05-23T19:36:43.000Z,
twitter,"PRIA IDAMAN: Dia yang sesungguhnya memiliki banyak pilihan, tapi memilih untuk cinta dan setia hanya kepadamu - Mario Teguh",2015-05-23T18:42:53.000Z,
twitter,Wanita cenderung merasa bersalah sedangkan pria cenderung mengungkapkan amarah. #KamusCewek,2015-05-23T17:35:35.000Z,
twitter,"Pria yang mencintaimu pasti tak akan menyetujui perpisahan, kecuali jika untuk kebaikan kalian.",2015-05-23T09:07:41.000Z,
twitter,"Pria sejati itu berkomitmen, bukan hanya berjanji. Wanita sejati itu menghargai, bukan hanya menuntut",2015-05-23T08:31:48.000Z,
twitter,wanita yang bersih dan wangi juga menjadi wanita yang disenangi pria#KamusCewek,2015-05-23T08:00:25.000Z,
twitter,pria sebaiknya bersikap lebih sabar dan juga tegas kpd wanita #KamusCewek,2015-05-23T02:57:38.000Z,
twitter,"Gandeng TNI Tekan Angka Kelahiran, BKKBN Punya Tambahan Penyuluh KB http://dlvr.it/9wywtY",2015-05-23T02:06:04.000Z,
twitter,"Galakkan KB, Panglima TNI: TNI Harus Beri Contoh Punya 2 Anak Cukup http://dlvr.it/9wVDVj",2015-05-22T10:28:18.000Z,
twitter,Efek Bila Tidak Mengganti KB Spiral Lebih dari 1 Tahun? http://dlvr.it/9wRQ1G,2015-05-22T08:54:06.000Z,
twitter,pria hanya tersenyum dengan anggapan sebagai teman tapi terkadang wanita lebih cepat GR #KamusCewek,2015-05-22T07:01:53.000Z,
twitter,"Ah masa sih hahahha""
@TwitFAKTA
: Wanita yg mengonsumsi pil KB menjadi lebih tertarik dgn pria yg berwajah feminin dibandingkan pria yg berwa",2015-05-22T04:09:52.000Z,
twitter,Wanita paling keren adalah yang gak menjadikan air mata sebagai senjata agar dikasihani pria.,2015-05-22T02:57:23.000Z,
twitter,Semua wanita menginginkan pria yang mencintai mereka sepenuh hati#KamusCewek,2015-05-22T00:27:06.000Z,
twitter,bagi pria itu wajar tapi bagi wanita itu memberikan harapan #KamusCewek,2015-05-21T23:31:01.000Z,
twitter,"""
@MetroTipi
: Walaupun Tak Pernah Memasang KB, Namun Pria Ini Tak Pernah Hamil.""",2015-05-20T14:00:02.000Z,
twitter,Komisi P/KB GMIM Mantapkan Program Pelayanan 2015: Komisi Pria/Kaum Bapa Sinode GMIM terus menunjukan komitmen... http://bit.ly/1R2al8h,2015-05-20T04:51:47.000Z,
twitter,"Wanita yang baik adalah, wanita yang dicintai banyak pria, namun hanya mencintai satu pria.",2015-05-15T23:10:48.000Z,
twitter,"Pria sejati itu berkomitmen, bukan hanya berjanji. Wanita sejati itu menghargai, bukan hanya menuntut",2015-05-15T18:34:40.000Z,
twitter,wanita tidak mudah menerima perasaan dari sembarang pria. #KamusCewek,2015-05-15T11:32:27.000Z,
twitter,pria hanya tersenyum dengan anggapan sebagai teman tapi terkadang wanita lebih cepat GR #KamusCewek,2015-05-15T03:27:40.000Z,
twitter,wanita menginginkan pria yang penuh dengan kejutan dan memiliki inisiatif tinggi #KamusCewek,2015-05-15T03:18:41.000Z,
twitter,terkadang wanita gengsi untuk menyatakan perasaannya pada pria. #KamusCewek,2015-05-14T19:02:34.000Z,
twitter,Pria yang romantis dan humoris itu memiliki pesona yang manis bagi wanita.,2015-05-14T17:48:28.000Z,
twitter,Wanita dpt tersenyum kpd banyak pria. Namun hanya kpd satu pria ia dapat berbagi air matanya. #KamusCewek,2015-05-14T17:12:35.000Z,
twitter,3 tipe wanita yang disukai pria : 1.murah senyum 2.pendengar yang baik 3.feminin #KamusCewek,2015-05-14T16:05:05.000Z,
twitter,"Pria yang mencintaimu (harusnya) tak segan bilang rindu, tak gengsi bilang cinta, tak mikir panjang bilang cemburu.",2015-05-14T13:50:31.000Z,
twitter,"Pria yang mencintaimu (harusnya) tak segan bilang rindu, tak gengsi bilang cinta, tak mikir panjang bilang cemburu.",2015-05-14T05:47:54.000Z,
twitter,Wanita dpt tersenyum kpd banyak pria. Namun hanya kpd satu pria ia dapat berbagi air matanya. #KamusCewek,2015-05-14T17:12:35.000Z,
twitter,3 tipe wanita yang disukai pria : 1.murah senyum 2.pendengar yang baik 3.feminin #KamusCewek,2015-05-14T16:05:05.000Z,
twitter,"Pria yang mencintaimu (harusnya) tak segan bilang rindu, tak gengsi bilang cinta, tak mikir panjang bilang cemburu.",2015-05-14T13:50:31.000Z,
twitter,"Pria yang mencintaimu (harusnya) tak segan bilang rindu, tak gengsi bilang cinta, tak mikir panjang bilang cemburu.",2015-05-14T05:47:54.000Z,
twitter,wanita yang bersih dan wangi juga menjadi wanita yang disenangi pria #KamusCewek,2015-05-14T00:06:49.000Z,
twitter,"wanita mempunyai sifat yg lebih halus, lebih lembut dan lebih peka di bandingkan pria #KamusCewek",2015-05-13T17:56:16.000Z,
twitter,pria hanya tersenyum dengan anggapan sebagai teman tapi terkadang wanita lebih cepat GR #KamusCewek,2015-05-13T16:53:27.000Z,
twitter,"Wanita suka diperjuangkan, Sedangkan Pria suka perjuangannya dihargai! #KamusCewek",2015-05-13T14:40:54.000Z,
twitter,Pemprov Jabar Re-cheking Juara KB Pria Kota Banjar http://harapanrakyat.com/2015/05/pemprov-jabar-re-cheking-juara-kb-pria-kota-banjar/…,2015-05-13T07:33:53.000Z,
twitter,Pemprov Jabar Re-cheking Juara KB Pria Kota Banjar http://bit.ly/1EAKEUy,2015-05-13T07:20:48.000Z,
twitter,Pemprov Jabar Re-cheking Juara KB Pria Kota Banjar - Harapan Rakyat Online http://bit.ly/1RCK2GV,2015-05-13T06:46:32.000Z,
twitter,Pemkot Jakbar Galakan Program KB Pria http://barat.jakarta.go.id/v10/?page=Berita&id=2059…,2015-05-13T02:39:04.000Z,
twitter,"pria bersikap cuek,karena mereka ingin membuat kita menjadi serba salah #KamusCewek",2015-05-13T02:09:03.000Z,
twitter,"Wanita suka diperjuangkan, pria suka perjuangannya dihargai.",2015-05-12T20:32:26.000Z,
twitter,bagi pria itu wajar tapi bagi wanita itu memberikan harapan #KamusCewek,2015-05-12T17:30:31.000Z,
twitter,"Apkh itu yg trjdi shngga era 80an cowonya cantik2 :* ""
@infoLengkap
: Wanita yg mengonsumsi pil KB mnjdi lbh trtarik dgn pria yg berwajah",2015-05-09T16:47:25.000Z,
twitter,Wanita yg mengonsumsi pil KB menjadi lebih tertarik dgn pria yg berwajah feminin dibandingkan pria yg berwajah maskulin. [huffingtonpost],2015-05-09T12:57:36.000Z,
twitter,Wanita yg mengonsumsi pil KB menjadi lebih tertarik dgn pria yg berwajah feminin dibandingkan pria yg berwajah maskulin. [huffingtonpost],2015-05-09T12:56:26.000Z,
twitter,Wanita yg mengonsumsi pil KB menjadi lebih tertarik dgn pria yg berwajah feminin dibandingkan pria yg berwajah maskulin. [huffingtonpost],2015-05-09T12:56:13.000Z,
twitter,Wanita yg mengonsumsi pil KB menjadi lebih tertarik dgn pria yg berwajah feminin dibandingkan pria yg berwajah maskulin. [huffingtonpost],2015-05-09T12:56:11.000Z,
twitter,Wanita yg mengonsumsi pil KB menjadi lebih tertarik dgn pria yg berwajah feminin dibandingkan pria yg berwajah maskulin. [huffingtonpost],2015-05-09T12:54:00.000Z,
twitter,Wanita yg mengonsumsi pil KB menjadi lebih tertarik dgn pria yg berwajah feminin dibandingkan pria yg berwajah maskulin. [huffingtonpost],2015-05-09T12:51:05.000Z,
twitter,Wanita yg mengonsumsi pil KB menjadi lebih tertarik dgn pria yg berwajah feminin dibandingkan pria yg berwajah maskulin. [huffingtonpost],2015-05-09T12:51:05.000Z,
twitter,Wanita yg mengonsumsi pil KB menjadi lebih tertarik dgn pria yg berwajah feminin dibandingkan pria yg berwajah maskulin. [huffingtonpost],2015-05-09T12:51:04.000Z,
twitter,Wanita yg mengonsumsi pil KB menjadi lebih tertarik dgn pria yg berwajah feminin dibandingkan pria yg berwajah maskulin. [huffingtonpost],2015-05-09T12:56:26.000Z,
twitter,Wanita yg mengonsumsi pil KB menjadi lebih tertarik dgn pria yg berwajah feminin dibandingkan pria yg berwajah maskulin. [huffingtonpost],2015-05-09T12:56:13.000Z,
twitter,Wanita yg mengonsumsi pil KB menjadi lebih tertarik dgn pria yg berwajah feminin dibandingkan pria yg berwajah maskulin. [huffingtonpost],2015-05-09T12:56:11.000Z,
twitter,Wanita yg mengonsumsi pil KB menjadi lebih tertarik dgn pria yg berwajah feminin dibandingkan pria yg berwajah maskulin. [huffingtonpost],2015-05-09T12:54:00.000Z,
twitter,Wanita yg mengonsumsi pil KB menjadi lebih tertarik dgn pria yg berwajah feminin dibandingkan pria yg berwajah maskulin. [huffingtonpost],2015-05-09T12:51:05.000Z,
twitter,Wanita yg mengonsumsi pil KB menjadi lebih tertarik dgn pria yg berwajah feminin dibandingkan pria yg berwajah maskulin. [huffingtonpost],2015-05-09T12:51:05.000Z,
twitter,Wanita yg mengonsumsi pil KB menjadi lebih tertarik dgn pria yg berwajah feminin dibandingkan pria yg berwajah maskulin. [huffingtonpost],2015-05-09T12:51:04.000Z,
twitter,Wanita yg mengonsumsi pil KB menjadi lebih tertarik dgn pria yg berwajah feminin dibandingkan pria yg berwajah maskulin. [huffingtonpost],2015-05-09T12:50:35.000Z,
twitter,Wanita yg mengonsumsi pil KB menjadi lebih tertarik dgn pria yg berwajah feminin dibandingkan pria yg berwajah maskulin. [huffingtonpost],2015-05-09T12:43:29.000Z,
twitter,Kepesertaan KB Pria Terus Digenjot - http://krjogja.com/read/259612/kepesertaan-kb-pria-terus-digenjot.kr…,2015-05-09T00:07:11.000Z,
twitter,#ifakta Partisipasi pria dukung Program KB dikuatkan http://bit.ly/1EgFWeh,2015-05-08T10:37:24.000Z,
twitter,"TERMURAAH !!!
Sepatu Pria - Boots Dr Faris Low
CUMA Rp. 210.000
klik: http://inisepatumurah.com/product/1069-drfaris-low-202-camel-ibc…
Kb Nanas",2015-05-07T05:17:35.000Z,
twitter,"RT 
@YukPintar
: Wanita yg mengonsumsi pil KB menjadi lebih tertarik dgn pria yg berwajah feminin (cont) http://wl.gs/ZreNF",2015-05-06T23:56:22.000Z,
twitter,#JogjaUpdate Kecamatan Sanden saat ini mungkin identik dengan KB Pria. Gaung keberhasilan KB Pria in...,2015-05-05T14:21:42.000Z,
twitter,Takokak Kontrasepsi Alami Pria: Pemakaian kontrasepsi untuk Program Keluarga Berencana (KB) tidak melulu menja... http://bit.ly/1bZKjTr,2015-05-05T08:14:07.000Z,
twitter,"FREE ONGKIR !!!
Sepatu Pria - Headway Footwear
CUMA Rp. 215.000
klik: http://inisepatumurah.com/product/69-headway-priority-brown…
Kb Nanas",2015-05-05T03:19:08.000Z,
twitter,"TERMURAAH !!!
Sepatu Pria - Boots Dr Faris
CUMA Rp. 220.000
klik: http://inisepatumurah.com/product/1017-drfaris-boots-402-maroon-swd…
Kb Nanas",2015-05-05T03:08:30.000Z,
twitter,"TERMURAAH !!!
Sepatu Pria - Boots Dr Faris
CUMA Rp. 220.000
klik: http://inisepatumurah.com/product/1026-drtracker-navy-ibc…
Kb Nanas",2015-05-05T02:28:41.000Z,
twitter,"KB Pria “Pandawa” Pengasih, Maju ke DIY: KULONPROGO – Kelompok Keluarga Berencana (KB) Pria, Pandawa dari Desa... http://bit.ly/1bTwiXq",2015-05-04T01:04:40.000Z,
twitter,"Qkqkkqkqkqkq RT 
@IdkuX3
: @jaseem_protes Pil KB Pria Tingkatkan Libido ?, baca deh http://wartakesehatan.com/48912/pil-kb-pria-tingkatkan-libido…",2015-05-01T23:24:10.000Z,
twitter,Wanita yg mengonsumsi pil KB menjadi lebih tertarik dgn pria yg berwajah feminin dibandingkan pria yg berwajah maskulin. [huffingtonpost],2015-05-01T20:58:06.000Z,
