platform,komentar,timestamp,sentimen
twitter,"Gak ada ceritanya angkur copot! Kami pakai chemical terbaik dari Hilti
Hubungi 0812 6060 2997
#jasapasangangkur #chemicalhilti #aplikatorhilti #SelamatHariBuruh #vasektomi #MediaTempoPengkhianatBangsa",2025-04-30T23:44:01.000Z,
twitter,"tapi dia bener kok jelas solusinya vasektomi, vasektomi juga gak sembarangan, kan ada syaratnya kak, memang bener hak mereka mau punya anak berapa tapi diliat juga kan ekonominya apa mampu dengan terus2an bikin anak tapi kebutuhannya tidak tercukupi dan jadilah stunting",2025-04-30T23:43:52.000Z,
twitter,Ya makanya kalo bisa jgn kasih pilihan utk bansos biar mereka jg bisa mikir utk kerja. Mau vasektomi jg trs anaknya pada ngandelin bansos jg sampe gede? Kapan putus rantai kemiskinan nya dong? Dan ya lapangan kerja ada tapi syarat min pengalaman syarat umur dg gaji ga ngotak,2025-04-30T23:43:32.000Z,
twitter,"Sederhana gigilu bau jigong.. mencegah kemiskinan ada bnyak cara, malah dipilih vasektomi... Kalo angkat rahim gimana?? Biar lu perempuan mandul juga mau??",2025-04-30T23:43:09.000Z,
twitter,Masih mending vasektomi karena kalo gua jadi beliau gua suruh potong titit,2025-04-30T23:42:34.000Z,
twitter,"emang gaadil sejak dalam pikiran, setuju gara² itu cowok aja. mendorong vasektomi bagus, tapi memaksakan jangan permah didukung. mau vasektomi, KB, tubektomi jangan pernah setuju kalo dipaksakan apalagi dikaitkan bansos",2025-04-30T23:39:12.000Z,
twitter,"Vasektomi -> Haram

Kelar",2025-04-30T23:39:04.000Z,
twitter,Standar ganda sekali. Menggalakkan vasektomi tapi menghalangi sex edu.,2025-04-30T23:38:11.000Z,
twitter,"Benerr, liat bayi dikasih kental manis buat pengganti susu ini gk cuma satu atau dua kasus aja
Ada banyak anak yg blm genep setaun tapi mamanya udh hamil lagi karena gak boleh kb atau lakinya gk mau vasektomi",2025-04-30T23:37:04.000Z,
twitter,"Lebih jahat kalau membiarkan 1 pasangan anaknya lebih dari 8, semuanya ga ada yg jadi orang berhasil, hutang sana sini trus, kaya tetangga saya. Sini ke kampung di jabar banyak, kalo mau lihat. Ini kan ga papa punya anak tapi maks 2,setelah itu vasektomi ayahnya.",2025-04-30T23:36:52.000Z,
twitter,Ini bikin dilema. Di satu sisi aku setuju sama statement ini tapi di satu sisi aku setuju soal program vasektomi. Yah emang akar dasarnya salah satunya pendidikan dan pemerenta kita tidak peduli soal itu ,2025-04-30T23:36:11.000Z,
twitter,"et dah, timeline masih banyak noise. 

gw mute sekalian dah kata jabar, pria, laki-laki, vasektomi, sterilization",2025-04-30T23:36:05.000Z,
twitter,"because KB IS a choice and vasektomi should be a choice too! pemberian sembako itu kewajiban negara tanpa syarat, kalau pemberian sembako dengan syarat harus vasektomi itu secara tidak langsung pembasmian masyarakat miskin (secara literal) ",2025-04-30T23:35:42.000Z,
twitter,"Kocak lu tolol, lu pikir vasektomi tuh titit nya ditebas????",2025-04-30T23:35:19.000Z,
twitter,Kata Kunci hari ini adalah VASEKTOMi,2025-04-30T23:35:15.000Z,
twitter,"Kayanya vasektomi bukan hal yang  bakal diterima dengan mudah oleh negara ini. 
Tapi bisa beralih ke yang wajib dapat bansos atau diprioritaskan adalah yang memiliki anak 2 dan  merupakan istri pertama.",2025-04-30T23:35:04.000Z,
twitter,Pro ada program vasektomi sebagai program kb baru,2025-04-30T23:33:44.000Z,
twitter,"Dengan Vasektomi itu membantu banget mengurangi beban hidup istri sama masa depan anak lu juga . Lu cuma disuruh KB bukan disuruh potong titit , dari jaman gua kecil banyak ibu ibu KB tapi ga berisik kek laki . Lah ini laki disuruh KB berisik ngalahin perempuan-_-",2025-04-30T23:33:19.000Z,
twitter,"Warga X ini bebal², dikasitau yg bener malah menghujat... 
Diharuskan vasektomi spya anak lu keurus, gak mikir lu tiap ng3nt0t beranak mulu tp anak lu gak keurus? 
Punya bnyk anak trs ekonomi sulit ujung²nya nyalahin pemerintah mulu lu SDM Rendah!!!",2025-04-30T23:33:16.000Z,
twitter,"Nahh ini, tapi org2 kyk gtu ngecounter nya pake kalimat “kb dan vasektomi itu haram”
Giliran anak banyak tp gk bertanggung jawab dan gapunya penghasilan lalu hidup susah malaj nyalahin pemerintah aja. 🫩",2025-04-30T23:32:53.000Z,
twitter,Dari sekian banyak KB buat laki2 kenapa milih vasektomi?,2025-04-30T23:32:45.000Z,
twitter,"1. kerjasama sama militer 
2. pemerataan sudah mulai dilakukan dengan lomba antar desa, setiap desa di Jawa Barat akan diperlihatkan mana yang terbaik dan terburuk (rapat yang sama dengan rapat vasektomi)
3. dana hibah pesantren dipotong, disalurkan ke sekolah dan madrasah jelek.",2025-04-30T23:32:45.000Z,
twitter,"Lu yg pake logika, hanya karna lu miskin dan butuh bantuan trus lu harus vasektomi???... kalo bantu ya bantu aja Jing... Besok2 KLO Nerima bansos harus angkat rahim  boleh juga dong???",2025-04-30T23:32:00.000Z,
twitter,"dari respon orang tentang kebijakan vasektomi ini aku selalu berharap jangan sampe aku jadi fasis, kalo udah melenceng dikit semoga cepet tercerahkan, ga keras kepala",2025-04-30T23:31:58.000Z,
twitter,"orang kok pada salah tangkep soal vasektomi. itu kan kaga ada pemaksaan njir

bener2 dah masyrakatnya ini kaga ketolong",2025-04-30T23:31:46.000Z,
twitter,"Ckck gw ngomong gini karena kalian itu pada ga liat realita, kebanyakan bapak-bapak apalagi di desa kalo ga diiming-imingi sesuatu ga bakal mau ngelakuin, boro-boro ngelakuin, vasektomi aja mereka belum tentu mau tahu. Selama ini yg berkorban buat kb kebanyakan ibu²",2025-04-30T23:30:42.000Z,
twitter,"Ready vcs cs cek bio 

Panen raya nyetrika selamat hari buruh 23 tahun pks vasektomi 1 juta berita tempo",2025-04-30T23:30:27.000Z,
twitter,"Vasektomi dengan kemauan sendiri?
Engga, biar dapet bansos dan kebagian program pemerintah. 
Semua orang miskin ikutan vasektomi?
Pemerintah: yey budgetnya buat kita gesss",2025-04-30T23:30:11.000Z,
twitter,"Islam mengizinkan keluarga berencana (KB) sementara berdasarkan Al-Qur'an (Surah Al-Baqarah 2:233) dan Hadis (Sahih Muslim 1440a) tentang 'azl. Vasektomi, karena permanen, umumnya dianggap haram karena mengubah ciptaan Allah (IslamQA 223445). KB diperbolehkan untuk alasan syar'i",2025-04-30T23:30:11.000Z,
twitter,Semua2 dibebanin ke rakyat. Gak dapet bansos aja pengen dibebanin ke rakyat (syarat vasektomi),2025-04-30T23:30:08.000Z,
twitter,"mute kata ""vasektomi"" dulu ",2025-04-30T23:29:52.000Z,
twitter,"Yg Pemerintah (Jabar) lakuin saat ini justru ngerusak kesadaran yg udh mulai terbangun, + penunggang yg pelintir jd ribut gender ini jg bikin resistensi soal vasektomi tinggi.

Tp ini nunjukin kl kesadaran kelas itu penting. Seneng banyak yg aware & ga kepancing ribut horizontal.",2025-04-30T23:29:20.000Z,
twitter,"Dikira gw gatau kali ya wkwk tau vasektomi juga udah ada, penyuluhan vasektomi tiap minggu ada di posyandu desa kok. Tp yg daftar? Gaada, diibanding data per bulan ibu-ibu desa yg daftar kb.",2025-04-30T23:27:35.000Z,
twitter,"Dalam Islam, KB (keluarga berencana) umumnya diperbolehkan jika menggunakan metode yang reversibel, seperti kondom atau pil KB, karena tidak mengubah ciptaan Allah secara permanen. Namun, vasektomi sering dianggap haram karena bersifat permanen, menghilangkan kemampuan",2025-04-30T23:26:48.000Z,
twitter,"mohon maaf vasektomi itu permanen ya, kemiskinan itu tidak... 

logika simple...",2025-04-30T23:26:46.000Z,
twitter,"Dalam kasus ini, vasektomi ngga dipaksa. Kalo mau terima bansos, kondisi udh punya 2 anak, yaa harus vasektomi.

Klo ternyata anaknya banyak, dgn asumsi keluarganya mampu, artinya gausah terima bansos.",2025-04-30T23:26:42.000Z,
twitter,"Segitu gampangnya pun kau buat jadi ribet, gak mau vasektomi lu tidak dapat bansos. Itu! 
Kalau lu mau bantuan ikuti aturannya. Jangan lu enak2 nambah anak terus tapi yg kasih makannya negara memakai uang pajak warga negara.",2025-04-30T23:26:22.000Z,
twitter,Mungkin mikir nya abis vasektomi pler nya ilang satu,2025-04-30T23:26:10.000Z,
twitter,"Yang pantes divasektomi itu si Mulyadi dan keluarganya, Mulyono dan keluarganya, pejabat korupsi kolusi nepotisme dengan keluarganya...biar gen jelek yang ada di darahnya pada punah dan mati semua...di Indon malah orang miskin g punya power disuruh vasektomi...anjing indog",2025-04-30T23:25:32.000Z,
twitter,"Di dunia yang minim aspek keTuhanan dan keagamaan aja masih menghargai kualitas kesehatan sperm karena sperm adalah cikal bakal kelangsungan kehidupan manusia. 
Eh di Jabar ada kepala daerah yang mayoritasnya beragama, malah mau memotong saluran produksi sperm lewat vasektomi.",2025-04-30T23:25:00.000Z,
twitter,"Bantuan kpd org miskin = kewajiban negara.
Mengentas kemiskinan = kewajiban negara.
Solusi negara = yg gak vasektomi gak dpt bantuan. Besok2 ada syarat lain2, misal yg gk milih Mulyadi gak dpt bantuan. Tp tetap miskin sih... ",2025-04-30T23:24:33.000Z,
twitter,"Vasektomi dr dulu sudah ada, tapi berapa persen laki-laki yg sukarela ikut?? Dibanding cewek yg sukarela ikut program kb?? Pernah main ke posyandu di desa-desa? Pernah ikutan penyuluhan kb di desa-desa? Setelah di data, kebanyakan yg sukarela & mau ikut kb itu cuma ibu²",2025-04-30T23:24:30.000Z,
twitter,"@grok
 Kenapa KB dan vasektomi  itu Haram?",2025-04-30T23:24:14.000Z,
twitter,"https://x.com/rsky_apns/status/1917188451822452790…

Yang gue maksud di sini itu komentarnya KDM soal vasektomi tapi harus dilakukan kalau mau dapetin bansos.

Lalu yang kedua itu komentar orang kalau kita melihat vasektomi bukan dari komentar ya KDM tapi sebagai vasektomi itu sendiri.",2025-04-30T23:23:53.000Z,
twitter,"Aku bakal setuju sama ini kalau
1. Vasektominya untuk seluruh kalangan orang miskin
2. Ini alokasi bansos dan beasiswa yang sudah ada, yang hanya akan dikasih ke keluarga miskin yang ikut vasektomi

Tapi sejauh yang aku tau, ini bukan tujuan dari rencana itu, cmiiw thoigh",2025-04-30T23:23:46.000Z,
twitter,"Banyak orang miskin ga punya akses informasi yang memadai. Sumber info mereka mentok di TV, belum lagi budaya ""banyak anak banyak rezeki"" masih mengakar kuat. Tanpa pendidikan, pola pikir ini sulit diubah. Maksa vasektomi bukan solusi, malah terkesan menghukum mereka.",2025-04-30T23:18:33.000Z,
twitter,"Baru-baru ini, ada wacana kebijakan vasektomi sebagai syarat menerima bansos biar orang miskin ""engga beranak terus."" Tapi, benarkah ini solusi yang tepat? Atau justru diskriminatif dan mengabaikan akar masalah?",2025-04-30T23:18:26.000Z,
twitter,"Seharusnya fokus pd pemerataan aja.. Kl anggaran bansos segitu ywdh gk usah ribet pke syarat2 KB segala, jd gk ada istilah byk anak trs bansos nya nambah, gk jg kan.. Tp program KB emg hrs ttp hrs jln khususnya utk rakyat miskin, tp jgn yg vasektomi kan ada yg lain spt IUD/kondom",2025-04-30T23:18:10.000Z,
twitter,Saya mau ikut vasektomi kalau si Mulyadi dan keluarganya juga ikut vasektomi...,2025-04-30T23:17:55.000Z,
twitter,"Woy jing. Vasektomi ya buat laki², terus korelasi lu tanya gini apa?? Ya kalo udah di vasektomi ya udah kaga bisa ngehamilin. Lagian lahiran SC itu harus ada indikasinya dulu, sebab dan akibat. Gak yg tiba² pen SC, apalagi kalo pake BPJS.",2025-04-30T23:17:54.000Z,
twitter,"Skill issue berarti

Kalau mau y dibilang aja mulai sekarang semua bansos dihentikan 

Terus ada program baru vasektomi dapat bansos bagi yg membutuhkan.

Emang sih JD ada 2 perda",2025-04-30T23:17:50.000Z,
twitter,"Setiap ada kata ""vasektomi"" Pasti pada kebakaran jembut, heboh bener sampai bahas hak asasi mereka. Lah terus gimana dengan cewek yang dipaksa KB? gak ngerebut hak asasi mereka tah? Giliran gini aje pada koar-koar. Apalagi pas ada berita suami yang mau dengan sukarela vasektomi-",2025-04-30T23:17:26.000Z,
twitter,Kalau bisa si Mulyadi suruh juga vasektomi...kalau udh vasektomi juga gw ikut vasektomi. Pemimpin harus jadi tauladan untuk rakyatnya.,2025-04-30T23:17:15.000Z,
twitter,gilrian cewe KB ga ada tuh dimasalahin kaya gini..gilaran cowo vasektomi pada ribut emang keliatan cowo indonesia hampir 99% sangat patriaki,2025-04-30T23:16:25.000Z,
twitter,"Ketidakmampuan memberi nafkah itu ada sendiri solusinya dlm islam, bkn dgn vasektomi
Jd ketika Allah mengharamkan pemandulan bkn brarti Allah ga kasih jalan. Yg hrs dilakukan adl tempuh solusi tsb bkn berkompromi nyari solusi lain, efeknya nanti akan nimbulin masalah baru",2025-04-30T23:16:11.000Z,
twitter,ini laki-laki yang kagak setuju buat vasektomi keknya harga dirinya ke gores deh :v,2025-04-30T23:16:08.000Z,
twitter,"Kak fyi aja. Vasektomi itu ada yg gak permanen, dia bisa sewaktu2 dicabut & bisa punya anak lagi. Selain itu, biasanya syarat pria yg divasektomi udah berumur 35 th ke atas atau sudah punya 2 anak (cmiiw) jadi ga sembarangan pria bisa divasektomi gitu aja kak vasektomi≠kebiri",2025-04-30T23:15:58.000Z,
twitter,"vasektomi itu bisa direverse, kalau mau nambah anak. Kondom disediakan gratis aja sama pemerintah ga diambil. KB suntik? Ya ke perempuan lagi kan bebannya. KB itu cocok2an. Coba baca side efek ke perempuan. Vasektomi itu kan buat yg udah punya 2 anak kok. So, where's the problem?",2025-04-30T23:15:51.000Z,
twitter,"takutnya kalo udah banyak yang vasektomi, ntar orang bejat jadi makin berani memperkosa soalnya risiko kehamilannya rendah",2025-04-30T23:14:54.000Z,
twitter,Mendorong laki laki untuk vasektomi emg ada manfaatnya kok. Cuma menjadikan vasektomi sbg syarat menerima bansos got me uneasy ngl. Wacana dedmul keliatannya lumayan menantang so I'm curious abt the outcome.,2025-04-30T23:06:51.000Z,
twitter,"Ya itu sama aja konsepnya broo sama org disuruh vasektomi buat dapetin haknya.

Ga nambah anak buat menimalisir kemiskinan sama ga nambah motor biar ga macet ya sama2 dianjurkan. Tapi gabisa dijadiin aturan.

Yg benernya ya rapihin sistem pendidikan (anak), sama transmum (motor)",2025-04-30T23:06:03.000Z,
twitter,"Lah? Ya gagitu. Gak ada pemaksaan semua orang miskin harus vasektomi, cuma kalo mau terima bansos aja itupun udh punya anak 2 dan itu yg harus disejahterakan , bukan yg anaknya sampe 8 biji tp cuma bisa makan kertas. Bansos buat 8 anak itu bisa dipake buat 2-4 keluarga lain.",2025-04-30T23:05:15.000Z,
twitter,"daripada fokus vasektomi ke orang miskin, kenapa gak fokus untuk mengangkat status dengan cara memberikan lebih banyak lapangan pekerjaan ke mereka? kemiskinan itu rumit, gak semua bisa dibilang kesalahan pribadi, berapa banyak orang miskin karena phk akibat kebijakan pemerintah",2025-04-30T23:05:15.000Z,
twitter,"Pilih Bansos, atau Tidak Vasektomi? 99,9999% laki-laki pilih tidak vasektomi..

Yang jadi korban anak istrinya, jadi tidak  bisa menerima bansos.",2025-04-30T23:05:10.000Z,
twitter,"Sebut Satuan Polisi Pamong Praja Pekerjaan Paling Sial, Gubernur Jawa Barat Dedi Mulyadi: Mantagan Aing daripada Jadi Satpol PP Mending Jadi Gubernur

#1JUTA  #BUMN  #Ngeri #Jago #Tidur #Vasektomi",2025-04-30T23:04:34.000Z,
twitter,"Topiknya bukan soal vasektominya, tapi pemaksaannya dg ancaman haknya tidak diberikan. Penyanderaan hak. Bansos ya hak yang harus diberikan pemerintah ke rakyat miskin tanpa harus diwajibkan vasektomi/tubektomi.",2025-04-30T23:04:25.000Z,
twitter,"Topiknya bukan soal vasektominya, tapi pemaksaannya dg ancaman haknya tidak diberikan. Penyanderaan hak. Bansos ya hak yang harus diberikan pemerintah ke rakyat miskin tanpa harus diwajibkan vasektomi/tubektomi.",2025-04-30T23:04:09.000Z,
twitter,vasektomi dulu karena mau usluk usluk sama gedebog gedang,2025-04-30T23:04:09.000Z,
twitter,"Banyak pro kontra masalah vasektomi buat keluarga yg masih blm hidup layak buat diri sendiri dan keluarganya. Gw guru di sekolah kumis, nyatanya emang miris dan banyak liat keluarga begitu. Tanggung jawab dan hak ke anaknya jauhhhh dari terpenuhi. Tapi, ortunya beranak mulu",2025-04-30T23:03:42.000Z,
twitter,"laki tuh selalu dimanja ya sm society sampe kesetaraan berupa vasektomi aja kok kyk bakal mati besok aja, noh istri lu melahirkan n swallowing tons of pil kb's side effects til her menopause come

ya kl lu msh bergantung sm bansos gausah ngide berkeluarga atau punya anak (terus)",2025-04-30T23:03:37.000Z,
twitter,"Topiknya bukan soal vasektominya, tapi pemaksaannya dg ancaman haknya tidak diberikan. Penyanderaan hak. Bansos ya hak yang harus diberikan pemerintah ke rakyat miskin tanpa harus diwajibkan vasektomi/tubektomi.",2025-04-30T23:02:57.000Z,
twitter,"Ini pakai asumsi kalau bansos dan beasiswa untuk rakyat miskin yang ga bakal vasektomi akan distop dan bantuan-bantuan yang sudah ada hanya akan disalurkan ke keluarga yang ikut vasektomi, tapi aku belum liat bukti untuk itu dan kuliat bukan itu rencana pemerintah (cmiiw)",2025-04-30T23:02:51.000Z,
twitter,"Coba programnya bukan KB vasektomi, tapi KB pil atau suntik dll yg buat perempuan. Pasti kalian juga pada setuju wkwk
Lagian kan kalian kemaren setuju kalo orang miskin punya banyak anak itu kasian anaknya, yg solusinya ortunya KB. Gimana sih warga x si paling pinter ini?",2025-04-30T23:02:00.000Z,
twitter,"Justru kesannya sekarang memiliki kebebasan memilih metode KB senyamannya itu jdi privilege org kaya doang. Org miskin tidak punya kebebasan memilih metode KB, pokoknya mau bansos harus vasektomi. ""Bu bidan saya mau IUD"" ""wah nanti kamu gak dpt bansos. Harus suami vasektomi"" ",2025-04-30T23:00:37.000Z,
twitter,"Ini orang satu asal ceplas ceplos, padahal yang di bahas itu “mewajibkan” vasektomi untuk dapet bansos.

Udah ada regulasinyang mengatur bahwa bansos itu kewajiban negara, dan untuk melanjutkan keturunan adalah hak manusia. Emangnya ada yang “mewajibkan” KB?? Kan tida. Dongok",2025-04-30T23:00:35.000Z,
twitter,"Vasektomi itu bagus selama datang dari pihak yang ingin di-vasektomi. Kalau dipaksa pemerintah, melanggar hak otoritas tubuh warga negara itu namanya.",2025-04-30T22:59:56.000Z,
twitter,"Di X yang lagi ramai masalah vasektomi, blaming orang miskin sampai segitunya ",2025-04-30T22:58:18.000Z,
twitter,konteks : feminis yang ngedukung program vasektomi paksa KDM,2025-04-30T22:58:02.000Z,
twitter,"Vasektomi syarat bansos sudah bukan lagi jahat, iblis. Orang miskin tidak pernah dilihat sebagai manusia hanya sumber masalah saja, giliran perkara cari suara baru disebut dan dirayu. Pernah nggak sih bansos yang dievaluasi?",2025-04-30T22:57:45.000Z,
twitter,"Negara hadir untuk melindungi rakyat bukan sebaliknya, ada amanat UU45 psl 34 & UU no. 13 th 2011 yg hrs dijalankan. Kamu pikir org jd miskin disengaja? Zaman orba yg tingkat pendidikan rakyat jauh lebih rendah & kemiskinannya lebih tinggi tdk pernah pakai syarat wajib vasektomi.",2025-04-30T22:56:51.000Z,
twitter,Lagian syarat buat vasektomi jg minimal punya 2 anak atau minimal usia 35 tahun. Dibilang unethical ya keliatannya iya but ini cara paling cepet buat stop kemiskinan struktural,2025-04-30T22:56:46.000Z,
twitter,bahasan vasektomi ni udh msuk hegemoni gksih,2025-04-30T22:56:37.000Z,
twitter,"Yang ada perempuan malah harusnya ngelawan kebijakan ini. This is violating your body authority & personal space. This time vasektomi, besok2 bisa jadi kebijakan lain yg merugikan lu & mengambil hak2 lu seandainya lu menolak patuh.",2025-04-30T22:56:32.000Z,
twitter,"Wkwk pahamin dlu bansos itu hak bukan pilihan ... Belajar dlu di undang undang ada , agama gak banyak tingkah? Lu Islam bukan kalau bukan mending hapus reply nya karena emg haram ... Vasektomi mah bagus gua gak nolak tapi ""persyaratan"" ini yang fasis",2025-04-30T22:54:53.000Z,
twitter,Ya kalau bisa kerja sendiri mah gak dapat bansos gpp dong jadi gak harus vasektomi,2025-04-30T22:54:39.000Z,
twitter,"Tapi ya, ini kita bicara orang miskin kan, karena dapat bantuan? Kita buat mereka susah lagi dgn membebankan pajak. Mending vasektomi. Langsung gak usah punya anak. Biarlah orang2 mampu aja diizinkan punya anak banyak. Kesannya jahat, anak lahir malah dikasi beban pajak tambahan.",2025-04-30T22:54:12.000Z,
twitter,"Sebenernya gue nggak setuju pemerintah mewajibkan vasektomi, tapi seru aja liat laki-laki pada tantrum, ngomongin 'my body my choice'. Slogan feminist yang sering diolok-olok. Di kehidupan asli, suami yang keukeuh nggak mau vasektomi dan terpaksa istrinya KB wkwkwkwkwkwkwk",2025-04-30T22:53:23.000Z,
twitter,"ya ttp aja sih di thread itu bilang kalau mau jangan pemaksaan harus di kasih edukasi, kamu tau ga  laki tuh ga akan mau vasektomi bahkan ada dri mereka yg bilang ""udh ceweknya aja yg kb kan banyakan kb cewe aku takut"" lah lemah amat mentalnya, giliran dh kebanyakan anak pusing",2025-04-30T22:52:01.000Z,
twitter,"kan memang begitu realita di pelosok wilayah kemiskinan struktural, lagian kalo emang ga berkenan vasektomi ya gausah nerima bansos go work harder or even find any hustle duh",2025-04-30T22:51:55.000Z,
twitter,"Bedanya, program dulu nggak se-kurang ajar yang sekarang sampai maksain buat vasektomi. Meskipun ada segmentasi target (cuma yang mau dapat bansos). Alih-alih kencengin ngasih sex edu, malah ngasih iming-iming bansos. Monmaap. ",2025-04-30T22:51:38.000Z,
twitter,"Pihak yang kebakar jenggot mikir vasektomi melanggar HAM tapi dia ga mikir kalo karna tidak adanya persiapan secara matang dengan ekomoni yang susah,  anak yang menderita, stunting, ga makan, ga sekolah dan ga dapat kehidupan yang layak juga melanggar HAM",2025-04-30T22:51:29.000Z,
twitter,"well ga ada yg memaksa, kalau ga berkenan untuk vasektomi ya gausah nerima bansos",2025-04-30T22:49:19.000Z,
twitter,"anjing anjing, ni orang orang pada bahas vasektomi buat penerima bansos dan pada bilang miskin miskin mulu ajg gedeg bgt asu, 

ortu gw juga kurang mampu gara gara ngurusin ortu ibu gw ajg, sebelumnya mampu mampu aja jadi jangan salahin gara gara pny banyak anak dong asuwww",2025-04-30T22:48:52.000Z,
twitter,"yaudah terus mau gimana? syarat vasektomi kan minimal pny 2 anak, bukan berarti gaboleh punya anak kan? masa masih nerima bansos masih gamau dibatesin punya anaknya",2025-04-30T22:48:50.000Z,
twitter,"Aku setuju sama kamu, keputusan untuk mau vasektomi atau ga itu harusnya dari orgnya sendiri, bukan dari org lain. Ga nyangka aja ada peraturan bgt.",2025-04-30T22:48:18.000Z,
twitter,"iyasi yg dipermasalahin perilaku fasis pemerintahnya, tapi pemaksaan vasektomi inikan ya sekaligus buat mendukung behavior yg kalian bilang hiburan orang miskin ya cuman seks gasii",2025-04-30T22:47:17.000Z,
twitter,"kalo kata lu persetan konteks, sayangnya emg harus liat konteks. mereka hujat pejabat yg dukung vasektomi (sebagai syarat terima bansos). 

beranak itu hak asasi,
bansos itu hak warga negara,
masa untuk dapet hak warga negara harus trade dengan hak asasi?

nah, di situ problemnya",2025-04-30T22:47:09.000Z,
twitter,Syarat vasektomi? Anak udah punya 2. Cukup?,2025-04-30T22:46:50.000Z,
twitter,Vasektomi adalah cara untuk tetap puas ngentot dan crot di dalem tanpa ketakutan untuk hamil blok,2025-04-30T22:46:21.000Z,
twitter,"nah ini mksd gw vasektomi sm kb kan is the same thing ya, knp baru skrg digembor2kan klo melanggar otoritas tubuh, karena cowok kah yg disuruh lol",2025-04-30T22:45:43.000Z,
twitter,"Gue kasih tau soal vasektomi pake cara kasar dan simpel biar otak lu ngerti langsung
Vasektomi tu prosedur buat bikin buntu saluran sperma, jadi sperma gabisa keluar
Jangan pikir dengan tidak keluarnya sperma, lu gabisa ngentot. Lu tetep bisa ngentot dan sange, beda sama kebiri",2025-04-30T22:45:36.000Z,
twitter,"to have MORE KIDS!
syarat Vasektomi itu minimal anak 2, diatas 35 tahun.",2025-04-30T22:44:49.000Z,
twitter,"Maunya yang KB tuh perempuan. Laki² gak usah KB karena laki² adalah makhluk lemah, padahal Vasektomi gak ada efek samping yg sampe bisa menyebabkan kematian kayak KB perempuan. Inget ya cuma KB, bukan kebiri tapi laki² kok pada takut wkwk",2025-04-30T22:43:13.000Z,
twitter,yaudah tunda aja bang jan ngewe dulu lah dia kalo ga mau vasektomi. asal jan nyusahin aja kan. masa udah miskin ntar pas kebobolan lagi malah gatau diri minta bansos lebih,2025-04-30T22:33:46.000Z,
twitter,"Penyuluh belum sosialisasi vasektomi ke masyarakat aja udh duluan buat kebijakan dengan kampanye intimidatif gt, pdhl bansos dan beasiswa itu sndiri adalah hak rakyat. Udah ada dalam UU. Kalo mau sekalian mewajibkan suami dan istri KB bareng, baru fair.",2025-04-30T22:33:11.000Z,
twitter,"Bank Dunia ini sudah berkata benar, jadi 2 periode menghasilkan 60% rakyat miskin. 

Malam bumn baila vasektomi wujud bakti nyata selasa rabu pagii pagiii siang tidur  sayang",2025-04-30T22:32:38.000Z,
twitter,"iya betul kok kak, ada program pemerintah gratis buat vasektomi ini, ya memang ga dipaksa sama seperti kb lainnya sih

tapi banyak laki laki yang menolak sih kak, tetep harus perempuannya yang kb/tutul kandungan dengan segala efek sampingnya",2025-04-30T22:31:53.000Z,
twitter,"wkwk, lawak, ""Hidup perempuan yang melawan, kita hancurkan patriarki, .."" kok dukg ketidakadilan.
Jan hanya fokus di kata ""vasektomi"", poin yg perlu dikritisi adalah (1) hanya utk warga miskin dan (2) sbg syarat utk mengakses bansos.
KDM tdk sedang berjuang bersama perempuan!",2025-04-30T22:31:50.000Z,
twitter,"Aku pro vasektomi tp itu hal yg ga bisa dipaksain, sama kayak B ke ibu2, ga pernah dipaksain, apa ada selama ini ibu2 diwajibkan KB biar dapat bansos? Biar anaknya dapat beasiswa? Ga ada, kampanye dr BKKBN itu dari dulu bentuknya mengajak, bukan mewajibkan.",2025-04-30T22:31:38.000Z,
twitter,"Selain itu, tolong di-highlight ada persyaratan untuk vasektomi juga. Kemudian kebijakan ini juga hanya diterapkan untuk kalangan bawah yang sudah memiliki maksimal 2 orang anak. Sehingga, jika di protes orang ""miskin"" itu gak boleh punya anak, itu salah kaprah.",2025-04-30T22:31:20.000Z,
twitter,"YA KAN EMANG.
LAGIAN MEREKA VASEKTOMI ITU CUMA KB, BUKAN KEBIRI.
MEREKA JUGA UDAH PUNYA ANAK LEBIH DARI 2 KALO MAU DIVASEKTOMI. 
ORANG X PADA BANYAK BACOT, kemaren setuju ""banyak anak banyak rezeki"" itu salah, tapi pas ada program yg KB si BAPAKNYA malah pada panassss",2025-04-30T22:31:07.000Z,
twitter,"Yang harus di vasektomi pejabat gak sih kalo perlu tanpa anak, biar bisa kerja lebih fokus dan karena anak yang makan uang korupsi jauh lebih berbahaya dari banyaknya orang miskin..",2025-04-30T22:26:42.000Z,
twitter,"Vasektomi , Tubektomi, KB cewek dan Cowok yg dianjurkan harusnya udh ga progresif. Pemerintah harusnya menghilangkan anjuran dan iklan2 begituan. Dunia sedang hadapin krisis Fertility rate dan Piramida terbalik distribusi usia populasi manusia.",2025-04-30T22:26:10.000Z,
twitter,"Bansos itu jg udh diatur dalam UU dan HAK masyarakat dgn kesadaran penuh sudah diatur dalan UU, terus mau rubah sistemnya klo mau dapat wajib vasektomi? Napa jd macam negara otoriter? Aku yakin kalo perempuan disuruh KB secara paksa begitu jg pasti kalian bakal kontra.",2025-04-30T22:26:02.000Z,
twitter,"this, gw ga akan meminta dan mendiskusikan vasektomi (pasti lebih tau dia tentang hal ini) ke laki gw. balik lagi itu badan dia, hak dia untuk memodifikasi. sama halnya keputusan kesiapan punya anak dan sebanyak apa, itu 100% ada di gw.",2025-04-30T22:25:31.000Z,
twitter,"Agreed. Vasektomi cuma salah satu dr program KB, cuma yg ini lebih ampuh aja dr KB2 lainnya. Hhe

KDM salah kalo memaksakan vasektomi, tp ya salah juga kalo masyarakat awam ditakut2in soal vasektomi seolah2 setelah vasek gabisa punya anak lagi.",2025-04-30T22:24:12.000Z,
twitter,"@grok
 vasektomi dianggap sebagai edukasi buat ngontrol jumlah anak. apa betul begitu? dengan data angka kelahiran anak yg skrg ini sudah menurun, apa konsekuensi dari kebijakan ini jika diterapin satu negara?",2025-04-30T22:24:08.000Z,
twitter,"bang… bisa ga si lu menggunakan penalaran lu.. Pernyataan KDM itu lebih ke “Hey kalian yg mau sukarela vasektomi, saya kasi apresiasi hadiah (bansos) ya” APA HUBUNGANNYA SAMA PERSYARATAN KERJA",2025-04-30T22:23:56.000Z,
twitter,"perlu mekanisme solusi kompleks untuk mengatasi masalah struktural, gua setuju pendidikan gratis dan faskes gratis jadi solusi tapi vasektomi sebagai solusi udah jelas bakal nambah chance keberhasilan mengatasi masalah itu",2025-04-30T22:23:24.000Z,
twitter,Kak satu pil KB bisa mencegah 1 perempuan hamil. Satu vasektomi bisa mencegah banyak perempuan hamil. Gitu aja sih. Iya kan kak?,2025-04-30T22:22:26.000Z,
twitter,"Baca ulang Tweet mbaknya di atas. Kalo emang gamau vasektomi, yauda ga akan bisa nerima bansos. Tapi kalo hidup miskin malah ga aware dengan nambah anak mulu, yang repot pemerintah. Ujungnya nyalahin pemerintah juga nantinya",2025-04-30T22:21:37.000Z,
twitter,"pro dong, klo lagi miskin dan gamau vasektomi jgn nikah dulu atau boleh ga vasektomi asal mampu scr finansial buat ngehidupin istri dan anak2
klo masih dapet bansos gegayaan anak banyak hadeh malah jadi beban negara",2025-04-30T22:21:16.000Z,
twitter,Pak DM ini solusi2nya logis. Yg bilang orang miskin ga boleh pny anak itu goblok. Dia ga bilang gt. Lagian vasektomi di cover BPJS dgn syarat anaknya udah 2 atau usia udah lebih dr 40th.,2025-04-30T22:20:41.000Z,
twitter,"masalahnya terlalu kompleks untuk hanya mengandalkan solusi pendidikan gratis dan faskes gratis, btw faskes gratis apakah termasuk layanan aborsi? vasektomi itu sifatnya mirip KB, ga seperti pengangkatan rahim yang membuat chance hamil itu 0 persen",2025-04-30T22:20:37.000Z,
twitter,"Mungkin krn peristiwa ini KDM ada rencana vasektomi utk para suami

Mungkin ada pasutri yg ga mau KB.
Syahwat gede, saban hari HB mulu. Klo HB keluar di dalam terus. Di tambah Allah kasih terus rezeki keturunan & kebetulan rezeki penghasilan pas²an ",2025-04-30T22:20:28.000Z,
twitter,"Lagi² rakyat miskin yg ""dikorbankan"".. knp tdk bahas korupsi? Kemana SDA negeri ini? Kata eks ketua KPK, Pak Abraham Samad, jika sektor tambang ga ada korupsi, mk rakyat Indonesia bisa dpt 2 juta per bulan per kepala. Vasektomi blm jd solusi, atau ada agenda tertentu?",2025-04-30T22:17:57.000Z,
twitter,"Pro vasektomi (tp jangan diwajibkan, karna tiap individu punya hak atas badannya). Dan klo mau tuntas kemiskinan, sekalian rakyat miskin sekolah dan kuliah digratisin, program pelatihan pra kerja disosialisasikan, dan bentuk skill2 baru di masyarakat itu lebih urgent",2025-04-30T22:16:55.000Z,
twitter,Aku sebagai cewe pgn punya suami vasektomi (dgn catatan nanti dibuka lagi jika sudah dipersiapkan). Tapi buat program ini aku kontra. Lebih baik dimaksimalkan dalam edukasi dan solusi yg lebih baik lagi tentunya dgn minim biaya krn bakal banyak bgt dana yg harus dikeluari,2025-04-30T22:16:25.000Z,
twitter,"Sakit logika lu wkwkwk... Kasian. Dalam hal reproduksi, vasektomi itu setara ngangkat rahim, sama-sama gak bisa punya keturunan lagi. Kalau cewe disuruh angkat rahim untuk program KB gimana? wkwkwk.... Bukannya benerin masalah fundamentalnya wkwkwk... Sakit sakit emang.",2025-04-30T22:16:20.000Z,
twitter,Emang istri vasektomi?,2025-04-30T22:16:18.000Z,
twitter,"Kalau pemerintah ingin menghakimi dan menekan angka kelahiran, mereka akan menerapkan vasektomi ke seluruh kalangan rakyat, tapi kan tujuannya pemerataan ekonomi dan membuat usaha pemberantasan kemiskinan lebih efektif, hal itu salah satunya dilakukan dengan mengurangi beban anak",2025-04-30T22:16:17.000Z,
twitter,"Ini dari yg aku temui sendiri di lapangan, karena aku kerja di bidang KB, dan vasektomi specially emang masih sgt sedikit peminatnya karena org2 masih berpikir KB itu relatenya lebih ke wanita",2025-04-30T22:16:03.000Z,
twitter,"Mjb, pdhl itu hak yg seharusnya didapatkan tanpa perlu vasektomi jg. Masalah kemiskinan struktural ini ga hanya karna banyak anak. Tapi lebih kompleks dr itu, jd kalo sasarannya hanya ke program KB tentu keliru.",2025-04-30T22:15:04.000Z,
twitter,Kayaknya sasaran vasektomi khusus buat yg udah punya 2 anak sih... kalo belum punya anak ya gabisa.,2025-04-30T22:15:03.000Z,
twitter,"Kamu cuma ngequote yang terakhir, paham ga yang dibilang Anies di threadnya? Kenapa orang miskin itu punya banyak anak? Rencana vasektomi ini gunanya untuk memberi solusi dari masalah yang dibilang Anies, bukan untuk menghakimi dan menekan angka kelahiran",2025-04-30T22:14:46.000Z,
twitter,"Ga salah sih. Masalahnya mereka mewajibkan itu krn alasan ""miskin"". Pertanyaannya kemana negara slama ini dlm memfasilitasi semua tanggung jawab khususnya pendidikan, knp giliran vasektomi arahnya ga ke semua org aja, mengapa mesti ke orang miskin doang terus buat dpt bansos lgi?",2025-04-30T22:13:54.000Z,
twitter,"Kontol lo simpel, vasektomi jg sesimpel itu knp harus koar-koar smpe ngotot segala",2025-04-30T22:13:14.000Z,
twitter,"setuju, drpd bikin anak mulu gaada rem nya. ntar ditelantarin doang kaga diurusin. kerja gamau, ngarep bantuan mulu. bikin doang ngurus gamau. mending di vasektomi.",2025-04-30T22:12:43.000Z,
twitter,"Yang ditulis Anies Baswedan ini betul semua. Bagus. Namun, ini hanya penjelasan dari penyebab masalah. Tidak menjawab kedaruratan yang sedang terjadi. Tetap cara praktis yang terbaik saat ini adalah mencegah, salah satunya dengan Vasektomi yang disuarakan KDM. AB mungkin sedang",2025-04-30T22:12:39.000Z,
twitter,Nah harus begitu . Kabar nya yg laki laki malah di suruh vasektomi,2025-04-30T22:10:05.000Z,
twitter,"Gua setuju vasektomi ya. Makanya statementnya “minimal kondom lah”, maksudnya klo lu sadar diri",2025-04-30T22:09:58.000Z,
twitter,"Kamu sdh di vasektomi? Klo cuma teori aja sebaiknya jangan berpendapat, coba sendiri dulu, baru ngomong",2025-04-30T22:08:15.000Z,
twitter,Lah anjirr tapi ternyata walaupun vasektomi masih bisa nganu kok anjirr terus kenapa pada marah buset? Karena gk bisa beranak pinak dan mengakibatkan anaknya gk keurus semua kah? Kalian sama aja rebut hak anak anying,2025-04-30T22:07:14.000Z,
twitter,"Ga semua orang mau
Orang Indonesia gamau diatur kebanyakan 

Silahkan anda tanya deh ke 10 pria yg udh nikah, apakah mereka mau di vasektomi?
Ga yakin saya ada 5 orang mau",2025-04-30T22:06:34.000Z,
twitter,"No, vasektomi gak akan pernah jadi solusi dalam menyelesaikan/memberantas kemiskinan.

Vasektomi memang bagus sebagai pilihan kb, tapi gak perlu embel-embel bansos.

Yang lebih penting, bagaimana memfasilitasi orang tua anak yang ""miskin"" ini bisa menghasilkan income kedepannya.",2025-04-30T22:06:23.000Z,
twitter,"Klausul 1 : vasektomi buat orang miskin.

Kalau elo gk miskin, elo bs nikah lg (n punya anak).
Tp kalau elo miskin, elo ngapain mikir nikah lg, itu khan biaya jg. Duit buat anak2 elo manah? Mang cere berarti elo gk punya beban (duit untuk) anak gituh.

We need Thanos.",2025-04-30T22:06:00.000Z,
twitter,"aku personally sangat setuju untuk vasektomi penerima bansos yang saat ini sudah punya anak 2 atau lebih
here is why",2025-04-30T22:01:19.000Z,
twitter,Vasektomi ini harusnya tanpa imbalan hak merrka sebagai warga. Iya setuju emang harus dinormalisasikan tapi caranya yang salah mass mikir gini aja ga bisa,2025-04-30T22:01:04.000Z,
twitter,"Ginya, di satu sisi dia pengen gemborin vasektomi tapi di satu sisi dia mau memberhentikan kegiatan gambar kelamin sendiri untuk pembelajaran 

Kalo mau nyuruh org vasektomi ya penyuluhan lah, kan selama ini yg selalu disuluhkan program kb doang. Program gratis-",2025-04-30T22:01:03.000Z,
twitter,"Efek yg akan jd berkelanjutan akan jd concern nantinya, karena untuk mendapatkan haknya dia harus menyerahkan otoritas tubuh orang tersebut. Sekarang vasektomi ke depannya bisa jd tubuh perempuan juga diatur untuk mendapatkan hak yg seharusnya.

Ni org jg kontradiktif sm ideolo-",2025-04-30T22:01:02.000Z,
twitter,"Di negara lain bela²in ngasih insentif buat orang mau beranak pinak tp dikonoha malah sebaliknya.
Menurut gw kalo wajib vasektomi tu sadis sih,karna itu udah ranah pribadi masing².",2025-04-30T21:58:56.000Z,
twitter,"Jujur aku setuju sih.
Memang fatwa MUI haram vasektomi tanpa urgensi medis. Tapi dgn kebijakan ini, org kalau mau punya anak lebih mikir, siapkah secara finansial?
Kalau gak mau vasektomi > jangan nerima bansos > artinya harus matang scr finansial.
Lelah melihat anak2 terlantar",2025-04-30T21:58:29.000Z,
twitter,"Jangan sampai Indonesia menjadi ""neraka"" bagi orang miskin. Vasektomi menurut ulama masih banyak yang mengharamkan, kecuali untuk tujuan tertentu yang syar'i. Vasektomi sebagai pilihan tentu masih bisa didiskusikan. Kalau diwajibkan sebagai syarat bansos? Aduuuh... ",2025-04-30T21:53:22.000Z,
twitter,"Kenapa dah perkara syarat dapet bansos harus vasektomi laki laki pada tantrum??? Padahal tetep bisa ngemtottt, kecuali kalo abis vasektomi langsung gabisa ngancnggg baru dah lu pada protes wajar. Lagian apa dipikiran orang orang tuh vasektomi ky kucing di steril gitu yaa??? Heran",2025-04-30T21:52:45.000Z,
twitter,"Ini lagi GOBLOK BIN IDIOT! LAPANGAN KERJA DI BAWA2, MAU LU BUKA LAPANGAN PEKERJAAN SEPULUHAN JUTA JG KLO POPULASINYA G DI KENDALIKAN YA SAMA AJA GOBLOK! LU LANGSUNG VASEKTOMI AJA PERCUMA PUNYA ANAK DR ORTU YG OTAKNYA CEKAK MACAM LO",2025-04-30T21:51:50.000Z,
twitter,wkwkwk sono coba lu serch di google terus di ai sekalian emang sama vasektomi sama kb iud  sekolah sampe gerbang ya gini ,2025-04-30T21:51:42.000Z,
twitter,Solusi udah ada. KB. Vasektomi. Gratis.,2025-04-30T21:51:09.000Z,
twitter,all of these pointless tweets just for “stop edukasi kb start edukasi vasektomi” for all men not only the poor one ,2025-04-30T21:50:40.000Z,
twitter,"Stop bawa” agama, orang penerima bansos juga belum tentu taat agama. Orang miskin juga mikir mau beli kondom, gak punya duit ngapain beli kondom mahal”. Justru krn wajib, vasektomi dilakukan agar bansos ga hanya tersalurkan bagi 1 keluarga yang punya sampe 10 kepala",2025-04-30T21:50:08.000Z,
twitter,Nanya kak: kalo abis vasektomi auto jadi bencong gak? Takutnya abis dioperasi tangan jadi melambai. ,2025-04-30T21:49:32.000Z,
twitter,"Karena suatu hal Vasektomi angkat rahim itu ga keliru sesuai kesadaran kesepakatan suami istri.
Kelirunya jadi dipaksa kekuasaan "",sekedar tuk dapat bantuan pointnya ini ka. 
Sebab vasektomi itu permanen, jadi fasis ga manusiawii.
Memang saya pengen lngsung ""memyandingkanya ",2025-04-30T21:49:27.000Z,
twitter,"kepentingam bansos?  

Jadi, tidak boleh menyamakan vasektomi dengan IUD dalam konteks hukum Islam, karena IUD reversibel (bisa dilepas), sedangkan vasektomi irreversibel atau sulit dipulihkan.

otak lu kali cetek ",2025-04-30T21:48:48.000Z,
twitter,"Yang membuat ketrigger adalah vasektomi. Ini memang harus dikaji dengan serius. 

Tapi, kalau kamu ogah vasektomi atau KB permanen, ya, jangan ambil bansos. Silakan beranak pinak sampai 10 orang sebanyak mungkin, tapi kamu tidak akan mendapatkan bansos",2025-04-30T21:48:40.000Z,
twitter,"Salah satu hal yang pasti bakal gue tanya ke calon suami (kalo nikah), ya pendapatnya tentang ini. Gimana kalo gue pake kb? Gimana kalo dia vasektomi? Atau mungkin dua-dua nya aja pake sekalian",2025-04-30T21:48:31.000Z,
twitter,"mas vasektomi dilakuin itu demi kebaikan negara, itu dilakuin biar orang” ga beranak pinak dan nelantarin anak”nya. Lagian banyak orng miskin yang 1 keluarga sampe 10 orang masa mau ngasih bansos ke orang” itu terus. Makanya dilakukan vasektomi.",2025-04-30T21:46:49.000Z,
twitter,"Mari bersuara!!

Semoga tidak telat dan Indonesia masih bisa terselamatkan.
.
.
.
.
What a match Tingkah panen raya serentak our moqeel surround 149 Vasektomi.",2025-04-30T21:38:52.000Z,
twitter,lebih setuju kesiapan kehamilan dan vasektomi lebih diedukasi lagi. biar sekalian mengurangi angka kelahiran dari orang tua yang memang belum siap. kaya itu gak selalu siap. kalo bansos mah kasih ajee kocak itu kan salah elu pada ngorup duit rakyat makanya timpang,2025-04-30T21:38:06.000Z,
twitter,"Terlihat spt asal nyeplos aja, krn bbrp hari lalu viral soal vasektomi. Kebijakannya ngikutin akun base wkwk",2025-04-30T21:38:06.000Z,
twitter,"Kebakaran melanda pemukiman & pertanian ilegal Z10N15 di wilayah gunung kabir, timur laut Nablus Tepi Barat.

Kembalilah ke asal mu di Eropa wahai pencuri (penjajah).
.
.
.
.
What a match Tingkah panen raya serentak our moqeel surround 149 Vasektomi.",2025-04-30T21:37:27.000Z,
twitter,"ya kan gak di paksa, lu kalo mau bansos ya di vasektomi, kalo ga mau di vasektomi ya cari duit sendiri, nafkahin keluarga lu tanpa bansos. pun kalo lu mau nikah, udah tanggungjawab lu sbg kepala keluarga, kalo miskin masih ngarep bansos ya jangan nikah, jangan punya anak",2025-04-30T21:37:24.000Z,
twitter,"Boleh...
Tpi sayangnya efek samping tubektomi lebih berisiko. Itulah knp lebih disarankan laki2 yg KB vasektomi.",2025-04-30T21:35:29.000Z,
twitter,"Even tho I'm pro vasektomi untuk yg ga mampu, karena jadi anak wong ga punya itu ga enak.
Makan susah, sekolah apalagi.

Udah brp banyak coba nakes yg edukasi tentang punya anak cukup 2 dan tentang kontrasepsi? Malah dibilang: kontrasepsi haram, inilah, itulah (gw denger sendiri)",2025-04-30T21:34:41.000Z,
twitter,"udah tau ga enak, tapi pengen di lanjutin? pengen semua ngerasain kayak gtu juga? mau kemiskinan struktural berlanjut terus? astaga, vasektomi kan bukan brrti ga bisa ngewe, cuman untuk membatasi jumlah anak doang pdhl.",2025-04-30T21:31:11.000Z,
twitter,Baru usul ngatur jumlah kelahiran pake vasektomi aja..ujungnya pemakzulan ,2025-04-30T21:26:36.000Z,
twitter,Apakah Picek itu haram atau Vasektomi yang haram?,2025-04-30T21:25:10.000Z,
twitter,Tidak ada dampak positif dari Vasektomi. Ngentit adalah nafkah batin. Pemerintah atau Gubernur tidak perlu turut campur mengatur Nafkah batin yang sifatnya privasi,2025-04-30T21:23:59.000Z,
twitter,"sampai gue tanya ke ibu gue tentang vasektomi, dan beliau malah bilang ""ayah tuh kb vasektomi beliau sehat sehat aja aktivitas juga seperti biasa ga ada gangguan apa apa."" mangkanya gue tau",2025-04-30T21:23:25.000Z,
twitter,Vasektomi tdk permanen. Bisa di reverse alias disambung kembali saluran spermanya.,2025-04-30T21:22:55.000Z,
twitter,Ada prosedur reverse vasektomi. Disambung lagi saluran spermanya.,2025-04-30T21:22:30.000Z,
twitter,"Kalimat pertama aja salah  malu gk sih?
Inilah knp KB vasektomi utk pria lebih disarankan dibandingkan histerektomi utk wanita. Krn vasektomi bisa direverse.",2025-04-30T21:22:05.000Z,
twitter,Tugasnya Pemerintah beri bansos bukan nyuruh vasektomi  !!!,2025-04-30T21:21:27.000Z,
twitter,"Masuk HT Trending Topic? #zonauang #zonajajan 

Malam Tidur Libur Gila Bola Mangu Messi 1 JUTA Vasektomi Welcome Mei berita tempo Sisi Seru",2025-04-30T21:19:54.000Z,
twitter,"like y'all don't see the bigger problem it might cause. oke awalnya cm require kepala keluarga utk vasektomi tp kan kita gatau bisa jadi aturannya akan escalated. tiba tiba kalo anak >2 lgsg ga eligible, terus nambah batasan usia lagi, tiba tiba ada aturan ga masuk akal lagi",2025-04-30T21:19:53.000Z,
twitter,"Masuk HT Trending Topic? #zonauang #zonajajan 

Malam Tidur Libur Gila Bola Mangu Messi 1 JUTA Vasektomi Welcome Mei berita tempo Sisi Seru",2025-04-30T21:19:40.000Z,
twitter,"lewat mulu nih vasektomi di tl gue, kek ditakutin apaansi bjiir lagian ya vasektomi ga ada efek apa apa dibanding kb nya perempuan yg bermacam-macam itu, vasektomi tuh bedanya cuma air mani sudah tidak ada kandungan spermanya gitu doang bjiir. ga ada ganggu aktivitas juga",2025-04-30T21:13:58.000Z,
twitter,"BKKBN aj penyuluhnya mayoritas ibu2, targetnya ibu2, ato perempuan in general. Seandainya ada program penyuluhan vasektomi oleh penyuluh pria ke instansi pemerintah, sekolah, pabrik, dan tiap desa/kelurahan kan lebih baik, awarenessnya dibangun dulu, ini lgsg ngancam.",2025-04-30T21:11:53.000Z,
twitter,"boleh bgt kok beda opini kak, tapi klo kmu sambungin ke genosida ya gaada rantai penyambungnya. vasektomi yg skrg lagi banyak diomongin ini tuh banyak loh syaratnya. bukan tbtb langsung vasektomi. coba reseacrh dlu ttg vasektomi.",2025-04-30T21:11:02.000Z,
twitter,"Program Vasektomi itu bagus, tp kalo (sekali lagi) caranya dgn mengancam masyarakat utk tidak mendapatkan haknya itu yg salah. Masa ga dpt konteksnya sih. Itu udh ada di Undang2 jg terkait hal itu. Dan harusnya ada penyuluhan dl dari bkkbn ke desa2 dan sekolah serta instansi",2025-04-30T21:10:12.000Z,
twitter,"Standar ganda... Ya emang sih KB bagi wanita, Keluarga Berencana, 2 anak cukup itu sebatas himbauan pemerintah & gak wajib. Tapi bukannya vasektomi ini wajib bagi yang memang ingin menerima bantuan ya? Kalau dibilang hal yang wajib, bukannya wajib hukumnya bagi orang tua untuk+++",2025-04-30T21:09:19.000Z,
twitter,"Di daerahku mayoritas wanita krna kebanyakan programnya untuk ibu2, seandianya ada edukasi untuk bapak2 dan yg turun ke lapangan itu hg penyuluhnya laki2 mngkin ceritanya akan ada perbedaan ya, akan ada suami2 diluar sana yg mau vasektomi toh jg ga ada ruginya",2025-04-30T21:07:11.000Z,
twitter,"Ya, menelantarkan anak adalah pelanggaran HAM berdasarkan Konvensi Hak Anak (CRC) yang diratifikasi Indonesia. Anak berhak atas standar hidup layak, termasuk makanan dan tempat tinggal (Pasal 27). Kebijakan vasektomi di Jawa Barat yang mensyaratkan prosedur medis untuk bantuan",2025-04-30T21:06:51.000Z,
twitter,"Membaca sdt pandang org terhadap kebijakannya.
Vasektomi a/bagian dari metode kontrasepsi, gratis dan prosedur nya cepat 10-15 menit.
Syarat usia >35 thn, anak >2, ada ijin pasangan yg sah. Bersifat permanen, rekanalisasi (penyambungan) biayanya mahal dan keberhasilannya 60-95%",2025-04-30T21:05:16.000Z,
twitter,"pertanyaannya lagi nih. org miskin MAMPU bersaing gak sama org2 yg lain? miskin itu ngakar kemana mana, pendidikan, psikologi dari orang tsb. ngaruh ke daya tangkap dll. udah deh, mending lo cari duit yang banyak ye biar gausah takut buat di vasektomi karna mengharapkan bansos",2025-04-30T20:54:24.000Z,
twitter,Kalau lakinya kek Gwangsik pekerja keras sih gapapa gak usah vasektomi tapi laki miskin anak banyak dan perokok wajib vasektomi apalgi ngeslot,2025-04-30T20:54:08.000Z,
twitter,"Bang2, orang gw kritik visi dan caranya KDM malah lu counter persyaratan vasektomi. Gada masalah gw sm vasektomi, asal ga maksa. 

Lu mau nyodorin argumen soal vasektomi juga gabakal on point, org gw ga bahas itu",2025-04-30T20:52:29.000Z,
twitter,"kapan ya mereka sadar, kalo emang mo nerapin vasektomi ya jangan hanya diperuntukan kepada mereka yang miskin, semua juga harus lahh",2025-04-30T20:52:06.000Z,
twitter,"Kalo kamu anggap warga miskin emg perlu KB, gak peduli ini diskriminatif & perlu diliat dr perspektif kelas, liatlah ini pemrentah abai amanat UU utk mengatasi kemiskinan + melanggar UU krn ""memaksakan"" KB.
Vasektomi di KDM hanyalah instrumen utk membatasi HAM & mengontrol warga.",2025-04-30T20:51:34.000Z,
twitter,"Fakta sih terkadang pemaksaan itu yg memaksa org untuk mikir tujuan yg sbnrnya
Masih dikasih opsi ga mau vasektomi yo wes ga di kasi bansos
Kalau vasektomi ya di hargai dg kasi bansos. Eh muncul pemikiran2 'bansos itu hak org miskin, yg miskin ga punya hak gitu?'",2025-04-30T20:51:22.000Z,
twitter,"my honest reaction: make nih orang

dukun kah sampe bisa yakin banget kedepannya kdm buat kebijakan orang miskin sama sekali ga boleh punya anak?? 

kebijakan harus vasektomi setelah punya 2 anak itu udah bagus, malah kalo bisa diedukasi biar yg ngelakuin semua golongan rakyat",2025-04-30T20:48:44.000Z,
twitter,"kalo semua kelas masyarakat dihimbau untuk vasektomi sama seperti himbauan KB perempuan, apakah akan ditentang separah ini juga? (bertanya dengan nada tulus ingin tahu)",2025-04-30T20:48:40.000Z,
twitter,Sok pinter Jing padahal logika lu gak jalan. Sesimple memahami kalau orang prasejahtera gaboleh punya anak banyak aja gabisa tot. Baca dulu prasyarat vasektomi sebelum lu dengan otak dungu lu itu yapping gak jelas. You dunning-kruger effect piece of shit,2025-04-30T20:48:35.000Z,
twitter,"Jangan dibiasakan nulis ""Cowo"" seolah olah ""Semua cowo"" berpandangan gitu. Semudah nambah awalan ""Sebagian"" atau ""Oknum"". Btw, gua malah pengen vasektomi kalau bini dah masuk usia rawan hamil.",2025-04-30T20:48:22.000Z,
twitter,lagi seru nih topik vasektomi,2025-04-30T20:46:51.000Z,
twitter,"lo bilang tren angka kelahiran udah turun? tau yg nurunin siape? kebanyakan org menengah keatas bos. orang miskin? TEROSS aje hamil. tepat ga tuh sasaran bansos? bener ga kalo syarat bansos yaitu vasektomi? jelas lah kocakkkkkkk, mau enak aje lo produksi tapi miskin",2025-04-30T20:46:45.000Z,
twitter,"Blough, kalo lu aja masih ngarepin bansos yaa jgn punya anak dulu tolol, makannya di berlakukan KB gitu, kalo gamau vasektomi yaa jgn ngarepin bansos, se simple itu gausah koar² merasa ga adil, giliran pemerintahnya bener, rakyatnya yang ga bener.",2025-04-30T20:41:24.000Z,
twitter,"Ga ada yg nyebut KB haram, yg haram itu steril permanen seperti vasektomi (dengan bbrp pengecualian). Perbandingan setara utk peremuan itu tubektomi yg *bukan* metode KB pada umumnya di Indonesia.

Silahkan baca2 fatwa MUI mengenai ini.",2025-04-30T20:41:23.000Z,
twitter,"Negara perannya sebatas edukasi dll? Coba km yg edukasi deh, edukasi tuh yg paling susah buat warga yg ekonominya menengah kebawah. Jadinya apa? Malah yg ekonomi keatas yg mau vasektomi ataupun kb",2025-04-30T20:40:29.000Z,
twitter,"Mbak e, yg diprotes orang orang bukan program vasektominya. Tapi pemaksaan vasektomi untuk kalangan masyarakat tertentu, itu udah ancaman mbak. Saya disini gak membenarkan budaya masyarakat yang selalu memaksakan perempuan untuk KB ya, cuma itu diluar konteks dari KDM ini",2025-04-30T20:40:18.000Z,
twitter,Makanya dibilang Gubernur konten doang. Semua kebijakannya berasal dari konten ga ada yg dari akar kajian ilmiah apalagi ideologis. Termasuk yg vasektomi awalnya karena ngeliat Twit gue yang rame kemaren ,2025-04-30T20:39:14.000Z,
twitter,"Ni orang ternyata segoblok dan setolol itu udah dikasih tau kalau yang wajib setor bukti vasektomi tuh orang yg anaknya LEBIH DARI DUA, ehhhh masih aja ngeyel.

Sadar diri lu yang GWS disuruh membaca gak mau, cuma bisa koar-koar doang ya gitudeh jadinya, ni baca lagi !",2025-04-30T20:36:55.000Z,
twitter,"Ni orang ternyata segoblok dan setolol itu udah dikasih tau kalau yang wajib setor bukti vasektomi tuh orang yg anaknya LEBIH DARI DUA, ehhhh masih aja ngeyel.

Sadar diri lu yang GWS disuruh membaca gak mau, cuma bisa koar-koar doang ya gitudeh jadinya, ni baca lagi !",2025-04-30T20:36:50.000Z,
twitter,"Edukasi, sosialisasi??? Emang model rakyat elu bisa kooperatif?? Ga membantu anjggg kalau hal2 basic begitu, mending langsung kasar aja sekalian, kalau elu mau dapat bansos untuk kehidupan elu minimal jangan beranak pinak lagi,, alias elu semua vasektomi anjj",2025-04-30T20:34:37.000Z,
twitter,"mendorong vasektomi sebagai opsi KB : NICE

memaksa orang untuk melakukan vasektomi : not good

mendorong vasektomi dengan mencabut salah satu hak sbg warga negara : good

kebijakannya kurang tuh harusnya jgn yg miskin doang
mau kaya mau miskin semua wajib vasektomi",2025-04-30T20:34:33.000Z,
twitter,"Jangankan cuman seperti vaksin dan vasektomi

Lu sekarat kalo ga di treatment lu mati aja, dokter ga bisa mengambil keputusan itu tanpa persetujuan lu (kalo lu sadar)

Karena apa

Ya itu hak dasar lu sebagai manusia",2025-04-30T20:34:29.000Z,
twitter,"Lu yang goblok dan GWS udah dibilang kalau yg wajib setor bukti vasektomi tuh yang anaknya LEBIH DARI DUA, oon banget dikasih tau malah ngeyel, najissss si paling playing victim cuihhh",2025-04-30T20:33:37.000Z,
twitter,"Lu yang goblok dan GWS udah dibilang kalau yg wajib setor bukti vasektomi tuh yang anaknya LEBIH DARI DUA, oon banget dikasih tau malah ngeyel, najissss si paling playing victim cuihhh",2025-04-30T20:33:37.000Z,
twitter,"Yang salah bukan orang miskin, orang yang bikin anak lebih dari dua, lu salah sasaran. Orang miskin yang anaknya dua dan bersedia di vasektomi ya silahkan nikmati priviledge kalian",2025-04-30T20:33:19.000Z,
twitter,"Nder bukan gitu, itu tuh masuknya udah fasisme. Kalo emang programnya dibuat kayak dua anak cukup itu baru progresif. Oke sekarang cuma disuruh vasektomi, kedepannya bisa aja yang cewek kalo mau kuliah harus melahirkan anak dulu. Pemerintah gak seharusnya masuk ke ranah privasi",2025-04-30T20:33:14.000Z,
twitter,"Terus dana bansos yang gak mau vasektomi dikemanakan, ujung2nya di korupsi lagi, ini tuh cuma kebijakan males ajah, hanya mau jalan pintas yang ujung2nya berdasarkan viral ajah.. kenapa gak solusinya ""yang gak mau ikut pelatihan kerja gak dapat bansos"" itu lebih solutif..",2025-04-30T20:33:01.000Z,
twitter,Kb dan Vasektomi itu Haram. Agama yang melarang tapi manusia itu makhluk yang bodoh dan dzalim melanggar aturan Tuhan.,2025-04-30T20:31:24.000Z,
twitter,"Nye nye nye nye,,, apapun itu vasektomi harus diberlakukan untuk orang2 miskin yg struktural, taik leding dengan human right violations,,",2025-04-30T20:31:11.000Z,
twitter,Masih mau belain gak? vasektomi digunakan sebagai syarat penerimaan bansos usulan nya,2025-04-30T20:31:02.000Z,
twitter,"Why always about gender war? Daku gak masalah kok vasektomi. Menyayangi istri, daripada doski yang kenapa kenapa. But why always gender wars thou?? Hidupmu suram amat mba?",2025-04-30T20:30:53.000Z,
twitter,"hak meneruskan hidup diatur di uud dan gaada salahnya sama vasektomi, tpi ini tu systemic oppression yg kalo digali masalahnya yaaa",2025-04-30T20:29:18.000Z,
twitter,"IniMalcaa Tiktok Cosplay Suster 

https://dood.tips/e/66l3n9tn00km

http://dood.tips/m/3VXHpfjr6q

https://dood.tips/e/kb01yypq39tv

https://dood.tips/e/x26vjnrk0rvh

https://dood.tips/e/ms91iu2ik6gw

https://dood.tips/e/s0qxs0j9ckkh

Berita tempo Kemang tidur tolongin kangen Vasektomi panen raya serentak Nyetrika ready https://pic.x.com/aKw5HhZKnV",2025-04-30T20:27:56.000Z,
twitter,"sejahteraan mereka, rasanya negara jadi aktor yang lebih jahat lagi. ya kalo mau orang gak beranak pinak, kasih mereka pendidikan dan capital yang layak, kesibukan, dan taraf hidup yang lebih baik. pemaksaan vasektomi adalah bentuk pembunuhan hak memilih bereproduksi, tau kok -c",2025-04-30T20:18:50.000Z,
twitter,"[not a populis argument] menurutku, ketika orang2 di negara ini miskin dan kerjaannya beranak pinak, ini adalah bukti kegagalan negara untuk menyediakan hidup yang layak dan sejahtera untuk warganya. tapi ketika mereka masih terus diopresi untuk vasektomi setelah ketidak-",2025-04-30T20:18:49.000Z,
twitter,"Jangan cuma perempuan saja yang disuruh KB, prianya juga lakukan KB .
Lu kata Vasektomi lu ga bisa gaceng lagi? Bisa, cuma bagian sperma buat anaknya doang di putusin..
Lagian kalo kesulitan Ekonomi, jangan beranak Pinak, kagak ngurusin anak hanya mau enaknya..",2025-04-30T20:17:59.000Z,
twitter,Vasektomi kangen tolongin kemang ready panen raya serentak nyetrika berita tempo http://wa.me/6285167621010,2025-04-30T20:17:11.000Z,
twitter,"Mau vasektomi pake iming² tujangan apresiasi, tapi pas perempuan yg lakuin ga ada tuh mulut2 ginian. Yg ada kl perempuan kb mulut2 busuk blg  ""ya kan itu dipaksa society bukan pemerintah"" standar kentut",2025-04-30T20:17:07.000Z,
twitter,"Yakin deh, kalo diiming2in bansosnya dilebihkan jika bersedia vasektomi, org2 lebih ikhlas sih",2025-04-30T20:16:46.000Z,
twitter,"Giliran pak anies setujuu bgt vasektomi ikut ngomelll lagi lu kaga berpihak sm rakyat miskin. 
Nyenyenye doang bisanya
Komprehensi membaca jelek",2025-04-30T20:16:29.000Z,
twitter,"Kalau aku mikirnya gini sih ya..

Krn Indo kebetulan udh punya kebijakan KB dari dulu, ini bisa direinforce dgn memasukkan vasektomi.

Mungkin bukan dgn tidak mendapat bansos samsek, tapi “dikurangi” jatah bansos nya atau bahkan “dilebihkan” jika sdh vasektomi, as a reward",2025-04-30T20:15:45.000Z,
twitter,Sejak kapan vasektomi haram?,2025-04-30T20:14:18.000Z,
twitter,Mensos Kaji Ide Dedi Mulyadi Soal KB Vasektomi Jadi Syarat Terima Bansos Mensos mengkaji usulan Gubernur Jabar Dedi Mulyadi mengenai syarat menerima bansos hingga beasiswa harus KB. https://news.espos.id/mensos-kaji-ide-dedi-mulyadi-soal-kb-vasektomi-jadi-syarat-terima-bansos-2089805…,2025-04-30T20:14:18.000Z,
twitter,"Randomly nemuin deting debat sama anon di tweet perkara vasektomi, jujur deadlock tapi both of them were right, mau mendling tapi ntar dikira sok asik ",2025-04-30T20:13:47.000Z,
twitter,"betul, karena harusnya vasektomi ini ga cuma menarget masyarakat miskin
tapi semua segmen juga harus kena

mau kaya mau miskin, kalo sudah punya 2 anak, yasudah stop sampai situ
jangan timpang sebelah",2025-04-30T20:07:57.000Z,
twitter,"Izin buka lapak disini kak, kali aja nanti ada yg ngatain tolol dsb. Org2 tuh ketikannya kejam2 kalo ada yg beda pendapat (pengalaman pribadi wkwk). Mereka terlalu memandang sepele urusan banyak anak di kalangan ekonomi low-mid. Padahal solusinya bukan sesimple kb/vasektomi ",2025-04-30T20:07:49.000Z,
twitter,lah vasektomi skrg juga gratis kok. knp cuma cewe aja yg harus kb? yg doyan ngewe kan laki?,2025-04-30T20:07:03.000Z,
twitter,"barangkali aku salah dalam wording ""tidak ada paksaan dalam vasektomi"", tapi kita juga perlu ingat kalau canangan ini masih perlu pengawasan yang panjang. itu kan yg dicita-citakan. semua punya otoritas atas ketubuhan. vasec dapet bansos; gak pun tetep dapet haknya.",2025-04-30T20:06:06.000Z,
twitter,????? Kaga nyambung goblok ngomong apaan sih. Sendernya kaga nanya alasan lu ga mau vasektomi goblok. Sendernya nanya kenapa kontra kebijakan yg udah jelas syaratnya. Siapa elu ego,2025-04-30T20:05:28.000Z,
twitter,"Sebenernya bener, kontrol populasi ada lebih banyak di pria daripada wanita. Itung2annya gini: perempuan cuma bisa beranak satu kali setiap 9 bulan, sedangkan laki2 bisa membuahi setiap hari.

Tapi vasektomi itu jangka pendek.

Belajar dari China yg udah-",2025-04-30T20:05:27.000Z,
twitter,Berita tempo Kemang tidur tolongin kangen Vasektomi panen raya serentak Nyetrika ready https://Wa.me/6285377072956?77072956?text=Cantik%20bisa%20order%20open%20vcs%20sekarang%20…,2025-04-30T20:05:13.000Z,
twitter,Dikatain ego kesentil karena nolak kebijakan vasektomi paksa (kekerasan seksual) si mulyadi.,2025-04-30T20:04:07.000Z,
twitter,"Aku setuju bgt sm vasektomi ini, 2 anak lebih baik memang harus diterapkan di keluarga miskin. Aku 6 bersodara, smpe gede pun ttp jadi sandwich gen. Cape bgt, ngerasa gaadil bgt dunia kita juga udh disuru kerja dari kecil coba deh sudut pandangny diubah ke si anak",2025-04-30T20:03:04.000Z,
twitter,"Gue aja yang alhamdulillah mampu aja mau kok Vasektomi kalo target punya anak udah tercapai. Lagian aneh yg pada kontra, gabisa liat bigger picture nya, ada benefit kesehatan nya juga padahal. Cuma insisi kecil aja ga sebanding sama jaitan robekan istri kalian pas lahiran ",2025-04-30T20:02:38.000Z,
twitter,"salahnya KDM langsung narget ke masyarakat miskin

padahal harusnya semua segmen ditekan buat vasektomi 
mau kaya atau miskin, kalo punya anak lebih dr 2 harus lgsg di stop suppliernya",2025-04-30T20:02:01.000Z,
twitter,"Gw kmrn bilang ini di komentar, soal kurang nya edukasi dsb. Langsung ditolol2 in org banyak di kolom komentar wwkwkwk. Padahal poin gw bukan menolak kb/vasektomi tp lbh ke arah seharusnya ada solusi yg lbh baik dr ini (cth edukasi)",2025-04-30T20:00:55.000Z,
twitter,menarik bgt bacain komentar vasektomi ini,2025-04-30T19:59:59.000Z,
twitter,"GA ADA HUBUNGANNYA VASEKTOMI SAMA BOTI GOBLOK. LU VASEKTOMI DAN LU BAKAL TETEP SANGE, TETEP BISA CROT. KAGAK ADA YANG BEDA, BEDANYA CUMA PAS LU CROT DI DALEM ISTRI LU GA BAKAL HAMIL. BAHKAN PEJUNYA JUGA SAMA BENTUK DAN WARNANYA. AH ELAH",2025-04-30T19:59:18.000Z,
twitter,"Di saat anda sedang di titik terendah. Bahkan memaksa anda utk vasektomi jika ingin di bantu. Ini jelas fasis. Urusan reproduksi di batasi negara, tapi negara takut ketika rakyat miskin tidak bayar pajak dan tidak menyumbang program2 sampah pemerintah untuk rakyat miskin.",2025-04-30T19:58:57.000Z,
twitter,"Program KB yg dibebani perempuan lagi dong, kalo vasektomi aku lbh setuju. Kebiri sekalian. Biarin lah fasis juga, people should just stop breeding ffs.",2025-04-30T19:58:16.000Z,
twitter,"faktanya orang miskin selalu melhirkan generasi miskin selanjutnya, jd harus di vasektomi si miskin itu",2025-04-30T19:57:33.000Z,
twitter,Malam tidur starlink mini berita tempo tingkah nyetrika vasektomi ready http://t.me/realsyalifaa,2025-04-30T19:56:25.000Z,
twitter,"wkwkwk si gak napak tanah, gak pernah ngerasain hidup miskin makanya cuma ngecap doang sambil nyalah2in. udh ngerti soal vasektomi? udh paham syarat dan ketentuan vasektomi kayak gimana?",2025-04-30T19:55:27.000Z,
twitter,Vasektomi kangen tolongin kemang ready panen raya serentak nyetrika berita tempo http://t.me/wulangemoy2,2025-04-30T19:55:16.000Z,
twitter,"Berarti gak usah nerima bansos, kalau nolak vasektomi, ada rencana nambah anak, berarti bisa biayain, bansos itu buat keluarga miskinkan, dan pasti yg di vasektomi itu udh lebih dr dua anaknya, mau ngapain lagi coba?",2025-04-30T19:55:11.000Z,
twitter,seru bgt bahasan kebijakan vasektomi ini,2025-04-30T19:55:05.000Z,
twitter,Berita tempo Kemang tidur tolongin kangen Vasektomi panen raya serentak Nyetrika ready http://t.me/Heni_Sapitri,2025-04-30T19:55:04.000Z,
twitter,harusnya ga cuma masyarakat miskin tapi semua segmen wajib vasektomi kalau sudah punya 2 anak,2025-04-30T19:54:23.000Z,
twitter,"Gabisa bedain yg dilakuin hitler sama rencana vasektomi kah?

Hitler pure merasa ras nya dia doang yg perlu dijaga, sedangkan rencana ini gapeduli mau dari ras manapun ttp",2025-04-30T19:53:43.000Z,
twitter,"Buat muslim aja. Vasektomi itu diharamkan diawal 2000-an, namun jadi mubah karena saluran reproduksi yg putus bisa disambung. Sayangnya saat penyambungan, kemungkinan pulih seperti semula gak 100%, makanya ada yg bilang makruh. Dulu sempat diharamkan karena bikin gak subur.",2025-04-30T19:53:43.000Z,
twitter,"Wkwk.. men.. gw cuman menjawab sesuai konteks pertanyaan di tweet pertama aja. 

Sender kan nanya, alesan ga mau vasektomi itu knapa, ya gw jawab. Konteks nya itu!

Btw knp takut amat ga kebagian bansos sih lu broo..? wkwk",2025-04-30T19:53:01.000Z,
twitter,"Sumber media Z10N15 melaporkan bahwa sekitar 10.000 pemukim Ilegal telah meninggalkan rumah mereka, & operasi evakuasi masih berlangsung, sementara 16 kera terluka, & badai pasir akan melanda Z10N15.
.
.
.
Barca Tingkah Yamal panen raya serentak our moqeel surround 149 Vasektomi.",2025-04-30T19:50:56.000Z,
twitter,"Ini krn vasektomi, laki-laki harus berkorban makanya jadi heboh, kalau cewe yang di suruh kb paling diem, mereka bisa berpikir urusan pengendalian jumlah anak itu urusan perempuan, makanya aneh kalau ada emak-emak anak yg udh lbh dr 3 gk setuju wacana ini alasannya apa ",2025-04-30T19:49:55.000Z,
twitter,Bansos dan mandatory vasektomi adl 2 terms yg kontraproduktif. Pejabat kalo ga bikin statement jelek bisa ga sih? Dipikir dulu kalo ngomong.,2025-04-30T19:48:50.000Z,
twitter,Hey i'd have to disagree here. Bukannya berarti pemerintah gagal buat nyediain lingkungan yang kondusif biar orangtua nya bisa kerja dan anak anaknya bisa dapet gizi yang layak? Bansos itu nggak bakal bikin mereka keluar dari gizi buruk either apalagi yang harus sampai vasektomi.,2025-04-30T19:48:06.000Z,
twitter,"Anyway gw udh ga setuju sama konsep vasektomi dia soalnya dia ga holistik. Kb doang sex ed dilarang, but i still laugh liat byk laki koar2 bodily autonomy pdhl selama ini maksa ke cewe",2025-04-30T19:47:27.000Z,
twitter,lu vasektomi enggak bakal bikin lu matiiiiiii.  kenapaaaa sihhhh hidup harus melulu tentang buat anak?,2025-04-30T19:47:22.000Z,
twitter,"untuk mengetahui manajemen keberlangsungan hidup & niatan mereka untuk punya anak lagi. barulah di sana diinformasikan terkait vasektomi beserta manfaat & reward yg menyertainya. so, pendekatannya lebih ke arah mengubah mindset & pemberian reward daripada hukuman. begitu...",2025-04-30T19:47:12.000Z,
twitter,when vasektomi disebut 'otoritas' while woman fuck w kb suntik pil iud dll??????????????,2025-04-30T19:47:06.000Z,
twitter,"Kebakaran hebat menyebar lebih jauh ke pemukiman Petah Tikva di wilayah tengah Palestina yang diduduki.
.
.
.
.
Barca Tingkah Yamal panen raya serentak our moqeel surround 149 Vasektomi.",2025-04-30T19:46:16.000Z,
twitter,"gmn klo butuh bansos tpi ga bisa vasektomi?
misal si laki ad penyakit yg menghalangi atau cmn punya anak 1? satu keluarga ga bisa makan dong?

mengingat syarat vasektomi di indo min punya anak 2 dlu (dan diatas 5thn) + tidak ad masalah kesehatan tertentu",2025-04-30T19:46:00.000Z,
twitter,"Sacrificing men itu bakal narik cewek buat jadi korban juga. Coba dipikir dampaknya kesana. Vasektomi dengan consent is good, tapi dipaksa jadi prasyarat is not good. India pernah ngelakuin hal yang sama, dan nyatanya, yang naik malah kasus kekerasan seksual.",2025-04-30T19:37:56.000Z,
twitter,Dari awal kan emang ada aturan bpjs kalo bisa vasektomi tu umur 35 atau punya 2 anak. Harusnya kalo pemerintah pintar ga bakal langsung acak-acak uu tapi cari alternatif namun dengan tujuan penekanan angka kelahiran,2025-04-30T19:37:40.000Z,
twitter,Gue sangat ga setuju si KDM ini pake acara ngancem2 ga ngasih bantuan yg ga vasektomi. Tp gue setuju vasektomi diedukasiin ke masyarakat. Biar masyarakat milih sendiri metode vasektomi. Program KB pun berhasil kan nurunin TFR? Masalahnya masyarakat blm awam sm benefit vasektomi,2025-04-30T19:37:33.000Z,
twitter,"Toh vasektomi sendiri jg ada syaratnya, yaitu min. 2 anak, berarti kebijakannya bkn gak boleh punya anak tp gak boleh punya banyak anak",2025-04-30T19:36:45.000Z,
twitter,"adakah twitku yg bilang aku mendukung peraturan2 kek gitu? kok jdi diframe kayak gini sih. aku ngomongin vasektomi ini ya karena ini peraturan yg jdi topik utama nya dan baru mau diterapkan, bukan karena aku lebih peduli sama laki2 or whatever",2025-04-30T19:35:45.000Z,
twitter,sejak kapan vasektomi kewajiban warga negara?,2025-04-30T19:35:17.000Z,
twitter,"Gue setuju agar vasektomi mulai dinormalisasi. Tapi kalau menjadi syarat utk mendapat bansos? Hmmm, ragu sih.

Menurut gue, mewajibkan vasektomi atau melarang orang miskin beranak tidak bisa menjadi solusi tepat utk mengatasi kemiskinan itu sendiri.",2025-04-30T19:34:57.000Z,
twitter,"MAU NGEWE GAYA APAPUN MEREKA BOLEH asal ga beranak pinak, lu liat aja persyaratan resmi vasektomi apa, mau lu org yg dh punya anak bejibun ga mau vasektomi, pil KB, kondom, buang di dalam tanpa jadi bayi? Lu kira yg nongol TV plasmakah?",2025-04-30T19:34:38.000Z,
twitter,"Aku sama sekali gak ngomong itu jadi kewajiban, makanya aku tekenin kalo aja strategi vasektomi ini bentuknya edukasi pasti pelan2 akan ngerti, kayak program KB. Coba bayangin kalo gaada edukasi dan program KB bakal berkali2 lipat penduduk Indonesia skrg",2025-04-30T19:34:18.000Z,
twitter,"Fr sih bang, Gedeg bgt sama yg alesan takut di selingkuhi istri soalnya udah g sekuat sebelum vasektomi",2025-04-30T19:32:14.000Z,
twitter,"Coba baca tuh yang bener. Gada yang anti sama vasektomi. Orang mau vasektomi juga silahkan, asal atas kesadaran pribadi bukan oleh paksaan negara yang kalo gamau diancem dicabut bansosnya.",2025-04-30T19:32:00.000Z,
twitter,"Kalo di vasektomi kan dia GK bisa nambah anak kali, bahkan kalo dia yg dulunya miskin dan menjadi  mampu secara finansial, dia GK bakal bisa punya anak lagi...",2025-04-30T19:31:59.000Z,
twitter,"orang2 kek ga paham aja tabiat rakyat negara bobrok ini. imagine lu udh bikin regulasi yg sesuai pun masih aja dilangkahin, knp? krn ya basically licik.

gini aja ribut gabisa dpt bansos krn tolak ukurnya vasektomi, gimana klo di cut pemerintah atas dasar “udh kerja gaji layak”?",2025-04-30T19:31:17.000Z,
twitter,"intinya, anjuran vasektomi sebenernya hal positif tapi menjadikannya sebagai syarat wajib penerimaan bansos adalah contoh tindakan diskriminatif.",2025-04-30T19:30:28.000Z,
twitter,"Btw, kalo dulu gaada program 2 anak cukup, ga kebayang TFR Indonesia malah naik, bukannya turun. Vasektomi itu bentuk dari KB. Kalo dulu pemerintah gak “nyentuh ranah privat” dgn ga sosialisasiin KB, ga kebayang sih mungkin Indonesia skrg udh nyentuk angka penduduk 500jt lebih.",2025-04-30T19:28:04.000Z,
twitter,Goblok kan anaknya udah banyak pas dari kaya. Ngapain suruh vasektomi lagi? Asal mangap lu dodol Kwkwkwk,2025-04-30T19:27:24.000Z,
twitter,"Ada implan, iud, pil, susuk, kondom, tubektomi termasuk vasektomi, intinya itu pilihan bukan paksaan",2025-04-30T19:26:48.000Z,
twitter,"Dengan mempersulit mereka terhadap haknya tidak akan menyelesaikan akar masalah seperti kemiskinan. Yg ada malah anggaran bansos dikorupsi. Yg miskin makin ga dipehatikan negara karena bisa lepas tangan ""siapasuruh ga mau vasektomi"" kan lucu.",2025-04-30T19:26:32.000Z,
twitter,isu soal keharusan vasektomi untuk bisa menerima baksos ini menarik sih untuk didiskusikan menurutku... tapi JELAS SEKALIII pasti ada pro kontra tergantung ngelihatnya dari perspektif mana. nanti deh gue baca² dulu lagi kali ya...,2025-04-30T19:25:36.000Z,
twitter,Penerima bansos yg ga setuju tuh pengennya punya anak berapa soh? Syarat vasektomi itu salah satunya sudah punya anak yaaa,2025-04-30T19:25:24.000Z,
twitter,"ga perlu nyuruh prempuan untuk melahirkn, mrk pasti akan melakukn jika mrasa secure dan pasangan mendukung. ga perlu jg nyuruh laki"" buat vasektomi, mrk akan memilihny klo mmg aware dan bertanggung jawab atas kputusan berkeluarga.",2025-04-30T19:25:12.000Z,
twitter,"Vasektomi mah bukan lagi di larang beranak, tapi gak bakal bisa beranak lagi....",2025-04-30T19:24:31.000Z,
twitter,padahal kalo dibandingin banyakan jg iklan KB daripada vasektomi wkwk,2025-04-30T19:24:05.000Z,
twitter,"Kayak kasarnya, coba bayangin bisa ngewe brutal sama pasangan tanpa takut kebobolan. Kalo ngerasa bbrp anak udah cukup, drpd setiap tgl datang bulan pada deg2an kebobolan, ya enakan vasektomi lah wkwk. Laki gaperlu nyetok kondom, hormon perempuan ga berantakan grgr kb suntik dll",2025-04-30T19:23:58.000Z,
twitter,"jelas pro dong, kalo mau dapet bantuan ya harus taat sm peraturan pemerintah toh gaada salahnya juga kan kb/vasektomi drpd tiba2 beranak terus tapi ga kebiayain, ingat ya kawan2 ngurus anak dan ngebiayain hidup anak itu tidak mudah jgn sampe anak kita kesusahan",2025-04-30T19:23:39.000Z,
twitter,"Perlu digarisbawahin, posisinya udah punya anak, bukan belum punya anak terus di vasektomi.",2025-04-30T19:22:43.000Z,
twitter,"Lha gmn gk diancam2, penduduknya punya otak ky lu. Tujuan vasektomi itu supaya mereka berenti beranak pinak, bukan berenti ngesek2. Bayangin lu jadi anak ke 5 sementara ortu lu miskin ngandelin bansos. Hidup jadi beban negara, menderita, emang lu mau di situasi itu?",2025-04-30T19:22:33.000Z,
twitter,"Yg banyak kontra kan cowo2 karena selama ini KB identik dengan “KB hormon dan suntik untuk perempuan”. Padahal kondom pun KB, tp kl udh nikah saya asumsikan cowo2 pd gmau pake kondom karena ga enak. Harusnya diedukasi biar jadi pada paham, dan mau vasektomi sendiri",2025-04-30T19:21:19.000Z,
twitter,"lo lah yang aneh, cari dlu pengertian genosida sama vasektomi",2025-04-30T19:20:37.000Z,
twitter,"Aku udah baca! Kesimpulannya adalah: faktor kenapa punya anak lebih dr dua: pendidikan, ekonomi, agama, dan usia pernikahan. Trus kesimpulannya adalah negara harus perbanyak akses, aka tingkatkan pengetahuan. Jd riset ini tidak mendukung keputusan vasektomi syarat bansos.",2025-04-30T19:16:08.000Z,
twitter,trying so hard to be 2.0 mulyono bcs they know vasektomi is a favored issue in twitter ,2025-04-30T19:15:29.000Z,
twitter,"Rencana gw selalu itu. Setelah sampai target, ya vasektomi. Ga ada alesan cewe yg harus berkorban kb sana sini harus perpanjang lalalala kalo laki bisa gampang sekali operasi selesai...",2025-04-30T19:14:15.000Z,
twitter,"mereka mana paham kak, mereka ini nyembah pridenya aja tp gamau ngaku.

gapapa keluarga miskin punya anak 100, kan ada bansos, yg pasti program vasektomi ini adalah kejahatan dan pemaksaan anak2 yg meninggal krn kurang gizi itu udh takdir",2025-04-30T19:14:05.000Z,
twitter,"Hahaha kemungkinan sudah di vasektomi dipotong saluran sperma testis terus di sambung lagi bisa normal.. intinya kalau kebijakan ya silahkan di mulai dari perangkat desa, kec, kab, sampai gubernur di wajibkan vasektomi  baru warganya... okee..",2025-04-30T19:13:52.000Z,
twitter,Padahal kalo udh beranak pinak gitu enak anjay vasektomi. Bisa berhubungan seks dengan pasangan sesuka hati tanpa khawatir “kebobolan”. Sosialisasi vasektomi emg harus pelan dan jelas soalnya masa banyak yg ngira kalo vasektomi udh gabisa ngeluarin sperma dan ngaceng wkwk ngaco,2025-04-30T19:11:57.000Z,
twitter,"jujur gua setuju dengan program vasektomi ini sih.
beberapa kali lewat tl entah itu di X/IG/FB tentang bayi yang dibuang oleh ortunya yg latar belakang ekonominya kurang mampu.",2025-04-30T19:11:54.000Z,
twitter,"satu lagi deh,
tiba-tiba kepikiran, bahas kontrasepsi di Indo mah keknya kalau ke vasektomi kejauhan dah(?) edukasi pemakaian kondom aja susah bejir bzzz memuakkan",2025-04-30T19:10:55.000Z,
twitter,masalahny yg ortunya stress tuh banyak. btw ngewe terus pun gak papa namanya suami istri ASAL GAK JADI ANAK TERUS. udah tau miskin bukannya DIRENCANAKAN. katanya rejeki dr tuhan tp dianya aja gak BERUSAHA supaya gak hamil. ini lah pentingnya vasektomi kepepet buat org miskin.,2025-04-30T19:10:40.000Z,
twitter,"Dah dibilangin berapa kali orang kontra itu bukan karena vasektominya, tapi karena ""pemaksaan"" nya. Mau vasektomi, kb, angkat rahim, dan segala hal tentang kontrasepsi tidak boleh ""dipaksa"".",2025-04-30T19:10:28.000Z,
twitter,mff tp ak setuju sm vasektomi vasektomi itu,2025-04-30T19:10:25.000Z,
twitter,"Saya mendukung KB dan Vasektomi  

Hanya saja kalau dijadikan syarat untuk menerima bansos ga setuju. Itu hak warga miskin. Jangan dipersulit",2025-04-30T19:09:50.000Z,
twitter,"Keknya ga mungkin deh.. tujuan vasektomi tuh kan buat ngurangin birth-rate orang2 miskin. kenapa si cwe malah diwajib-in nikah n punya anak? kontradiktif banget.

keknya lebih masuk akal klo pemerintah ngelarang orng-orng miskin buat nikah, yh walaupun g msuk akal juga~",2025-04-30T19:07:21.000Z,
twitter,"well pemerintah indonesia tuh emang selalu menerapkan kebijakan berdasarkan sesuatu yg viral lebih dahulu, cth nya ya vasektomi ke kaum miskin ini. Padahal akal masalah ketimpangan akses pendidikan untuk tiap warga itu mbok diselesaikan dulu, baru realisasikan permukaan",2025-04-30T19:06:47.000Z,
twitter,"Yang tolol siapa sih? Vasektomi tuh standarnya emang prosedur ringan, bukan gue ngarang. Sementara KB hormonal cewek tuh dari awal udah pake risiko efek samping macem-macem. Lo aja yang baru baca satu paragraf udah sok nyolot, bacot lo gede, literasi lo nol.",2025-04-30T19:05:16.000Z,
twitter,"suddenly it’s a crime whoaaaa.. gada yg lebih kejam di mata lo pada selain mau bansos harus vasektomi dlu ya.

anak-anak 5-10 bersaudara dari keluarga miskin ahhhh kecil lah yaaa mgkin ortunya dulu khilaf, namanya hiburan orang miskin",2025-04-30T19:05:14.000Z,
twitter,vasektomi ini jg ga diwajibkan sbnrnya? kalo gamau ya gausah terima bansos. toh itu pun jg jika memenuhi persyaratan..? koreksi saya,2025-04-30T19:04:57.000Z,
twitter,"Mau vasektomi atau kebiri permanen, semuanya itu kekerasan seksual karena dilakukan dengan penyalahgunaan kuasa yang dia punya lewat mengancam menghentikan bansos & jalur beasiswa ke masyarakat miskin: masyarakat yang secara konstitusi punya hak untuk dua hal itu.",2025-04-30T19:04:17.000Z,
twitter,"Perkara vasektomi semua orng langsung ngomongin ham pdhal selama ini digembar gembor wajib kb untuk perempuan pada diem"" aja. Ga rame. Kenyataannya dilapangan, orang miskin suka gatau diri malah beranak pinak biar bantuannya tambah banyak. Istri gamau hamil lagi dipaksa suami",2025-04-30T19:03:59.000Z,
twitter,"Tapi nggak pakek vasektomi, dan aturan itu nggak cuman orang miskin tapi hampir semua warganya. Dan jangan lupa faktor lainnya, investasi besar besaran pada pendidikan sains dan teknologi, riset dan inovasi, infrastruktur masif, dan masih banyak lagi.",2025-04-30T19:03:59.000Z,
twitter,Btw vasektomi itu juga salah satu dari KB wkwk. KB buat laki-laki. Gpp marah2 nentang vasektomi tp cek fakta dulu,2025-04-30T19:02:39.000Z,
twitter,"maunya penggalakan vasektomi itu dilakukan secara edukatif bukan paksaan sebagai syarat penerima bansos yang sebetulnya udh jd kewajiban negara. lagian, kontrasepsi itu sifatnya confidental baik untuk perempuan atau pun laki-laki. asdfghjkl plis lah",2025-04-30T19:01:47.000Z,
twitter,"Peraturan sebelumnya ... kalau enggak vaksin kagak bakal terima bansos.

Nah sekarang???
Kalau kagak vasektomi enggak bakal terima bansos.

BERFIKIRLAH ....
Gunakan akal sehat pemberian TUHAN itu dengan sebaik²nya",2025-04-30T18:56:11.000Z,
twitter,"TERUSSSS kebijakan KDM pun yang urg lihat hanya menyasar satu kelas sosial, masyarakat prasejahtera, jadi kek ga menyeluruh gitu ai mau mengendalikan angka kelahiran mah..

makanya memang bukan dari menurunkan angka kelahiran, tapi menurunkan kemiskinan lewat vasektomi",2025-04-30T18:56:00.000Z,
twitter,"saya ga setuju vasektomi jadi 'syarat wajib' penerimaan bansos dan beasiswa 
sepakat lagi",2025-04-30T18:55:42.000Z,
twitter,"Artinya negara telah gagal mensejahterahkan rakyat..
Bansos itu hak rakyat miskin !
Sesiapa yg msuk ketegori miskin layak mendapat kan nya,,
Kesenjangan sosial meningkat.
Poin plus buat kaum sekulerism dgn ide vasektomi.
Org ini sgt berbahaya..",2025-04-30T18:55:09.000Z,
twitter,"disini lo bilang melanggar human right kalo nyuruh vasektomi buat dpt hak nya, cukup sosialisasi. lo menjelaskan segininya jg ga kak ke yang lainnya kalo soal kb?",2025-04-30T18:53:20.000Z,
twitter,ini tuh masih usulankan? dan yang pasti akan di kaji kembali tentang usulan ini. karena menurut ku program ini emang sudah bagus tapi dengan s&k. misalnya jika keluarga sudah memiliki banyak anak/lebih dari 2 di wajibkan untuk vasektomi. program ini memang butuh di kaji kembali,2025-04-30T18:53:08.000Z,
twitter,itu treatmentnya apa tuh? setau gua yg metode yg dia sebut ini kan vasektomi yg dimana persentase nya bisa 99%,2025-04-30T18:52:04.000Z,
twitter,Tp gua setuju krn banyak bgt org yg kekurangan malah anaknya banyak bisa lebih dari 5. Kegiatan 'itu' jd hiburan krn gratis buat mereka. Lagian klo vasektomi jg minimal punya 2 anak dulu & harus berumur 35 tahun. I guess it was a win-win solution,2025-04-30T18:52:01.000Z,
twitter,saya setuju tentang Vasektomi. trust me,2025-04-30T18:51:41.000Z,
twitter,"Tau sih promosi itu bisa tahunan-puluhan tahun, tapi itu harus dilakukan.

Drpd iming2 bansos dan beasiswa mending gandeng ulama terkenal suruh dia promosi vasektomi kemana2, itu akan lebih efektif dan low cost (g prlu ksh imbalan ke warga miskin).",2025-04-30T18:51:13.000Z,
twitter,"minor surgery?? lo yang tolol sih. Lo bandingin hal baik dari vasektomi tapi lo bandingin sama hal terburuk kb, makin ga apple to apple smh",2025-04-30T18:50:19.000Z,
twitter,"Mau edukasi & sosialisasi terus sampe kpn bjir, masyarakat tuh pada BEBAL & NGEYEL. Vasektomi ini kan bkn hal baru, emg yakin tingkat laki2 yg ngelakuin vasektomi dari masyarakat yg kecenderungan punya anak banyak bakal meningkat pesat abis banyak edukasi & sosialisasi?",2025-04-30T18:49:55.000Z,
twitter,"Memang laki pasti ada egonya sendiri, tp pasti kalo laki yg beneran sayang sm keluarga akan memilih utk vasektomi tnp iming2 begitu.",2025-04-30T18:46:16.000Z,
twitter,"Anggi tktokers cantik aduhay

https://doodss.lat/e/ghptcbcyxmh7
https://doodss.lat/e/899b2pkcvy0t
https://doodss.lat/e/nregqx8rhu53
https://doodss.lat/e/z4ro9mi7u5bt
https://doodss.lat/e/lsvgu8bhs66v
https://doodss.lat/e/bm4p099c90ok

Grup 
https://t.me/+HY7GzysehAkyNTJl…

Malam Pagii Nyetrika Vasektomi Mimi HARI INI Sejarah Gray 1 JUTA Kamis https://pic.x.com/RjyeLX6NKo",2025-04-30T18:46:14.000Z,
twitter,tapi serius emg ga habis pikir sama wacana kebijakan vasektomi untuk dpt bansos itu.. kek kenapa sih ga bikin kebijakan yang bikin masyarakatnya mandiri ajaa instead of ngurusin siapa harus pake apa. kebiasaan suka ikut campur ranah privat rakyat.,2025-04-30T18:46:04.000Z,
twitter,"syalan w beli kondom di Alfa di soraki staff Ama diketawain bjir, amit tipikal orang pemyakal kebijakan vasektomi anjay. Lu ga ngaca mak-bapak lu ngelahirin lu terus mereka nyesel anak banyak TPI ga ada manfaatnya bjir",2025-04-30T18:45:22.000Z,
twitter,Contoh otak ga nyampe. Membaca aja gabisa. Wajar ga punya empati. Taunya menghakimi. Dikira masalah selesai dengan vasektomi.,2025-04-30T18:45:21.000Z,
twitter,"Nih ya yg dilakukan dedi tuh lgsg cut masalah tnp mau tau akar masalahnya apa. vasektomi jelas msh jd pilihan kb yg didengar baru sm awam, drpd iming2 ""klo vasektomi dpt bansos dan beasiswa!!!!"" lebih baik promosi dl bagusnya vasektomi tuh apa.",2025-04-30T18:45:16.000Z,
twitter,"gausah lebay ya bangsat. lu selama ini ga peduli cewe disuruh kb, ga peduli cewe dilarang aborsi, giliran disuruh vasektomi lu nangis2. lu cuma disuruh tau diri sebagai org miskin, jgn beranak lebih dari 2, bukannya dilarang punya anak, bukan dilarang ngewe seumur hidup juga.",2025-04-30T18:44:49.000Z,
twitter,"Ya stauku mah harus anak 2 dulu baru boleh program vasektomi yg dari pemerintah. Ya kalo emang begitu harusnya sih ga ada protes berlebihan ya.. 2 anak cukup lahh, masa harus koleksi bikin kesebelasan baru puas? padahal ga bisa biayain ",2025-04-30T18:43:30.000Z,
twitter,Sure gw tau ini bukan permanent solution. My point is to reduce suffering sambil perbaiki ekonomi. Lagian ini bukan larangan gaboleh sama sekali punya anak. Syarat vasektomi aja minim anak 2. Dua anak masa ga cukup. Like you're just jumping into conclusion kl lu mikir,2025-04-30T18:40:16.000Z,
twitter,"Ya jangan di samain sama negara yg tidak overpopulasi, terus misal bansos gak dijadikan imbalan mana ada sih orang ga mampu ini yg sukarela mau di vasektomi? Yg ada mereka asik aja beranak toh tetep dapet bansos karna miskin.",2025-04-30T18:39:02.000Z,
twitter,"Lakinya suruh vasektomi skrg kan gratis, tp ada syaratnya jg sih",2025-04-30T18:37:37.000Z,
twitter,dan vasektomi.....sepakat ,2025-04-30T18:37:02.000Z,
twitter,"heem, silakan bikin vasektomi meluas buat menekan pertumbuhan masyarakat tapi jangan dipaksa lewat kewajiban negara (bansos n beasiswa), yuk pikirin cara lain!",2025-04-30T18:37:01.000Z,
twitter,"balik ke individu masing-masing sih. kalo semisalnya keluarga ekonomi nya menengah keatas dan ingin punya anak lebih, silahkan. toh mereka bisa menghidupi anak-anaknya juga. semisal A pengen 5 anak, pas udah 5 anak baru lah pilih mau di vasektomi apa engga nya. kalo konteksnya-",2025-04-30T18:36:51.000Z,
twitter,"WKWKWK aneh, yang bilang telantarin siapa? gue cuma ga sejutu sama vasektomi gila kali",2025-04-30T18:36:43.000Z,
twitter,kenapa ya laki disuruh vasektomi tuh kaya menyakiti harga diri mereka bgt padahal kan kalo dibanding perempuan yg kb jelas lebih menguntungkan,2025-04-30T18:36:14.000Z,
twitter,ya vasektomi sama kb juga ga apple to apple brodi,2025-04-30T18:36:05.000Z,
twitter,"Engga ada say. Vasektomi dasarnya permanen tapi bisa dibalikkan kesuburannya pakai reversi (dua prosedur operasi yang berbeda dan biaya reversi puluhan kali lebih mahal).
Bayangannya tuh, vasektomi kaya tattoo permanen yang bisa dihapus pake laser, bukan kaya temporary tattoo",2025-04-30T18:36:02.000Z,
twitter,"ga apple to apple lah, vasektomi harus sampe operasi dan total gabisa punya anak lagi, kalo kb ga sampe operasi dan potensinya masih ada belegug",2025-04-30T18:35:41.000Z,
twitter,oh someone mad? yang si paling tau tubuh perempuan tersentil ketika disuruh vasektomi? hah? ngntd,2025-04-30T18:32:24.000Z,
twitter,Pusing bgt baca diskursus vasektomi… yang bener yang mana ya argumennya sama kuat 22nya ,2025-04-30T18:31:19.000Z,
twitter,Kamu bingung ya kenapa kebijakan vasektomi Dedi Mulyadi dianggap fasis? Yaudah aku bantu jelasin di kosmu sekarang,2025-04-30T18:31:11.000Z,
twitter,“Dipaksa” kb atau vasektomi demi dapat bantuan pemerintah. Damn bro only highlights hak beranak pinak tanpa mikir membesarkan anak2 dengan layak itu kewajiban ortu,2025-04-30T18:30:59.000Z,
twitter,"bisa, cuman yang perlu ditekankan bahwa insentif teh jangan berkaitan sama apa-apa yang sudah menjadi kewajiban negara kaya beasiswa dan bansos.

bansos ya mau ada/tidak adanya insentif dari vasektomi, harus tetap ada, karena sudah kewajiban, kalo gaada tetap sajah sih..",2025-04-30T18:30:18.000Z,
twitter,"sebenernya menurut gue, gaada masalah di kb ataupun vasektomi nya. asal, atas dasar keinginan sendiri. justru karna adanya indikasi ""pemaksaan"", demi ""claim bansos"", yang jadi poinnya disini. nyelesain masalah enggak, yang ada pemerintah makin leluasa aja kontrol dehumanizing.",2025-04-30T18:30:05.000Z,
twitter,"Cmiww cmiwww sok asyik lu. 
Nalar yg sederhana jadi muter"" dibuat spesies lu.
Vasektomi itu haram. Dibolehkan jika dan hanya jika. 
Lalu ada makhluk yg mewajibkan dan memaksakannya dan parahnya hal itu hanya ditujukan ke orang miskin. 

Gak usah jahat-jahat jadi manusia.",2025-04-30T18:29:30.000Z,
twitter,"Setelah Vasektomi dan ganti pimpinan, datanya dihapus dari keluarga miskin. Kwkwkwk auto nyesal.
Terlalu ekstrem sih kalau ini",2025-04-30T18:29:29.000Z,
twitter,"ya kalo gamau di vasektmi yaudah, gausah terima bansos

susah bgt heran

lagi rugi nya apa si? kalo udah ga ada plan punya anak ya apa ruginya vasektomi?",2025-04-30T18:28:51.000Z,
twitter,"http://freshlnk.com/servercapgajah
~
~
~
~
~
~
~
~
~
~
~
~
~
~
~
~
~
~
~
~
~
~
~
~
~
~
~
~
~
~
~
~
~
~
~
~
~
~
~
~
~
~
~
Malam  MILYARAN Sentry Tidur Bully Berita Tempo Nyetrika Nonton YouTube Gatot Kangen Kemang Tingkah GTA San Andreas 1 JUTA Vasektomi Winning Eleven Asta Rabu Kamis Ready",2025-04-30T18:28:48.000Z,
twitter,23 tahun pks adi gani nyetrika ngilu ready vasektomi berita tempo http://t.me/realsyalifaa,2025-04-30T18:27:36.000Z,
twitter,Vasektomi jg ada syarat umur & minimal punya 2 anak.,2025-04-30T18:26:03.000Z,
twitter,jd pengen vasektomi,2025-04-30T18:26:00.000Z,
twitter,"Coba baca RUU Ketahanan Keluarga dan pernyataan BKKBN kalo perempuan minimal melahirkan 1 anak perempuan juga. Poin gua bukan nolak vasektomi atau di “bisa jadi”, tapi sekali negara masuk ranah privat, mereka gak akan berhenti. Negara kita pernah bersikeras mengatur ranah privat.",2025-04-30T18:25:47.000Z,
twitter,"Hak laki2 mana yg dilanggar? Vasektomi emang bikin g bisa ngaceng? Malah justru lebih enak bisa crot di dalem. Gua malah seneng gitu. Istri gua g keganggu krn kudu KB, guanya jg enak. How? Ato jgn2 lu sebenernya laki yg g terima soal KB buat laki2? ",2025-04-30T18:25:45.000Z,
twitter,"Bagus dong di vasektomi, bisa bebas berzinah dgn siapa saja tanpa rasa was2 dan takut si ceweknya bakal hamil, trus ditinggal pergi tanpa hrs bertanggung jawab ",2025-04-30T18:25:16.000Z,
twitter,"Tahu ga apa yg bikin gw makin miris, yg teriak soal vasektomi tdk boleh dipaksakan itu kebanyakan dari temen-temen Feminis yg selama ini memperjuangkan hak-hak perempuan yg selama ini ga sekali dua kali dibully sama incel kere yg ketakutan dipaksa vasektomi.",2025-04-30T18:25:04.000Z,
twitter,"Skandal Pramugari ML Dengan Pilot di Hotel


malam ready 1 jt panen raya serentak nyetrika bumn berita tempo vasektomi 23 tahun",2025-04-30T18:24:58.000Z,
twitter,"Vasektomi dasarnya permanen. Bukan dipasang sih, tapi dibuka. Dan harga buka kanalnya itu puluhan kali lipat lebih mahal dari nutupnya",2025-04-30T18:24:46.000Z,
twitter,"“Seolah olah orang miskin itu hobinya beranak pinak” how come you didn’t realize? without spending money, sex is one of the few readily available sources of enjoyment for them. So yea, it’s a complex problem, vasektomi can’t fix everything but it surely can be one of the solution",2025-04-30T18:24:19.000Z,
twitter,Klo lo ga pernah bersentuhan sm org miskin langsung ya lo pasti jd si paling woke anti vasektomi sih.,2025-04-30T18:23:58.000Z,
twitter,"Vasektomi itu permanen tapi bisa dibalikin(reverse). Jadi ini dua prosedur yang berbeda. Dan reverse vasektomi itu lebih mahal dari vasektominya sendiri. 

Prosedur Kisaran Biaya (by GPT)
Vasektomi: Rp 1 – 10 juta
Reversi Vasektomi: Rp 20 – 100 juta (atau lebih)",2025-04-30T18:23:51.000Z,
twitter,"Njir itu kan buat penerima bansos ya, kok bisa ada pemikiran cerai anak dibawa istri trus nikah lagi? Lah itu anak dibawa bini juga masih tanggung jawab lu bang. Kalo emang bisa tanggung jawab berarti kan gausah jadi penerima bansos. Berarti gausah vasektomi.",2025-04-30T18:23:04.000Z,
twitter,"i understand where you came from. sebetulnya long term goalnya kan kesadaran KB baik perempuan maupun laki-laki, emang perlu banyak step termasuk edukasi dan sosialisasi... tapi ya kewajiban vasektomi hanya untuk yang miskin sebagai syarat dapat bansos itu jelas salah...",2025-04-30T18:21:27.000Z,
twitter,"ya kaannn, aku emosi bgt sama kebijakannya. para perempuan yang akhir-akhir ini gencar menggalakkan untuk KB vasektomi dibanding tubektomi jadi sia-sia gerakannya, karena abis ini pasti lebih susah lagi acknowledge masyarakat tentang KB vasektomi yang bisa jadi pilihan lebih aman",2025-04-30T18:21:23.000Z,
twitter,Vasektomi memang baik. Tapi memaksakan sampai mandatory ya salah. Paham ga sih.,2025-04-30T18:20:34.000Z,
twitter,"Bayangin ada anak semangat belajar, butuh beasiswa krn bapanya miskin, tp bapanya gamau vasektomi, akhirnya ga dpt beasiswa, bapanya ga masalah krn emg pgn anaknya lgsg kerja aja gausa sekolah, tp anaknya mau sekolah. Gimana coba kalo kayak gt. Jahat bgt deh org2 yg pd pro.",2025-04-30T18:20:32.000Z,
twitter,"Bansos itu kewajiban negara, dia gak bisa jadi hadiah vasektomi. Dan poin gua adalah sekali negara masuk ranah privat, mereka gak akan berhenti.",2025-04-30T18:18:12.000Z,
twitter,"Berarti kalo mereka udh bisa keluar dari ""kemiskinan"" bisa tuh buat dilakuin pembaikan. Kan inti masalahnya biar tidak terjadi orang orang dengan ketidak mampuan ekonomi untuk terus terusan bikin anak yang sampe lebih dari 2. Toh, dia ttp dapet bansos habis vasektomi.",2025-04-30T18:18:06.000Z,
twitter,"funny how men suddenly adopting the terms ""'my body my choice"" when it comes to vasektomi, bukti bahwa mereka bukannya ga paham tapi milih buat jadi jahat aja",2025-04-30T18:17:55.000Z,
twitter,"Anak sampe 8 di kondisi ekonomi Indonesianyg kayak gini sih mending dikasih bantuan vasektomi gratis. Kalo sampe gak mau, keterlaluan bgt",2025-04-30T18:17:42.000Z,
twitter,"Vasektomi bukan solusi untuk itu. Tapi ya, dia emang sinting. Lebih gila daripada jokowi.",2025-04-30T18:17:22.000Z,
twitter,"Semuanya juga pengen yang baik bang..
Tapi kita realistis aja dengan kondisi existing sekarang ini, program bansos syarat Vasektomi ditunjukkan kepada orang yang gak mampu s&k ada... Apa kita berhenti disitu saja?? Ouh tidak, ada bab² selanjutnya mulai dari ngembangin pendidikan",2025-04-30T18:17:13.000Z,
twitter,"Itu bukan perbandingan. Gua gak lagi memperbandingkan. Gua ngepoint out kalo sekali negara masuk ranah privat, mereka gak akan berhenti. Kebijakan KDM itu jelas bertentangan dengan UUD dan UU TPKS, bansos itu kewajiban negara, dia gak bisa jadi “hadiah habis vasektomi”.",2025-04-30T18:16:46.000Z,
twitter,Ya itu namanya pemaksaan kalau harus vasektomi biar dpt bantuan. Dikira bakal sampe situ aja? Bisa ke hal hal ranah pribadi lainnya nanti. Masih ga ngerti apa gmn sih.,2025-04-30T18:16:43.000Z,
twitter,Kalo udah vasektomi masih keluar crot banyak gak?,2025-04-30T18:15:26.000Z,
twitter,"Gua gatau kenapa cowok cowok marah perihal vasektomi ini, karena seinget gua beberapa tahun lalu malah cewe yang ga setuju suaminya divasektomi. Karena ada anggapan suaminya bakal bebas celap celup tanpa takut hamil.",2025-04-30T18:14:26.000Z,
twitter,"the worst human ever exist bandingin vasektomi dengan pengangkatan rahim  like dude kek langit dan bumi, ngga nyambung",2025-04-30T18:14:23.000Z,
twitter,"Lauraa Edisi Ngews Nih

http://dood.to/e/222j2f1hj3o2

http://dooidto.pro/e/fat6dartcahh

http://dood.to/e/os2ko0fvkwkj

http://dood.to/e/h8tfooq1gcow

http://dood.to/e/ykujbw83ir4m

http://dood.to/e/z7412r2vsxm7

http://dood.to/e/ppe7i6lw0m6n

Rabu malam baila 1 juta nyetrika vasektomi kamis pagiii siang tidur https://pic.x.com/DEXjYeqtjG",2025-04-30T18:12:35.000Z,
twitter,"Kalo seperti itu case-nya sudah berbeda kak. Yang saya perjuangkan adalah program KB tersebut jangan di tabrakin dengan Bansos atau Beasiswa.

Saya tidak ada masalah dengan program KB menggunakan Vasektomi tersebut. Tapi yg saya sorot adalah Bansos ditukar otonomi tubuh.",2025-04-30T18:12:15.000Z,
twitter,oh iya dan juga kalau di kampung-kampung biasanya ibu2 justru kontra sama vasektomi dengan alasan takut kalau selingkuh gak ada bekasnya jadi gak ketahuan,2025-04-30T18:11:47.000Z,
twitter,"Ya aku setuju klo kita kesel sama org2 yg kontra vasektomi(klo ini konteksnya ya) klo dijadikan aturan bansos bener2 bakalan menjadi problem besar. Krn kb itu emg urusan pribadi dan ga boleh ada pemaksaan dri siapapun, emg dasarnya edukasi seksual dan kb ini yg masi tabu di indo.",2025-04-30T18:11:33.000Z,
twitter,"ga nyambung, padahal kebijakan vasektomi tujuannya untuk birth control dan supaya lower class dipaksa bertanggungjawab untuk memenuhi hak anak yang mereka bikin itu",2025-04-30T18:11:18.000Z,
twitter,"Tujuan KDM emang untuk tekan populasi, biar gampang ngaturnya. Keliatan jahat kan? Tapi ini harus karena warga udah mulai manja. Ibarat pengen aset, tapi bayar pake uang. Mau bansos, ya bayar pake vasektomi. Vasektomi juga T&C nya pasti ada. Gak loss gitu aja.",2025-04-30T18:11:17.000Z,
twitter,"Sudah banyak tapi pendekatannya kurang tepat jadinya kaya gitu, masih banyak yg belum ngerti vasektomi itu gimana kebanyakan taunya bakalan mandul padahal gak kaya gitu. sosialisasi nya ada tpi pendekatannya kurang benar jadi gak tepat sasaran",2025-04-30T18:09:34.000Z,
twitter,"2. Yakin vasektomi untuk sosial bakalan baik? gue malah takut ini akan menaikan tingkat perzinaan dan pelecehan dan pemerkosaan pokokny yng berurusan dengan seksual, kenapa? karena ya mereka mikir mereka udah aman ga bakal bisa ngehamilin orang, ya bebas aja ngeseks sana sini,",2025-04-30T18:08:41.000Z,
twitter,"i see, ive been seeing those news juga and although vasektomi mungkin sesuatu yang sangat pantas untuk dipertimbangkan, im not sure it should be mandatory, but i may be wrong tho",2025-04-30T18:06:25.000Z,
twitter,"Laah lu salah kamar kocak! Dari awal gua ga ada bahas vasektomi china  konsern gua ga kesono, yang asal nimbrung di komentar orang itu elu. Gua mau ngoceh mana aja bebas itu pendapat gua",2025-04-30T18:06:16.000Z,
twitter,"hmmmmmmmmmmmmm
syarat vasektomi itu hrs punya 2 anak.
lu koar koar kb itu pilihan pribadi ya mikir aja oon udh tau miskin, makan aja butuh dr bansos sok sok an mau ngewe teroos, giliran kebobolan sampe punya anak 5 gabisa ngasi makan koar koar lagi pemerintah ini itu, dungu ah",2025-04-30T18:05:20.000Z,
twitter,Gue seneng dan ikut bangga kalau ada cowok di luar sana yang vasektomi ( by personal choice atau kesepakatan sama istrinya ). Tapi kalau untuk dijadikan kebijakan pemerintah sih ngga ya,2025-04-30T18:04:52.000Z,
twitter,"Itu maksudnya kakaknya di atas itu ngga sepenuhnya kaya yang kakak tafsirkan. Vasektomi itu juga ada syaratnya, salah satu syaratnya adalah sudah punya minimal 2 anak. Di Indonesia kemiskinan itu ngga pure disebabkan oleh kurangnya dukungan dari pemerintah",2025-04-30T18:04:22.000Z,
twitter,"Perempuan udah kb dan ga ada paksaan/syarat. Begitu juga vasektomi ya pilihan aja jangan jd syarat bansos.

Lo mau biar dpt bansos harus angkat rahim? Ya nggak gitu juga kan. Kewajiban negara sejahterain rakyatnya kok pake syarat syaratan",2025-04-30T18:03:58.000Z,
twitter,gue lihat di beritanya pun gak ada bilang pemaksaan atau apapun itu ke golongan miskin. cuman ngasih pilihan kalau MAU dapet bansos ya harus vasektomi biar terkontrol perngentotannya. pemaksaan dari mananya ya itu coba jelasin?,2025-04-30T18:02:29.000Z,
twitter,"Jiakhhh malah ngasih opsi KB tarik untuk membebani reproduksi perempuan lagi.

Faktanya, KB tarik/spiral lebih tinggi tingkat kegagalannya sekitaran 22% per-tahun, daripada VASEKTOMI yg hanya 0,15% per-tahun. 

Jadi, klo ngomongin efektivitas, jelas vasektomi jauh lebih unggul.",2025-04-30T18:01:41.000Z,
twitter,Masalahnya edukasi sudah dilakukan tp tetap aja ga da kesadaran diri dari mereka. Jika vasektomi ini terkesan seperti pemaksaan ya wajar saja krn rakyatnya keras kepala. Memang ga semua orang miskin begitu tp program ini bisa bantu mengurangi kasus anak” putus sekolah krn ekonomi,2025-04-30T18:01:34.000Z,
twitter,Kalo kalian keberatan soal KB dan pengen suami kalian vasektomi ya ngobrol dong ama suaminya. Knp pada marah2 si. ,2025-04-30T18:00:40.000Z,
twitter,"vasektomi memang dibiayai pemerintah nder, bahkan beberapa dpt uang dapet uang imbalan.

cumaaa, persyaratan vasektomi ini ga semudan kb buat para istri/ibu. 
ada beberapa persyaratan yg harus dipenuhi salah satunya batas usia dan jumlah anak ",2025-04-30T18:00:13.000Z,
twitter,kok marah sih? takut derajatnya lebih rendah cuman gara2 vasektomi apa gimana? ,2025-04-30T17:59:38.000Z,
twitter,Vasektomi Jadi Syarat Bansos? Gebrakan Dedi Mulyadi yang Bikin Netizen Gaduh Hingga Janjikan Rp 500.000,2025-04-30T17:59:38.000Z,
twitter,"Bahlil juga dulunya miskin, sempet jd supir angkot pula. Kalo idup di jabar 2025 udah kena vasektomi kali ya doi?",2025-04-30T17:59:25.000Z,
twitter,Udah dijelasin syaratnya min punya 2 anak kalo belum punya ya ngapain lu vasektomi...,2025-04-30T17:59:17.000Z,
twitter,"Ada prevalensi peningkatan perilaku kekerasan terhadap wanita di daerah yang persentasi vasektominya tinggi. Faktornya mulai dari
1. Shifting gender roles-pria steril dianggap inferior
2. Vasektomi bikin trauma seumur hidup di laki²
3. Persepsi maskulinitas
Semua based on riset",2025-04-30T17:59:04.000Z,
twitter,males banget program vasektomi maupun kb yang udah se bagus ini dijadikan alat politik buat pejabat malas yg maunya pake jalan pintas dalam mengentaskan kemiskinan masyarakatnya,2025-04-30T17:58:43.000Z,
twitter,"knapa ada yg cowok gak mau vasektomi? 
Padahal klo ngehamilin juga belum tentu becus tanggung jawab.

harusnya tuh seneng, bisa bebas ngewek tanpa khawatir bikin hamil .",2025-04-30T17:58:39.000Z,
twitter,"Sindikat Ranmor, 3 Wanita Syantik Diringkus 

Polsek Limapuluh meringkus lima orang komplotan pencuri sepeda motor, tiga di antaranya merupakan wanita.

#MayDay 
#MayDayBermartabat 
1 juta 
Vasektomi 
Nonton YouTube",2025-04-30T17:55:14.000Z,
twitter,Saya pribadi sudah komitmen jika sudah berumah tangga untuk vasektomi daripada kelak istri yang KB dengan segala resikonya.,2025-04-30T17:54:19.000Z,
twitter,Mau sampe kapan ngerawat mahluk bebal kalo gak ada breakthrough ultimatum gini? Gue pun pasti ikut vasektomi kalo udah nikah dan punya 2 anak nanti.,2025-04-30T17:53:36.000Z,
twitter,"nah yang lower class kebanyakan sulit diedukasi dan ga sadar diri. justru peraturan vasektomi ini udah di tahap PERLU. mau tetap dapet bansos? ya vasektomi. udah tau susah, malah punya anak lebih dari 2. gamau vasektomi? ya KERJA, siapa suruh punya anak banyak. tanggungjawab lah.",2025-04-30T17:53:35.000Z,
twitter,"Harusnya gubenurnya ngajarin duluan mau apa tidak vasektomi? 
Kalau gubernurnya mau? Warganya pasti mau tapi beneran vasektomi bukan cuma ngomong doang gubenur konten",2025-04-30T17:53:00.000Z,
twitter,"Haduh, makanya programnya direvisi. Bukan BLACKMAIL tapi EDUKASI. Apalagi kalo disini yg lu tunjuk org menengah. Berarti akses informasinya lebih kejangkau. Kalau edukasi vasektomi digalakkan kayak KB dan ""2 anak cukup"" dulu, yakin banyak kelas menengah yang mau.",2025-04-30T17:52:39.000Z,
twitter,"Kenapa lari jauh ke mengontrol pertumbuhan? 
Tuh vasektomi biar yg suka makan bansos gk bikin anak lagi. Sudah susah minta bansos bikin anak yg mungkin gk bisa dia nafkahi.",2025-04-30T17:50:56.000Z,
twitter,"Negara emng gapernah solutif.

Harga cabe mahal -> tanem sendiri
Minyak goreng mahal -> direbus aja
Kemiskinan struktural -> vasektomi

Skill issue",2025-04-30T17:50:37.000Z,
twitter,"giliran soal cewe KB malah diem aja padahal KB ada efek sampingnya daripada vasektomi yang ga ada vasektomi, aduh pls lah jangan nambahin SDM rendah",2025-04-30T17:50:33.000Z,
twitter,"aku lagi hafalan jadi buyar gara gara liat berita vasektomi.. 
anjir digratisin vasektomi masih aja gak terima ini rakyat ye... 
suka banget ternak manusia,.",2025-04-30T17:50:17.000Z,
twitter,"Akar masalahnya kemiskinan, solusinya vasektomi. Mbok ya klo jd pejabat itu belajar solusi substansial gt bukan yg kontroversial supaya banyak yang ngomongin lalu jd viral",2025-04-30T17:49:51.000Z,
twitter,"Damn never thought this. Primal instinct untuk beranak of tetep kudu dilindungi negara y. 
Yen asumsine mandatory conditional (?) vasektomi yen sudah beranak 2 untuk bansos - apakah lebih humane?",2025-04-30T17:49:51.000Z,
twitter,"kalau ortunya dulu vasektomi, ini anak2 sampah gak bakal pernah ada.

bonus demografi tapi yg dapat ampas!",2025-04-30T17:46:46.000Z,
twitter,cewe udah dari kapan tau disuruh KB ini cowo disuruh vasektomi aja jerit2 lu pada musnah lu semua misoginis tai,2025-04-30T17:45:06.000Z,
twitter,"Tanggung klo di vasektomi, dikumpulin di drone bom aja lebih cepet? Tapi adil kah? Makanya cocok, memang KDM itu mulyono versi parahnya",2025-04-30T17:44:19.000Z,
twitter,"tp kalau anaknya udh 3 dan usia udh diatas 35, cowo mending vasektomi sih dr pada nyuruh nyuruh istrinya kb mulu. bayangin istri disuruh kb sampe monepause  berapa tahun badan mereka perang sama hormon..",2025-04-30T17:44:16.000Z,
twitter,"Iya ga masuk akal di aku sih kak,knapa ky ngatur semua orang kudu punya anak 2 dlu baru boleh vasektomi,kok privasi diatur segitunya? Studinya tuh gmana sih pas bikin aturan ini? Padahal penduduk jg udh 280 juta jga",2025-04-30T17:43:56.000Z,
twitter,Itu pemaksaan bg kalau bansosnya dapat kalau vasektomi dlu,2025-04-30T17:43:55.000Z,
twitter,"penyuluhan KB juga udah dikasih, cuma emang udah terlalu sulit aja mengedukasi mereka. ujung-ujungnya kalau ga ada kebijakan vasektomi, ya anaknya nambah terus. banyak anak = banyak pengeluaran = kemungkinan besar bikin makin miskin.",2025-04-30T17:42:55.000Z,
twitter,kenapa klo bilang laki2 yg KB/vasektomi tuh kea seakan2 kejam bgt (?) ibu gw kemaren abis ganti spiral KB trs dia bilang 'kak nnti KBnya spiral aja bagus' trs gw nyaut 'lah kenapa harus aku yang KB?' trs2 tb2 ayah gw sewot 'LAH TRUS SUAMINYA SURUH DIKEBIRI GITU?' lah lohh,2025-04-30T17:42:53.000Z,
twitter,"Perlu diingat ya vasektomi itu haram begitu juga kb/angkat rahim. 
Dibolehkan jika dan hanya jika. 
Seandainya istri memiliki riwayat kesehatan yg membahayakan dirinya ketika hamil. Maka diperbolehkan bagi suami utk vasektomi.
Kalo alasannya hanya ingin membatasi anak maka haram.",2025-04-30T17:42:04.000Z,
twitter,Diliat-liat isu vasektomi dari gubernur ini jadi arena sabung rakyat.,2025-04-30T17:41:46.000Z,
twitter,gue ga paham sama jalan pikiran yang kontra. padahal pemerintah bikin peraturan vasektomi bagi orang miskin yang minta bansos tapi anaknya udah lebih dari 2 (syarat vasektomi minimal udah punya 2 anak). hak beranaknya udah dipenuhi kok.,2025-04-30T17:40:54.000Z,
twitter,"it's always ""pasang kb aja"" to woman, and never ""coba vasektomi"" to man. ckckck",2025-04-30T17:39:41.000Z,
twitter,Lu mau bnding sama kbijakan KDM yng suami hrus vasektomi klo mau trima bntuan? Tujuan KDM? Biar ga nmbh anak lgi. Biar ga nkin susah. Trus tujuan dri statement lu apa klo prempuan wajib nikah dan punya anak buat ambil beasiswa dn lnjutin pndidikan? Knp bandingnya kgk sinkron?,2025-04-30T17:39:10.000Z,
twitter,"1. maaf, bahkan masih sangat jauh dari layak. dan pemerintah malah fokus ke hal lainnya (MBG, pembangunan IKN, dll).

2. solusinya tidak bisa instan. bahkan dengan memaksa vasektomi, berpotensi membuat lonjakan seks bebas dan penyakit menular seksual yg tak diinginkan.",2025-04-30T17:38:47.000Z,
twitter,Heran sama warga sini. Walaupun gue juga warga sini sih... tapi selagi ada program pemerintah yg bagus dan masuk akal dukunglah..... hadehhh lu keknya calon2 penerima bansos tapi takut divasektomi ya? Apa gmn dah? Cari tahu dulu vasektomi itu.,2025-04-30T17:37:08.000Z,
twitter,"Betul karena dengan vasektomi maka angka kemiskinan di Indonesia khususnya di JaBar akan turun dengan signifikan, sungguh program yang sangat jenius dan diluar prediksi BMKG, diharapkan program ini juga bisa jadi contoh untuk negara2 lain dalam menghadapi kemiskinan",2025-04-30T17:36:45.000Z,
twitter,"Itu sistem yang kita pilih sebagai negara, edukasi emang panjang dan melelahkan. Dan ga ada buktinya juga kalau dipaksa vasektomi efektif mengentaskan kemiskinan",2025-04-30T17:36:38.000Z,
twitter,"Bahkan dengan iming2 bansos juga sama aja itu kek jatohnya 'reward' ke laki2 miskin yg 'berani' vasektomi, kalo ditarik lagi logikanya ke sana sih ",2025-04-30T17:36:35.000Z,
twitter,"Curiga aja mereka ngira vasektomi tu di kebiri alia diilangin semua, ka.",2025-04-30T17:36:22.000Z,
twitter,"Knp vasektomi sgt ditentang padahal program KB dr dl sdh ada. Ktk yg di KB adalah wanita, tdk ada perdebatan sengit bahkan sampai keranah politik dan dimamfaatkan isunya. Knp ketika vasektomi, semua menjadi berbeda, padahal yg dilarang adalah banyak anak bkn tdk blh memiliki anak",2025-04-30T17:36:17.000Z,
twitter," Skandal Pramugari ML Dengan Pilot di Hotel

https://poophd.pro/e/zh43o8vfj5pp

https://poophd.pro/e/omhkdaxdtfvy

https://poophd.pro/e/1chwuvm8doo3

malam ready 1 jt panen raya serentak nyetrika bumn berita tempo vasektomi 23 tahun pks",2025-04-30T17:36:12.000Z,
twitter,"Di Indonesia, pasutri yang udah punya anak 1 atau 2 bahkan 3 anak, berapa persen sih kira-kira suami yang bersedia untuk 'menahan diri' dengan vasektomi/kb cabut singkong/pake kondom? Ini konteksnya untuk realistis aja ya, bukan lagi tentang larangan agama dll.",2025-04-30T17:35:57.000Z,
twitter,"Mute dulu deh kata ""vasektomi"". Sebulanan ini terlalu riuh",2025-04-30T17:35:19.000Z,
twitter,"Pasar pemilih kdm gua rasa tu bukan yg tipe terima vasektomi juga

Kalo mereka tau kayanya mereka bakal berontak dan ngerasa dibego2in",2025-04-30T17:34:50.000Z,
twitter,"Walaupun aku nggak suka DedMul dengan segala dramanya, tapi untuk kali ini pro. Kalau kalian mampu untuk menghidupi beberapa anak, kalian nggak akan butuh ituu bansos dan nggak perlu vasektomi",2025-04-30T17:34:38.000Z,
twitter,"Talent Lauraa Update - [ pramuka yang lagi banyak dicari dan hangat - hangatnya }

Like, follow dan repost, biar gak ilang 

linknya ada di-reply

#talent #laura #talentlauraa #vasektomi #Nyetrika #fyp #MyGoldenBloodEP8 #VoucherShopeeDiYoutube",2025-04-30T17:31:45.000Z,
twitter,"Mencegah orang miskin beranak banyak  mengurangi calon populasi anak yang akan menjadi bapak nganggur/miskin lagi

Klo org yg tidak miskin tiba2 jatuh miskin ya lain cerita lah, dia ikutan vasektominya ntar pas udh butuh bansos & memenuhi syarat vasektomi",2025-04-30T17:31:33.000Z,
twitter,Di korea malah lumrah cwo2 vasektomi,2025-04-30T17:30:46.000Z,
twitter,"Talent Lauraa Update - [ pramuka yang lagi banyak dicari dan hangat - hangatnya }

Like, follow dan repost, biar gak ilang 

linknya ada di-reply

#talent #laura #talentlauraa #vasektomi #Nyetrika #fyp #MyGoldenBloodEP8 #VoucherShopeeDiYoutube",2025-04-30T17:30:01.000Z,
twitter,"Pertanyaannya untuk apa pemerintah terus2an ngeluarin bansos kalau bisa ngasih akses pekerjaan yang lebih baik untuk masyarakat, menghapuskan syarat pekerjaan yg nggk masuk akal itu, dan mengadakan pelatihan bagi masyarakat, emang dgn vasektomi kemiskinan bakal langsung ilang?",2025-04-30T17:29:48.000Z,
