platform,komentar,timestamp,sentimen
twitter,"Gue setuju vasektomi di enforce untuk  solusi kemiskinan di hilir 
Tapi apakah solusi lainnya udah dijalanin? 
Edukasi seksnya
Solusi biaya Pendidikannya
Kesehataany udah proper blom?
Kebijakan ketenagakerjaanya 

Jangan nyari solusi gampang doang nanganin kemiskinan",2025-05-01T15:05:10.000Z,
twitter,"Gue salah satu perempuan yg gak setuju, bansos itu haknya orang miskin dari pemerintah gak pake syarat. Kalo mau program berjalan lancar ya lu paling engga kasih intensif buat yang mau melakukan (mau itu KB perempuan ataupun KB vasektomi laki-laki) secara suka rela.",2025-05-01T14:40:40.000Z,
twitter,"Kembali kata2 lu ini bang,
""Gua dukung-dukung aja kalo ada orang mau vasektomi asal secara sukarela bukan karena ancaman negara.""
Gw setuju pndapat lu, tp apakh bangsa skr ada kesadaran trsbut?
""Persetan nmbh ank apa kga, trpnting ngewe bini sendiri""",2025-05-01T14:35:29.000Z,
twitter,"Jujur gue ga milih dedi , tp pas org miskin harus vasektomi gue si setuju. Karena ini joke dark kita di tongkrongan yg bersenggolan dgn merekawkwk

Jawa barat pemerintahnya emg sampah dari ujung ke ujung ,kita akuin itu. 
Tp kita liat sebgitu parah nya jabar ya gue sih setuju.",2025-05-01T14:30:43.000Z,
twitter,nyatanya banyak orang miskin di kampung2 yg nambah anak supaya dapet bansos. gue orang kabupaten tetangga gue punya 6 anak dan masih pada kecil2 itu anaknya banyak yg gak keurus. gue sih kasian ngeliat anaknya makanya gue setuju sama program vasektomi,2025-05-01T14:29:09.000Z,
twitter,"Dr jaman jebot jg udh ada edukasi, cuma kan kaum lanang ini mana mau kb. Pake kondom riwil. Vasektomi emoh. Mau gak mau istrinya yg kudu ngalah, walaupun tanpa aturan baku. Gitu ceritanya. Ini bukan soal setuju/tidak sm kdm, tp kami geli aja liat kalian mendadak ngerti ",2025-05-01T13:39:32.000Z,
twitter,"Iya mentok gak mampu ngatasi kemiskinan kasih solusi vasektomi, gitu ya ada yang dukung dan setuju ide spt itu.",2025-05-01T13:29:03.000Z,
twitter,"Kenapa loo pada ga setuju vasektomi. Kan bagus ngurangi anak, ngurangin biaya kondom + ramah lingkungan juga ketimbang kondom. Yang cowo habis vasektomi juga tetep bisa seks toh malah ga khawatir jadi bayi.",2025-05-01T13:28:29.000Z,
twitter,"Kebijakan vasektomi ini setuju ngga? Engga, gw menolak. Ada hak yang sudah dilindungi UU malah dilanggar. Tapi. Tapi, nih. Sampai ada upaya penyelamatan yang lebih baik, masuk akal, bisa dilakukan dan punya efek yang segera, gw akan biarkan beliau bekerja dulu.",2025-05-01T13:17:24.000Z,
twitter,"mau vasektomi atau pun ga yaa kan dr individu sndiri2 klo kamuu ora setuju vasektomi ya wes oraa dapat bansos. kerja ajaa bangg hidup ngandelin bansos tp gamau ikuto aturan,  hidup kok di persulit",2025-05-01T13:07:16.000Z,
twitter,"Aku sama mamakku ga setuju kebijakan nyeleneh kayak gitu. Bapakku vasektomi, suamiku yg KB, apa kau?",2025-05-01T13:06:06.000Z,
twitter,Menurut gue dia curang banget manfaatin vasektominya buat dapetin persetujuan. Iya gue setuju banget vasektomi untuk program KB karena nggak hanya membebani perempuan. Setuju juga perlu ada perencanaan matang/ KB untuk dapet kualitas hidup yang layak.,2025-05-01T13:03:20.000Z,
twitter,Setuju vasektomi tapi ga setuju kondom,2025-05-01T12:58:11.000Z,
twitter,"Lagipula kebijakan vasektomi bukan membantai tp membatasi, biasanya yg ignore mereka yg ga sadar, yg ga didalam zona dan yg ga merasakan.

Aplg klo cewek yg ga setuju itu udah aneh, vasektomi cowok itu KB paling aman dgn resiko kecil (50:50) bisa pnya anak lg tp msh bisa.",2025-05-01T12:56:52.000Z,
twitter,"emang bener, belajar tentang soshum tuh gabisa diliat dari satu perspektif. meskipun gue setuju sama program vasektomi, tapi bukan berarti jadi ""jahat"" ke golongan ybs. at least gue jadi belajar gimana cara berpikir mereka. ya meskipun pada akhirnya, cara berpikir itu harus-",2025-05-01T12:55:57.000Z,
twitter,"aku setuju dgn vasektomi, dan setuju juga kl miskin gausah punya banyak anak. aku jg setuju dgn pemerintah gabisa gt aja nyuruh gabanyak anak. u minta orang ga banyak anak ya u jg hrs ada ""aksi"" biar ""anak"" skg yg emang uda banyak ini terpenuhi segala kebutuhan melalui ortunya–",2025-05-01T12:39:27.000Z,
twitter,"Setuju. FYI kalo ga salah waktu periode tertentu, purwakarta pernah jadi daerah yang paling banyak melakukan vasektomi, soalnya dari pemerintah ngasih hadiah berupa dana buat orang yang mau vasektomi.",2025-05-01T12:37:10.000Z,
twitter,"vasektomi saja kalau mereka mah..
setuju gue",2025-05-01T12:32:54.000Z,
twitter,"Don't get me wrong, gw setuju setuju setuju banget kalau KB itu seharusnya laki-laki yang vasektomi, dengan catatan emang itu pilihan mereka. Kalau pemaksaan gini salah, akhirnya negara cuma bergantung kepada solusi jangka menengah gini.",2025-05-01T12:27:06.000Z,
twitter,"eh ak setuju aja sama vasektomi kalo orangnya emg mau ya, tpi nggak setuju sama program KDM, makasih",2025-05-01T12:25:09.000Z,
twitter,"nggak setuju dengan vasektomi, even sama bansos aja sometimes nggak setuju karena nggak akan menyelesaikan akar masalah kemiskinan dan terlantarnya anak-anak, yeah insentif might be a good idea tpi tau sendiri pemerintah indo kek tai",2025-05-01T12:11:42.000Z,
twitter,"imho gue ga setuju sama opini sender mau pun wacananya si KDM. kenapa?

soalnya 

1. mengatasi kemiskinan tuh solusinya bukan bansos tapi lapangan pekerjaan
2. vasektomi boleh dilakukan asalkan bukan karena paksaan either dari pasangannya atau dalam kasus ini dari pemerintah",2025-05-01T11:59:29.000Z,
twitter,"Teel gw isinya Vasektomi mulu tot, gak akun ini gak akun sebelah. Muak njir. Tapi pokoknya gw setuju sih (menuju indon agak cerahan dikit)",2025-05-01T11:50:26.000Z,
twitter,"Ngeles aja lu kayak ular.
Tinggal bilang amin aja kok alesan segudang.
Kan elu yg setuju vasektomi.
Kalau orang lain lu setuju, tapi klo lu sendiri, gak mau kan. Dasar kecoak pengecut.",2025-05-01T11:41:09.000Z,
twitter,"Saya laki laki dan sangat setuju dengan KDM ini, tapi dengan syarat :
Minimal punya anak 1 atau maksimal punya anak 2 baru di vasektomi.",2025-05-01T11:36:49.000Z,
twitter,Karna dari awal pendidikan dinegara ini amburadul. Bodoh banget astaga. Lebih setuju orang orang tolol kek lu yang di vasektomi biar ketololan struktural musnah dinegara ini.,2025-05-01T11:30:28.000Z,
twitter,"saya tidak blg kalo saya setuju dgn program kontroversial si kdm. saya cuma menyampaikan POV dari perempuan yg selama ini diminta ikut KB ini itu tanpa banyak protes (seolah” tdk ada efek samping). tapi ketika laki” yg diminta vasektomi, langsung tuh ramai yg merasa dirugikan.",2025-05-01T11:29:17.000Z,
twitter,"Yak bener, walaupun jujur, gua termasuk orang yang setuju sama program Vasektomi mulyadi, tapi rasanya gak adil juga, alih alih menghardik Negara yang gagal menghadirkan keadilan bagi semua orang, sebagian kita malah lebih fokus menghakimi si miskin.",2025-05-01T11:22:46.000Z,
twitter,"Sungguh ga tau malu tuh ayah tirinya, setuju di vasektomi aja nih 
@DediMulyadi71",2025-05-01T11:22:13.000Z,
twitter,"iya aku setuju, kalau dijadiin syarat bansos itu udah nyimpang. vasektomi harusnya pilihan bebas, bukan karena tekanan ekonomi. negara wajib bantu tanpa narik hak reproduksi warganya",2025-05-01T11:20:46.000Z,
twitter,"masalah vasektomi org miskin ini emg kompleks bgt ya.. di satu sisi setuju kalau tubuh gaboleh dipaksa apalagi jadi SYARAT semacam ancaman untuk dapat bare minimum amanat negara (bansos), di sisi lain liat realita jg susah menggiat kontrasepsi di kalangan bawah",2025-05-01T11:15:09.000Z,
twitter,"kalau perkara vasektomi, gua setuju supaya KB itu gak cuma dibebankan ke perempuan. tapi kalau dijadikan kebijakan yang sifatnya governal itu aneh. emang bukan solusi menyeluruh buat memberantas kemiskinan, tapi masih bisa jadi salah satu cara buat mengurangi, yan.",2025-05-01T11:13:34.000Z,
twitter,"Gini, gue setuju kalau otoritas tubuh ga boleh diatur negara. Mau laki/perempuan. Tapi kalau ga mulai vasektomi bagi suami yang “miskin”, tebak siapa yang dipaksa society untuk menahan jumlah anak. Ya bener, istrinya. Sbg perempuan dalam program KB karena dianggap lebih “lumrah”-",2025-05-01T11:00:50.000Z,
twitter,"3
Gw juga gak setuju sama pemaksaan vasektomi demi bansos. Tapi please lihat2 dulu ke lapangan sebelom nulis, ""ya edukasi dong masyarakatnya.""

Kasian kader2 posyandu, PKK, BKKBN, dll yg mulutnya dah sampe berbusa, otaknya sampe ngebul mikirin cara edukasi. ",2025-05-01T10:58:28.000Z,
twitter,"aku setuju sm km. edukasi vasektomi HRUS disuarakan. krn aku juga kzl sm banyaknya perempuan yg kena dampak kb, tp ttp kb krn suami gamau pake kondom yg SEMUDAH itu. tp ya vasektomi ga dgn dipaksakan cara kek gini. coba kasih sosialisasi yg mendalam bgt + sekerdus kondom  l",2025-05-01T10:43:16.000Z,
twitter,"Setuju, kalo bisa vasektomi juga berlaku sama orang kaya yg dapet duit haram. Biar ga ada keturunan anak2 orang kaya tolol lagi",2025-05-01T10:41:30.000Z,
twitter,"Yang setuju vasektomi jadi syarat orang miskin penerima bansos. Coba tanya deh ke pejabat, mau ga mereka  dipaksa vasektomi supaya beban tunjangan untuk keluarga jadi efisien?

Biar adil kan.",2025-05-01T10:34:55.000Z,
twitter,"aku setuju kak. sosialisaai vasektomi emang masih minim banget dibanding KB, dan kalaupun ada, masyarakat belum tentu siap buat dapet ini. harus ada riset bagaimana cara penyampaian yang benar tergantung pada konteks lingkungannya karena first impression itu penting—",2025-05-01T10:31:11.000Z,
twitter,"Gue juga bakal setuju kalo vasektomi dilakukan tidak sbgai syarat untuk menerima bansos. Bukan gak setuju soal vasektominye, lu paham gak sih apa yg direncakan KDM itu?
Banyak perempuan juga noh yg kontra sama tuh kebijakan, karena yg dipermasalahkan kebijakannya BKN vasektominya",2025-05-01T10:22:03.000Z,
twitter,"Sebenernya setuju sih biar ga makin banyak lingkaran kemiskinan ya stop punya anak. Tp masalahnya pemaksaan KB dan vasektomi ga sesuai UU apalagi dibelitkan dengan syarat bansos 
@DediMulyadi71",2025-05-01T10:15:41.000Z,
twitter,"tapi ya, gw setuju bgt kl ada program bansos harus vasektomi. kadang mereka kurang mikirin gimana nasib pendidikan dan nafkah anaknya nanti. ujung-ujungnya gali lobang tutup lobang.",2025-05-01T10:14:55.000Z,
twitter,"ide vasektomi ga setuju sih, tolol idenya, macem mulyono ini kalo ngasih ide",2025-05-01T10:12:51.000Z,
twitter,"""Oh oh gue sebenernya gak setuju juga sama kebijakan vasektomi wajib ini.... tapi gue ngamuk kalo ada yang bilang itu kebijakan yang goblok""

What a piss poor copout, you're a god damn coward. I would respect you a little bit if you stood your ground and doubled down instead.",2025-05-01T10:10:55.000Z,
twitter,"Org Islam cerdas-berpikiran maju ya akan setuju vasektomi sementara u bs atur keuangan agar bs memberikan keturunan yg lbh baik, krn mkn gizi tinggi! Smtr sebaliknya menghasilkan keturunan gerbong  berkarat yg sulit dihela maju oleh sang lokomotif krn mkn nasi krupuk doank!",2025-05-01T10:10:33.000Z,
twitter,"diskursus vasektomi ini ngangkat banyak bgt perpektif ya. ada yg ngerasa gak fair krn KB cewe diem aja tp kl cowo rame, ada yg setuju krn liat dari perspektif anak yg harus tumbuh dlm kemiskinan, ada yg khawatir liat negara yg berusaha mengontrol tubuh rakyat as form of fasisme,",2025-05-01T09:56:27.000Z,
twitter,"nah itu problemnya, udah stress dan gak berdaya karena merasa buntu tapi enggak mau berhenti punya anak. mangkanya itu gue setuju kalo akses vasektomi lebih dipermudah dan dikampanyekan. Tp nanti ditentang sama sayap kanan karena haram dan gak sesuai ajaran agama.",2025-05-01T09:55:46.000Z,
twitter,"ini less likely bkl terjadi sih. negara kita over population. makanya vasektomi hadir sbg salah satu solusi (aku g blng setuju/ tdk ya. krn aku blm riset, cm liat berita di tl). 

fyi ranah privat kita udh bnyk diatur jg sih (e.g. KUHP larangan aborsi & pasal perselingkuhan)",2025-05-01T09:46:31.000Z,
twitter,"Baca semua opini vasektomi, org miskin, dan pemerintah ini

ak setuju semua pendapat, yg pro dan kontra. karna semuanya benar dan ga ada opini yg salah. wkwkwkwk",2025-05-01T09:43:57.000Z,
twitter,Gw setuju aja sih di adakan vasektomi ituh kalok bisa seluruh Indonesia dah. Soalnya Gweh dah ngerasain gimana hidup dari ortu miskin. GAK ENAK BANGT HIDUP MISKIN ITU,2025-05-01T09:43:55.000Z,
twitter,"Kalo vasektomi dijadikan syarat administrasi buat bansos/beasiswa, siapa yg setuju kalo akses aborsi legal disahkan?? Akses aborsi legal buat semua perempuan? Atau hanya buat perempuan miskin?? Capek kan liat orang miskin? Musnahin aja sekalian, gimana? Hayoo... siapa yg setuju??",2025-05-01T09:39:31.000Z,
twitter,Yang naninu naninu soal vasektomi coba baca ini deh. Gue setuju banget sama sender punya 2 anak cukup sih,2025-05-01T09:24:12.000Z,
twitter,"Tau banyak tod. Karena gw dari keluarga miskin.
Gw gak against vasektomi. Tapi gak setuju juga dengan KDM.
Bebal dan bodohnya rakyat miskin juga berakar dari pemerintah yang skill issue, termasuk dalam ngasih pendidikan yang layak ke mereka.
Setelah pemerintah gagal, kalian mau-",2025-05-01T09:08:12.000Z,
twitter,"Bansos itu hak warga, bkn alat barter demi kontrol tubuh. Hari ini dsuruh vasektomi, bsok apa lagi? Semua setuju krn anggap ini demi “kebaikan”?
Ini bkn solusi, ini penindasan yg dibungkus rapi.
Dukungan kyk gni pelan2 ngasih jalan buat penguasa untuk semakin semena-mena.",2025-05-01T09:06:11.000Z,
twitter,Gak setuju dengan ide KDM soal vasektomi tapi seneng bgt liat beberapa laki terlihat on rage ,2025-05-01T09:01:43.000Z,
twitter,"Ga gitu goblok.
Semua yg berkaitan dg hak & bersifat memaksa itu namanya pelanggaran. Vasektomi itu sebuah hak, bukan kewajiban.
Gw setuju vasektomi, dan mungkin kelak bakal ngelakuin, tp kalo udah terjadi pemaksaan, ya jelas salah.",2025-05-01T09:01:36.000Z,
twitter,"kebijakan kyk gini emg polarisasi pendapatnya bakal ekstrim bgt sih.. i personally setuju masa wajib vasektomi utk penerima bansos ini, meskipun sm gt kesel jg negara on bare minimum-nya gak pernah hadir",2025-05-01T09:01:24.000Z,
twitter,"Malah coli ego. Udah jelas padahal itu malah buat aturan sendiri wkwkwkw sebelum nyuruh asah skill gua, mending asah otak lu dulu buat mikir. Gausah ngomongin sumber kalo sendiri ngarang logika dan muter muter gajelas. Gua lebih setuju orang kek lu yang di vasektomi",2025-05-01T08:22:13.000Z,
twitter,Gue berencana vasektomi setelah punya anak nanti. Gue ga setuju kebijakan diskriminatif begini.,2025-05-01T08:21:18.000Z,
twitter,"Surprisingly, gue ""agak setuju"" ke walk0t itu??? Tapi kata gue harus ada bridging untuk sampe ke regulasi itu. As we all know, kita2 lebih familiar sama kb yg dilakuin perempuan. Vasektomi masih agak jauh untuk direach out sama laki2 indonesia yg mostly cara berpikirnya ""trashy""",2025-05-01T08:15:15.000Z,
twitter,twitter aneh jing banyak yang setuju kalau miskin gak usah punya anak tapi wajib vasektomi kalau mau ambil bansos pada marah2 juga anjing sakit jiwa lu semua di sini. Ini bukan aplikasi kandang monyet tapi bangsal poli jiwa.,2025-05-01T08:12:24.000Z,
twitter,Kalau setuju harusnya tidak membiarkan vasektomi atau bentuk KB apapun jd syarat administrasi. Itu sama saja engga ada empati.,2025-05-01T08:06:06.000Z,
twitter,daamnnnn  makasih iyhh  this is mean tp gw setuju vasektomi itu karena cowok harus ngerasain ap yg cewek rasain,2025-05-01T08:01:39.000Z,
twitter,"macam2 vasektomi tuh. tapi ada kan vasektomi gak permanen. aku setuju kalau vasektomi yang bisa disambung lagi. termasuk aku setuju buat perempuan kb steril yang diikat, jadi nanti sewaktu-wakktu bisa dibuka lagi kalau memang mau banget punya anak dan sudah siap.",2025-05-01T07:59:28.000Z,
twitter,lo pada yg setuju kebijakan ini  pernah terjun lgsg ke lapangan ga? pernah LIAT LANGSUNG gimana orang2 di bidang nya pontang panting buat ngebujuk org miskin vasektomi dengan ngasih duit insentif ga?,2025-05-01T07:54:31.000Z,
twitter,"Gini loh mas, saya setuju sama pendapat beliau soal empati,tapi empati sejati bukan berarti membiarkan. Justru karena peduli, kita bantu ngedorong keluarga miskin ambil tanggung jawab (vasektomi) biar ga terus terjebak dalam siklus yang sama ",2025-05-01T07:53:42.000Z,
twitter,"Lowkey setuju sama ""org miskin dilarang punya banyak anak"". 

Terus dilain sisi, KB buat perempuan punya banyak efek samping yang bahaya. Lagian vasektomi boleh dilakuin kalo udh 35 tahun + punya anak 2",2025-05-01T07:45:50.000Z,
twitter,Aku setuju masalah vasektomi ini wkwk :),2025-05-01T07:43:29.000Z,
twitter,"Setuju bang. Klo gak mau vasektomi, ya jangan terima bansos.",2025-05-01T07:42:44.000Z,
twitter,"Kalau negara buat kebijakan ini karena negara memberi bansos okelah, rakyat minta dicontohin oleh para pejabat yang hidupnya dari pajak rakyat, sini ngumpul mana yang setuju kalo pejabat yang digaji dari pajak rakyat kbnya harus vasektomi.",2025-05-01T07:25:31.000Z,
twitter,"Sebagai orang yg (masih) miskinpun aku setuju sama kamu nder. Lagian vasektomi inikan tujuannya membatasi bukan melarang, udah tau miskin dan anak udah 2 yaudah ngapain nambah lagi???? Udahlah miskin eh gatau diri pula pengen beranak mulu, tuman banget kalo dibiarin.",2025-05-01T07:22:37.000Z,
twitter,"Gue pengusaha, Istri Manager disalah satu Perusahaan multi nasional, Anak gue cuma satu dan ini kesepakatan kmi berdua( suami istri), Tpi gue gak setuju sama Vasektomi atau KB dengan Paksaan atau tekanan. Paham lu gvblokkm",2025-05-01T07:20:37.000Z,
twitter,"Sangat setuju. Kalo vasektomi ga mau, kb jg ga dibolehin sm suami nya dn bisa nya ngewe sm crot trs beranak dn ga bs menafkahi anaknya dgn baik alih2 anak prtama ntr jdi gen sandwitch. Tolol emng org tua nya, anj",2025-05-01T06:33:47.000Z,
twitter,"Setuju syarat Bansos adalah vasektomi yang anaknya lebih dari 2.
Vasektomi salah satu cara KB yang sudah mendapatkan persetujuan lintas agama.",2025-05-01T06:29:00.000Z,
twitter,"Tolol teriak tolol.. gw nanggepin pertanyaan yg di kotak oren.. kontol tuh yg divasektomi, otak jangan ikutan.. 

Gw jd setuju program vasektomi biar ga ada orang-orang tolol macam lu aja..",2025-05-01T06:27:50.000Z,
twitter,"Pemaksaan jg ka saya gk setuju dgn kb yg dipaksakan intinya disini dipaksakan (harap digaris bawahi). Saya intinya mendukung hak otoritas tubuh manusia, silahkan vasektomi & kb tpi dengan kemauan sendiri. Negara salah jikalau mewajibkan kb & vasektomi sebenarnya ya. -cont",2025-05-01T06:27:12.000Z,
twitter,"Gue agak mgerti kenapa ended up terjadi perang gender ini. Gue juga setuju ada yg bilang kenapa para cowo baru pada brisik setelah ada narasi kebijakan vasektomi, padahal kalo di perempuan  mereka pada diem diem jiblek kek orang goblok.",2025-05-01T06:25:08.000Z,
twitter,"Aku bakal setuju sih kalau misalnya rencana ini ngealokasiin bansos dan beasiswa yang ada, dan dikasih cuma untuk mereka yang vasektomi, tetapi sejauh yang kuliat, cara kerjanya bukan gitu dan mereka gabakal dihentikan untuk dapat bansos dan beasiswa yang sudah ada (cmiiw though)",2025-05-01T06:24:04.000Z,
twitter,"Have you ever consider klo yg menyuarakan isu ini juga gk setuju pemaksaan kb perempuan?? As if diskusi kemarin2 yg banyak sekali membahas isu pemaksaan kb dan perlunya vasektomi hilang aja. Dan kita2 ini adalah manusia dgn pemikiran yg sama semua, simplifikasi-",2025-05-01T06:11:18.000Z,
twitter,"Loh ya mangkannya dijelaskan, dengan baik. Aku tanya baik” kok hrusnya jwbnmu juga jwb dengan logis dan baik. Aku ini setuju sama program pemerintah vasektomi tp aku juga penasaran klo misal pemerkosa itu akan merasa semakin tervalidasi atau engga. Gt aja hrus pake emosi. Stress",2025-05-01T06:09:56.000Z,
twitter,"Nggak setuju negara mengontrol otoritas tubuh, tapi wkwkwkwk kocak banget lakik baru pada tereak-tereak gegara dipaksa vasektomi

Kemaren-maren aja cowo incel pada ngatain cewe manja lah cewe ngeluh mulu lah, giliran tuh kontol mau divasektomi baru ikutan koar-koar",2025-05-01T06:07:17.000Z,
twitter,"Lah bnr lah gitasav. Coba baca pelan2 dan pahami. Hari ini mgkn laki2 yg dipaksa vasektomi untuk dpt bansos. Karena pd setuju bisa jadi selanjutnya perempuan yg dipaksa. Inget di ekonomi skrg, kita yg berkecukupan bs jadi miskin besok.",2025-05-01T06:05:53.000Z,
twitter,"Saya tau vasektomi itu reversible & setuju edukasi vasektomi sebagai opsi KB itu baik. Tapi lebih dari perkara teknis, ketika negara minta syarat kamu menanggalkan otoritas atas tubuhmu untuk mereka melakukan the bare minimum, what's the red line that should never be crossed?",2025-05-01T06:00:04.000Z,
twitter,"Setuju sama ini 
Aku gak against vasektomi dan justru mendukung program2 KB yg bisa dilakukan laki2
Tapi yg serem adl, ketika hal2 tsb 'dibarter' sama bantuan yg seharusnya bantuan itu ya memang tugas negara

Walau memang itu anjuran, tp iming2 bansosnya itu yg concerning",2025-05-01T05:56:37.000Z,
twitter,"seru bgt nyimak kontroversi beasiswa dan vasektomi ini

dan gw masih blm tau di pihak pro atau kontra

tiap baca komen, gw kadang setuju ama yg pro, kadang setuju ama yg kontra

sebuah krisis pemikiran",2025-05-01T05:47:15.000Z,
twitter,"kalo ada perbaikan ekonomi, sekalipun gajadi konglomerat, pasti akan lebih memikirkan untuk punya anak, pun kalo mau tetep dibuat aturan ya liat aja China, tanpa perlu ada pemaksaan vasektomi tetep bisa kok mereka setuju untuk punya anak maksimal 2, karena udah safety ekonomi-nya",2025-05-01T05:42:31.000Z,
twitter,"Aku bacanya ikut bingung. Poin 1 dia gak setuju vasektomi, poin 2 dia setuju pembatasan. Jadi kesimpulannya dia takut vasektomi, trus istrinya lagi² yg disuruh KB. Intinya dia gak mau gantian. Itu sih yg aku tangkap",2025-05-01T05:42:18.000Z,
twitter,"Emang ga bisa bedain ya wahai warga, ga setuju mandat KDM itu bukan berarti ga setuju vasektomi",2025-05-01T05:33:02.000Z,
twitter,"Jujur si aku setuju sm vasektomi buat org tdk mampu. Tp ya edukasinya harus kenceng juga dan jgn dijadiin sbg syarat penerimaan bansos. Lagian jujur yaaa yg aku liat biasanya org2 kurang mampu ini anaknya bisa lebih dari 3, mana ada jg yg demen kawin cerei dan nambah anak",2025-05-01T05:28:18.000Z,
twitter,"Yg koar koar vasektomi butuh consent oke setuju, tapi kehamilan dan melahirkan jg butuh consent perempuan. Kalian jgn ngatur cewe mau free child, atau cewe yang mau lahiran secara caesar yg dituntut hrs normal, itu pilihan perempuan bukan laki"".",2025-05-01T05:08:37.000Z,
twitter,"Untuk statmen nya sih saya setuju tapi untuk vasektomi..... Emmmmmmm, idk",2025-05-01T05:03:30.000Z,
twitter,"cowo2 rame bgt komen gr2 gamau vasektomi, kt gue cowo2 harus ngerasain hamil, melahirkan, dan menyusui dulu biar akhirnya setuju vasektomi",2025-05-01T04:57:08.000Z,
twitter,"https://x.com/Helidunn/status/1917772319650701366…

Tetep setuju vasektomi, karena tubektomi, istri sudah berkorban hamil dan melahirkan, KB untuk istri perlu bolak balik ke puskesmas rutin yang orang miskin kagak ada waktu seringnya ke situ",2025-05-01T04:53:51.000Z,
twitter,kok ak malah setuju yang bagian vasektomi itu ya.....,2025-05-01T04:48:31.000Z,
twitter,"bodily autonomy for everyone, tanpa memandang gender. aku seneng dan setuju campaign vasektomi mulai digaungkan TAPI harusnya tanpa paksaan dan bukan buat dijadikan syarat untuk ini itu",2025-05-01T04:48:28.000Z,
twitter,"Aku harap orang-orang yang setuju dengan orang kurang mampu yang perlu vasektomi demi bansos, bisa baca ini dulu

Kalau apa yang terjadi gak hanya sesimpel ""orang miskin hobby bikin anak dan bawa anak melarat""",2025-05-01T04:18:57.000Z,
twitter,"Dan kalimat, ""mereka gak peduli aja sampai hal itu mulai berdampak pada mereka."", nanti akan berlaku juga ke orang2 yg sekarang setuju vasektomi orang miskin, ketika ada kebijakan yg menyasar mereka.",2025-05-01T04:16:51.000Z,
twitter,"Gw kaga koar-koar.. 
Di timeline muncul twit yg isinya nanya intinya; ""Kalo ga setuju di vasektomi, alesannya apa?""

Ya gw jawab aja sesuai perspektif dan pendapat gw.. sesimple itu.. 

Gw jg ga ada pernyataan yg ngelarang orang lain buat milih vasektomi. 

Paham ga?",2025-05-01T04:14:13.000Z,
twitter,"WKWKW kebiasaan orang Indo, isu yg jadi concern apa, malah dipenggal.
""Kalian yg ga setuju ttg peraturan vasektomi itu kenapa?""
Padahal yg ga disetujui itu bukan masalah vasektominya, tapi Forced-nya ",2025-05-01T04:10:38.000Z,
twitter,"ini gue ga setuju ama pendapat mu, lebih baik kamu denger baik baik kata kata nya kdm.
Gue ga fanatik kdm, tapi lu coba telaah lagi lah apa yang dia katakan.
Cowo vasektomi pada merong merong, giliran cewe kb pada diam. Itu cewe sampe berkelahi ama hormon sendiri gada yang bela",2025-05-01T04:09:36.000Z,
twitter,"Edukasi tentang vasektomi setuju mba. Tp kalo vasektomi diwajibkan dan dijadikan syarat penerimaan bansos, nah itu ga setuju si. Udah kayak kaum fasis aja ngatur2 tubuh tiap individu",2025-05-01T04:03:43.000Z,
twitter,"Setuju harusnya begini ajah, kasih insentif bagi yg mau vasektomi, jgn dijadikan syarat apa apa.",2025-05-01T04:01:08.000Z,
twitter,"don’t get me wrong, saya setuju dgn vasektomi. alangkah baiknya sebelum mengeluarkan kebijakan itu, masyarakat diedukasi dgn lebih baik supaya tidak menimbulkan keributan spt ini",2025-05-01T04:00:51.000Z,
twitter,"lah ada orang ga setuju vasektomi di tolol2in, yaudah gue tantang aja orang miskin angkat rahim goblok lo",2025-05-01T03:57:15.000Z,
twitter,"Aku perempuan dan ga setuju sama cara ini. Pengambilan keputusan atas otonomi tubuh harus secara sadar, rasional, tanpa pengaruh dari pihak lain.  Kebijakan pemerintah ga boleh mengorbankan hak minoritas. Gausah lah pake embel2 gratis sembako biar pada mau vasektomi.",2025-05-01T03:49:52.000Z,
twitter,Aku Pro banget sama Cowok yang Vasektomi tapi kalau untuk kasus ini aku nggak setuju karena menurutku kalau begini berarti memaksakan dan kenapa cuman warga miskin aja? Harusnya semuanya. Saranku mending pemerintah sekarang fokus ke sosialisasinga ana,2025-05-01T03:48:48.000Z,
twitter,"Gw sbg cwk yg mau vasektomi aja ga setuju dgn peraturan vasektomi sbg syarat utk dapet bansos. Knp? Karena itu udh pemaksaan, dan ga tepat sasaran utk issue yg dihadapi. Klo issue nya byk masy miskin, negara hrs fokus berantas pungli & menarik invest biar lap kerja tersedia (1)",2025-05-01T03:48:47.000Z,
twitter,"Kenapa lo ga setuju alasan lo apa?temen gua banyak orang miskin dapat beasiswa jutaan kuliah gratis tapi NIKAH anjing banget karna apa HAMIL DULUAN najis,mereka cuma di suruh kb bukan vasektomi.Jijik mikirin tingkah mereka udah la di kasih duit kerjaan ngentot",2025-05-01T03:46:59.000Z,
twitter,"ga setuju karena vasektomi dijadiin wajib untuk orang miskin yang memang udah haknya nerima bansos, terus lu punya solusi apa untuk orang miskin yang justru mereplikasi ""kemiskinannya""?",2025-05-01T03:42:17.000Z,
twitter,"Org miskin JANGAN nikah, org miskin JANGAN bikin anak, skrg org miskin hrs VASEKTOMI br bs dpt BANSOS. Sumpah ya kalian yg setuju hal ini, ga takut kalian suatu hari miskin? Emang org miskin itu antagonis utama kekacauan di negara ini? Yakin?",2025-05-01T03:40:58.000Z,
twitter,"yang ga setuju sm ini kenapa deh? pdhl dengan lo ngelakuin vasektomi, lo masih bisa HS?! ga kntl lu yang dipotong",2025-05-01T03:37:53.000Z,
twitter,SETUJU VASEKTOMI,2025-05-01T03:37:06.000Z,
twitter,"Dih, orang yg paham feminisme mah pinter2, gk bakal tunduk sama fasisme.
Bukan tim yg menentang vasektomi, malah setuju bgt sama KB yg satu itu. Tapi yg jd masalah tu klo ini jadi syarat wajib buat rakyat dapetin haknya. Inimah pemerintah yg gk becus tapi malah gaslight rakyatnya",2025-05-01T03:27:35.000Z,
twitter,"lebih setuju buat kasih edukasi vasektomi beberapa kali buat dapetin bansos daripada mewajibkan vasektomi untuk si miskin. yg kaya boleh punya banyak anak karena dia punya kerjaan layak, yg miskin ga boleh punya banyak anak karena dia ga ada kerjaan layak. masalah adadi kerjaanny",2025-05-01T03:24:02.000Z,
twitter,"mendukung program vasektomi? sangat setuju
menjadikan hal tersebut sebagai syarat bansos? big no

mengingat banyak masyarakat yang ekonominya masih kurang, rasanya 'mewajibkan' vasektomi sebagai syarat tu agak kurang ya
terkecuali pemerintah bisa meng-cover biayanya sih",2025-05-01T03:01:15.000Z,
twitter,"yang gue permasalahkan sih simpel sebenernya, gue setuju lu bilang ""KB dan vasektomi itu keputusan bersama"" tapi kok bagian pemerintah condong ngatur badan cowok langsung seberisik ini? selama ini KB yang katanya keputusan bersama tp sc gak langsung wajib gak pernah tuh berisik",2025-05-01T02:57:36.000Z,
twitter,"Syarat wajib vasektomi biar dapet bansos dan lu setuju, udah kaya lu setuju kalo harga cabe mahal ya lu nanem cabe aja dirumah. Pemikiran pragmatis yg tdk menyelesaikan masalah dn bs jadi menimbulkan masalah baru. Seperti perdebatan rakyat yg gada ujungnya ",2025-05-01T02:49:36.000Z,
twitter,"Deseu bilang kasus pemerkosaan susah dibuktikan, kasus pemerkosaan ya tetap bisa dibuktikan dong dengan atau tanpa vasektomi. Kalo kknya bilang kasus pemerkosaan tinggi ya setuju..",2025-05-01T02:41:27.000Z,
twitter,"kalo ini gw setuju jir, dan kb vasektomi itu yg lebih mantep dibanding kb lainnya. kalo di risk management pyramid dia udh tingkatnya engineering control ga si cmiiw",2025-05-01T02:40:31.000Z,
twitter,"negara ngasih kebijakan kewajiban vasektomi ke orang miskin yang dinilai fasis (ini w setuju), tapi didukung sama orang² liberal yang perjuangin ham. gue kira sampe sini udah lucu, taunya ada lagi. yang teriak fasis ini orang² fasis yang doyan kawin dan punya keturunan banyak ",2025-05-01T02:32:34.000Z,
twitter,"Kelakuan si bapak adl salah, tapi kelakuan bocahnya juga salah, jngn main bola disembarangan tempat, kalau memang wilayah itu tdk ada lapangan, ya sewa lapangannya. gak punya uang? diem2 dirumah.
Jadi pengen setuju usulan KDM tentang vasektomi.",2025-05-01T02:26:38.000Z,
twitter,Knp ya cowo bisa bisaan nyuruh cewe kb dari A sampe Z tp giliran vasektomi lgsg koar koar ga setuju? ,2025-05-01T02:23:53.000Z,
twitter,"Yang ga setuju vasektomi, isinya cowok yaa ",2025-05-01T02:20:29.000Z,
twitter,Ini konteks vasektomi tapi aku lbh setuju lagi insentif untuk KB apapun apalagi untuk ibu ibu yg hormonal.,2025-05-01T02:12:40.000Z,
twitter,"Jujur, aku kurang setuju perkara vasektomi dan bansos ini ",2025-05-01T02:12:07.000Z,
twitter,"Vasektomi ada syaratnya juga kan, kalo aku setuju pemberian insentif untuk org miskin yg bersedia vasektomi. Tapi bukan jadi syarat penerima bansos.",2025-05-01T02:11:13.000Z,
twitter,"Meskipun aku gak suka ya sama si kdm, tp aku setuju soal vasektomi ini,, krn serius ya gw liat sepupuku sndri yg nikah muda ekonomi blom stabil tp bininya hamil muluu, anaknya blom genap 1th dah hamil lg, jd keknya bkin anak itu hiburan apa ya bwt mreka,",2025-05-01T02:03:42.000Z,
twitter,"Don't get me wrong. Gw setuju vasektomi selama ada consent yg clear. Kalau somehow perlu, gw disuruh istri nanti buat vasek juga ok. Cuman memaksa—yes memaksa karena ada power imbalance & faktor ekonomi, itu salah. Negara yg vasek-nya tinggi keknya ga 'begini' model programnya.",2025-05-01T01:59:41.000Z,
twitter,"aku pribadi sangat setuju dengan program vasektomi, tp dengan dikaitkannya dengan penerimaan bansos sepertinya harus dikaji lagi.",2025-05-01T01:54:43.000Z,
twitter,Gw mau bahas isu vasektomi sebagai syarat bansos! Yang gak suka minggir males gw liat komentar orang goblok ga berakhlak! Semoga lu pada yang tadi nya kaga setuju jadi melek amin aja deh.,2025-05-01T01:51:51.000Z,
twitter,"Idk buat masalah ini, program vasektomi untuk menerima bansos buat gw cuman sebatas solusi jangka pendek. Gw lebih setuju kalau program ini menyangkut pembenahan ekonomi masyarakat kelas bawah",2025-05-01T01:42:25.000Z,
twitter,Gue akan setuju vasektomi gak dijadikan paksaan kalau program kb juga gak dipaksakan ke cewe2.,2025-05-01T01:39:31.000Z,
twitter,"Debat sm suami tentang vasektomi eh malah bahas artis2 yang istrinya udah steril. Lah gak nyambung. Eh trs bilang, “jadi aku harus vasektomi nih?”
Ih apaan sih tambah gak nyambung. Bukan lu, tapi (orang miskin) yang mau nerima bansos  intinya sih dia gak setuju sm program ini.",2025-05-01T01:30:51.000Z,
twitter,Ada ga ya yang ga setuju TNR tapi setuju Vasektomi untuk penerima bansos. Kalau ada lucu banget sih,2025-05-01T01:30:14.000Z,
twitter,Fakkk sebagai seng mbendino dealing with kdm news (nganti k tak anggep buzzer) se sedikit muak dengan opo2 diberitakke ttg beliau. tapi ki ttg vasektomi aku mayan setuju anjerr lha ndisek jarene “kudune lanang wae seng KB sakke wedok” iki kok do kakean kontra pie to kik,2025-05-01T01:24:27.000Z,
twitter,"yupp setuju banget, gada yg against vasektomi justru bagus kalau dipromosikan dengan bagus dan menjangkau semua masyarakat tpi klo pemaksaan itu udah salah, tidak manusiawi",2025-05-01T01:19:37.000Z,
twitter,"Mau ikut menanggapi kebijakan vasektomi yang sangat ramai ini.

Aku pribadi? Sangat setuju, karna kebijakan ini ditujukan untuk rakyat kurang mampu. Masalahnya, banyak bat ni orang2 kurang mampu tapi anak bejibun, alhasil itu anak pada kagak sekolah. Gimana dong HAMnya tu anak?",2025-05-01T00:50:06.000Z,
twitter,bansos hanya dapat beberapa bulan atau tahun terus  vasektomi bisa seumur hidup hanya orang otoriter berpikiran pendek yang mendorong dan setuju kebijakan ini,2025-05-01T00:49:54.000Z,
twitter,"…atas anatomi tubuh mereka sendiri. Bangsatnya, mereka yg setuju, middle-upper class ini kebanyakan juga ga mau vasektomi sukarela. Ironis 
3. Iya, jumlah populasi itu SALAH SATU dari akar kemiskinan. Gimana akar yang lain? Pemerintah emang udah beresin?",2025-05-01T00:44:55.000Z,
twitter,"Setuju banget sama Vasektomi untuk syarat mendapatkan bantuan, karena aku tinggal di lingkungan orang miskin yang mayoritas menerima bantuan dari pemerintah (pkh dkk) dan kenyataannya anak mereka banyak.",2025-05-01T00:42:55.000Z,
twitter,"Program KDM soal vasektomi itu aku setuju, pnya anak adalah hak setiap orang tp hrs dibarengi sama kemampuan membesarkan anak baik secara mental dan finansial.",2025-05-01T00:40:53.000Z,
twitter,"setuju sama kebijakan vasektomi untuk orang orang yang nerima bansos

orang orang gamau nyari tau apa itu vasektomi dia pikir ga bisa ngentiw lagi

istri dijadiin pabrik anak doang
ntar anak udah banyak malah cere kontil
terus anaknya gede ngeluh jadi sandwich",2025-05-01T00:38:50.000Z,
twitter,"Cewek terlalu lama nahan diri, tubuhnya diubah dan dimasuki benda asingyg mengancam psikis dan mental, bahkan nyawa. Dan meledaknya mereka pas vasektomi ini. Makanya banyak yang setuju dan menuntut kesetaraan. Ditambah hidup kekurangan yg mrk amati atau bahkan rasakan sendiri.",2025-05-01T00:30:58.000Z,
twitter,yaaa ini mksdnya kdm yg menerima bansos harus vasektomi. kenapa pada gak setuju heran deh?,2025-05-01T00:27:03.000Z,
twitter,Oke ini aku setuju sih dan lebih bagus dari rencana pemerintah. Tetapi kayaknya argumen kamu buat oposisi KDM itu pakai asumsi kalau bansos yang ada untuk rakyat miskin itu cuma bakal bansos buat mereka yang vasektomi? Sejauh yang aku tau gaada indikasi untuk hal ini (cmiiw),2025-05-01T00:24:14.000Z,
twitter,Aku setuju vasektomi jadi syarat buat bansos. Emang ini bukan langkah utama buat mengentas kemiskinan. Tapi ini salah satu langkah dasar yang bagus buat dilakukan. Biar yang miskin fokus uangnya bisa buat anak yang sudah ada. Jadi anak ga jadi korban karena kebanyakan saudara,2025-05-01T00:19:58.000Z,
twitter,"Ini bukan masalah setuju atau tidaknya dengan vasektomi, tapi ini seolah2 pemerintah mencoba mengkambing hitamkan orang miskin yang padahal penyebab mereka gak bisa berfikir logis disebabkan pemerintah abai dengan kualitas pendidikan..",2025-05-01T00:19:09.000Z,
twitter,"gausa koar koar ham dah tu pelaku ham lg di puncak jabatan. gue tim setuju kalo dpt bansos maks anak 2, vasektomi or etc. gue liat sendiri tetangga gue beranak mulu anteng2 aja tu bapaknya kerja santai (kuli serabutan) karena ke-5 anaknya dicover bansos. stop manjain org pemalas",2025-05-01T00:18:06.000Z,
twitter,Ini tuh rame karna syaratnya vasektomi apa gmn sih? Apa mungkin kalo diganti tubektomi jd pada setuju dan nurut aja?,2025-05-01T00:16:02.000Z,
twitter,"kamu menolak adanya diskriminasi terhadap orientasi seksual, tapi kenapa kamu setuju dengan vasektomi yg dijadikan bentuk SYARAT ini? case nya ini sama kayak kalian. hak yg coba direnggut oleh negara. nanti muncul public policy syaratnya lgbt gk boleh berobat pakai bpjs,lu stuju?",2025-05-01T00:15:53.000Z,
twitter,"Sila dibaca keseluruhan percakapannya ya kak. Kalo kebijakan demul itu bermasalah krn menjadikan vasektomi sebagai syarat wajib penerima bansos, bukan optional. Makanya kebijakannya mau dikaji ulang. Aku setuju loh sama program vasektomi btw",2025-05-01T00:09:46.000Z,
twitter,"Di luar ajaran Agama, aku sih setuju sm program vasektomi ini.",2025-05-01T00:02:42.000Z,
twitter,Gw jg gak setuju vasektomi.. tapi mamang gw org susah beranak mulu sampe 7 anaknya.. lama2 tekor ibu gw kasih beras. Dah KB gak ngepek,2025-04-30T23:55:10.000Z,
twitter,"Soal KDM yang memberlakukan vasektomi sebagai syarat, personally gw setuju.
Di media seliweran, anak terlantar dan hidup di bawah garis kemiskinan yang setelah dicek ternyata punya sodara banyakkkkk bgt.
Gw tinggal di perumahan yang baik. Orang orang teredukasi dngan baik (1)",2025-04-30T23:51:00.000Z,
twitter,"emang gaadil sejak dalam pikiran, setuju gara² itu cowok aja. mendorong vasektomi bagus, tapi memaksakan jangan permah didukung. mau vasektomi, KB, tubektomi jangan pernah setuju kalo dipaksakan apalagi dikaitkan bansos",2025-04-30T23:39:12.000Z,
twitter,Ini bikin dilema. Di satu sisi aku setuju sama statement ini tapi di satu sisi aku setuju soal program vasektomi. Yah emang akar dasarnya salah satunya pendidikan dan pemerenta kita tidak peduli soal itu ,2025-04-30T23:36:11.000Z,
twitter,"Dia belum tau ada yg ampe anak² nya masih kecl disuruh kerja keliling jalanan, aku setuju banget sma vasektomi ini cuma di indonesia mungkin masih jdi hal tabu kali ya jdi bgini, pdhal vasektomi masih bisa ML ko",2025-04-30T23:28:31.000Z,
twitter,Gw setuju keluargamu dan keluarga Mulyadi ikut vasektomi duluan...,2025-04-30T23:27:59.000Z,
twitter,"Aku bakal setuju sama ini kalau
1. Vasektominya untuk seluruh kalangan orang miskin
2. Ini alokasi bansos dan beasiswa yang sudah ada, yang hanya akan dikasih ke keluarga miskin yang ikut vasektomi

Tapi sejauh yang aku tau, ini bukan tujuan dari rencana itu, cmiiw thoigh",2025-04-30T23:23:46.000Z,
twitter,Gw setuju si Mulyadi ama koruptor indo di vasektomi biar gen koruptor nepotismenya pada punah,2025-04-30T23:22:31.000Z,
twitter,"Setuju kalo untuk yg lebih dari 5,tp ini kesan nya sama rata.
Yg nerima bansos wajib vasektomi (tp gatau info ini udah valid atau belum)",2025-04-30T23:21:33.000Z,
twitter,"YA KAN EMANG.
LAGIAN MEREKA VASEKTOMI ITU CUMA KB, BUKAN KEBIRI.
MEREKA JUGA UDAH PUNYA ANAK LEBIH DARI 2 KALO MAU DIVASEKTOMI. 
ORANG X PADA BANYAK BACOT, kemaren setuju ""banyak anak banyak rezeki"" itu salah, tapi pas ada program yg KB si BAPAKNYA malah pada panassss",2025-04-30T22:31:07.000Z,
twitter,"Asli bingung banget nanggepin ini. Gue setuju sama yang pro dan yang kontra juga setuju soal paksaan vasektomi. 

Dibiarin, orang pada demen beranak pinak padahal ekonomi ngga memadai. Dipaksa, ngga baik juga karna menyalahi HAM.

Plis ",2025-04-30T22:29:54.000Z,
twitter,"perlu mekanisme solusi kompleks untuk mengatasi masalah struktural, gua setuju pendidikan gratis dan faskes gratis jadi solusi tapi vasektomi sebagai solusi udah jelas bakal nambah chance keberhasilan mengatasi masalah itu",2025-04-30T22:23:24.000Z,
twitter,"setuju, drpd bikin anak mulu gaada rem nya. ntar ditelantarin doang kaga diurusin. kerja gamau, ngarep bantuan mulu. bikin doang ngurus gamau. mending di vasektomi.",2025-04-30T22:12:43.000Z,
twitter,"Gua setuju vasektomi ya. Makanya statementnya “minimal kondom lah”, maksudnya klo lu sadar diri",2025-04-30T22:09:58.000Z,
twitter,"aku personally sangat setuju untuk vasektomi penerima bansos yang saat ini sudah punya anak 2 atau lebih
here is why",2025-04-30T22:01:19.000Z,
twitter,Vasektomi ini harusnya tanpa imbalan hak merrka sebagai warga. Iya setuju emang harus dinormalisasikan tapi caranya yang salah mass mikir gini aja ga bisa,2025-04-30T22:01:04.000Z,
twitter,"Jujur aku setuju sih.
Memang fatwa MUI haram vasektomi tanpa urgensi medis. Tapi dgn kebijakan ini, org kalau mau punya anak lebih mikir, siapkah secara finansial?
Kalau gak mau vasektomi > jangan nerima bansos > artinya harus matang scr finansial.
Lelah melihat anak2 terlantar",2025-04-30T21:58:29.000Z,
twitter,"Program KB yg dibebani perempuan lagi dong, kalo vasektomi aku lbh setuju. Kebiri sekalian. Biarin lah fasis juga, people should just stop breeding ffs.",2025-04-30T19:58:16.000Z,
twitter,"Ini krn vasektomi, laki-laki harus berkorban makanya jadi heboh, kalau cewe yang di suruh kb paling diem, mereka bisa berpikir urusan pengendalian jumlah anak itu urusan perempuan, makanya aneh kalau ada emak-emak anak yg udh lbh dr 3 gk setuju wacana ini alasannya apa ",2025-04-30T19:49:55.000Z,
twitter,"Anyway gw udh ga setuju sama konsep vasektomi dia soalnya dia ga holistik. Kb doang sex ed dilarang, but i still laugh liat byk laki koar2 bodily autonomy pdhl selama ini maksa ke cewe",2025-04-30T19:47:27.000Z,
twitter,"Setuju soal vasektomi itu, karena kerjaan gw tahun lalu sudah membuktikan kejamnya orang dewasa demi bansos. Riset lapangan gak bohong, guys. Memang mereka2 ini harus di vasektomi karena ada yg sengaja beranak banyak biar bansosnya gede.",2025-04-30T19:43:05.000Z,
twitter,Gue sangat ga setuju si KDM ini pake acara ngancem2 ga ngasih bantuan yg ga vasektomi. Tp gue setuju vasektomi diedukasiin ke masyarakat. Biar masyarakat milih sendiri metode vasektomi. Program KB pun berhasil kan nurunin TFR? Masalahnya masyarakat blm awam sm benefit vasektomi,2025-04-30T19:37:33.000Z,
twitter,"Gue setuju agar vasektomi mulai dinormalisasi. Tapi kalau menjadi syarat utk mendapat bansos? Hmmm, ragu sih.

Menurut gue, mewajibkan vasektomi atau melarang orang miskin beranak tidak bisa menjadi solusi tepat utk mengatasi kemiskinan itu sendiri.",2025-04-30T19:34:57.000Z,
twitter,Penerima bansos yg ga setuju tuh pengennya punya anak berapa soh? Syarat vasektomi itu salah satunya sudah punya anak yaaa,2025-04-30T19:25:24.000Z,
twitter,"jujur gua setuju dengan program vasektomi ini sih.
beberapa kali lewat tl entah itu di X/IG/FB tentang bayi yang dibuang oleh ortunya yg latar belakang ekonominya kurang mampu.",2025-04-30T19:11:54.000Z,
twitter,mff tp ak setuju sm vasektomi vasektomi itu,2025-04-30T19:10:25.000Z,
twitter,"Saya mendukung KB dan Vasektomi  

Hanya saja kalau dijadikan syarat untuk menerima bansos ga setuju. Itu hak warga miskin. Jangan dipersulit",2025-04-30T19:09:50.000Z,
twitter,"saya ga setuju vasektomi jadi 'syarat wajib' penerimaan bansos dan beasiswa 
sepakat lagi",2025-04-30T18:55:42.000Z,
twitter,saya setuju tentang Vasektomi. trust me,2025-04-30T18:51:41.000Z,
twitter,Lucunya jg kenalan2 gw yg setuju ama vasektomi paksa nih orang2 yg dapet welfare support bro by that logic they should not have been born cuz they are such national burden,2025-04-30T18:28:38.000Z,
twitter,"Gua gatau kenapa cowok cowok marah perihal vasektomi ini, karena seinget gua beberapa tahun lalu malah cewe yang ga setuju suaminya divasektomi. Karena ada anggapan suaminya bakal bebas celap celup tanpa takut hamil.",2025-04-30T18:14:26.000Z,
twitter,"tapi gw setuju sih. gw gakmau punya banyak anak, 2 anak aja menurut gw udh cukup. karena sekarang apa2 serba mahal kan. dan biar gak kebobolan mending vasektomi.",2025-04-30T17:11:52.000Z,
twitter,"1 dan 2, aku ngga bilang kamu ga setuju. tapi karena kamu tanya juga soal kenapa koar2 karena laki-laki yang dipaksa vasektomi, maka aku, sbg org yg menolak, ikut jelasin.

3 imho, bukan gabisa berjalan bareng, tapi nanti meriamnya, yg seharusnya vertikal, malah jadi horizontal",2025-04-30T17:10:57.000Z,
twitter,"gue setuju sama program vasektomi, tapi kalo jadinya MEWAJIBKAN tanpa membenahi pola pikir dan mentalitasnya, bukannya malah jadi membatasi hak hidup?

kalau implementasinya:
vasektomi > akan dapat bonus seperti bansos, dll. setuju banget!",2025-04-30T17:04:02.000Z,
twitter,"oh iyaa oot? sebaca ku, aku cuma kasih pandangan ku ttg vasektomi bisa menekan laju pertumbuhan. titik. gak ada lanjutan setuju pemerintah HARUS memvasektomi. aku cuma bahas sampai kulitnya aja, gak melebar ke yg bukan ranahku loh??? tidak menyenggol KDM cm nyenggol vasektomi",2025-04-30T17:03:15.000Z,
twitter,"jadi dari awal kamu komen oot dong
karna dari post awal op, tidak ada yg against vasektomi, semua org setuju asal itu berdasarkan kemauannya sendiri bukan paksaan pemerintah ",2025-04-30T16:58:37.000Z,
twitter,"Aku mau klarifikasi dulu, di tweet lain km bilang ga ikut2an soal persyaratan vasektomi buat bansos, tapi sekarang kamu bilang setuju program vasektpmi ini, maksudnya ini gimana?",2025-04-30T16:54:26.000Z,
twitter,"Bukan inimah, yg progresif geniunely setuju. Ini menciderai gerakan vasektomi bgt yaallahh, goverment always ruin everything ",2025-04-30T16:45:44.000Z,
twitter,"Sebenarnya setuju sih korelasi bansos sama vasektomi ini perlu dikaji ulang karena mainnya udah HAM. Tapi kalau sekilas, ya make sense aja soalnya orang indo masih ada yg klo ga dipaksa dgn keadaan ga bakalan mau. Apalagi KDM ini emang agak² gimana gitu.",2025-04-30T16:45:21.000Z,
twitter,"Setuju, saya juga bukan yg kontra vasektomi, saya hanya share pengalaman saya saja.",2025-04-30T16:38:04.000Z,
twitter,"setuju menikah emg hak setiap orang, kamu bahas agama maka aku bawa agama jg. kamu bilang hukum agama dalam vasektomi tp lupa gmn agama mengatur tanggungjawab dalam hubungan anggota keluarga",2025-04-30T16:36:01.000Z,
twitter,"Tetep aku gak setuju kalo negara udah sampai mengatur tubuh warganya. Vasektomi sebagai sosialisasi oke, tapi sebagai syarat untuk negara menjalankan kewajibannya memelihara orang miskin, no.

Bangun infra ruang publik, fasilitasi mereka untuk berdikari.",2025-04-30T16:35:38.000Z,
twitter,ini jg perempuan2 yg setuju dgn pemaksaan vasektomi sbg syarat bansos dll itu bodoh bgt deh. what makes u think the gov would stop at ngatur2 badan cowok dan nantinya gaakan mulai ngatur2 badan cewek juga in the future? yall act woke but u dont understand shit istg dumbasses ,2025-04-30T16:34:09.000Z,
twitter,"engga setuju. menikah dan punya anak itu hak setiap orang tidak bisa orang lain melarang ini.

ini lagi nomongin kewajiban vasektomi, bukan kewajiban suami. gausah lebar-lebarin diskusi ke, fokus di kewajiban vasektomi ini",2025-04-30T16:32:07.000Z,
twitter,Bukan setuju vasektomi. Tapi cobalah melakukan sesuatu agar anak dan istri terjamin hidupnya dan terjaga kesehatan. Kasihan istri yang hamil setiap tahun. Misal punya 6 anak. 12 tahun si istri hanya hamil dan melahirkan. Ga kasihan sama perempuan? Coba berpikir ke perempuan,2025-04-30T16:31:28.000Z,
twitter,"Gua udah nunjukin kalo pemerintah aware soal perempuan dipaksa KB dengan nunjukin UU TPKS, lu mau reverse kebijakan itu dengan setuju sama forced Vasektomi? Goblok juga lu. Hari ini laki laki, besok perempuan disuruh forced KB. Mikir. Kalo mau perang gender jangan disini.",2025-04-30T16:31:24.000Z,
twitter,"Saya setuju dengan ide vasektomi, tapi engga dengan gambar ini",2025-04-30T16:18:24.000Z,
twitter,"Aneh dari mana, lo sendiri yang bilang kalau lo gk setuju untuk jadiin vasektomi sebagai syarat bansos, lo jg yang bilang vasektomi itu tidak bisa dipaksakan dan ada UU nya. Gue bahas yang kedua, kenapa gk paham padahal gue balas komen lo yang 'paksaan' itu, bukan yg lain?",2025-04-30T16:15:37.000Z,
twitter,suamiku ga setuju vasektomi but gladly dia ga masalah kalo pake kondom terus buat menjarak kehamilan karena dia ga tega kalau aku harus kb ,2025-04-30T16:15:30.000Z,
twitter,"ngatain orang yg setuju vasektomi utk bansos, tapi ngatain orang yg setuju vasektomi utk kepentingan pribadi juga. hinaan dari orang yg chronically online kaya lu trs ngatain orang lain belajar hukum & politik dari x makanya bodoh- jg ga bs gue anggap serius sih lol",2025-04-30T16:14:52.000Z,
twitter,Idk like gw setuju kalo gaad duit gausah punya anak tapi wajib vasektomi buat bansos dan BEASISWA? just sounds insane to me... smth smth abt slippery slopw,2025-04-30T16:12:00.000Z,
twitter,"pemaksaan vasektomi terhadap laki-laki itu ditolak KARENA LAKI-LAKI SEBAGAI KORBAN, nggak sependek itu cara berpikirnya. aku, perempuan, juga tidak setuju pemaksaan vasektomi. Menganjurkan? YES. Memaksa? BIG NO. -c-",2025-04-30T16:10:37.000Z,
twitter,"Soalnya tiba tiba paham sih, jdi kaget inget banget dlu gua pernah dikatain alay krn bahas tentang otoritas tubuh perempuan, emg ya laki"" tuh ngerasain dlu, gua ga setuju dengan pemaksaan vasektomi ini, cuma ya ketawa aja dikit",2025-04-30T16:07:31.000Z,
twitter,"Ya, kak, aku juga awalnya mau setuju, cuma aku ini masih mikir2 lg

tapi perlu koreksi kalau yg kb itu bukan dibuat perintah kayak vasektomi dan tidak menumbalkan baksos....

Tapi argumentasi kaka bagus dan ada benarnya juga",2025-04-30T16:03:45.000Z,
twitter,"Dari tadi menyimak, kok pada gak setuju sih sama rencananya? Kan bagus yak kalo vasektomi buat laki-laki miskin (gak enak ngetiknya), karena kasian calon anak-anaknya.

Terus baca ini, wahh iya juga ya",2025-04-30T15:59:06.000Z,
twitter,"Disclaimer:
Gw setuju tindakan vasektomi buat diri gw nanti jauh sebelum issue pagub KDM rame di medsos

Tujuan gw simple, gamau istri gw nanti capek harus KB ini itu
Udah cukup istri capek fisik melahirkan aja gausah dibikin capek KB hormonal blablabla",2025-04-30T15:56:35.000Z,
twitter,"Pemaksaan KB Perempuan udah dinotice sama pemerintah sampe dicover di UU TPKS, terus lu pada mau reverse kebijakan untuk pidana pemaksaan Kontrasepsi dengan setuju wajib Vasektomi. Hari ini laki laki, besok perempuan, besoknya lagi apa?",2025-04-30T15:53:07.000Z,
twitter,"jadi, sedih bgt loh kl liat ibu yg terus melahirkan dgn kondisi 4T, terus kasian juga anaknya dengan kemiskinan struktural, sedikit harapan bisa mendapat kehidupan layak dari mulai akses pendidikan sampai akses kesehatan. so, aku setuju dgn vasektomi ini (krn perempuan udh KB)",2025-04-30T15:50:48.000Z,
twitter,"Mau dibilang fasis juga aku kayanya ttp setuju aja kalo penerima bantuan miskin disuruh vasektomi. Kalo mau dibantu ya harus mau ""dibenerin"" sesuai syaratnya. Kalo org yg bisa biayain anak sih bebas mau punya anak berapa. Kasarnya: ""Yen miskin yo ojok kakehan polah.""",2025-04-30T15:41:09.000Z,
twitter,"lu yang tolol, dah bener kdm setuju dan nyaranin Vasektomi. Lagian apa salahnya kocak?? 
lu ni pasti model laki yang kalau lagi puncaknya macem musang birahi",2025-04-30T15:31:33.000Z,
twitter,"Kali ini gw setuju sama si dedi, kalo realistisnya emg ga mampu gak usah banyak anak atau gak usah punya anak sekalian. Lagian kalo vasektomi kan crot dalem terus, enak tuh kontolnya!",2025-04-30T15:15:54.000Z,
twitter,Actually gue setuju sih sama ketentuan gini biar neken org2 miskin ini ga beranak pinak lebih banyak. Lagian vasektomi juga syaratnya anak 2 sama usia 35,2025-04-30T15:11:02.000Z,
twitter,"Justru itu aku setuju vasektomi.
Pemerintah juga punya kewajiban mensejahterakan rakyatnya kan? Sesuai amang UUD",2025-04-30T15:04:02.000Z,
twitter,"Setuju, bea siswa atau bantuan sosial itu hak setiap WN yg memenuhi persyaratan utk mendapatkannya bukannya ditambah dg syarat Vasektomi, nyeleneh nih",2025-04-30T15:01:31.000Z,
twitter,"Kamu udah pernah turun sendiri buat edukasi? Sekarang kehamilan tuh dipantau puskesmas. Ibu2 yang sudah berisiko kehamilannya pasti diedukasi tentang KB. Kalau mau ditambahkan edukasi soal vasektomi, aku setuju pake banget. Dan di lapangan sebenernya jauh lebih banyak yang nurut-",2025-04-30T14:58:26.000Z,
twitter,"SETUJU!!! kasian ibu2 diluar sana yg kena efek ketidak cocokan pakai kb, termasuk aku. Bb dan hormonku ancur grgr kb suntik 3 bulan, pakai iud bb stuck dan haid jd galancar, akhirnya serba salah. Vasektomi bukan berarti kayak dikebiri kok, dan ttp akan normal2 aja, yuk bisa yuk",2025-04-30T14:54:45.000Z,
twitter,"Bukan cowok, tp persyaratan harus vasektomi buat syarat beasiswa dan bansos yang ngga setuju. Campaign vasektomi bagus, selain itu kebijakan ini absurd dan cenderung ambil jalan pintas.",2025-04-30T14:53:40.000Z,
twitter,Setuju gak setuju sih...kalo udah punya anak  lebih dari 2 kalo bisa vasektomi...,2025-04-30T14:52:34.000Z,
twitter,setuju aku. karena aku yang prefer yang mau kb vasektomi karena gak mau membebani istri aku nanti dan aku juga milih childfree jadi setuju aja aku,2025-04-30T14:51:57.000Z,
twitter,"Kalau ini setuju banget. Bagus kalau dibuat sistem yang bisa evaluasi anak di keluarga ini terlantar atau nggak. Kalau iya, ortu harus dipaksa vasektomi sekalian. Cuma sulit sih. Karena ini baru jadi maksa",2025-04-30T14:47:19.000Z,
twitter,Vasektomi atopun tubektomi itu sifatnya harus sukarela atas keinginan/kesadaran orgnya. Krn klo dipaksakan misal ada efek samping operasi gmn? Lbh setuju buat penerima bansos yg msh nambah anak bansos distop.,2025-04-30T14:46:57.000Z,
twitter,Wkwkwk para perempuan harusnya bisa lebih setuju karena bisa menjaga hormon dan fisik lebih baik. Lagian vasektomi beda sama kebiri ngapa yg laki pada takut ya. Gua aja kepikiran nanti kalo dah punya anak cukup.,2025-04-30T14:46:29.000Z,
twitter,"Tp tau ga , w py temen d tmpt krj cewe dy ga setuju klo cowo d vasektomi, why krena kasian , cowo d belek buat d vasektomi pdhl ga sakit apa² mending cewe aja yg d steril pas lahiran d secar sekalian d steril.., w bingung mo jawbnya",2025-04-30T14:45:44.000Z,
twitter,Setuju vasektomi ga? Kenapa?,2025-04-30T14:41:46.000Z,
twitter,"Sama, gue juga pusing. Keknya lu suka nyari² tau ya? Jempolan Sekarang coba lu data deh, mumpung rame. Yg nggak setuju itu sebenernya mereka tau prosedur/efeknya vasektomi nggak? Kalo gue sih curinganya mereka pada takut jadi nggak bisa berhubungan dan permanen. Dikira=kebiri",2025-04-30T14:41:02.000Z,
twitter,"Kalau kasusnya begini bagaimana? Aku ga setuju dengn keharusan vasektomi supaya dapat bansos. Tapi kalau anaknya sudah segini banyak sampai memberi makan pun tidak bisa, vasektomi harus di paksakan, melahirkan anak hanya untuk menderita di dunia juga termasuk pelanggaran HAM imo",2025-04-30T14:40:24.000Z,
twitter,"kebetulan background ku kespro ya kak, baru banget tadi pagi diskusi ini sama dokter-dokter, kami setuju akan adanya vasektomi utk warga miskin (apalagi miskin struktural). sebenernya buat apa sih? utk menekan laju pertumbuhan anak yg ‘berpotensi’ terlantar dan gak ke urus",2025-04-30T14:29:31.000Z,
twitter,"kalo gmau ya harus wajib cari alternatif KB yg lain. Pasangan yg ga setuju vasektomi bkn berarti mreka mau beranak pinak sebanyak2 nya kok, tp mungkin ada hal lain yg dipertimbangkan. Respect sm pria yg bersedia vasektomi, tp lebih respect lg sm orang yg bisa ngehargain perbedaan",2025-04-30T14:28:23.000Z,
twitter,he literally fucked up wdym  knp lu pada setuju njir??? vasektomi buat bansos??? are you fucking fr??? ini gak sama kyk vasektomi pilihan pribadi bjrot ,2025-04-30T14:28:19.000Z,
twitter,"Gw pernah ngomongin ini bjir ""gw setuju semisal vasektomi/kontrasepsi apapun"" asal setidaknya dah ada anak 1 biji lah. Karena takutnya nih kepikrian buat ada anak setelah kb baik cewe ato cowo takut ga kesampean (umur nanti tuaaaaaa) dan it's oke kataknya",2025-04-30T14:25:41.000Z,
twitter,"Mau ngecounter pake apa kak? Diliat di komenan juga banyak kaum2 cewe yang ga setuju pake embel2 ham. Padahal dulu juga banyak cewe2 yg teriak2 vasektomi, pas skrg direalisasikan banyak juga cewe yg kontra wkwk",2025-04-30T14:22:39.000Z,
twitter,"hey aku sama sekali setuju dgn vasektomi, aku cuman menolak vasektomi yang dipaksakan, kalau KB dipaksakan kepada perempuan aku juga melawan, lagipula apa yang dilakukan KDM ini adalah bentuk eksploitasi terhadap ranah private seorang individu",2025-04-30T14:22:24.000Z,
twitter,Sbenarnya yg bikin pro kontra itu krn Vasektomi kan coba klo syaratny KB apapun jenis metodenya pasti pd setuju deh. Jdi menurut anda KB apa yg tidak mbuat prmpuan mnderita klo mmg takut sm vasektomi?,2025-04-30T14:20:41.000Z,
twitter,"as a man, ku setuju. ku juga rencana nnti pas udah mapan dan punya 2/3 anak bakal lakuin vasektomi. karena vasektomi sendiri setauku cuman ga subur doang(CMIIW). lebih parah efek samping KB",2025-04-30T14:17:04.000Z,
twitter,"Bro, liat dah yg gw tulis dr awal.. sepanjang thread ga ada SATU KALIPUN gw bilang gw setuju vasektomi dipaksa. Ya gw nanya.. yg make sense gimana soal populasi ini, dan dr mana duitnya?",2025-04-30T14:14:24.000Z,
twitter,"Kok lari kesana? Ini ngomongin jaminan sosial, gimana cukupinnya klo populasi terlalu banyak? Makanya nanya drmn uangnya.

Klo ngomong setuju apa ngga dipaksa vasektomi, ya sama ga setuju... kan gw bilang, gw anti overreaching",2025-04-30T14:08:41.000Z,
twitter,"Karena ""wajib""nya ya? 

Kalo w sih masih setuju aja asal diedukasi dulu sebelumnya soal vasektomi, because the population boom is indeed uncontrollable ",2025-04-30T14:08:17.000Z,
twitter,Setuju juga anggota dpr dprd vasektomi tubektomi tanpa terkecuali,2025-04-30T14:07:19.000Z,
twitter,"Gw sih ga setuju ya
Lebih setuju kalo semua warga jabar wajib ikut program KB 2 anak lsg vasektomi jadi ga cuma nyasar ke yg miskin
Lu kira hdp ada jaminan yg kaya bakalan kaya terus dan ya wajib KB?",2025-04-30T14:02:51.000Z,
twitter,orang kalo ngerti maksud hak asasi manusia harusnya gak setuju sama wacana kdm ini. mewajibkan vasektomi demi dapet bansos kedengeran jahat bgt buat gue,2025-04-30T14:02:25.000Z,
twitter,"Gak setuju sama kebijakan karena pemakaian ya gpp.

Tp kenapa selalu bilang permanent sih. Vasektomi itu bukan permanen.",2025-04-30T13:47:14.000Z,
twitter,Terpantau yg kontra cowo yg minim ilmu. Jol ngomong ga setuju tp ga dipelajari dulu ttg vasektomi,2025-04-30T13:33:31.000Z,
twitter,"Pembatasan setuju, caranya sampe mewajibkan vasektomi (not even sebut KB spy bnyk pilihan tp lgsg vasektomi) itu yg menurut gw salah.

Biaya vasektomi sendiri ditanggung sapa?",2025-04-30T13:32:44.000Z,
twitter,"rill kak, klo bahas vasektominya aja, gua setuju parah, bahkan gua uda berencana vasektomi pas nikah nnti (padahal pcr jg gda) ",2025-04-30T13:24:20.000Z,
twitter,fans KDM harusnya setuju suaminya di vasektomi,2025-04-30T13:22:33.000Z,
twitter,bukan terus terusan buat anak. Nanti ketika ada masalah salah satunya Masalah ekonomi lalu orang tuanya belum siap secara mental dan belum bisa mengontrol emosi ya anak yg kena. Setuju sih dengan KB vasektomi ini. inget YANG DI KB BUKAN HANYA PEREMPUAN!,2025-04-30T13:19:31.000Z,
twitter,"tapi lo sendiri gimana kak? tanpa ngomongin pemaksaan ya, setuju gk kalo vasektomi di kampanyekan ke khalayak umum?",2025-04-30T13:17:55.000Z,
twitter,"Liat video Gub Jabar yg ngomongin ttg vasektomi, aku pribadi setuju sih ",2025-04-30T13:16:29.000Z,
twitter,"Setuju. Selama dia mengajukan diri buat keperluan yg mempersyaratkan itu, apapun golongannya, vasektomi dulu. Biar mikir² juga penerima bansos yg sebenernya nggak berhak itu",2025-04-30T13:15:10.000Z,
twitter,"setuju, aku pro vasektomi
tapi kalo caranya gini juga ga bakal dukung sih
akar permasalahannya itu ada di edukasi masyarakat, jadi kebijakan kaya gini malah bikin ancaman dan tekanan baru buat masyarakat

lagian vasektomi tu bukan prosedur yang murah",2025-04-30T13:11:23.000Z,
twitter,"Kesehatan ibu yang baik itu ya minimal dari ekonomi yang baik, akses kesehatan yamg baik. Kan ku bilang, aku gak nolak vasektomi, tapi kalau dijadikan syarat, ya gak setuju.",2025-04-30T13:10:20.000Z,
twitter,Tim tidak setuju vasektomi.,2025-04-30T13:04:28.000Z,
twitter,"Gw tetep gak setuju sih. KB atau Vasektomi itu harus lewat didikan dan lewat kerelaan, gak boleh lewat tekanan ekonomi untuk mengatur otonomi tubuh, apalagi di dalam dunia medis Vasektomi itu treament permanen (risk besar gak bisa direverse).",2025-04-30T12:54:35.000Z,
twitter,"Setuju sih, tapi kembali lagi kalau mau bansos ya vasektomi tapi tetap keputusan mau vasektomi atau engga ada pada laki2.. mau bansos - gamau vasektomi - bikin anak - anak gak terjamin - andelin bansos dengan pikiran makin banyak anak makin banyak bansos yang didapat.. gini kah?",2025-04-30T12:41:34.000Z,
twitter,"Setuju gw.
Daripada nyuruh cewek yang kb, mending cowk yg vasektomi.
Persentase sukses lebih besar dan efek samping gak separah kb perempuan 

Dedi, I'm not ur supporter, but this? Yeah, you go.",2025-04-30T12:28:57.000Z,
twitter,"Yang gue kecewa sih banyak kenalan seangkatan dari FISIP yang justru setuju atas wacana KDM just because they are supporting vasektomi per se. Out of all people, gue kira masih bisa percaya sama yang dateng dari rumpun sendiri. Ternyata ya perjalanan masih panjang aja...",2025-04-30T12:28:48.000Z,
twitter,Nah opini ini gw juga setuju. Intinya Vasektomi/Tubektomi/KB lainnya bukan dijadikan syarat wajib untuk ini itu. Karna kembali lagi ke HAK masing masing manusia dan bahasan/kesepakatan suami dan istri.,2025-04-30T12:27:29.000Z,
twitter,"Mulai dari vasektomi itu bukan aib tapi tindakkan medis yg legal. Galakkan vasektomi gue setuju, tpi klo dgn cara wajib vasektomi buat dpt beasiswa itu mah pemaksaan. Korelasi beasiswa buat sekolah vs vasektomi biar gk pnya anak apaan?",2025-04-30T12:20:52.000Z,
twitter,"saya setuju dengan program ini, jika program ini beneran kejadian. tolong nih ya tolooong bgt, nanti permudah proses vasektomi. buat peserta bpjs yg ditanggung pemerintah khususnya.",2025-04-30T12:19:25.000Z,
twitter,"Setuju. Tindakan preventif dilakukan masing2, sadar masih miskin ya jgn punya anak banyak if you dont have any other option. Tapi bukan ranah pemerintah mewajibkan vasektomi utk penerima bantuan. Pemerintah punya opsi lain, punya kewajiban lain utk memperbaiki nasib rakyatnya.",2025-04-30T12:18:44.000Z,
twitter,"kebelet ate eat ate westard ppk fokus sm kata vasektominya. program kb aja sifatnya anjuran, ini klo vasektomi dibuat anjuran ya gw setuju aja. tapi klo sampai hak lu dihambat ampe ditutup grgr engga ikut program ya kocak anj. bukan punishment ajg, justru yang ikut vasektomi",2025-04-30T12:15:42.000Z,
twitter,"""Gw ga into politik"", terus km ngerti ga sih apa yg dikomentarin? Dunia ini ga melulu hitam & putih, orang2 yg marah2 soal dedmul maksa vasektomi belum tentu orang yg ga setuju kalau orang miskin beranak banyak. Pemerintah itu harusnya ga boleh masuk ke ranah privat individu.",2025-04-30T12:11:40.000Z,
twitter,"Btw, kakak salah mengerti. Aku ga setuju dengan pernyataan di atas BUKAN BERARTI GA SETUJU MENGENAI EDUKASI VASEKTOMI UNTUK COWO2

kaka kalau liat cuitan2ku, liat deh udah banyak cuitan aku ke cowo2 untuk jangan jadi penakut akan vasektomi

Mengedukasi bukan berarti memaksa",2025-04-30T12:11:32.000Z,
twitter,"ga sepenuhnya setuju sama pendapat org miskin harus vasektomi baru dapet bansos. tapi fakta lapangan orang miskin yg anaknya banyak tu juga nyusahin, karena mereka jadi ga tanggungjawab buat anak""nya. kalo kebijakannya diganti jadi yang berhak menerima bansos yg anaknya maks 3",2025-04-30T12:10:53.000Z,
twitter,"Aku ga ngerti maksud kaka apa. Aku awalnya mau setuju perihal vasektomi itu, tapi baca cuitan ini aku mikir2 lagi",2025-04-30T12:07:07.000Z,
twitter,"Aku setuju program vasektomi,tapi gak pake syarat begitu. karena gak semua orang miskin itu di sebabkan banyak anak.
Kemiskinan itu lebih banyak di sebabkan oleh pejabat yg korup dan kemiskinan struktural yg di ciptakan oleh pemerintah.",2025-04-30T11:49:49.000Z,
twitter,"Cetek bener, yang ga setuju vasektomi dibilang gitu. Males aja itu Dedy ngasih pemahaman soal KB. Kasian bener orang miskin, pinter kaga, alat reproduksi dirampas. Udah kaya slogan Komunis aja. Rebut alat produksi. 

Alih alih ngasih pendidikan gratis, malah vasektomi.",2025-04-30T11:49:16.000Z,
twitter,"Gapapa sih sebenernya ada yg setuju sm ide kdm soal vasektomi 

Tp ya gausah yapping soal ranah privat lgi, soal kegagalan sistem lagi, soal ketimpangan, soal pemaksaan, karna kalian endingnya bakal membela penindasan di atas selama yg kena itu kelompok masyarakat yg kalian benci",2025-04-30T11:47:30.000Z,
twitter,Iya aku setuju soal vasektomi ini untuk kalangan bawah dalam rangka membatasi jumlah anak. Cuman memberi insight kemungkinan kenapa vasektomi diributkan.,2025-04-30T11:44:04.000Z,
twitter,Heran sama yg ga setuju. Alasannya orang miskin ga boleh punya anak. Padahal selama ini yg banyak anak itu orang kurang mampu dan kebanyakan orang yg sadar dan sudah vasektomi orang yg mampu. Bingung sama pola pikirnya,2025-04-30T11:40:02.000Z,
twitter,"Setuju!! vasektomi memang tidak jahat. 

Yang jahat adalah PEMAKSAAN vasektomi sebagai syarat bansos yg entah apakah cukup untuk biaya bulanan mereka.",2025-04-30T11:39:24.000Z,
twitter,"Vasektomi kalau merenggut hak orang gak setuju. vasektomi harus dilakukan dengan kesadaran orangnya. harusnya edukasi masyarakatnya, bukan bikin kebijakan sepihak.",2025-04-30T11:33:45.000Z,
twitter,"seandainya bayi2 yg akan dilahirkan di dunia ini bisa milih
pastilah mereka tidak akan mau punya ayah yg miskin penerima bansos.
itu yg ga setuju vasektomi, otaknya perlu diperiksa, jgn2 Isinya tai.

ngebahas RUU TNI mingkem..tetiba bahas vasektomi langsung triak FASIS..Pepeklah",2025-04-30T11:32:23.000Z,
twitter,"Siapa yang setuju kalo di negeri ini kebanyakan laki mokondo?? 
*kebanyakan bukan berarti seluruh. 
Emang bagus nih kalo lakinya di vasektomi.",2025-04-30T11:28:22.000Z,
twitter,"sekarang coba lu pikir, ada dua tipe orang tua, yg A peduli dengan pendidikan anak, yg B tidak peduli dengan pendidikan anak.. lalu yg A setuju untuk vasektomi demi anaknya, yg B tidak setuju dan bodoamat.. anak2 yg A berhasil meraih pendidikan tinggi, anak2 yg B cuma tamatan SMP",2025-04-30T11:25:02.000Z,
twitter,"gue cewek dan gue nggak setuju. gue nggak menolak vasektomi, tapi gue nggak setuju kalau vasektomi harus dilakukan supaya orang dapat bansos. mau pake KB apapun tuh hak tiap individu, negara nggak boleh ngatur sampai segininya.",2025-04-30T11:22:09.000Z,
twitter,"apapun keputusan kita sbg kepala keluarga ttg vasektomi, yakinlah itu yang terbaik.
kita boleh salah, tapi tidak boleh berhenti belajar.

kl mindos ada disisi yang setuju vasektomi, dg catatan mindos harus pny 2 anak dulu.",2025-04-30T11:19:27.000Z,
twitter,"Setuju, soal vasektomi ini udah ngelanggar hak asasi manusia soal tubuh mereka dan malah ditambah dijadiin syarat nerima beasiswa ga abis pikir.",2025-04-30T10:49:35.000Z,
twitter,"Hanya orang yang tak beragama yang setuju vasektomi begitu 
@DediMulyadi71",2025-04-30T10:46:27.000Z,
twitter,"mslh ad pemerintah yg nyaranin vasektomi ke masyarakatnya yang ga mampu... jujur gue cuma setuju 40%nya. sisanya, i have my own thoughts dah.",2025-04-30T10:41:02.000Z,
twitter,"Antara setuju dan ga setuju , karna klo bagi orang muslim setahuku vasektomi itu haram cmiiw",2025-04-30T10:39:11.000Z,
twitter,"2) ... saya akan vasektomi, insyaallah itu menjadi keputusan yg baik.
cuman saya tidak setuju klo KB tuh dijadikan syarat buat dapat bansos. sebaiknya dijadikan reward saja, toh di SS tempo itu juga dituliskan KDM juga sudah melakukannya, tinggal lebih digencarkan saja skalanya",2025-04-30T10:34:57.000Z,
twitter,"yups, tanpa embel² bansos juga sebenernya banyak yang setuju gitu, yg kek aku aja setuju buat vasektomi buat laki² misal udah dapet anak atau udh ada 2 lah ya maksimal kalo ekonominya kuat, sama2 gitu saling ngejaga, jadi kan sama2 enak, anak enak, keluarga enak",2025-04-30T10:26:04.000Z,
twitter,Sialnya ada yang setuju biar dapet beasiswa dan bansos itu harus vasektomi.,2025-04-30T10:24:33.000Z,
twitter,"aku jujur setuju bang kalo misalh pemerintah AMANAH dan BISA DIPERCAYA tanpa vasektomi pun program pemerintah penekanan populasi bisa, tapi nyatanya kebalikannya jadi rasanya kaya apapun programnya bakal gagal gasih, i dont know",2025-04-30T10:24:21.000Z,
twitter,"yaudah sih tinggal gak usah diambil bansosnya. perkara vasektomi pake ribet banyak alesan, tapi kalau cewek yang disuruh KB langsung setuju tanpa babibu.",2025-04-30T10:17:22.000Z,
twitter,ge sebagai laki setuju jika rakyat miskin dibatasi tingkat kelahiran dengan melakukan vasektomi setelah mereka punya anak maksimal 2 orang. biar mereka fokus mencari nafkah dan menaikan derajat ke arah kelas menengah kalo udah naik. silahkan dibuka kembali vasektominya.,2025-04-30T10:01:36.000Z,
twitter,"setuju pak, kalau anak udah 3, sebaiknya KB Vasektomi",2025-04-30T10:00:23.000Z,
twitter,Himbauan untuk vasektomi setuju tp kalau pemaksaan sampe ngancem ga dapet bansos sih ga setuju. Bansos kan emang kewajiban negara buat ngasih ke rakyat.,2025-04-30T10:00:14.000Z,
twitter,"Jujur, kalau respon pertama kamu mendengar enforced policy vasektomi buat dapat bantuan sosial adalah setuju, menurutku kamu perlu look in into your classism sih",2025-04-30T09:59:48.000Z,
twitter,exactly. pemerintah ga memanusiakan rakyat gitu loh terutama ke orang miskin. semua orang berhak punya keturunan (gue ga setuju sama statement kalo orang miskin gaboleh punya anak). ok bagus aware sama vasektomi tapi itu harusnya jadi opsi buat kontrasepsi laki laki (ga dipaksa),2025-04-30T09:58:49.000Z,
twitter,"iyaa yang ga setuju aneh sih itu jg kan buat syarat bansos ya, jadi kalau nggak mau vasektomi ya gausah harapin dapet bansos dan jadinya bisa mengurangi banyak masalah sekaligus",2025-04-30T09:58:33.000Z,
twitter,"gini ya kak, yg dibahas ini vasektomi, vasektomi ini kontrasepsi, dari td kan lo gk setuju ya soal vasektomi, jd kita bandingin aja dengan kontrasepsi lainnya, karna kalo lo bandingin dengan brantas korupsi gk apple to apple, jadi diantara 3 itu menurut lo mana yg efektif?",2025-04-30T09:58:27.000Z,
twitter,"Kebijakan vasektomi ini aku setuju. Tapi di luar itu, enggak banget maw. Udah kaya ngeliat mulyono chapter 2 soalnya.",2025-04-30T09:57:39.000Z,
twitter,"dan vasektomi jg ad ketentuanny jd g asal kb, tp ada kontrany jg, contohny bnyk cwo dan cwe yg g setuju krn ngerasa g nyaman dgn vasektomi, ad jg yg takut bkl meningkatkan angka perselingkuhan krn cwo kl kyk gt g ad jejak, ap lg utk para cwo yg g bertanggung jwb",2025-04-30T09:57:06.000Z,
twitter,Nah ini dia. Tadi ada yang bilang standar ganda karena ga setuju sama vasektomi bansos tapi menganggap beranak dalam kemiskinan itu jahat. Syarat menerima bantuan itu yaaa 1: membutuhkan. Apalagi relasinya pemerintah ke rakyat.,2025-04-30T09:53:39.000Z,
twitter,"Gw kurang setuju sih, karena vasektomi permanen. Memang gak ada hak untuk tidak dilahirkan cuma vasektomi cukup ekstrem.",2025-04-30T09:46:22.000Z,
twitter,"gw setuju adanya edukasi ttg vasektomi, tp klo peraturan keknya enggk sih. pilihan antara vasektomi atau kb itu biarlah org berumah tangga yg memutuskan sendiri (stlh tau pro kontranya)",2025-04-30T09:43:43.000Z,
twitter,"Gini ya buibu, alasan besar kenapa gak setuju sama kebijakan ini tuh bukan adu nasib antar gender, tp ada hak yg dicabut untuk persyaratan mendapatkan hak lain.. gue belom liat sih yg nolak kebijakan ini dikarenakan vasektomi untuk laki2nya. Jd gak ada hubungan sama gender ya",2025-04-30T09:42:31.000Z,
twitter,"nahh itu, kalo dua-duanya dapet malah bagus. warga juga pasti setuju. gaada itu orang takut KB/vasektomi",2025-04-30T09:41:40.000Z,
twitter,"Masalahnya ngelanggar hak bang. Gw setuju vasektomi; gw setuju masyarakat miskin gak nambah anak tapi gak gini juga, jgn jadiin vasektomi syarat dapet bansos. Mereka miskin salah pemerintah gak becus dan bansos itu mmg hak mereka. Idealnya ,imo, yg vasektomi dpt bantuan lbh aja",2025-04-30T09:38:54.000Z,
twitter,"Gua setuju poin dia dukung vasektomi tapi gak dgn menjadikan itu sbg syarat penerima bantuan apalagi beasiswa, masuknya kejauhan",2025-04-30T09:37:09.000Z,
twitter,"sebenernyaaa gua gk masalah ya kalo ada laki laki gk setuju dengan vasektomi, tp tolong lah gk usah ngamuk”, santay aja kali ngasih opininya, ngapa sh? merasa kejantanan ilang ya kalo di vasektomi",2025-04-30T09:26:41.000Z,
twitter,"Gue bingung, vasektomi dilarang abis-abisan sama org2 yang ga setuju, cewe - cewe udah berpuluh2 tahun ngejalanin KB ga ada huru hara. Mereka harus lahiran, hamil, begadang kasih ASI, ditambah harus KB, Mens, apa kalian ngerasa kalo perempuan sekuat itu ya?",2025-04-30T09:26:39.000Z,
twitter,"walau ya sure gw kalo ngeliat orang yang ga mampu secara finansial punya anak banyak banget, gw ga setuju banget sama borderline fascist eugenics kyk vasektomi paksa.",2025-04-30T09:24:57.000Z,
twitter,"Setuju sh. Pemikiran “banyak anak, banyak rejeki” atau “ntar jg ada rejekinya” is fuckin morron. Kcuali dia blm punya keturunan, diminta vasektomi. Itu gw ga setuju",2025-04-30T09:23:49.000Z,
twitter,"Vaksetomi/KB laki-laki itu silakan dan hak setiap orang, yang bikin tidak setuju adalah “mewajibkan” vasektomi laki-laki hanya untuk kelas ekonomi tertentu saja, apalagi jadi syarat untuk bantuan/beasiswa. Hal ini melanggar hak individu dan ketidakadilan sosial.

Paham nggak?",2025-04-30T09:21:17.000Z,
twitter,Setuju dgn vasektomi nya tapi nggak dgn bansos atau beasiswa itu. Harus nya vasektomi diperuntukkan bagi keluarga miskin,2025-04-30T09:20:24.000Z,
twitter,"Ini bukan soal setuju atau gak setuju vasektomi sebagai metode KB. Tapi soal negara yang berniat mengeluarkan kebijakan fasis dan diskriminatif dengan merenggut hak orang miskin. 

Buat kalian yang mengaku liberal, feminis atau bahkan progresif tapi gagal melihat akar masalah",2025-04-30T09:15:42.000Z,
twitter,"Setuju, kalau syarat saklek mau nansos hrus vasektomi itu pemaksaan, pemerintah bisa mulai dari sosialisasi masif kepada laki-laki  dan pemberian insentif kepada yang mau melakukan (setau aku sudah dilakukan kalo insentif)",2025-04-30T09:10:01.000Z,
twitter,"Tentu saja semua org dengan nalar yg baik setuju kalau semua pasangan mau mempertimbangkan KB dgn semua cara, termasuk vasektomi. Tapi kalau KB dijadikan prasyarat bantuan pemerintah dlm bentuk apapun (beasiswa, bansos, raskin, dll) itu tidak etis & berlawanan dgn konstitusi.",2025-04-30T09:09:35.000Z,
twitter,"Lah? kok paksaan society sih. kan kamu dan suamimu yang mau hubungan badan kenapa malah masyarakat yg salah. gak ada paksaan melakukan KB, mereka KB karena ingin program jadi atas dasar pilihan sendiri. 

gw gak bilang gak setuju ama vasektomi ya. kesannya malah anda yg tantrum.",2025-04-30T09:08:11.000Z,
twitter,"Saya setuju, pemaksaan vasektomi atau KB pada perempuan tidaklah benar karena melanggar otonomi tubuh. Pemerintah tidak secara langsung memaksa, tapi tekanan sosial sering jadi pemicu. Kebijakan ini juga tidak menyelesaikan akar kemiskinan, seperti kurangnya pendidikan dan",2025-04-30T09:07:08.000Z,
twitter,"Kalian lelaki Patriarki banget yah makin terang-terangan setelah ada dan mengetahui vasektomi. Eh baca lagi itu yah pak gubernur buat progam gitu supaya ga banyak orang beranak, hutan mana lagi mau di gusur buat rumah. Gw setuju progam ini kalau bisa seluruh Indonesia.",2025-04-30T08:59:13.000Z,
twitter,"diliat dari sifat sundawi, sepertinya mereka setuju-setuju saja untuk vasektomi selama uang bansos tetap mengalir untuk disetor ke kamboja",2025-04-30T08:45:16.000Z,
twitter,"apadah? lo paham ga sih permasalahan orang-orang kemana?

gue setuju vasektomi, gue aja berniat vasektomi tinggal nunggu izin istri. yg masalah itu jadiin vasektomi buat syarat bansos/beasiswa. itu yg hak dasar ya. baca uud lagi coba.
anak unpad kok pada ga napak gini dah?",2025-04-30T08:40:06.000Z,
twitter,Orang tu banyak protes bukan masalah KB nya tapi masalah caranya. Itu yang protes kebanyakan setuju untuk vasektomi lebih digaungkan tapi bukan cara seperti ini. Dikit-dikit bahas gender....,2025-04-30T08:39:24.000Z,
twitter,"Vasektomi sbg pilihan alat kontrasepsi yg lebih dianjurkan dibanding kontrasepsi lain, setuju.

Pemaksaan untuk vasektomi, gak setuju.

Bukan vasektominya yg bermasalah, tapi pemaksaannya.",2025-04-30T08:38:13.000Z,
twitter,"Setuju kebijakan vasektomi, tp ga setuju sama yg anak nakal di kirim ke barak ye
Agak aneh kalo ini mah",2025-04-30T08:37:33.000Z,
twitter,"Iya itu yg di maksud saya mah...
Kl soal vasektomi buat org  yg kurang mampu.
Dan yg terima bansos, harus di kb vasektomi..cara itu gak adil.
Sangat gak setuju..",2025-04-30T08:36:09.000Z,
twitter,"kamu setuju vasektomi ga? 
@smoochmefirst",2025-04-30T08:34:42.000Z,
twitter,"ya haruslah cowok juga ngalah anjing. Pake bawa otoritas tubuh, trus kalo kb-nya sejenis steril wajar gituh?. Sebagai cewek yg tiap bulan nangisin derita wanita,
Gue sangat setuju sama kebijakan vasektomi ini, terlepas gue juga ga suka si sama tuh pejabat.",2025-04-30T08:32:33.000Z,
twitter,"Makanya aku setuju ide insentif vasektomi buat keluarga miskin itu perlu. Bukan paksaan, cuma opsi. Skemanya sederhana, semua penerima bansos tetap wajib datang konseling KB, tapi kalau si bapak milih vasektomi, keluarga dapat bonus tunai ekstra",2025-04-30T08:31:53.000Z,
twitter,"bukan sih, cuman agak gregetan aja sama kebijakan yg terlalu tendensius sama orang kurang mampu.

sebetulnya gue setuju aja sama vasektomi, asal ga ngaitin ke bansos/beasiswa. karena yg salah ortunya tapi sekeluarga jadi terancam. bayangin kalo dapet ortu bebal.",2025-04-30T08:24:29.000Z,
twitter,"Sederhana saja lah, ""fakir miskin dan anak terlantar dipelahara oleh negara"", apakah ada syarat di UU itu? Tidak ada. Jadi ya itu alasannya. 

Saya ga bilang ga setuju dg program KB (vasektomi), tapi pisahkan itu dari kewajiban pemerintah dalam mengemban amanat UU.  Cheers",2025-04-30T08:23:37.000Z,
twitter,"Gue setuju kok kalo emang gabisa menafkahi, jangan punya anak. Tapi bikin vasektomi wajib itu udah masuk ranah koersi. Rampas hak dan makin timpangin relasi kuasa.",2025-04-30T08:22:53.000Z,
twitter,"Iya ya sekolah negeri gratis sampai jenjang apa sih? 
Sbnrnya aku g setuju dijadikan sebagai pembatasan akses pendidikan, bayangin ada anak yg pinter tp g bs sekolah lanjut gara2 bapakny g mau vasektomi trs dia hrs jd tulang punggung menghidupi keluarganya yg trs beranak pinak ",2025-04-30T08:12:30.000Z,
twitter,"Lu tau vasektomi ini permanen, lu kira katak kb wanita. Makanya banyak yang ga setuju",2025-04-30T08:10:05.000Z,
twitter,Gw setuju mrk vasektomi,2025-04-30T08:06:32.000Z,
twitter,"ya tau, makanya kan gue bilang lebih setuju pake sistem reward. bukan punishment yg berujung pemaksaan. yg jadi masalah sekarang pun berapa banyak masyarakat bawah yg ngerti vasektomi?

apalagi bansos/beasiswa itu hak dasar rakyat kurang mampu.",2025-04-30T07:43:43.000Z,
twitter,"setuju bgt gue untuk program kb vasektomi, best.",2025-04-30T07:42:49.000Z,
twitter,"Kak aku setuju sama program vasektomi ini, tapi yg kaya rakus adaloh sampe ambil jatah hibah dan makan waris saudaranya begitu ortunya wafat.",2025-04-30T07:42:27.000Z,
twitter,"opini gua tentang KB bukan karena gua gk setuju sama vasektomi tapi sama how the government solve the fucking problem ajgg, kalo kebijakan mgaco tersebut disahkan bakalan ada seribu kebijakan tolol lagi yg bakalan muncul ya bgst",2025-04-30T07:36:51.000Z,
twitter,"Padahal vasektomi doang loh, cuma KB. Tapi dibikin seolah-olah kayak mau dikebiri aja. Katanya kemaren warga x setuju orang miskin jangan punya banyak anak, tapi pas denger vasektomi kok langsung pada panas?
Padahal itu vasektomi hanya untuk orang miskin yg sudah punya anak loh.",2025-04-30T07:36:43.000Z,
twitter,"Setuju ga setuju dgn kebijakan 
@DediMulyadi71
 
1. Klo pemaksaan vasektomi ini u/jangka pendek. SETUJU. Efeknya mmg bakal terasa dgn berkurangnya ""warga miskin"" tnp beban tambahan anak
2. GA SETUJU kalo jangka panjang akan jd bom waktu jk ga diiringi program yg lebih jelas",2025-04-30T07:25:56.000Z,
twitter,eh klarifikasi guys ak setuju bagian yg jangan bikin anak kl gasanggup sm how vasektomi tuh bagus TP kalo dipaksa ya ngga bener jg dong....rather than maksa vasektomi-nya knp gak maksa edukasi vasektomi-nya aja atau apa kek.....ak tau org indo pd bebal tp ga gini jg bapak..,2025-04-30T07:23:17.000Z,
twitter,"aku setuju vasektomi jadi solusi biar ga nambah anak, tapi bukan dengan cara pemaksaan, edukasi yg sampai ke seluruh lapisan masyarakat harusnya jadi opsi yg lebih baik.",2025-04-30T07:12:15.000Z,
twitter,Gw malah setuju progam vasektomi ini seluruh Indonesia.,2025-04-30T07:11:39.000Z,
twitter,"Gak paham, mereka menyasarnya ke overpopulasi, yg mana itu ranah BKKBN. Dan merasa dgn vasektomi rantai kemiskinan langsung putus. Padahal gak sesimple itu, yg dibahas disini kan otoriti atas diri kita sendiri, mau diatur pemerintah, anehnya banyak yg setuju tanpa mikir kedepanny",2025-04-30T07:07:14.000Z,
twitter,"Setuju beliau tidak melarang punya anak, kalau udh punya 2 anak udh cukup dulu kalo mau terima bantuan ya KB vasektomi prianya biar cukup gitu loh maksudnya bukan melarang punya anak yah... Klo mau punya anak lebih dari 2 ya gausah terima bantuan berarti mampu nafkahin.",2025-04-30T06:59:12.000Z,
twitter,"sbg warga Jabar, gue setuju kok sama syarat penerima bansos ini.. jangan mentingin ego sendiri buat nambah anak kalo gak bisa menjamin kebutuhan anak tsb terpenuhi dengan layak, minimal sampe sekolah 12 tahun.. lagian tetep bisa wewew juga kan meski udah vasektomi",2025-04-30T06:56:32.000Z,
twitter,"Ada liat video belio pembahasan pertama soal vasektomi ini, karna ketemu 1 keluarga anaknya 8 dan suaminya setengah stroke kalo gk salah, KDM setuju bantu asal suaminya di vasektomi karna keadaannya anaknya sudah 8.",2025-04-30T06:52:23.000Z,
twitter,"Rata2 yg setuju sama pernyataan KDM soal orang kismin kalau mau dapat bansos harus vasektomi itu adalah 'KELAS MENENGAH NGEHE'. Dalam pandangan mereka orang kismin udah kayak anjing, yg wajib dikebiri. Padahal negara elunya aja yg bego.",2025-04-30T06:34:10.000Z,
twitter,"Orang klo ga ngerasain susahnya hidup krna punya banyak anak y gini, oke klo lu kaya dan banyak anak masih bisa bertahan, tp ga semua orang hidupnya kek lu. Gue yakin banyak istri2 yg udh lahirin anak lebih dr 3 setuju sama vasektomi",2025-04-30T06:30:41.000Z,
twitter,Dan gue setuju sama program ini karna jadi salah satu pencegah kemiskinan struktural. Bukan berarti vasektomi itu ga bisa ngentiaw lagi lu tetep bisa sex brutal n klimaks tapi saluran spermanya diiket biar kaga berlomba masuk ke sel telur,2025-04-30T06:27:08.000Z,
twitter,"Dedi Mulyadi usul KB Vasektomi jadi syarat untuk penerima bansos.
Setuju atau engga dengan usul tersebut? Kenapa?

Diskusi yukk",2025-04-30T06:20:58.000Z,
twitter,Setuju sih vasektomi buat orang miskin yang punya prinsip 'banyak anak banyak rezeki'. Tapi untuk 'orang miskin' yang mau ambil pendidikan tinggi buat ubah nasibnya rasanya malah nggak cocok. Secara udah pasti mereka punya kesadaran kalo punya anak gak sebatas ngelahirin doang,2025-04-30T06:18:41.000Z,
twitter,"Vasektomi bisa disambung lagi, lu klo komen cari tau dulu, mangkannya gua setuju, klo kebiri iya",2025-04-30T06:15:04.000Z,
twitter,"nah ini maksud ku, iya kan?? serandom itu algoritma x tuh. kalopun gw ga setuju sama kebijakan itu, tetep aja kalo nanti ada kasus yang munculin banyak pro vasektomi lewat lagi di tl gw. capek bgt ",2025-04-30T06:14:20.000Z,
twitter,"Iya... Orang X mah selain baca berita cuma dari judulnya doang, juga punya standar ganda.
Padahal kemaren2 sjw feminis bahas vasektomi dan yang gak setuju, pada diserang...
Sekarang giliran mau diadopsi pemerintah daerah malah ditentang karena ""tidak pro rakyat miskin""",2025-04-30T06:12:51.000Z,
twitter,"I hate him, tapi gw setuju.
Udah saatnya bapak-bapak juga pake KB (vasektomi)",2025-04-30T06:07:59.000Z,
twitter,"Sorry tapi bansos diberikan dengan syarat miskin dan vasektomi, lucu juga galau dipikir. Kayak ada yg missed antara bantuan miskin dan vasektomi. Tbh gue setuju orang miskin mending tunda punya anak sampe stabil, cuma kalau mau dapat bantuan miskin harus vasektomi agak gimana gt",2025-04-30T05:40:51.000Z,
twitter,ANEH BANGET KAAN? ini contextnya tuh ada satu orang yang ngga setuju karena vasektomi jadi syarat buat terima bansos dan sangkut pautin sama agama terus di repnya ada yg blg kalo ini tuh musyrik sumpah anjir dodol banget apa apa di bilang musyriklah ini lah sama fanatik agama,2025-04-30T05:40:38.000Z,
twitter,aga gimana gt sama komenan cowo2 yg ga setuju kb vasektomi  keliatan bgtt egoisnya hahaha,2025-04-30T05:38:36.000Z,
twitter,"Lo tau akar masalahnya itu orang2 kaya problematik, pemerintah yg cuma manfaatin orang miskin utk diambil suaranya, tapi lo malah ""yaudah gw setuju vasektomi wajib bagi rakyat miskin kalo mau dpt bansos & beasiswa biar suaranya mentok segitu aja"" drpd berantas sumber masalah?",2025-04-30T05:38:02.000Z,
twitter,"Setuju bgt sm ini,
.tapi agak kontra sm point harus vasektomi buat dapat bantuan,
 
 Tp bisa aja itu jd solusi buat bbrp masalah yg ada, 
 So, let's see",2025-04-30T05:37:01.000Z,
twitter,"ya gue jg ga setuju kalau KB itu dipaksakan ke orang lain baik cewek atau cowok, tp kalau lu koar2 perkara vasektomi haram, bukan kebijakannya itu, ya aneh aja menurut gua",2025-04-30T05:33:49.000Z,
twitter,"Setuju banget sama vasektomi, vasektomi adalah salah satu upaya pengengendalian kelahiran.
Selain kb ke wanita, kb juga bisa di lakukan oleh laki”, vasektomi ini di indonesia masih terdengar asing banget. Ya masih banyak yang pro kontra jadi wajar banget",2025-04-30T05:33:43.000Z,
twitter,"Gua sebenarnya setuju sma program KB atau dalam satu keluarga cukup 2 anak, tapi jika kebijakan Vasektomi m3njadi keharusan untuk mendapat bantuan kayanya berlebih bahkan salah deh, secara vesektomi/Kb itu menjadi pilihan individu seseorang tanpa adanya paksaan",2025-04-30T05:33:04.000Z,
twitter,"Nah ini, padahal kan logika sama aja kaya cabe mahal trs pemerintah bilang “gausah makan pedes” instead of buat kebijakan menstabilkan harga cabe. Kalo case kaya gt lu pada marah. Tp vasektomi setuju. Double standart much",2025-04-30T05:30:30.000Z,
twitter,"baru kali ini setuju sama program pemerintah, yaitu syarat nerima bansos sm beasiswa harus vasektomi. skrg apa2 mahal bro, punya anak susah kalo ekonominya menengah ke bawah",2025-04-30T05:27:20.000Z,
twitter,"Fak kalimat ""banyak anak banyak rezeki"" gue ngeliat pengemis/pemulung punya anak 3, yang dua masil bocil yang 1 lagi masih digendong kasian bgt ya Allah. Kalau gak punya duit tolong lah jangan bikin anak terus, gue setuju vasektomi ini.",2025-04-30T05:26:01.000Z,
twitter,"Gilaa ya, orang against CONSENSUAL vasektomi, tapi tiba tiba setuju dan mendukung Vasektomi yang DIPAKSAKAN.",2025-04-30T05:22:51.000Z,
twitter,"Setuju. Aku pro banget vasektomi sbg KB yang lebih dianjurkan

Tapi kalo buat dipaksain, big no. Kita nggak tahu apa yang akan terjadi kalo orang dipaksa kaya gitu, apalagi maksanya pake hak warga, kaya bansos. Bukan ga mungkin yg jadi korban tetep perempuan ",2025-04-30T05:16:33.000Z,
twitter,"Wacana penerima bansos harus sudah KB, di mana preferably laki-lakinya yang pakai vasektomi, menarik.

Sejauh ini, gue gak setuju sih kalau ga boleh punya anak samsek, karena salah satu hak asasi manusia adalah hak membangun keluarga. UUD pun menjamin hak melanjutkan keturunan.",2025-04-30T04:46:49.000Z,
twitter,sorry bgtt tapi guee setuju sama kebijakannyaa yaa maksimal lu punya anak 1/2 abistu wajib vasektomi lah,2025-04-30T04:40:08.000Z,
twitter,soal vasektomi jadi kewajiban buat dapet bansos gue mutlak gak setuju and i’m proud to morally stand on this ground,2025-04-30T04:37:31.000Z,
twitter,"Setuju sama ide KDM. Lu mau bansos? Vasektomi, jangan punya anak, soalnya kalo LU MISKIN YANG JADI KORBAN ITU ANAK LU YG BANYAK!",2025-04-30T04:32:55.000Z,
twitter,"gw adalah korban alias anak dari pasutri miskin, akibatnya apa lu tau? gw gabisa ngejar cita2 kehalang KEMISKINAN. anjeng bacot, lo aja gapernah terlahir miskin makanya bs bacot gitu, gw aja yg miskin setuju ama program vasektomi",2025-04-30T04:32:05.000Z,
twitter,salah! gw setuju vasektomi jadi syarat untuk orang miskin yg mau ngemis ke negara. kalo miskin tp mau usaha sendiri ga wajib.,2025-04-30T04:24:09.000Z,
twitter,"Anda kan setuju vasektomi wajb untuk orang miskin, kenapa ga genosida sekalian aja.",2025-04-30T04:23:15.000Z,
twitter,"buat vasektomi kurang setuju, tapi statement ""miskin itu cuman hobi beranak-pinak"" setuju, tapi masalahnya ini kalau ga di edukasi mendalam bakalan beranak2 lg , atau perlu di ganti jgn vasektomi tapi wajib double kondom iya kb iya .",2025-04-30T04:22:41.000Z,
twitter,"Tenang sblm diplintir. Mendukung kok untuk vasektomi disebar lebih luas. Tapi aku disini ga setuju kalau kita ga boleh nyalahin pemerintah, jelas2 ketidak seimbangan pendidikan itu nyata bro. Miskin struktur itu nyata.",2025-04-30T04:19:57.000Z,
twitter,"Kurang setuju, harusnya dikasih edukasi aja. Jadi kalopun mau vasektomi berdasarkan pilihan sendiri bukan karena terpaksa supaya dapet bansos atau beasiswa.",2025-04-30T04:10:38.000Z,
twitter,Gue malah setuju anjir adain vasektomi ,2025-04-30T04:08:58.000Z,
twitter,"gw setuju vasektomi jadi persyaratan dgn syarat dan ketentuan yg berlaku tentunya, ortu yg maksa punya anak dgn kondisi ekonomi yg jelek lebih jahat buat masa depan anak mereka",2025-04-30T03:49:44.000Z,
twitter,"Karena pemaksaan, makanya gak setuju. Harusnya mah jangan dipaksa. Kalau dipaksa kan artinya wajib. Coba aja programnya kasih reward buat yg mau vasektomi. Misal, yg mau vasektomi, dikasih uang gitu. Kayak yg waktu itu di Korea, anak banyak, reward gratis masuk tempat wisata",2025-04-30T03:46:51.000Z,
twitter,"Kak. Kok bisa kamu bilang ini bukan soal maksa ketika kebijakannya literally memaksa orang untuk vasektomi untuk dapat bansos dan atau beasiswa? 

Edukasi setuju, maksain enggak lah. 
Istrinya kakaku yg penyuluh bkkbn aja geleng kepala liat kebijakan ini.",2025-04-30T03:43:44.000Z,
twitter,"Fokusnya di memaksa. Gw ga setuju kalo vasektomi harus dipaksa. Sama kayak gw ga setuju perempuan dipaksa KB. Ini yang mau dilakuin KDM. Bukannya mengajak, dia malah maksa. Udah ada aturannya juga kalo kontrasepsi itu ga boleh maksa",2025-04-30T03:40:45.000Z,
twitter,"Imho gue setuju org yg belum punya rezeki jangan punya banyak anak dulu, tp kalo langsung di tembak suruh steril ya salah juga, kecuali usia tua ga masalah, kalo usia muda? Suatu saat kalo dia punya rezeki dan pengen punya anak gimana? Memang ada op pengembalian vasektomi,-",2025-04-30T03:38:37.000Z,
twitter,"sumpah itu yang setuju sama vasektomi nya KDM gila anjir....orang miskin itu tuh bukan malah disuruh kerja, tapi malah disuruh gak beranak....padahal ketimbang vasektomi, mending digencarin lagi tuh sex education dan juga  pemenuhan lapangan kerja...lebih murah cost nya....",2025-04-30T03:31:07.000Z,
twitter,Setuju kalo semisal program vasektomi ini tidak dibarengi dengan akses lapangan kerja dan pendidikan yang memadai.,2025-04-30T03:30:06.000Z,
twitter,Gw setuju apalagi abis liat berita pasutri yg punya 8 anak smpe anaknya dikasih makan kertas krn gao punya uang... Yg diwajibin vasektomi tu yang model begini nihh,2025-04-30T03:24:35.000Z,
twitter,"Saya ga setuju hanya dengan vasektomi!!

Seharusnya perbudakan dihidupkan kembali!!

Mereka yg miskin, kere kere bertingkah itu harus dijadikan budak!! Kalau perlu, bunuh massal semua!

Penggunaan vasektomi demi genosida suatu ras itu tindakan pengecut!

HWANA harus mati!

Titik!",2025-04-30T03:23:21.000Z,
twitter,"Aku setuju laki2 vasektomi, tapi kalau cuma untuk yang miskin mah namanya diskriminasi. ",2025-04-30T03:22:02.000Z,
twitter,"Lihat temen² cewe banting tulang demi anak yg diasuh maupun dititip ke sodara & suami yg tdk merencanakan kehidupan lbh baik + efek kontrasepsi yg dirasa cewe, aku setuju aja program vasektomi.

Bnyk lakilaki yg kurang mental kelelakiannya pas nikah. Hidup miskin pula. Jd solusi",2025-04-30T03:19:30.000Z,
twitter,"Kemarin pas ada suami yang sukarela vasektomi malah pada kontra, giliran yang dipaksa gini malah pada setuju.

Dualism warga X emang luar biasa.",2025-04-30T03:17:43.000Z,
twitter,"aku gak suka beliau, tapi yang ini setuju. vasektomi juga ada syarat harus udah punya 2 anak kok, karena kalau gak gini emang orang Indonesia tuh bebal, udah susah tapi gak mau KB karna masih berpatok pada ""banyak anak banyak rejeki"" padahal jelas-jelas hidup susah",2025-04-30T02:43:00.000Z,
twitter,"Indeed. Buktinya banyak warga yg keras bgt ngehujat orang yg dg sukarela vasektomi. Tapi ketika vasektomi diwajibkan bagi si miskin, wow gak ekspek sebanyak ini yg setuju tanpa mau melihat scoop masalah yg lebih luas.",2025-04-30T02:42:40.000Z,
twitter,"ya emng aku setuju ini wkwkw
22 mah aku setuju, kau knp ga setuju yg vasektomi ini?",2025-04-30T02:42:19.000Z,
twitter,"Hah? Ya bahasan ini karena isunya kan itu. Gubernur Jabar mau syaratin wajib vasektomi sebagai syarat nerima bansos.

Masa mau dilepasin dari konteks itu?

Kalo ngomongin KB doang mah ya setuju dong sama program KB, tp isunya kan bukan itu.",2025-04-30T02:42:03.000Z,
twitter,"yeu itu egois namanya pemikirannya yang perlu dirubah, mindset nya perlu diperbaiki perlu edukasi juga,jangan semena mena gt ke2 belah pihak harus setuju,secara hukum vasektomi gbisa ya ambil jalan lain",2025-04-30T02:40:42.000Z,
twitter,"gw ga setuju sama pemaksaan vasektomi, tapi…. emang ada yg miskin tapi hobi beranak pinak  dengan dalih takut kb karna efek samping",2025-04-30T02:39:57.000Z,
twitter,"Setuju buat edukasi orang2 miskin supaya aware soal vasektomi dan move on dari ""banyak anak banyak rezeki"" tapi KDM ini demen bgt mojokin org miskin seolah mereka ngga boleh banyak minta dan fokus aja ngurusin perut, ujung2nya apa? org miskin jd sasaran empuk bansos ",2025-04-30T02:35:34.000Z,
twitter,"iya ngerti saya setuju besar bahwa bayi yg lahir perlu hidup layak. Tapi tentang kebijakan me""wajib""kan vasektomi mau gmn? dipaksa? bolekah tindakan medis yang dilakukan atas dasar paksaan?",2025-04-30T02:35:05.000Z,
twitter,"setuju aja ada program vasektomi, tp jangan jadi syarat bansos dong, parah banget dah",2025-04-30T02:29:07.000Z,
twitter,Setuju vasektomi...tp seharusnya semua kalangan ga hanya yg miskin aja...,2025-04-30T02:28:52.000Z,
twitter,"Program kb gak digencarkan is real.
Baru2 ini rame sebuah akun dihujat krn seorang suami dg sukarela vasektomi. Embel2 yg dibawa g jauh2 dr agama & budaya patriarki.
Tp ketika vasektomi jd kewajiban rakyat miskin, boom jd banyak yg setuju",2025-04-30T02:28:32.000Z,
twitter,"gada yg against vasektomi nya, org² pada ga setuju karna ada paksaan pada kelompok rentan, melanggengkan stigma bahwa mereka adalah beban dan parasit padahal mereka juga manusia dan mereka juga tanggung jawab pemerintah bukan beban
pola pikir diskriminatif pemerintah itu bahaya",2025-04-30T02:15:50.000Z,
twitter,"sebenarnya gue setuju sih soal laki laki harus vasektomi dulu sebelum dikasih tuh bantuan keluarga... 

soalnya kalau gak gitu dia ngewong mulu, mana kebanyakan kasus tuh si istri gaboleh kb dengan alasan pas diewong gak enak, kan jancok",2025-04-30T02:14:42.000Z,
twitter,"Gue setuju banged vasektomi, lu tau ada program reversal vasektomi, dimana kalau lu udah mampu silahkan deh program reversal itu. Tujuannya buat mereka yg males2, cuma tau beranak pinak ga mikir panjang dan maju mau usaha ke arah sana kalau memang ingin bgd punya anak.",2025-04-30T02:08:19.000Z,
twitter,Setuju tapi tambahin edukasi ke laki-lakinya kalau vasektomi tuh bukan menghilangkan fungsi kelakiannya. Soalnya pasti ada kontra di masyarakat yg kurang edukasi dan anggap vasektomi tuh merendahkan pria,2025-04-30T02:07:25.000Z,
twitter,"genuinely asking, kenapa banyak yang ga setuju? bukannya bagus ya kalo anaknya lebih dari 2 dikasih vasektomi gratis dan dapet beasiswa sama bansos?",2025-04-30T02:06:02.000Z,
twitter,Inilah knp gw kmrn setuju (kali ini doang) sm si kdm untuk mewajibkan vasektomi d keluarga MISKIN..cuman memang msh harus d kaji lg syarat2 dan caranya..ga serta merta pukul rata tanpa ada screening dulu...,2025-04-30T02:00:28.000Z,
twitter,"Aku sbg org yg sering nyensus setuju dgn ini, gak usah jauh2 vasektomi, cukup KB pil, suntik or IUD. Bukan berarti org miskin gak boleh punya anak, tp kebanyakan yg gak mampu ini bikin anak mulu. Anak2 gak keurus to bikin terus. Kasian, gede dikit punya beban nafkahin keluarga",2025-04-30T01:21:32.000Z,
twitter,setuju kalo misal penerima bantuan di vasektomi Kao udah punya 2 anak,2025-04-30T01:20:35.000Z,
twitter,Jujur saja saya gak akan pernah setuju solusi untuk memberantas kemiskinan adalah mewajibkan vasektomi,2025-04-30T01:18:02.000Z,
twitter,"engga, kalau nikahnya sama pacarku yg setuju vasektomi",2025-04-30T01:09:33.000Z,
twitter,dia kebanyakan gimmick tapi buat yg vasektomi gua setuju,2025-04-30T01:09:01.000Z,
twitter,"kalo vasektomi dijadikan hukuman orang tua yg mempekerjakan anaknya yg masih dibawah umur baru setuju, lalu anaknya dirawat oleh negara untuk disekolahkan, lah kalo orang tua yg didalam keterbatasannya tetap berjuang masa dipaksa vasektomi juga? tinggal kasih anaknya beasiswa aja",2025-04-30T01:08:21.000Z,
twitter,Keknya yang gk setuju kebijakan pemerintah jabar vasektomi orang miskin dan patriaki yang dzalim ke anaknya dan gak bisa penuhin kebutuhan tapi nyalahin pemerintah tapi dia sendiri gak ada usaha. Makanya egonya kesentil.,2025-04-30T00:57:31.000Z,
twitter,"Sebenernya gue jg setuju sih. Itu kan kaya bentuk ketegasan pemerintah jg. Tp kayanya sebelum itu perlu tambahan edukasi jg dr pemerintah, tentang vasektomi. Soalnya baca disebelah byk yg ngira setelah itu gabisa 'berdiri'. Jd yg ga paham jd marah2 jg",2025-04-30T00:57:25.000Z,
twitter,"Setuju sekali dengan vasektomi. Supaya beban KB  ga di perempuan terus. Tapi masalahnya, di kewajiban vasektomi itu kek fasis",2025-04-30T00:55:36.000Z,
twitter,"Gw setuju sama vasektomi, cuman ketika vasektomi dijadikan syarat untuk bansos atau beasiswa, bukan nya ini pemaksaan ya??",2025-04-30T00:55:14.000Z,
twitter,"kasih soal vasektomi nya setuju, tapi kalo bansos dan beasiswa kurang setuju. karena itu hak yang sudah memang seharusnya",2025-04-30T00:54:47.000Z,
twitter,"Banyak bgt loh yg kayak gini, pdhl pilihan KB udh tersedia dan bahkan bisa ambil gratis ke Puskesmas, tp ttep nggak dilakuin kan?? Makanya aku sih setuju aja ya sama KDM yg ngewajibin vasektomi, biar ga banyak yg begini",2025-04-30T00:41:10.000Z,
twitter,Gue setuju program vasektomi kalo kondisi keluarganya kayak begitu tuh atau yang kayak begini. Cuma ya namanya juga orang Indonesia dengan segala macam tingkahnya. ,2025-04-29T23:56:04.000Z,
twitter,"Kata gw mah orang yang sorry ""miskin"" Digembor gemborkan buat sistem kb atau vasektomi, terus kalo udah ngelakuin baru dikasih reward kek beasiswa, gw setuju sama yang dilakuin gubernur jabar, dengan konteks persetujuan antara kedua pihak tanpa paksaan",2025-04-29T23:52:16.000Z,
twitter,setuju. kemarin aku dihujat setengah mampus krna gak suka vasektomi. skrg malah banyak yg ga suka vasektomi,2025-04-29T23:51:02.000Z,
twitter,"yg kemaren gk setuju soal vasektomi krna melanggar hak asasi manusia,BACA!!",2025-04-29T23:51:02.000Z,
twitter,"Orang Twitter tu aneh, kemarin pada gembar gembor nyuruh vasektomi sekarang pada ga setuju sama ini ",2025-04-29T23:42:32.000Z,
twitter,orang-orang mendadak setuju sama peraturan vasektomi yg diwajibkan untuk orang miskin. padahal kemaren galak bgt ke pasangan yg vasektomi karena keinginan sendiri. emang dasarnya fasis dan klasis ya begini ,2025-04-29T23:42:05.000Z,
twitter,"Aku sih setuju, orang miskin yg mentalnya mgewe terus, wajib vasektomi njing.",2025-04-29T23:26:07.000Z,
twitter,"So cool, yangkung gua vasektomi di tahun '65 pas setelah ayah gua lahir... 

Percakapan di meja makan tadi pagi: ayah setuju vasektomi, mama setuju angkat anak (adopt), kita semua setuju menikah ga harus menghasilkan keturunan.

I love this fam",2025-04-29T23:25:14.000Z,
twitter,Setuju banget gasih? Penerima bansos punya anak max 2 atau sudah menjalani vasektomi ,2025-04-29T23:17:11.000Z,
twitter,"Soal wacana KDM yg bikin kebijakan soal vasektomi sbg syarat bansos tuh gw ga setuju krn terkesan diskriminatif dan sebuah bentuk kebijakan ""jalan pintas"" dari pemerintah yg mengesampingkan isu kemiskinan struktural.

Tp yg begini sih cowonya divasektomi paksa keknya oke",2025-04-29T21:46:39.000Z,
twitter,"Setuju, karna sejauh berita yang saya baca, yang di vasektomi keluarga miskin yang sudah memiliki anak banyak. Progam itu dilakukan agar anak yang telah terlahir mendapatkan kelayakan hidup, kelayakan pendidikan, kelayakan kasih sayang, dll.",2025-04-29T21:26:23.000Z,
twitter,Setuju... dgn syarat KDM orang yang pertama kali di kebiri... karna vasektomi sama aja di kebiri.. di potong saluran testisnya...,2025-04-29T21:21:31.000Z,
twitter,"Pdhl kan bisa berpikir scr spektrum. Alias abu2. Misal: “Gw dukung akses sukarela ke vasektomi, tapi gw g setuju dgn pemaksaan, apalagi ke kelompok rentan.” Misalnya aja lho…. Atau bisa aja dgn protes “SJW2 X” ini, prosedur vasektomi untuk org gak mampu bisa jd better",2025-04-29T21:18:21.000Z,
twitter,"Biner thinker melihat situasinya kek ini:

“Kalau kamu mendukung vasektomi, berarti kamu harus setuju saat itu diwajibkan—” 

Alias strawman fallacies? Kalau “A” harusnya kamu melawan “B”. Kalau “B” harusnya gak setuju dong sama “A”. Semoga sampai disini paham mksdnya",2025-04-29T21:18:20.000Z,
twitter,Setuju.. tapi KDM dulu orang pertama yg di kebiri... vasektomi sama aja di kebiri.. wkwkwk,2025-04-29T21:16:00.000Z,
twitter,"Setuju, minimal cowo sejabar vasektomi dulu dehh",2025-04-29T21:11:01.000Z,
twitter,Jam segini baca debat dari manusia manusia yang mikir kalo vasektomi itu mengurangi hak hidup manusia vs yang setuju kalo miskin jangan banyak anak.,2025-04-29T20:46:20.000Z,
twitter,"setuju se iki, sumpah vasektomi gak ngaruh opo2 cok tetep iso ngaceng ngentot ngecrot sans ae malah iso berkali kali",2025-04-29T20:24:14.000Z,
twitter,"Dari awal argumen gua gada yang setuju dengan point itu, justru nerapin buat diri sendiri, masalahnya disini pemerintah mau memberantas kemiskinan dengan vasektomi, padahal akar masalahnya ada di pendidikan, china dari 1979-2015 wajib punya 1 anak tapi gapakek vasektomi.",2025-04-29T19:02:30.000Z,
twitter,"Saya setuju vasektomi, bahkan saya pikir KB perempuan itu ga perlu ada selama ada vasektomi. Problemnya di sini adalah ketika vasektomi ini dijadikan syarat wajib untuk mendapat bansos atau beasiswa. Bansos dan beasiswa merupakan hak masyarakat. Vasektomi bukan kewajiban.",2025-04-29T18:43:18.000Z,
twitter,"setuju bgt ajg, kalau perlu kasih insentif buat suami yg mau vasektomi.

pria miskin dikasih kontol mah udah kaya kucing,  maunya beranak banyak.",2025-04-29T18:24:32.000Z,
twitter,"Kalo secara logika ya hamil hanya utk wanita
Jika anda merasa hamil itu memberatkan maka hindari Kehamilan, dgn sama2 KB kedua pihak dari awal

Jika anda sudah hamil ya anda Setuju & aware kalo cuma anda yg akan berkorban dlm hal itu, Jangan malah dijadikan dendam buat vasektomi",2025-04-29T18:21:17.000Z,
twitter,Lagian vasektomi kan syaratnya udah punya anak 2 dan dilakukan di umur tertentu (agak lupa angkanya). Aku setuju kalo orang miskin yg melakukan kejahatan adalah orang miskin yg terus beranak pinak. Kasihan anaknya!,2025-04-29T18:11:35.000Z,
twitter,"Lu coba liat akun yg ga setuju tuh pasti akun laki yg egois, dan yg bawa agama alias yg mabok agama. Yg bagi mereka vasektomi haram, tapi menelantarkan anak ga haram.",2025-04-29T17:55:09.000Z,
twitter,setuju vasektomi untuk koruptor dan seluruh keluarganya biar gak menebarkan benih calon koruptor baru,2025-04-29T17:47:27.000Z,
twitter,"kalian harus tau realitanya org miskin itu memang demen bikin anak. aku sih setuju dg ini, meski harus dikaji lg krn ga mungkin jg semua langsung diwajibkan vasektomi (mungkin bisa liat jumlah anaknya dl). kenapa pada emosi sama kb pria? your pride hurted?",2025-04-29T17:27:50.000Z,
twitter,"iya udah intinya di sini gue udah divalidasi ya kalo birth rate itu penting? jadi gak bisa disebut 'bukan masalah' lagi dong ya. soal vasektomi mnrt gue itu pilihan asal dua duanya sama sama mau mah ya sok. toh udah dikasih tau di awal plus minusnya apa, setuju atau ga",2025-04-29T17:20:28.000Z,
twitter,"YA TAPI ga sebanding dong sama organ yang “dirusak”(?) apalagi kan vasektomi itu permanen loh, ini lagi di wajibin, padahal ada syarat2 yang harus dipenuhi kalau mau dilakukannya vasektomi. ini lebih ke ga setuju KARNA jatohnya vasektomi dijadiin bahan trade sama bansos… yang",2025-04-29T17:09:05.000Z,
twitter,"Ge bantu jelasin maksdnya twit diatas. Maksd sender itu bukan ga setuju sama vadektomi. Tp knpa harus vasektomi dulu baru dikasih bantuan. Gtu warga twitter yg smart.
Tapi monyet fasis itu emang beneran ada ya?",2025-04-29T17:00:31.000Z,
twitter,Kalo emng gw double standar ga mungkin gw setuju terkait vasektomi untuk orang miskin  yang kdm canangkan jing. Yang gw tanyakan pola jokowi dan kdm itu sama bngt dan sangat amat wajar untuk gw skeptis sama apa yang terjadi kedepannya,2025-04-29T16:54:10.000Z,
twitter,"Gue setuju sih, kayak sebenarnya sdm indo ni bisa di perbaiki tapi org² sini gak paham sama ekonominya njirrt. Bikin anak terus sampai 5/lebih, padahal miskin, gak kasian apa sama hidup anaknya nanti. Vasektomi juga efek samping nya gak separah kb untuk perempuan lainnya padahal",2025-04-29T16:37:10.000Z,
twitter,"Setuju, tapi untuk vasektomi mungkin nunggu mencapai umur tertentu atau jika udah punya 2 anak. Karena ya mungkin ada yang belum ada keturunan, tapi divasektomi",2025-04-29T16:34:51.000Z,
twitter,Setuju juga kalo sama-sama vasektomi dan tubektomi ,2025-04-29T16:31:44.000Z,
twitter,ak gk paham.. kadang ada yg setuju bgt sm vasektomi.. kadang ada yg bilang vasektomi haram.. kayak.. hmm,2025-04-29T16:14:50.000Z,
twitter,"Agak setuju sebenarnya. Kasih satu anak aja cukup, habis itu vasektomi. Orang miskin itu hobinya ngentot karna ga ada hiburan lain. Beli kondom juga ga mampu. Lahir lagi anak, lahir lagi, lahir lagi. Udah 4 anaknya, mampu sekolahin? Ngga. Mampu ngasih hidup layak? Ngga.",2025-04-29T16:01:48.000Z,
twitter,"Tuh banyak di komenan yang pada gak setuju, ""Ngapain vasektomi?""

Ya, menurut ngana? Perempuan udah brojol masih disuruh ngerusak hormon juga pake pil kb? Ya, mending yang bikin bunting di KB sekalian.",2025-04-29T15:22:18.000Z,
twitter,"liat pemulung, anak 3-4 semua kecil2. gw kira cm 1 keluarga, eh tau2 nya ada lagi kelompok/keluarga pemulung lain yg byk anak. setuju sih vasektomi. yg blg HAM, emang u mau bantuin?",2025-04-29T15:19:39.000Z,
twitter,Ehh setuju gw biar yg malas2 dan ga mau kerja pada giat kerja dan semangat biar mereka takut kalo miskin di Vasektomi ,2025-04-29T15:17:43.000Z,
twitter,"Saya setuju banget kok soal vasektomi sebagai alternatif KB. Tapi ya, itu harus berdasarkan pilihan individu atas kesadarannya. Bukan atas dasar paksaan negara apalagi dengan acaman bansos segala macam. 

Pola pikir pejabat yang timpang, bias dan diskriminatif ini yang saya coba",2025-04-29T15:12:17.000Z,
twitter,"respon perempuan banyak yang setuju, respon laki-laki pasti bakal bilang vasektomi haram.",2025-04-29T14:58:50.000Z,
twitter,Gue setuju vasektomi aja. Punya anak tapi nggak bisa membiayai sama saya kejahatan pada anak.,2025-04-29T14:58:29.000Z,
twitter,"setuju bahwa pengendalian jumlah anak penting buat masa depan keluarga.
tapi bikin vasektomi wajib buat bansos? that’s not empowerment, that’s coercion.
mereka itu butuh edukasi, akses KB yang aman, dan masa depan lebih baik. bukan ultimatum yang mempermalukan.",2025-04-29T14:51:15.000Z,
twitter,"Vasektomi yang sudah punya 2 anak. Setuju.. jujur disekitarku orang² kelas ekonomi rendah anaknya bisa di atas 4 loh. Sementara, ekonomi menengah -atas rata² paling banyak 3. Pernah baca juga, sex merupakan hiburan orang² ekonomi rendah C-",2025-04-29T14:47:49.000Z,
twitter,"Pokoknya gua ga setuju vasektomi karena orang yang pro vasektomi tuh mostly hipokrit. 

Simpelnya, mereka di satu sisi pro vasektomi padahal dilarang agama, di sisi lain menolak LGBT karena dilarang agama. 

Sebelum pro vasektomi, pro LGBT dulu, ok?",2025-04-29T14:14:01.000Z,
twitter,"Program vasektomi ini sbnrnya program ""cabul"" krna disalahgunakan dmna pria bisa bebas hs dgn wanita tanpa takut hamil. Gw emg g setuju dgn program ini.",2025-04-29T14:11:55.000Z,
twitter,"Kenapa yg gamau vasektomi itu laki-laki? Toh gak disuntik mati jg dan knpa triak2 ke HAM? Inget ya kalian cowok itu nafsunya gede, kalo gak diminimalisir jelas bahaya.

Dan tau kan bahwa “orang miskin hiburannya bikin anak” itu fakta lapangan. Makanya setuju itu jd syarat bansos",2025-04-29T14:11:21.000Z,
twitter,"setuju ayahku pegawai kb bener2 org desa kalau punya anak tuh banyak. jd kader keluarga berencana itu banyak susahnya. tp kalo kb vasektomi atau steril baik istri/suami itu dijelasin nya bukan soal ""aman"" nya tp mereka tergiur soal duitnya",2025-04-29T14:10:53.000Z,
twitter,"Setuju, jangan jadikan anak sebagai korban kemiskinan ortu yg miskin. Klo mau punya anak maybe 1 atau 2 cukup. Vasektomi ttp bisa bikin laki ereksi, orgasme, dan ejakulasi kokk. Bukan berarti vasektomi trus ga bisa nganu atau ga ada hasrat nganu lgi, jgn takut",2025-04-29T14:10:05.000Z,
twitter,"eh buat laki-laki yg gk setuju vasektomi tp hobi celap celup gk mikirin perempuan dan anak, mending lu potong kntl lu FVCK YOURSELF! lu masukkin dah ke silit lu sendiri. seorang anak berhak terlahir dari orang tua yg mampu dan hidup sejahtera sebagai anak yg hak-haknya terpenuhi.",2025-04-29T14:07:32.000Z,
twitter,"Kalo untuk poin ini aku setuju sama programnya, kalo program “KB 2 anak lebih baik gagal” dan memberatkan ibu ya jalan lain hrs vasektomi ke laki2 itu harus wajib demi membatasi jumlah anak dlm keluarga. Inget ya cowok itu nafsunya gede, vasektomi itu cocok drpd dikebiri",2025-04-29T14:04:50.000Z,
twitter,Yang vasektomi aku agak setuju...,2025-04-29T14:02:53.000Z,
twitter,"Gua setuju asalkan minimal dan maksimal 2 anak i think thats fair enough, kalau cuman punya anak 1 atau blm punya anak trs disuruh vasektomi dan gadapet bansos ga setuju gua",2025-04-29T14:00:25.000Z,
twitter,Ini pada ngetik jahat banget ketikannya ke orang miskin. Seolah-olah orang miskin itu cuman hobi beranak-pinak sampe pada setuju kalo itu penyebab mereka miskin dan mereka layak paksa buat vasektomi.,2025-04-29T13:59:50.000Z,
twitter,"Gwe pro vasektomi, tapi kalo diucapin oleh pemerintah/tokoh politik biar bisa mangkir dari mikirin kebijakan2 strategis yg lebih memihak rakyat miskin gwe jadi gak setuju",2025-04-29T13:50:39.000Z,
twitter,"Saya sebagai laki2 setuju dengan usulan Ini apabila sudah punya anak lebih dari 2, lebih enak Vasektomi dari pada Kondom masuk ke meki perempuan bisa lebih nikmat karna kulit ketemu kulit apalagi bisa crott di dalam sangat nikmat sampe bergetar.",2025-04-29T13:23:19.000Z,
twitter,"Baru nih gw setuju, semoga gak OMON omon doang ya, pliss cowok juga perlu di vasektomi",2025-04-29T13:18:27.000Z,
twitter,"Ini bukan soal si miskin yg beranak banyak, gua juga setuju njir klo orang miskin itu jangan beranak banyak2 max 2 lah. Tapi ini soal HAM org untuk bereproduksi lu cabut paksa, vasektomi itu sama dengan angkat rahim klo dicewek lu nggak bisa punya anak selamanya",2025-04-29T13:17:51.000Z,
twitter,"Sy termasuk yg gk setuju sih, penerima bansos & beasiswa dimana bpknya harus vasektomi dulu",2025-04-29T13:14:05.000Z,
twitter,"Iya sih tapi kayaknya banyak yang nggak setuju ya
Tapi juga vasektomi mah kayaknya ada syarat tertentu",2025-04-29T13:10:34.000Z,
twitter,"Gua pribadi sih setuju aja sama program vasektomi ini, tapi jangan diwajibkan karena WNI tetep butuh HAK-nya tapi butuh KESADARAN aja sih  KESADARAN kalau PENDUDUK di INDONESIA udah banyak banget. Sesuai slogan 2 anak lebih baik lah, atau 1 aja, jangan 3 apalagi 4.",2025-04-29T13:09:55.000Z,
twitter,cuitan salah satu penerima bansos yg ga setuju buat vasektomi wkwkwkwk,2025-04-29T13:07:56.000Z,
twitter,"Tidak setuju, vasektomi itu sifatnya permanen, sedangkan kondisi ekonomi bisa berubah ubah.",2025-04-29T13:07:47.000Z,
twitter,Oh pantes setuju dengan vasektomi  wong contohnya orang tua sendiri wkwkwkwk,2025-04-29T13:06:44.000Z,
twitter,"setuju. harus 2 2nya sih. lakinya vasektomi, bininya kb gratis. biar ga pada punya anak banyak tu, 1 atau 2 dah cukup",2025-04-29T13:02:22.000Z,
twitter,"ga setuju sama paksaan kb vasektomi nya tp setuju bgt sama ""berhenti bikin anak kalo ga sanggup"" lu sebagai org tua kalo mau punya anak harus siap dari segala arah termasuk ekonomi. noh banyak banget anak anak yg akhirnya harus jualan dll padahal di usianya harusnya main belajar!",2025-04-29T12:59:02.000Z,
twitter,"Sudah ada kemajuan, tp kykny lbh bagus promosi KB vasektomi aja drpd kesanny diskriminasi (walopun sbnrny aku setuju, org miskin jgn punya anak. Tp org"" bakal consider kebijakan ini menindas hak asasi)",2025-04-29T12:57:01.000Z,
twitter,"not gonna debating kenapa harus vasektomi krn setuju (+ vasektomi hrus punya anak min 2 bru boleh)

yg dipertanyakan, tdi sebelumnya lewat berita yg dapet bansos DAN BEASISWA itu yg vasektomi. jdi mana yg benar?",2025-04-29T12:52:05.000Z,
twitter,"Kali ini aku setuju sama bapak 

Ayoo dukung kb vasektomi",2025-04-29T12:37:04.000Z,
twitter,"Ya teknologinya udah ada kok yang bisa mengembalikan efek vasektomi. 

Anyways saya gak akan maksa anda buat setuju soal sikap saya. Biarkan saja vasektomi jadi pilihan bagi mereka yang menginginkan. Jangan pernah diwajibkan apalagi dengan kebijakan yang diskriminatif",2025-04-29T12:36:11.000Z,
twitter,"Secara prinsip gue setuju sih.
Punya anak itu harus sehat finansial.
Cma ya silahkan caranya masing2 lah, ga harus vasektomi.",2025-04-29T12:34:52.000Z,
twitter,Tapi feminist kemarin waktu mengkampanyekan vasektomi juga pada maksa sih  laki2 yang ga setuju vasektomi langsung dikatain incel ,2025-04-29T12:32:07.000Z,
twitter,"Setuju kalo ga bisa dikasih tau dengan halus ya dikerasin toh vasektomi ga mengganggu kesehatan pria sama sekali dan orang miskin mereka ga bisa ngitung jarak kelahiran anak , kasian anak mereka ditelantarin. Selagi gratis gasss aja pak KDM jangan gentar",2025-04-29T12:16:06.000Z,
twitter,"Setuju sih, apalagi kalo ada keluarga yang kurang mampu terus anaknya lebih dari 3 mending vasektomi aja suaminya",2025-04-29T12:14:38.000Z,
twitter,"Lahh dikira semua nya setuju vasektomi, beda orang kali ah",2025-04-29T12:11:20.000Z,
twitter,"Vasektomi itu permanen oy,dan menurut gw itu masuk ke ranah pribadi. Gw setuju dgn membatasi angka kelahiran,tpi tidak dgn menukar hak dengan hak.",2025-04-29T11:40:00.000Z,
twitter,Setuju ini mah tapi kyknya jgn pake kb atau vasektomi tapi lampirin slip gaji 1 taun terakhir utk bisa beranak wkwkw,2025-04-29T11:26:40.000Z,
twitter,"Pak ketum, ijin tanya.. Apakah benar isu terkait vasektomi yg digagas oleh kang 
@DediMulyadi71
 , yg mana akan diberi beasiswa atau bansos kepada mereka yg setuju program vasektomi tsb? ",2025-04-29T11:25:47.000Z,
twitter,"beasiswa itu dari uang rakyat coy
gak ada urusan sama vasektomi
bansos juga dari rakyat, banyak juga rakyat gak setuju sama vasektomi apakah harus dipaksa agar dapat bansos
bacamu sangat keliru",2025-04-29T11:13:03.000Z,
twitter,Saya juga setuju. Vasektomi itu bisa dikembalikan. Gak seperti pengangkatan rahim. Dapat menjadi cara menekan angka kelahiran.,2025-04-29T10:35:23.000Z,
twitter,"Yang di vasektomi bapaknya atau anaknya?, kalo bapaknya saya setuju karena program vasektomi itu syaratnya harus mempunyai 2 anak.",2025-04-29T10:32:31.000Z,
twitter,ngapain gue setuju sama pendapat lo yg bilang beasiswa wajib vasektomi?,2025-04-29T10:19:19.000Z,
twitter,"Aku setuju orang miskin musti stop bikin anak, supaya ga dzalim ke anaknya.
Tapi ya jangan maksa org miskin utk vasektomi juga kali 
Kalau ke depannya nasib berbalik terus dia jadi kaya, gimana?
Sekali vasektomi ga mungkin bisa dibalikin lagi seperti semula.",2025-04-29T09:53:59.000Z,
twitter,"Lah mangkax baca cuitan mbak 
@elisa_jkt
 dgn utuh, beliau setuju jika itu bentuk program KB

Menjadi msalah jika pemerintah mewajibkan sbg syarat utama penerima bantuan dan beasiswa
Itu spt anda bisa nrima BLT dll dgn syarat wajib di vasektomi",2025-04-29T09:51:47.000Z,
twitter,"Setuju
Hmm...  jika Renstra/ rencana strategis Iblis merasuk ke dalam segala aturan masyarakat pasti ada konsekuensi nya sih,
Apakah dasar di lakukannya program vasektomi ini pak ? 
@DediMulyadi71",2025-04-29T06:44:09.000Z,
twitter,"kalo targetnya kaum penerima bansos berarti ya orang miskin, gapapa sih aku setuju klo orang miskin pada vasektomi ",2025-04-29T06:15:19.000Z,
twitter,"Gw setuju vasektomi utk syarat2 trtntu misal uda punya 2 anak, tp kalo mahasiswa ? Kan blm punya anak bahkan blm nikah. Ini berita beneran?",2025-04-29T05:37:08.000Z,
twitter,"Tentu saya setuju dgn program yang satu ini, kan tujuan vasektomi buat KB dan agar perempuan tak terbebani terus. Cuma ya langkah KDM ini yang saya nggak terima, kesannya memaksa ke golongan tertentu aja",2025-04-29T04:49:25.000Z,
twitter,"Tentu. Saya setuju kampanye vasektomi. Apalagi ini juga mengurangi risiko kesehatan pada perempuan serta prosedur yg lbh sederhana. 

OKE bgt terus dikampanyekan manfaat baik. Tapi tentu tidak bisa digandeng dgn pemaksaan apalagi “ditukar” dgn kewajiban negara spt Bansos.",2025-04-29T04:47:33.000Z,
twitter,"Somehow kebijakannya itu cocok untuk tipe pemerintah yang mau cepet beres tapi anti-mainstream 
Gua setuju sama vasektomi yang semakin digencarkan sie so sorry",2025-04-29T04:39:19.000Z,
twitter,"sbg yg pro vasektomi, gua setuju klo prevention yg lain uda dijalankan. pendidikan oke, lapangan pekerjaan oke, dll dll. emang butuh enforcement sih vasektomi ini, tp ya itu klo bisa jalan barengan smua. jujur gua pun ksian klo liat anak2 yg memprihatikan gitu. https://x.com/yovst1/status//yovst1/status/1917060620257820827…",2025-04-29T04:37:10.000Z,
twitter,"Kl ini sebetulnya gw agak setuju sih
Keluarga miskin jadi target vasektomi agar tdk banyak anak yg akhirnya membebani ekonomi keluarga",2025-04-29T04:24:22.000Z,
twitter,"Sebuah lawakan

Klo orang kaya, orang berpendidikan gk beranak ya habis semua nih Indonesia. Lu malah nyuruh yg menengah atas vasektomi tp gk setuju yg bawah vasektomi",2025-04-29T03:59:42.000Z,
twitter,anw vasektomi kalau mau berhenti punya anak is a good thing dan gua setuju yang kurang mampu baiknya emang jangan punya anak dulu tp pemaksaan halus ataupun terbuka is never a good thing,2025-04-29T03:57:37.000Z,
twitter,"Nanti abis vasektomi, istrinya tiap hari ngebahas titit suaminya di twitter dan cerita ke semua orang kalo titit suaminya divasektomi sambil nyerang akun lain yang ga setuju sama vasektomi ",2025-04-26T14:04:19.000Z,
twitter,Kenapa lu setuju tuh cewek pasang iud?? Harusnya jamet yang pacarin dia yang vasektomi ,2025-04-26T08:06:54.000Z,
twitter,"Looo ini ga setuju gw, karena cewe ga mau nikah, childfree, dan vasektomi laki itu agenda busuk yg sengaja didengungkan terus.

Silahkan aja mau ga nikah/ childfree  tapi kok kampanyein itu terus, ngajak terus, dan bikin itu jadi normal? Keep it yourself.",2025-04-26T07:11:55.000Z,
twitter,"tanya setuju vasektomi, yes or no?",2025-04-25T07:21:21.000Z,
twitter,"Kak, aku mau belokin ke yg lagi viral nih. Kakak kan tau ya usia fertile cwe 35, nah setelah itu kalo mau hamil resiko tinggi ke ibu dan bayi. Kalo pemerintah ada program wajib vasektomi untuk laki yang istrinya udah tua dan ga fertile, setuju ga?",2025-04-23T02:31:39.000Z,
twitter,"itu menfessnya tentang si sendernya yang seneng pasanganannya setuju vasek, terus gw reply tweet yang sok sokan bilang kalo its unethical kalo ngerayain vasektomi. sampe sini paham?

makanya ga nyambung bgt bawa baw cowo pergi perang etc, keluar konteks bro",2025-04-22T10:22:26.000Z,
twitter,"Kemarin debat soal vasektomi okelah gw masih setuju as long as pasangan tersebut setuju, cowo ama cewe tu emg sama aja aslinya, bedanya yang satu bermemek yang satu berkontol, orang idiotnya banyak, contoh cewenya disini, contoh cowonya cek aj komennya, emg kontol semua",2025-04-22T04:11:13.000Z,
twitter,"Well kalian pengen liat laki-laki vasek juga karena misandris kan  

again, we’re just doing your game. Btw, MUI memperbolehkan pun ga berarti semua ulama setuju sama vasektomi. Masih banyak perdebatan soal boleh/ngganya. Belajar gih. https://x.com/semprokagacok//semprokagacok/status/1914496790117699749…",2025-04-22T01:55:41.000Z,
twitter,"kami pengen punya anak dan udah ada anak, vasektomi dia setuju banget cuma lagi belajar dan nyari ilmu biar itu jadi diperbolehkan oleh agama",2025-04-21T15:16:14.000Z,
twitter,"Kami otw punya 2 anak, jadi otomatis tidak setuju childfree wkwk. Kalo vasektomi/tubektomi kami meyakini untuk tidak melakukan kecuali nggak bisa diganti dgn metode kb lain.",2025-04-21T13:15:11.000Z,
twitter,"Setuju. Karna prinsip dia badanku jd terserah aku, tapi akhirnya aku punya anak 1 dan udh sepakat cuma 1.
Soal vasektomi dia mauu tp blm dapet izin dri bkkbn karna anak kita baru 1 minimalnya 2",2025-04-21T13:12:07.000Z,
twitter,Suamiku setuju sama vasektomi apalagi setelah aku jelasin kenapa aku gamau kb,2025-04-21T10:20:24.000Z,
twitter,"Barometernya gini aja, bini yang bener ga bakal ngeributin vasektomi. Apalagi sampe jadi die hard nuduh yang ga setuju vasektomi misoginis lah jamet lah tolol lah. Berumahtangga tuh bukan tentang crot doang.

Kalo bini lu ribut masalah vasektomi, be aware. Be very aware. ",2025-04-21T01:10:23.000Z,
twitter,"Gw termasuk yg gk terlalu setuju dengan vasektomi, masih ada cara lain yg lbih aman dan tidak merugikan kedua belah pihak (suami-istri), dibilang resiko kecil, tapi tetep aja ada resiko, selain dari resiko medis, ya resiko begini 
Ini pernah gw komen:",2025-04-21T00:50:58.000Z,
twitter,Gini aja bang. Saya akan pro vasektomi jika satu hal. Perempuan yang setuju vasektomi suaminya bisa pastikan hidupnya lebih lama dari suaminya. Ya benar bisa pastikan.. Hidupnya lebih lama..,2025-04-21T00:49:51.000Z,
twitter,"Alasan kenapa aku gak setuju vasektomi dan tubektomi… klo kalian pasangan cukup dengan mengandalkan alat kontrasepsi, bukan merubah kondisi yang sudah di tetapkan tuhan.",2025-04-21T00:16:19.000Z,
twitter,"Makanya ini sebabnya gw setuju apabila pria keberatan vasektomi. Masalahnya gw sbg perempuan jg keberatan KB nya ttp di perempuan, krn kami sdh hamil dan melahirkan, badan kami lagi pula yg “dirusak”",2025-04-20T22:21:29.000Z,
twitter,"""Saya setuju dengan vasektomi pria""
""Wah, kamu feminis ya?""
""""
""Kamu feminis, kan?""",2025-04-20T14:38:46.000Z,
twitter,"Aku tadi denger pendapat dia soal ini sih dan aku setuju banget, tapi alternatif nya sebenernya mereka bisa loh pake pengaman atau kalo ga mau mending KB atau vasektomi.
Biar gaada lagi nantinya korban anak anak kaya gini, kasian.",2025-04-20T08:59:47.000Z,
twitter,"Perkara vasektomi aja orng smpe debat², kalo lu gamau yaudah diem aja gausah nyinyir ke cwo yg setuju vasektomi.",2025-04-18T11:27:55.000Z,
twitter,"kalo ternyata masnya termasuk laki² yg setuju untuk vasektomi, beneran tamat",2025-04-18T08:38:40.000Z,
twitter,"Kak, temenku nanya maaf kakak nanti kira kira setuju untuk vasektomi gak? Kalo iya, riwayat dia bener bener tamat katanya.",2025-04-18T06:59:35.000Z,
twitter,"Liat terburuknya mana kampang? Lo aja bersikukuh yakinin ke laki2 kalau vasektomi bisa direverse buat ngebuahin lagi, padahal dokter aja ga menjamin. 

Gue ga setuju kb-kb yang sampe ngutak atik organ dan hormon mau itu buat istri ataupun suami.",2025-04-18T05:26:45.000Z,
twitter,Kak allie  .kenapa wanita berhijab ngatain wanita lain lonte dan ngevonis orang lain masuk neraka hanya karena vasektomi ? vasektomi kan juga salah satu cara laki laki memuliakan perempuan dan bentuk cintai nya juga . Kalau ngk setuju vasektomi ya udah ngk usah ngatur -,2025-04-18T03:02:13.000Z,
twitter,"kalo ngga setuju kan ya udah ya, gada yg lg nyuruh dia buat vasektomi juga",2025-04-18T02:20:20.000Z,
twitter,tiap liat reply yg ga setuju vasektomi udah kek lagi diancem dicabut nyawanya bjir,2025-04-17T19:25:28.000Z,
twitter,"tapi kalo lu gak setuju, dan cewek lu juga gak sependapat dengan lu, kan bisa dicari jalan tengahnya bareng-bareng.

vasektomi memang gak selalu jadi jawaban, tapi kalo lu aktif ngewe di posisi punya anak, ya kasian istri lu lah nyet.",2025-04-17T18:07:47.000Z,
twitter,"lagian juga itu yg vasektomi suami sendernya, dengan alasan yg jelas, pastinya hasil diskusi, dan kesadaran suaminya buat setuju. tapi ngapa lu yg ribut jinggg.",2025-04-17T16:20:38.000Z,
twitter,"Kriteria suami yang gagal memimpin keluarga pasti setuju dengan:

1. Vasektomi
2. Feminis
3. Korupsi
4. Child-free",2025-04-17T14:52:35.000Z,
twitter,"Saya setuju suami melakukan vasektomi Mas tetapi kenapa untuk istri tidak dikampanyekan untuk melakukan ligasi tuba juga bukannya baik juga untuk istri? Malah pemerintah melakukan kampanye untuk pil KB , KB suntik dan iud",2025-04-17T13:25:25.000Z,
twitter,"Yang jadi pertanyaan, orang lain yang vasektomi kok dia pulak yang ga setuju. Vasektomi adalah salah 1 dari sekian banyak metode kb. Terserah orang lah mau pake kb yang mana",2025-04-17T12:53:49.000Z,
twitter,"aku laki2 dan aku setuju kalau vasektomi adalah jawaban untuk KB dgn komplikasi minim. then again, I don’t really need one for a very very VERY obvious reason ",2025-04-17T09:18:53.000Z,
twitter,Abis baca tweet dari cowo yang ga setuju vasektomi dan lebih nyuruh cewe angkat rahim karena apple to apple daripada kb,2025-04-17T05:31:07.000Z,
twitter,"padahal kalau tidak setuju ya tidak setuju aja, toh vasektomi atau KB dikembalikan lagi ke pasangan yang menjalankan, ga perlu bilang atau mencela keputusan orang untuk vasektomi itu ga baik. ga ada yang bilang HARUS. Vasektomi, KB, dan lain-lainnya dikembalikan—",2025-04-17T04:59:54.000Z,
twitter,i’m fucking glad pacarku eh calon suamiku setuju buat vasektomi in the future  ga sabar sehari 3x secara brutal,2025-04-17T04:11:04.000Z,
twitter,"Yah terus kenapa wak kalo sebagian pria setuju vasektomi? Gak bikin lu rugi ini. Pria setuju vasektomi itu tandanya pria sejati bro, mikirin kesehatan pasangannya.

Yahh cemen lu",2025-04-17T03:42:57.000Z,
twitter,"3 alasan org ga setuju sama vasektomi:

1. merasa istrinya sebagai objek, dan suami adalah pemiliknya. maka dia bebas berbuat seenaknya pd wanita
2. vasektomi = gabisa ngaceng (dipikiran sempit mereka)
3. their bloodline is so fucking special",2025-04-17T03:38:36.000Z,
twitter,turut seneng baca tweet ini  sekaligus iri karena pasanganku ngga setuju waktu aku kasih tau tentang vasektomi https://x.com/noniksipit/sta/noniksipit/status/1911950577011200362…,2025-04-17T02:58:59.000Z,
twitter,"klo gaada anak gmn? ya kan blik lgi ke keputusan klian nya, klo emg pgn punya anak mah selagi blm dikasih ya masa di vasektomi sih, kan ngga jd otong lu aman itu. kecuali klo emg klian berdua sepakat mau child free dan saling setuju ya yaudah.",2025-04-17T02:23:56.000Z,
twitter,"Saya setuju vasektomi.
Emng mau brojol anak ampe brp biji sih?",2025-04-17T01:24:30.000Z,
twitter,"Dia kan bilang calon suaminya setuju vasektomi, ga bilang child free. Maksudnya tuh kalau udh punya anak sejumlah yg mereka sanggupi baru vasektomi. LU YANG TOLOL KARNA KEMAMPUAN MEMAHAMI BACAAN LU YANG NOL BESARR… BALIK KE TK AJA SONO",2025-04-17T00:54:02.000Z,
twitter,"Oalah sekarang udh berlaku vasektomi utk pria ya. 
Setuju juga , cuma efek sampingnya apa? Performa di ranjang makin brutal apa gimana ya ?",2025-04-17T00:20:29.000Z,
twitter,"9 kata lucu:
3 kata lucu
pria setuju vasektomi",2025-04-16T23:55:19.000Z,
twitter,pagiku dirusak setelah membaca opini laki-laki tolol yang lebih setuju istrinya angkat rahim WHICH IS lebih banyak risikonya drpada si lakinya yang vasektomi ,2025-04-16T23:12:39.000Z,
twitter,dia doyan peju makanya ga setuju sm vasektomi,2025-04-16T22:31:30.000Z,
twitter,"Gw cowo setuju vasektomi kog kalo anak udah cukup.
Sayang tau bagi2 sperma, biar diserap lagi ke tubuh jadi suplement. Serius",2025-04-16T19:39:18.000Z,
twitter,Aku setuju cowo vasektomi. Karena ga semua harus dibebankan ke cewe,2025-04-16T19:32:26.000Z,
twitter,"Gw setuju pendapat ini, tp gw tetap ga setuju klo harus istri yg ber-KB. Klo vasektomi dicoret, pilihan lain berarti si suami hrs mau pake kondom, hrs mau buang di luar, bodo amat klo buat laki itu jd mengurangi kenikmatan. 

Dikira hamil 9 bln itu gampang?",2025-04-16T19:00:40.000Z,
twitter,suami gue setuju vasektomi tpi ga memenuhi syarat. kalau lu pada yg sebenarnya memenuhi syarat tpi ogah vasektomi pake alesan konyol mah minimal malu  laki kok mentalnya ciut suruh vasektomi doang.,2025-04-16T17:38:33.000Z,
twitter,"gaada yang bilang semuanya setuju? my point is klo yang udah nikah pasti diskusi dulu mereka bedua suami istri. klo suami bilang engga, ya ga bakal vasektomi. as simple as that",2025-04-16T16:46:00.000Z,
twitter,Gilaa.. lagi rame banget soal vasektomi. Gw si setuju ya karena jadi ga pihak cewe aja yg berkorban tapi pihak laki-lakinya juga ikut berkontribusi.,2025-04-16T16:40:55.000Z,
twitter,"Gua bnr2 udh muak sama pembahasan vasektomi ini, beneran bikin emosi tiap baca komen laki. 
Bukan krn ga setuju, tp udh enek banget liat cowo2 kesentil egonya jadi nentang abis abisan pdhl belum cari tau infonya. 
Kalian ini tu malas apa emg dungu?",2025-04-16T15:59:09.000Z,
twitter,"Toh suaminya setuju juga, kenapa orang lain seberisik itu perihal vasektomi",2025-04-16T15:29:03.000Z,
twitter,"Jaman sekarang istri ikut nyari duit juga banyak. Udah kerja yg menurut kamu itu menderita, ditambah lagi harus KB dengan bermacam efek sampingnya. Aku menghargai kalo kamu ga setuju sama vasektomi, tapi gausah adu nasib yg ga sepadan gitu",2025-04-16T13:56:06.000Z,
twitter,lah? pacar gw aja setuju vasektomi,2025-04-16T13:49:56.000Z,
twitter,"Aku setuju vasektomi
Malah udh planning klo udh memenuhi syarat, lgsg vasek aja",2025-04-16T13:24:32.000Z,
twitter,"Wah selamat buat para suami yg bikin bangga istri dengan vasektomi, tp ttp bukan tanpa resiko yg sangat perlu dipikirkan dgn matang.
Gw setuju jadi suami mmg jgn egois, maksain kb tertentu ke istri, kecuali ada kesepakatan bersama.
Kalo gw sih pilih yg paling lowrisk, pk kndm.",2025-04-16T12:17:21.000Z,
twitter,"3 kata keren.
pria setuju vasektomi

aku udh lama bicarain ini sama evan kalo semisal kita berjodoh dan menikah (aamiin) dan ternyata kb banyak efek sampingnya ke aku, dia setuju dia aja yg vasektomi. TERHARU…",2025-04-16T12:07:40.000Z,
twitter,tambahan: gak PATRIARKI dan setuju buat vasektomi (if needed),2025-04-16T11:57:46.000Z,
twitter,"Suami sender : ""aku setuju vasektomi"" 

User flopchart : ""sebagai perempuan-"" bro lu bahkan gak punya ",2025-04-16T11:22:44.000Z,
twitter,"Masalahnya kak, lo komen di postingan orang yang pasangannya setuju buat vasektomi.. 

kecuali, lo komen di postingan cowok yang ceweknya maksa dia buat vasektomi. argumen mara mara lo ini baru cocok..",2025-04-16T09:47:39.000Z,
twitter,Betul banget. Kata against itu bikin orang2 mikir mbaknya gak setuju banget sama vasektomi. Padahal poinnya gak harus vasektomi kalo dianya mau pake kondom. Disini kan gak ada cewek yg dirugikan. Kalo cowoknya bersedia sendiri buat vasektomi ya Alhamdulillah.,2025-04-16T09:44:50.000Z,
twitter,"justru malah skillnya patut diacungi jempol, soalnya bakal ketat banget ngelihat tanggal

namanya hidup juga pilihan orang, tapi kesalahan mbaknya itu dia ada kata ""against"" jadi terkesan siap berkontra terhadap siapapun yang setuju dengan vasektomi",2025-04-16T09:27:20.000Z,
twitter,Emang knp cowok gak setuju vasektomi? Takut? Cemen bgt.,2025-04-16T09:08:12.000Z,
twitter,"Lha. Gua setuju, bahkan klo suatu saat nikah dan dah punya anak w mau vasektomi",2025-04-16T08:32:47.000Z,
twitter,Alhamdulillah suami gw setuju vasektomi tanpa banyak naninu. Lup yu bro ,2025-04-16T08:31:14.000Z,
twitter,"""seneng bgt calon suamiku setuju buat vasektomi"" padahal ada kata ""setuju"" berarti gada paksaan ke si lakik, nape jadi luh yang kagak setuju bah  lagian mau vasek kan harus ttd surat persetujuan yg artinya 100% otoritas si lakik. Kalo cewenya seneng, nape jadi unethical?  ",2025-04-16T08:26:04.000Z,
twitter,"dan soal vasektomi, itu kan kesepakatann yaa jadi kalau pasangan aku sepakat dan ada rejekinya. ya gamasalah harusnya. 

lucu sih, pernah bahas soal ini dan dia setuju, asal ada rejekinya  wkwkwk",2025-04-16T07:45:35.000Z,
twitter,"Makasiii yg lebih lucuuu~~ 

-- Dari aku, si lucu (pria setuju vasektomi)",2025-04-16T07:42:23.000Z,
twitter,Potret Pria yg setuju vasektomi ,2025-04-16T07:05:54.000Z,
twitter,"calon suami bilang setuju vasektomi bukan berarti vasektomi nya bakal dilakuin sebelum nikah, ngerti kalimat aja susah",2025-04-16T06:27:10.000Z,
twitter,"Iyaa aku paham soal vasektomi ini gimana, emg nda harus selalu istri yang berkorban buat kb, aku setuju aja kalo kamu pengen aku vasektomi, tapi aku mau tanya kamu pengen nya childfree apa mau punya anak cukup 1 aja, kalo masalah vasektomi ini aku nda nolak",2025-04-16T06:13:30.000Z,
twitter,"bentar. calon suami? kalau vasektomi nya setelah punya anak gw setuju, tp klo belum?",2025-04-16T04:44:00.000Z,
twitter,Akupun nanti kalo sudah lunya anak dua kalo harus vasektomi setuju kok! https://x.com/noniksipit/sta/noniksipit/status/1911950577011200362…,2025-04-16T04:07:50.000Z,
twitter,"Lagian keputusan utk vasektomi ga mungkin ga diomongin secara matang lah kocak. Pasti udh dibahas. Dan itu dia blgnya calon suamiku ""setuju"". Nah udh lu nalar aja kalo punya.",2025-04-16T03:51:42.000Z,
twitter,"3 kata lucu
pria setuju vasektomi",2025-04-16T03:33:09.000Z,
twitter,keren banget para pak suami di luar sana yg setuju vasektomi ,2025-04-16T03:12:24.000Z,
twitter,"pake kb masih ada kemungkinan hamil, udh omongin vasektomi sama suami, suami setuju.
tp syarat vasektomi 2 anak, yang mana kita cuma niat punya 1 doang. jd kehalang syarat :((( https://x.com/noniksipit/sta/noniksipit/status/1911950577011200362…",2025-04-16T03:08:37.000Z,
twitter,"Setuju sekali bagian tidak etis celebrate vasektomi. Coba kalau dibalik suami ngetwit ""celebrate istriku mau tubektomi"". Pasti bakal dihujat. Tp aku gak against vadektomi ya slma itu dg concern begitu juga KB yg lain2, baik KB perempuan maupun laki2, selama ga ada paksaan itu ok.",2025-04-16T00:24:59.000Z,
twitter,Semalam liat anak cewe usia SMP ngamen masih pakai seragam olah raga. Saya setuju Bapaknya dipenjara jika terbukti mengeksploitasi anaknya! Vasektomi harusnya jadi keharusan bagi kepala keluarga miskin yg ga berotak ngecrot seenak pelernya!,2025-04-15T23:08:45.000Z,
twitter,"kalo kamu menolak cowo harus vasektomi, berarti secara ga langsung kamu setuju kalo cewe harus KB terus-terusan pun klo mau stop KB jalan satu-satunya harus tubektomi? padahal vasektomi itu ga membahayakan sama sekali, ga mengurangi gairah seksual juga malah justru ningkatin cont",2025-04-15T15:15:36.000Z,
twitter,"Yang vasektomi siapa, yang gak setuju siapa. 
Kalau laki klean gak mau melakukan hal yang sama ya gak perlu bitter lah sama kehidupan orang lain. Smh*",2025-04-15T15:03:04.000Z,
twitter,"wkwkwk dia juga aneh orang gada yg nanya pendapat tentang vasektomi tiba2 dia nyamber ""aku against vasektomi"" di tweet istri yg happy suami nya setuju vasektomi. get a life bro 
@flochart",2025-04-15T14:49:06.000Z,
twitter,Calon suami ku juga setuju vasektomi. Yeyy semua aku dirayakan ,2025-04-15T14:09:03.000Z,
twitter,"disagree vasektomi as a muslim. tpi sangat setuju alternatif lain yg tdk permanen, apalagi ad urgensi medis. trlpas dri itu, keren poll utk laki yg mngutamakan pakai KB utk dirinya sndiri. sdh saatnya ada peralihan paradigma di masyarakat kita, jan egois ya lurd dulur lanang ku https://x.com/noniksipit/sta/noniksipit/status/1911950577011200362…",2025-04-15T13:56:53.000Z,
twitter,"Setuju untuk vasektomi, tapi belum dilakukan ya karena hukum secara agamaku aja belum jelas bgt, belum goal, toh mui juga blm speak up hahaha.",2025-04-15T13:00:27.000Z,
twitter,"Seriously, nambah lagi nih tipe cowok gua. Yang setuju buat vasektomi atas kemauannya sendiri. Anjer. Ini cari yang biasanya aja susah apalagi yang ini woy  tahan tahan yaa calon suami aku di masa depan https://x.com/noniksipit/sta/noniksipit/status/1911950577011200362…",2025-04-15T12:14:27.000Z,
twitter,"Cewek celebrate vasektomi unethical? Menfessnya aja ""calon suamiku setuju buat vasektomi"" berarti emang udah persetujuan 2 orang. 

For real, what are you against at actually? Mau KB, mau vasek, mau kondom, itu semua cuma cara mencegah kehamilan dengan +- masing-masing",2025-04-15T08:43:39.000Z,
twitter,Katanya semua gender berhak atas otoritas tubuh masing” tapi against vasektomi tuh gimana konsepnya? Kan di menfessnya calon suaminya yg SETUJU ya berarti itu cowo SADAR akan tubuhnya sendiri buat vasektomi.,2025-04-15T08:26:32.000Z,
twitter,"Wkwkwkw mana sok edgy ngerep begitu di twitan orang yg lagi hepi cowonya mau vasektomi. I mean, dia punya masalah apa sih? Bawa2 kuasa atas tubuh lah ini si cowo yg punya kuasa atas tubuhnya udah setuju kok dia yg riweh",2025-04-15T07:55:44.000Z,
twitter,"menarik. KB juga punya efek jangka pendek dan panjang, tapi jarang sekali rasanya ada orang gak setuju dengan Suntik KB, IUD atau sejenisnya untuk perempuan.

Dan selebrasi, menurutku jarang sekali ada pria yang sepakat untuk Vasektomi, jadi itu pengungkapan rasa bahagia aja dan—",2025-04-15T07:45:11.000Z,
twitter,"you are allowed to say ""unethical kalo cewek celebrate vasektomi"" just in case the husband was forced to. Lah kalo suami OP nya open dan setuju sama itu, masalah lo di mana?",2025-04-15T07:42:44.000Z,
twitter,"sorry kak, ini bukannya karena ""setuju"" berarti emang si cowo exercise ""hak atas otoritas tubuh masing"" dengan memilih (dengan sadar) untuk ""setuju"" buat vasektomi.

Terlepas dari analisa relasi kuasa di dalam rumah tangga mereka (karena di tweet ini ga ada data yang cukup)",2025-04-15T07:38:25.000Z,
twitter,Sayang istri belum setuju saya vasektomi ,2025-04-15T07:25:47.000Z,
twitter,"Kalo emang si laki dari awal doyan ""jajan"" sih palingan ga bakal setuju dia buat vasektomi",2025-04-15T07:19:16.000Z,
twitter,"dan masih ada yg mikir kalo laki laki setuju vasektomi artinya disuruh perempuan yg tidak mau punya anak sama sekali  sempit banget yaampun
guys vasektomi = KB,
knp pandangan nya gak sama kaya istri yg minum pil / pasang KB??",2025-04-15T07:07:19.000Z,
twitter,Lakik ku pun setuju vasektomi ketika aku rewel dengan IUD hihi plus setelah beliau mengetahui efek jangka panjangnya. Ada program untuk vasektomi. Semoga semua lancar dan diberi kenyamanan ,2025-04-15T06:33:17.000Z,
twitter,"emg sebelum vasektomi dokternya ga ngejelasin ini? suntik kb/pil/spiral aja dijelasin kok, kalo udh setuju ya berarti udh tau kedepannya mau gimana",2025-04-15T05:29:21.000Z,
twitter,orang indo yang belum punya anak tp kesenengan duluan karena so called calon suami setuju vasektomi sebelum nikah udh baca aturan2nya blm sih ,2025-04-15T04:26:49.000Z,
twitter,"statement sender hanya ""setuju untuk vasektomi"", bisa jadi vasektomi nya juga setelah punya anak. 
dan kalopun mau vasektomi sblm punya anak, ya itu keputusan mereka sih. terlepas nanti bisa atau tidak nya di Indo, semua balik lagi ke mereka.",2025-04-15T04:18:14.000Z,
twitter,Calon Suami setuju buat vasektomi? Oke,2025-04-14T15:24:00.000Z,
twitter,Doi setuju tapi keknya sie ga mau vasektomi karena takud wkwk. Ikut seneng dengernyaa semoga doi jg nyusul xixi,2025-04-14T15:21:31.000Z,
twitter,"Vasektomi btw yg bener, but its okay,  repost karena gue can relateee. I’m happy my fiancé setuju mau vasektomi ",2025-04-14T14:39:49.000Z,
twitter,"Setuju vasektomi ya?
Waaaaa so lucky, congrats yaw",2025-04-14T10:44:37.000Z,
twitter,"Setuju.. Gigi kelincinya bahkan tidak menghilang.. Itu hanya sedikit di kikis rapi ujungnya untuk mencegah bibirnya tergigit lagi, terluka lagi. Giginya masih di situ, tapi karena tindakan vasektomi gusi, jdi trlihat lebih panjang",2025-04-11T05:38:24.000Z,
twitter,"Makasih ya om Jo udah bilangin Jarvis

Setuju bgt.
Hubungan yang jalanin mereka berdua — berarti harus ada concern dua belah pihak. Dan untuk pill, yes — pasti ada konsekuensinya.

Jarvis, kalau ga mau punya anak, lu vasektomi aja.

Gak mau punya anak — tapi suka ‘buat anak’",2025-04-04T15:12:25.000Z,
twitter,"1. Gw setuju krn ini sebenernya perlu 
2. Tp perlu dicari tahu juga penyebab umum perceraian apa, ekonomi misal
3. Syarat dispensasi usia nikah <19 harus di perketat lagi
4. KB, Vasektomi, dan Kondom perlu di normalisasi, spy gk ada yg kawin cuma krn kebobolan",2025-03-07T16:20:52.000Z,
twitter,"Betul bang herjunot, saya setuju. Org yg jadi suami saya pasti nanti saya paksa buat vasektomi. Ngadepin karakter kyk saya horror jg.",2025-03-06T21:11:24.000Z,
twitter,"kmren sempet bahas per kb an sama vasektomi bareng calon, seneng bgt karna dia mau ngerti dan mau setuju klo nanti kita married yg bakalan pake kb itu dia
trs gongnya adalah dia jg siap di vasektomi klo emg keputusan kita nanti bakal bneran childfree ",2025-02-28T04:55:25.000Z,
twitter,"kemarin sempet ngobrol sama mas pacar kalau semisal kita menikah aku gamau kb atau apapun, aku tawarin dan jelasin dia tentang vasektomi and turns out dia setuju kalau di masa depan mending dia di vasektomi daripada aku yg kb, how lucky iam ",2025-02-28T04:01:21.000Z,
twitter,"Aku juga setuju!! Dan iya emg krn patriarki sebelumnya yg bikin seolah2,”masa laki2 yg harus berkorban?” 

Aku bahkan ga setuju kalau vasektomi harus punya 3 anak dulu. Krn itu hak setiap orang kan..",2025-02-28T03:55:56.000Z,
twitter,"Ya lu mau, bukan berarti mayoritas laki2 mau. Buktinya KB laki2 selain vasektomi dan kondom, ga didistribusi massal karena kebanyakan laki2 ga setuju dan takut sama resikonya (padahal resikonya sama dengan KB perempuan).

Cewe dipaksa berkorban nyawa mulu dengan KB itu ga adil.",2025-02-27T03:51:17.000Z,
twitter,"Cowokku dah setuju untuk vasektomi setelah nikah, MASALAHNYA ADALAH, KITA GATAU BAKALAN JADI JODOH APA ENGGAAA",2025-02-26T19:57:18.000Z,
twitter,"Ini termasuk morning after pill (kb darurat) ya. Jd plssssss kita mesti waspada & aku setuju mendingan laki yg Vasektomi. 

Laki vasektomi hidupnya sehat & bahagia.",2025-02-26T16:00:25.000Z,
twitter,"Kemarin diskusi beha, sekarang ada diskusi kb

Tapi saya setuju sama pendapat kalau kb tuh harusnya digalakkan buat laki-laki juga. Kenapa harus perempuan yang kb? Kan laki bisa vasektomi atau pakai kondom?",2025-02-26T15:13:49.000Z,
twitter,lu yang nyamber duluan ya kontol. kalo pengen dihamilin suaminya mba nonik ngaku ajalah kaga usah sok ga setuju sama vasektomi,2025-02-25T12:49:24.000Z,
twitter,"KB itu emang cocok-cocokan, istri pernah pil dan suntik dan hormonnya jadi kacau,paling parah suntik mens ga berhenti sampai 3 bulan,akhirnya stop dan ganti iud, saya pernah bilang mau vasektomi malah istri ga setuju,katanya ga tega liat dioperasi,takut ada efeksampingnya ",2025-02-25T07:32:54.000Z,
twitter,"Ada isu KB di timeline.
Gue sebagai laki setuju vasektomi. Tapi yg sifatnya temporer. Karena kalau permanen haram. Kecuali ada faktor medis.",2025-02-25T07:24:16.000Z,
twitter,ga bisa karena dah 2x ke dokter dokternya ga setuju vasektomi,2025-02-07T08:54:38.000Z,
twitter," Guys, vasektomi ada efek samping ngga ya buat cowok? Aku mau nikah, aku sm calonku udah sepakat kalo aku ngga akan KB (takut euy banyak resikonya, pengalaman liat mamaku juga yg sakit krn KB) jadi calonku  setuju kalo nanti dia yg KB",2025-01-23T05:05:23.000Z,
twitter,"Betul, setuju!!

Syarat calon suamiku nanti: Harus mau vasektomi!
Enak aja aku dah hamil, melahirkan, menyusui. Masa harus mau pakai KB lagi?? ",2025-01-10T02:49:46.000Z,
twitter,"Mohon beritahu apa yang kamu tak setuju/faham dengan haramnya vasektomi walaupun ada reversal?

Orang berkelayakan (ulama) putuskan ia tetap haram (kecuali ada sebab dibenarkan syarak). Saya nak tahu, ulama mana yang benarkan atau kamu berpendapat tanpa sandaran?",2025-01-05T15:51:49.000Z,
twitter,"Bab alkohol itu perkara lain. Saya tak nak sentuh panjang jadi kita fokus asal, hukum vasektomi/khisa'.

Kamu tak setuju, saya dah jawab. Kalau rasa kata2 Ibn Hajar dan hadis itu kurang jelas sekalipun, fatwa islamqna itu jelas keharamannya",2025-01-05T15:29:46.000Z,
twitter,"Setuju, bukan tak boleh kritik.
Tapi kritikan yang aku nampak sekarang ni berbasis emosi bukannya ilmu. Dari isu vasektomi meleret sampai ke zakat bagai, itu bukan nak kritik, tapi dah memang ada sentimen benci.

Ayuh, nak kritik apa isu vasektomi? Silakan.",2025-01-05T03:55:12.000Z,
twitter,"Kalau begitu, buktikan sis. Sis tak percaya hukum tersebut, anda setuju dengan childless marriage, sis percaya pada equality. Inilah masanya untuk mengetuai idea anda. Vasektomi kan Khuzarey, baru betul be true to the ideas. Kalau tak, sekadar kera di hutan saja bunyinya.",2025-01-03T14:08:03.000Z,
twitter,"Setuju je bab pdpt vasektomi tu. Tp org laki suruh sama-sama psg perancang pun dh byk cekadak. Habis sgt point dia, tk nikmat nak cari betina lain. Lelaki demam je pun dh mcm sakaratul maut, kalau dpt side effect perancang keluarga mcm pmpuan rasa mesti jd gila dh rasa.",2025-01-03T12:03:15.000Z,
twitter,"Di bongkar aja identitasnya ke publik. Klo orang tuanya gak setuju, bilang aja klo anaknya yg digituin gmn?
Hajar habis2an pelaku2nya. Potong tititnya, atau lsg vasektomi aja",2024-12-21T10:48:49.000Z,
twitter,"sama kak! aku sendiri nakes, sudah nikah, usia matang, pake IUD juga tp takut buat punya anak lagi.. takut ga becus jd orang tua, mikir biaya, mikir pendidikan, dll sampe aku minta suamiku vasektomi dan beliau setuju ",2024-12-17T23:19:56.000Z,
twitter,"Setuju.... gilaa ya dia klo mau fwb ga mau punya ank kenapa ga vasektomi aja coba. Kaya gini kasian ank dan mbaknya. Jahat bgt sumpah, mbaknya jg ga mau komitmen kan tp krn udh ngerasain hamil dan melahirkan jd pgn ngasih ""keluarga"" buat anaknya.",2024-11-25T03:40:20.000Z,
twitter,"Nggak setuju, tapi kalo buat bocil2 yang nikah dibawah umur gw setuju kalo mereka wajib vasektomi/tubektomi dan baru dilepas pas mereka udah matang usia dan ekonominya",2024-10-21T05:06:30.000Z,
twitter,Lebih setuju kalau jumlah anaknya dibatasi...   Jadi suami bisa vasektomi... Rumit kalau istri yg lobotomi... Bukan dipaksa tapi dikasi insentif supaya mau...,2024-10-20T02:42:03.000Z,
twitter,"Alhamdulillah isteri setuju. Setelah anak ke dua lahir, kami bersepakat KB. sampe kapan? Sampe isteri yg menyatakan siap hamil lagi. Saya tidak akan minta lepas KBnya. Lihat akibat KB, menstruasi isteri terganggu. Sempet saya menawarkan Vasektomi. Tapi isteri melarang.... Nek",2024-10-07T09:48:52.000Z,
twitter,"Yaampun nder, gak semua setuju/bahkan bisa tersungging dgn pertanyaanmu yg menyodorkan vasektomi, kb, menstrual cup, kondom, dll itu pilihan mereka selagi mereka tidak mengganggu kehidupanmu ngapain tanya yg bukan ranahmu",2024-09-25T16:09:57.000Z,
twitter,"Post 1 lagi ya. Agak panjang.
Utk LGBT ini, sebenernya gak masalah klo gak setuju. Namanya orang, ya punya standar hidupnya sendiri.

Tp, argumentasinya harus dibedain, antara ilmu pengetahuan dan ilmu agama. Krn dua ini bisa gak selaras.

Contoh: KPR, imunisasi, vasektomi - 1/?",2024-09-23T15:22:46.000Z,
twitter,"Ada cara yang paling mudah dan paling manjur dari dulu. yaitu pake kalender menstruasi. gw setuju vasektomi, tetapi kalender menstruasi jauh lebih baik karena natural, tidak perlu tindakan dokter. ",2024-09-22T17:03:09.000Z,
twitter,"Kalau dilihat dari tweet yg jadi TKP. Kenapa sih laki laki anti banget vasektomi? Kalo pasangannya setuju ya silahkan lakukan, tapi kok ada narasi ‘anti vasektomi’ bahkan dirujak bagi yang gamau? Ini kan pilihan hidup, kalau cowoknya gamau yaudah gamau aja.",2024-09-22T01:32:23.000Z,
twitter,"""ANGK0T88, setuju! Harusnya semua bahas rokok juga, bukan cuma vasektomi. #Nikmir #Persib""",2024-09-20T07:50:31.000Z,
twitter,"kesalahan berpikir, gua setuju vasektomi tp menggunakan statement seperti ini tnp cari tau dulu klo rokok juga diharamkan. harusnya malu si. coba fokus bahasanya ke vasektomi aja jgn kmn2",2024-09-19T23:02:47.000Z,
twitter,Maksudnya orang lain yg kekeuh ga setuju vasektomi tapi ngidolain yg oplas...,2024-09-18T03:55:07.000Z,
twitter,"Kalau aku ga setuju vasektomi untuk pria, bakal dihujat netizen twitter ga ya?",2024-09-17T15:34:26.000Z,
twitter,"Nah ini baru aku ga setuju

Pernikahan itu kan hubungan 2 insan. Sudah selayaknya saling mengerti. Gua kontra² gini kalo naudzubillah istri harus tubektomi, gw ikhlas kok vasektomi juga. 

Nyawa istri cuy taruhannya. Pengorbanan gw ga seberapa.",2024-09-17T14:55:31.000Z,
twitter,Kirain bunda moze setuju program vasektomi,2024-09-17T09:35:57.000Z,
twitter,"Pilihan buat vasektomi aka ""mandulin diri"" mungkin emg masih pro-kontra. Blm lg kalo ada pendapat org luar (keluarga besar) yg ga setuju. Tp mindset kyk gitu sedikit banyak ngasih gambaran kalo buat beliau, ""sudut pandang perempuan as isteri ga terlalu berpengaruh ...",2024-09-17T06:37:45.000Z,
twitter,"Tergantung sikonnya. Maksud gue untuk vasektomi yg sifatnya permanen, pengambilan keputusannya ga bisa kek orang makan sambel. Dimakan langsung terasa pedes. Tp gue setuju setuju aja klo soal laki pun sah sah aja klo mau pake alat kontrasepsi, semisal kondom atau yg lainnya.",2024-09-17T06:20:35.000Z,
twitter,"imo, vasektomi dan tubektomi itu salah satu keputusan penting di pernikahan yang harus dipikirkan matang2. aku setuju sih kalo kedua prosedur ini harus dijalankan karena ada keadaan yg bisa membahayakan salah satu atau keduanya, bukan karena ikut2an aja",2024-09-17T05:54:20.000Z,
twitter,"Dari source yang sama
Sebelum judging sambil bawa agama, lebih baik nanya dulu kenapa si mba dan suami setuju vasektomi.
Berdasarkan sumber Anda, berarti alasan mbanya valid.",2024-09-16T15:01:48.000Z,
twitter,Salah satu alasan untuk setuju ketika berdiskusi dgn istri ttg vasektomi  https://x.com/noniksipit/sta/noniksipit/status/1835547913138901063…,2024-09-16T14:06:27.000Z,
twitter,"Gini singkatnya, 

Orang yg sudah setuju atau berkomitmen melakukan proses vasektomi, artinya sudah melalui persetujuan2 atau komitmen2 pra pernikahan atau pasca pernikahan. Karena vasektomi nyatanya ga bisa dilakukan semua orang. Resikonya nempel disitu dan kalo sudah di ...",2024-09-16T07:52:11.000Z,
twitter,Saya setuju dengan vasektomi,2024-09-16T07:50:47.000Z,
twitter,"Turut prihatin sender :( suami istri setuju buat tutup kandungan apalagi sampe mau vasektomi, tapi pasti dokternya yang nda mau. Dengan berbagai macam ""kalau"" padahal bukanji dia rasakan. Mungkin bisa nder pake pengantar psikolog, seek professional help mi. Semangat yaaa ",2024-09-12T02:41:35.000Z,
twitter,"Bisaaa, skrg udah ada pilihan yg juauh lebih aman yaitu vasektomi. Tapi sygnya banyak orang patriarki yg nggak setuju padahal kalo mau disambung lagi bisa lohh, dan tetep bisa ereksi + keluar air mani nyaa",2024-08-27T10:23:31.000Z,
twitter,"Kak, maaf tp emg vasektomi itu gk mesti permanen, jd bs disambung lg ya

Di artikel ini jg dijelaskan, selagi kondisinya bukan yg permanen dan ada kemungkinan bs hamil kembali, gpp utk melakukan vasektomi

Klo yg permanen, saya setuju klo emg gaboleh",2024-08-08T03:33:27.000Z,
twitter,( Absen yang setuju Bang Sastra kita kebiri dan vasektomi  ) https://x.com/yees_e0_0/stat/yees_e0_0/status/1818249258367344970…,2024-07-30T11:38:31.000Z,
twitter,"Ngobrolin tentang vasektomi dengan 2 cowok berbeda.  Jawabannya sih sama² OK, tapi alasannya beda - beda. Meskipun pada intinya 22nya sama - sama kayak tidak setuju gitu.

Ternyata cwok masih pada takut g punya keturunan ya?",2024-07-30T07:29:45.000Z,
twitter,"bapaaakk, bapak keren banget. aku setuju bgt mulai dari ide konsep vasektomi, sampe ke punya anak itu baiknya liat kualitas, bukan lg kuantitas. it's very sweet of u to choose this, i just know ur wife is a lucky one ",2024-07-05T10:21:49.000Z,
twitter,"Iya. Semoga nanti bisa ikut vasektomi. Agar ibu juga lebih nyaman.

Saya mikirnya, bidan akan tidak setuju jika masyarakat membatasi jumlah anak. Mereka pastinya ingin masyarakat di lingkungannya banyak anak.

Mungkin sih... ",2024-07-05T07:30:40.000Z,
twitter,"berani qrt dan bilang setuju karena contohnya beneran ada di sekitarku
plis stop berpikir banyak anak banyak rejeki, tolong lebih prioritasin pendidikan anak. kalau belum mau prioritasin pendidikan anak lebih baik jangan punya anak dulu. pake birth control/vasektomi yayaya",2024-06-19T15:19:59.000Z,
twitter," 
Aku setuju perempuan punya hak untuk merasa puas—bukan cuma memuaskan laki-laki—ketika bersanggama. Aku setuju bukan cuma perempuan yang harus mengantisipasi kehamilan misalnya dengan minum pil KB, melainkan laki-laki juga bisa misalnya dengan vasektomi.
 ",2024-06-16T04:02:27.000Z,
twitter,"Sekarang lg tren kata2 vasektomi, org2 jd gampang bgt bilang vasektomi2. Vasektomi itu ada minimal umurnya, terus bener2 buat pasangan yg udh ga mau punya anak lg. 

Dokter jg ga main iya2 aja setuju vasektomi, apalagi kalau pasangannya masih muda.",2024-05-26T14:18:54.000Z,
twitter,"Gue tanya ibu gue soal vasektomi dan dia setuju kalo suami tuh juga harusnya ikut andil. Tapi diedukasi sulit, padahal suami itu juga harus belajar soal pra dan pasca kehamilan. Kata ibu gue emang mending suami yang vasektomi karena kalo ibu yang kb banyak resiko.",2024-05-23T23:53:36.000Z,
twitter,"TERHARU

Pas lagi mkn, ga sengaja liat keluarga dengan 2 anak kecil lucu2.
Terus terjadilah obrolan yg kurleb begini.
 : Nanti kalo dikasih rezeki anak, punya 2 cukup kali ya
 : Setuju, trus setelah punya 2 gimana? 
 : *diem mikir*
 : Nanti aku aja yg vasektomi ya",2024-05-23T11:55:22.000Z,
twitter,"Langsung disini aja yaa soalnya ga spesifik 1 orang kok. Ini bahasan tentang vasektomi, kehamilan & bayi tuh parasit. 
Aku sebel aja sama org org dongo yg ga bisa terima perbedaan pendapat. Maksudku kalo dia ga setuju sama vasektomi yaudah diem aja, gausah gangguin org (cont)",2024-05-12T09:12:10.000Z,
twitter,"Semua juga ada resiko ""kebobolan""  abangkuh.. tinggal pilih sesuai preference masing-masing.  Cuma nihhh di twt yg di quote, pil kb ternyata resiko nya gede bikin kanker dll. Makanya banyak yg promosiin jenis kb lain. Ga setuju  dengan vasektomi ya gapapa.",2024-05-12T01:03:37.000Z,
twitter,"Dipikir2 berat bgt ya jd perempuan. Kb resiko tumor, gak kb ya hamil terus. Nyuruh suami vasektomi, blm tentu keluarganya setuju. ",2024-05-11T15:31:50.000Z,
twitter,"Vasektomi itu kb permanen, ga bakal bisa punya anak lg. Lagian vasektomi jg ada minimal umurnya kok, ga semua dokter langsung setuju kalau pasiennya mau vasektomi kecuali udh memenuhi kriteria.",2024-05-11T11:40:29.000Z,
twitter,"Sedih sekarang banyak 'asumsi' 'opini' dan 'agenda' yang mau menolak syariat islam.. muslim mulai dibuat ragu sehingga banyak muslim setuju kalau perempuan tdk boleh disunat, mewajarkan vasektomi dan perempuan childfree tanpa ada udzur syar'i..
Padahal semua udah ada tuntunan-",2024-05-10T12:22:52.000Z,
twitter,"Lebih efektif ini, saking efektifnya bisa dibilang ""mandul permanen"" soalnya buat disambung biar bisa ngehamilin susah dan kemungkinan berhasil kecil. Biasanya vasektomi ditempuh kalau kedua pihak setuju buat gak nambah anak lagi.",2024-05-08T08:17:39.000Z,
twitter,"asli gue bingung, kenapa  pria pria kelas menengah ke bawah spiritualis hobby ngentot dan koleksi waifu ini takut dan gak setuju banget sama Ide tentang Vasektomi....

padahal kan malah sebenernya vasektomi itu bisa jadi support buff buat geliat hobby mereka....",2024-05-06T09:42:26.000Z,
twitter,"Iya bener aku setuju banget parahan manusia emg. Manusia tu spesies paling invasif kalo dibanding kucing. Eh jadi kamu udh tubektomi/vasektomi, dong kak?",2024-05-06T07:47:53.000Z,
twitter,"Makanya itu wkwkwk, ga setuju vasektomi karena ga mau, atau alasan agama ya fine2 aja

Cuman bikin2 alasan ginian lucu jatohnya",2024-05-06T04:08:57.000Z,
twitter,Setuju banget gue KB/Vasektomi harus disadari di Indonesia ini,2024-05-05T16:38:22.000Z,
twitter,"""Vasektomi relatif aman! ANGKOT88 setuju harus lebih banyak yang tahu soal ini!""",2024-05-05T14:38:52.000Z,
twitter,"""KB nggak hanya tugas cewek! ANGKOT88 setuju vasektomi perlu disosialisasikan!""",2024-05-05T13:21:57.000Z,
twitter,"Setuju.. Tp cm saran buat pelaku Vasektomi n Tubektomi benar2 dipikirkan klo masi under 30.. Amit2.. Salah satu dr pasangan meninggal, masa mw ngejomblo cukup lama.. Tentu akan cari pasangan.. and pasangan kita tentu ingin ada keturunan jg bkn hanya dr alm",2024-05-05T09:12:24.000Z,
twitter,Kalo org kayak di ss tersebut gw setuju banget vasektomi. Bahkan dipotong tytyd nya akan lebih baik krn org goblog kayak dia lebih baik gk punya anak ,2024-05-05T08:16:15.000Z,
twitter,Kalo org kayak di ss tersebut gw setuju banget vasektomi. Bahkan dipotong tytyd nya akan lebih baik krn org goblog kayak dia lebih baik gk punya anak ,2024-05-05T08:16:15.000Z,
twitter,"Setahu saya kalo mau KB vasektomi atau tubektomi harus dengan persetujuan pasangan (ada lembar informed consent), jadi nggak bisa cuma satu pihak aja.. Tujuan ikut 2 KB ini kan karena gak mau punya anak lagi, kalo ternyata pasangannya gak setuju, bisa berabe.. ",2024-05-04T23:42:23.000Z,
twitter,Harusnya sih bisa ya. Tapi mengingat kultur Patriarki kita yg melekat kuat seperti agak sulit untuk mensosialisasikan hal tsb. Sy setuju sih soal vasektomi pd lelaki yg sudah berketurunan dan menikah. Karena perempuan di negara ini masih dijadikan subjektifitas seksual.,2024-05-04T15:41:37.000Z,
twitter,Tubektomi dan vasektomi aman! ANGKOT88 setuju bisa cegah kehamilan tak direncanakan! #AgnesMonica,2024-05-04T14:39:18.000Z,
twitter,"Cukup cuitus interuptus, so far masih teruji keterampilannya, ga harus vasektomi. Sesuaikan kondisi masing2 ya bolo. Mau vasek tpi pasangan krg setuju, istri mau KB ane jg kurang setuju.",2024-05-04T12:33:51.000Z,
twitter,"Program aneh.. Tuhan mengasih Sesuatu itu pasti ada manfaàtnya 

Jika istri ga mau punya anak lagi maka ada kesempatan lagi nambah istri 

Saya kurang setuju vasektomi itu...
Bisa saja nanti dapat penyakit baru

Allahu a'lam bisowab",2024-05-04T06:43:40.000Z,
twitter,"saya lebih setuju vasektomi untuk program keluarga berencana, karena sterilisasi pada perempuan efek sampingnya tinggi dan juga lebih mahal. untuk pil kb dll itu kasian juga dari perempuan harus selalu minum setiap mau berhubungan, ini juga ngaruh ke siklus menstruasinya",2024-05-04T05:54:42.000Z,
twitter,"Lah cesar itu ga bisa lebih dari 3x, dan itu 2 anak lahir di cesar sakit nya ga akan hilang bagi si ibu. Tapi, ga setuju sama Vasektomi nya. Bicarain secara baik², ga langsung main cerain aje. https://x.com/MireinaRiviere/MireinaRiviere/status/1786406913443553356…",2024-05-03T15:02:16.000Z,
twitter,"Lu pikir suaminya seonggok kayu yg pasrah gak bisa ngapa2in gitu kah? Makanya lu sebut si suami dapat hukuman?

Suaminya juga manusia, BISA AMBIL KEPUTUSAN SENDIRI. Bisa bilang ya/tidak, setuju/gak setuju.

Si suami MEMILIH untuk vasektomi.",2024-04-24T22:44:20.000Z,
twitter,"Gw pernah obrolin soal gw mengusulkan laki gw vasektomi & beliau setuju
Trus respon temen2 ""keenakan atuh jul nanti dia ngerasa bebas celup sana sini""
Me ""gpp drpd anak gw punya sdr tiri""

Gw posesif. Maunya anak laki gw ya anak2 gw aja. Anak gw ya mereka aja. Ga blh ada yg lain https://x.com/noniksipit/sta/noniksipit/status/1781223871108272425…",2024-04-21T04:33:42.000Z,
twitter,"Gak cuma vasektomi aja kok yg jd last resort, tubektomi jg mostly ga disarankan krn high risk. Meskipun reversible tp success rate-nya belum terlalu tinggi.

Tp gue jg setuju kalo KB itu seharusnya gak selalu harus dibebankan ke perempuan.",2024-04-21T03:36:45.000Z,
twitter,"Pdhl suami aku anjurin vasektomi jg ini, anak udah mau dua. Ga yakin kalo keluarga besar bakal setuju ",2024-04-19T12:53:05.000Z,
twitter,"Gue setuju. Tp kerjaan gue tiap hari cuma ngetik di depan komputer. Trus gue mau menuntut obat hormon/iud/spiral buat cowo ke siapa?

Dari dulu pilihan kontrasepsi cowo itu cuma 2, kondom/vasektomi. Ujung2nya cewe yg dirugiin karena kontrasepsinya di cewe.

Tp gue bisa apa?",2024-04-15T14:29:41.000Z,
twitter,"Gue setuju pake kondom, atau bisa jg buang diluar. Gue punya istri dan dia ga KB kok. Gue ga pernah dan ga akan maksain. Tp untuk vasektomi, itu khusus kalo udh ga mau punya anak lagi. Kalo lu scroll di atas, ada kalimat jaga jarak kehamilan. Sekarang miskin, tp ga selamanya kan?",2024-03-07T03:55:20.000Z,
twitter,"Kalo udh gamau punya anak lagi, iya setuju vasektomi. Tapi kalo ngatur jarak kehamilan, vasektomi bisa di undo kah?",2024-03-07T02:51:30.000Z,
twitter,"ini pas lahiran kaga ditanyain kah sama bidannya mau pasang kb atau gk? atau suami nya yg gk setuju? pdhl kb suntik ada, takut gemuk? pasang IUD, takut knp"" karena dipasang di rahim? ya tubektomi atau vasektomi aja sekalian, mikir dah mikir. miskin laha banyak anak",2024-03-06T11:42:45.000Z,
twitter,"Kalo makan siang gratis untuk anak sekolah si aku setuju ya, apalagi yang 3T. Tapi kalo ibu hamil nih yg menurutku keberatan im so sorry, kalo buat makan bergizi aja masih susah, mending jan punya anak dulu sosialisasi KB/vasektomi kudu dikencengin lagi.",2024-02-06T02:44:43.000Z,
twitter,Pengen banget ada hukum yg mewajibkan laki2 yg begini utk vasektomi. I know bakalan ada yg ga setuju tapi kesel bgt kita tuh udh jadi fatherless country lho.,2024-01-30T01:24:41.000Z,
twitter,"Masih awam dan pengen banget belajar soal vasektomi. Apalagi ngobrolin ini sama pasangan di masa depan.
To my future husbu, aku nggak maksa kamu buat setuju sama aku kok. Soalnya aku sendiri juga takut wkwkw",2024-01-27T09:30:27.000Z,
twitter,Kalau gue sebagai cewe sih gak setuju ya kalau misal suami gue nanti vasektomi.,2024-01-27T08:17:48.000Z,
twitter,Salah satu alasan kenapa sepupu ga setuju suaminya yg vasektomi. Mending istrinya aja yg tutup pabrik ,2024-01-26T14:59:52.000Z,
twitter,"yeu ga setuju vasektomi malah nyuruh cewe tubektomi, goblok",2024-01-26T14:08:12.000Z,
twitter,"Tp gue setuju sih, kalo jodoh lu kan belom tentu selamanya sama pasangan. Kalo lu cere trs nikah lagi udh trlanjr vasektomi, bakal ribet nnti. Vasektomi ga 100% bisa balikin ke kondisi awal. Kalo pake metode inseminasi/bayi tabung pun itu bakal mahal banget.",2024-01-26T13:56:09.000Z,
twitter,"Udah diskusi dengan calon istri, kalo anak sudah cukup dengan jumlah keinginan maka saya vasektomi, pas diskusi ama keluarga banyak yg menentang awalnya tapi pembahasan ini penting banget jadi akhirnya semua sudah setuju dan sepakat memperbolehkan.",2024-01-26T12:10:58.000Z,
twitter,Cowo vasektomi itu bisa crot didalem tanpa hamil loh. KENAPA PADA GA SETUJU DAH??????,2024-01-26T11:08:51.000Z,
twitter,"Dia sokap dah? Gamcul yg jd suaminya aja gak protes mau vasektomi, lah ni org bacot bener ngatur². Klo lu gak setuju mah gak usah maksain pendapat lu ke org lain, gak guna aslian",2024-01-26T09:43:14.000Z,
twitter,"Setuju. I just wish more people would think that way. Yang bikin keselnya itu, ada stigmanya kan? Katanya kalau vasektomi bukan real men lagi or something. Or maybe they need more information on that yah.",2024-01-24T15:00:58.000Z,
twitter,"Aku setuju, soalnya ayahku vasektomi",2024-01-21T13:50:37.000Z,
twitter,"Satu wanita bisa ngehasilin 1 bayi dalam 9 bulan. Lelaki? Bisa sehari sekali nanem benih ke banyak wanita. 9 bulan udah berapa wanita yg hamil dan melahirkan

Makanya KB itu bagusnya buat laki. Setuju banget sama vasektomi. Ada kenalanku yg vasektomi diam2, his own choice",2024-01-21T03:15:57.000Z,
twitter,"Mana efek kb bikin muka kusem, flek, jerawatan. Eh pas laki dimintain duit buat perawatan ga mau katanya buang buang duit . Untung paksu ga bgtu ya allah, udh setuju vasektomi. Tp vasektomi mahal coy ",2024-01-21T03:03:50.000Z,
twitter,Gimana ya meyakinkan suami agar vasektomi doi setuju untuk membatasi jumlah anak dan saya ga pake kb tapi doi ga mau vasektomi kalo pake kondom tu sbnrnya efektif ga si?,2024-01-20T09:37:45.000Z,
twitter,"Kl ortunya tanggung jawab, pinter parenting, dan keuangan aman, gw setuju. Tp kl orang wadidaw mah mending vasektomi aja deh",2024-01-19T09:41:13.000Z,
twitter,"wkwk bener setuju dm mba nya vasektomi tuh bisa dilakukan tp cowok rata rata tutup mata dan enggan. gatau kenapa alasannya. yang mau nikah coba obrolin hal kaya gini dari sebelum nikah, penting soalnya.",2023-12-14T01:02:11.000Z,
twitter,"Aku kan g mau hamil lg dan ga mau pake KB jenis apapun. Dan suami setuju-setuju aja.
Aku nyaranin buat vasektomi tp gamau ",2023-11-19T12:45:53.000Z,
twitter,"Setuju sih, kemarin abis baca gepeng dan salut juga sm mcnya karena 'alih² pake kresek', doi operasi vasektomi diumur ke 20. Dan di keluarganya tuh kek menjunjung tinggi kesehatan jd sebelum kena suatu penyakit bakal check up all body buat perawatan dini. Itu poin positifnya",2023-11-13T11:47:38.000Z,
twitter,"Iya setuju. Btw aku harap banyak orang di indo ga sebelah mata lgi sama istilah vasektomi . Kalau dirasa anak udah cukup atau udah mulai ga seimbang lgi ekonomi , mental , fisik boleh dicoba Nih Dan ada lumayan benefit2 baik di dalam nya .",2023-08-11T12:36:03.000Z,
twitter,"Sama, ga ada niatan sama sekali nyakitin beliau, tapi setuju serem bener mainnya vasektomi padahal katanya mau punya anak 11.",2023-06-13T12:27:14.000Z,
twitter,"weh agaknya w cukup setuju tau sama vasektomi. kaya kasian bgt gituuu jadi cewe karna ga semua org tuh cocok pake KB loh

kali2 yg laki yg kesakitan",2023-04-19T15:25:46.000Z,
twitter,"Aku setuju sih kalo ini diterapkan di Indonesia, biar gak seenaknya bikin anak. Anak juga punya hak untuk sejahtera n diperhatikan. Trus kalo udah punya anak, lebih dari 2 tapi gak keurus mending bapaknya di vasektomi.",2023-04-17T21:22:43.000Z,
twitter,"Ih setuju banget. Kalau dibilang mereka tdk berpendidikan sehingga gak mikir dampaknya, kayaknya gak mungkin. Krn pemerintah udah lama mengkampanyekan KB terutama di desa. Anak sampai makan kertas? Udah mending lu vasektomi aja biar gak jadi anak lagi.",2023-04-17T16:24:18.000Z,
twitter,"Bagus sih komennya. Setuju. Tp ada jga komentar netral yg bilang bahwa 8 anak mungkin emg udh takdir dua orang itu. Kayak webtoon yg pasangan mau child free udh usaha sampe vasektomi ujung2nya hamil jga. Kita bisa berusaha, tp Allah selalu punya cara buat kasih kehendaknya",2023-04-17T14:22:33.000Z,
twitter,"Gw lbih setuju ke program pemerintah yg dua anak cukup sih, harusnya klo uda tau gk mampu dan ekonomi finansial gk mencukupi ya kurang²in aja ngewe kalo gk mampu vasektomi kan bisa KB atau pake cara alami aja nembak dluar, simple sih tpi Gk ada niat nya klo uda gini kasian ankny",2023-04-17T13:10:32.000Z,
twitter,"setuju, pdhl jg ada yg lebih murah dr vasektomi yaitu kondom. 
dan lebih murahnya lagi bisa keluar di luar ",2023-04-17T06:13:01.000Z,
twitter,"Sejujurnya kurang setuju vasektomi/steril/suntik hormon. Meski terdengar bagus, tapi agak redundant. 
TKP pelecehan seksual itu udah dari otak, alat kejahatannya baru penis, kalo laki. Ketika alatnya diambil, maka ada kasus kaya cangkul, atau botol yang dimasukkan ke vagina.",2023-04-12T15:16:42.000Z,
twitter,"Mbaknya bilang udah punya anak kak. Kalau melihat poin yg disampaikan memang ftychia out of context aja, gak bisa mengurutkan apa-mengapa-bagaimana.
Karena boleh2 aja perempuan gak setuju vasektomi, masalahnya dia gak bisa menjelaskan dg baik dan melenceng dari konteks dok Purbo",2022-12-25T15:47:51.000Z,
twitter,"...gue setuju aborsi, vasektomi, hysterectomi di legalkan dan di subsidi. gue juga setuju kalo tempat ibadah yang melarang kontrasepsi harus diatasi. 
tapi dari wacana total jam kerja ke kemiskinan ke perilaku reproduksi ini, overstretch nya kelewatan",2022-12-12T14:23:55.000Z,
twitter,"Dulu dia setuju kalo punya dua anak dia bakal vasektomi biar aku ngak harus kb, eh sekarang saya tau knpa dia setuju2 aja, biar ngak ada anak yg lahir dr selingkuhannya ",2022-11-21T12:42:16.000Z,
twitter,"vasektomi jg gak selalu reversible. kalo apes bisa permanen. tdnya gw pikir vasektomi reversible can, makanya gw sempet setuju. setelah ngobrol2 sama adek urg yg bidan, duh gak deh wkwk",2022-11-19T14:57:45.000Z,
twitter,"sejujurnya, aku setuju sih sama ini. baca replies katanya ada vasektomi(?) tapi kayaknya belum banyak dilakuin https://x.com/convomfs/statu/convomfs/status/1561289815412580352…",2022-08-21T16:23:10.000Z,
twitter,"Setuju, tp masih blm banyak berkembang macam2 kb untuk cowo. Harusnya banyak pilihan gitu ya kayak buat cewe. Klo vasektomi pada minder duluan pasti",2022-08-21T15:30:39.000Z,
twitter,"Setuju lah, kalo bandel gamau pake pengaman vasektomi aja. Kasian ibu-ibu dan perempuan dibebanin terus disalahin terus gara2 si sperma.",2022-08-21T15:04:31.000Z,
twitter,"Yessss, suamiku setuju banget sama ini. Niatnya kalo umurnya udh cukup, suami mau vasektomi.",2022-08-21T14:25:29.000Z,
twitter,"Setuju, aku selalu pake kb kondom..
Kehamilan  ke2 SC, mohon2 ke spog buat sekalian steril.. Rencana cadangan kalo spog gag mau steril, suami mau vasektomi..
Untung spog nya mau, jd gag keluar duit banyak buat vasektomi..",2022-08-21T14:11:37.000Z,
twitter,setuju sih tp pernah denger katanya di islam tdk boleh vasektomi..... https://x.com/convomfs/statu/convomfs/status/1561289815412580352…,2022-08-21T12:48:35.000Z,
twitter,"Sangat setuju untuk vasektomi buat laki"" perempuan juga kb kenapa cowok jarang",2022-08-21T12:29:36.000Z,
twitter,"Setuju bgtzzz, Pertama perempuan hamil 9 bulan, lahiran sakit, trs nanti efek samping hormon KB jadi jerawatan, bb nambah, nanti cowonya kek ""Kamu udh g cantik lg aku tinggalin y hehe"". Kalo laki sehari bisa ngebuahin cewe berapa kali? Vasektomi juga not bad kan :/",2022-08-21T11:37:32.000Z,
twitter,"Pak saya kok mau setuju sama omongan temennya adeknya Lou yang bilang kenapa bapak gak vasektomi di TV aja, biar yang lain juga ikutan..........",2022-07-08T07:28:44.000Z,
twitter,Makanya sya setuju vasektomi jdi mandatory wkwkwk,2022-07-08T04:08:21.000Z,
twitter,"Jadi interest bgt masalah ini, oot mau cerita aja, jangankan vasektomi (kalo misal legal) di daerahku, istrinya pake KB spiral aja di komplen katanya nabrak nabrak, keknya masih jauh ya perempuan bisa bebas dari pemasangan KB (personally, kurang setuju sama pasang kb untuk pr)",2022-06-02T03:56:40.000Z,
twitter,Jadi setuju sama pendapat kalau beneran penganut childfree harusnya kbnya berupa steril sama vasektomi? Kan jadinya beneran nggak berharap ada anak sama sekali tuh :(,2022-05-27T22:42:04.000Z,
twitter,Setuju. Galakkan vasektomi. https://t.co/J2OuEznMFb,2022-05-05T12:23:46.000Z,
twitter,"Setuju, harus dipertimbangkan dengan matang.
Syaratnya sebenarnya banyak juga.
Harus sudah punya anak minimal 2, anak kedua sudah > 5 tahun.
Kemarin ada yg cerita, dia memang niat 1 anak saja, mau vasektomi, tidak diizinkan",2022-01-22T12:09:09.000Z,
twitter,"Gw setuju sama unch per se. Kecuali alasan terapeutik, dokter dilarang melakukan tindakan vasektomi/tubektomi/dst. Kalau yang mau bergerak atas nama HAM, dokter justru sedang menegakkan HAM karena tubuh manusia itu berharga dan tidak untuk dirusak/disakiti.",2021-09-22T08:05:23.000Z,
twitter," : kan pria bs menghamili banyak wanita, jd produk Kontrasepsi harusny di kembangkan buat pria dan mereka yg di tuntut pake,.
Masak harus istriny yg berkorban terus, suaminya yg harus vasektomi
 : Iya betul, setuju sih mas",2021-08-20T07:54:26.000Z,
twitter,"setuju. kalo si cowo gamau make kondom, daripada nyuruh nyuruh cewe minum pil kb, morning pills, dll. ngerusak hormon, cowo nya sekalian gua suruh vasektomi. kebiasaan cewe yang suruh maju.",2021-04-26T13:26:05.000Z,
twitter,Setuju sekali dengan vasektomi. Moga syaratnya tidak dipersulit. ,2021-04-25T14:31:47.000Z,
twitter,"Setuju...di Indonesia Belum umum KB vasektomi. Padahal kalau dirasa sdh cukup (anak) , proses vasektomi,cuma 20 menitan. Sakit nyeri sedikit dan setelahnya kualitas hubungan seks lebih bagus.",2021-03-18T04:37:32.000Z,
twitter,"Gausah di julid dulu. Dia mau aborsi juga pasti udah ada pertimbangan. Daripada dipaksain nikah dan anakny lahir tapi malah ga keurus dengan baik ya sy mending dia aborsi lah. 

Lagipula, kalo g punya rahim, gausah sok ga setuju dg aborsi atau kalo ga setuju y km vasektomi aja",2020-12-05T05:20:45.000Z,
twitter,Gw lebih setuju di penjara + vasektomi,2020-08-10T08:34:04.000Z,
twitter,"Sampai saking saya gak ingin punya anak lagi, suami setuju donk buat vasektomi. But anyway, memang lebih baik punya anak sedikit tapi kita bisa total buat menghidupi mereka, memberikan yang terbaik. Dibanding punya banyak anak tapi gak bisa total merawatnya.",2020-07-16T06:37:47.000Z,
twitter," satu sisi g setuju sm lo soal gugur2an soalnya g jg dr sperma sial. Tp sisi laen g gak setuju jg krn g ud tau rasanya jd bapak orang. 

G harap lo beneran serius bakal vasektomi soalnya lo kyknya ga bgt punya anak kandung ",2020-02-02T14:11:00.000Z,
twitter,aku setuju. Gak banyak laki-laki yg mau ikut vasektomi. He's so considerate,2019-06-20T16:08:04.000Z,
twitter,"Setuju. Om gue gitu, vasektomi itu gaada efek samping bagi kehidupan sex. Jadi ya why not",2019-06-20T12:39:51.000Z,
twitter,Setuju sih raf sebenernya rasa tanggung jawab aja. Apalagi yg dirasa sudah punya anak cukup bolehlah vasektomi,2018-10-28T13:59:40.000Z,
twitter,"Prnh ngobrolin gini ama suami, pertama nya suami kurang setuju tapi akhirnya setuju... tapi setelah sy pikir2 kasihan jugak suami, siapa tau kami berpisah atau sy meninggal duluan dan suami remarried pasti nya mereka pengen punya anak kan.  Jadi kita coret vasektomi dari list.",2018-05-30T13:04:10.000Z,
twitter,"""Bar kuwi si jow kudu di vasektomi..ben sehat 
@GisellaUci
: Setuju, mau yowes ta omongi ""
@yudhapati88
: Si jow cocok'e dikawin mix karo",2015-05-19T12:59:20.000Z,
twitter,"""
@Ronin_indonesia
: Dia dk jg se7 vasektomi haha...""@Presiden2014com: Rhoma Irama Tak Setuju Dikotomi Profesi http://goo.gl/kNWQy0""""",2014-03-07T16:34:51.000Z,
twitter,"Kamu vasektomi aja :p ""@bayupragawiryo: Ayok lah kt jlni program ny :| RT 
@indahpratiwinda
: Setuju pak  Presiden SBY: Program KB adalah sol",2013-09-25T00:50:01.000Z,
twitter,"Setuju! Ben ra do manak terus! RT 
@detikcom
: Vasektomi & Tubektomi Paling Tepat Buat Orang Indonesia http://de.tk/PPObM via 
@detikhealth",2012-05-21T07:00:25.000Z,
twitter,"Setuju (ง`▽´)ง  RT 
@detikcom
: Vasektomi & Tubektomi Paling Tepat Buat Orang Indonesia http://de.tk/PPObM via 
@detikhealth",2012-05-21T06:56:03.000Z,
twitter,"Setuju. Klo perlu vasektomi.  RT 
@detikcom
 Pembunuh & Pemerkosa Mahasiswi Binus Dituntut Bui Seumur Hidup http://de.tk/ScLX9",2012-03-20T11:28:10.000Z,
twitter,"Kok agak ngeri yg itu hehe..*yg udah berkeluarga ada tanggapan?*  RT 
@protespublik
: setuju KB utk pria. vasektomi ?",2011-12-22T01:11:39.000Z,
twitter,"setuju KB utk pria. vasektomi ?“
@ngrasaniPacitan
: KB yg ramah perempuan? Atau laki2 saja yg KB! RT @",2011-12-22T01:03:43.000Z,
twitter,"Setuju nan ""
@revinannda
: 
@imyginting
 suruh suami mu aja vasektomi -________-""",2011-11-05T10:52:33.000Z,
twitter,"juoh.. Mayaakk!! RT @asrultwit hei 
@shalySan
 @LukyBringz
 @Untownculun setuju ga kalo 
@Risan_dyako
 di VASEKTOMI ha.ha",2011-09-26T15:46:43.000Z,
twitter,"hei 
@shalysan
 @lukybringz
 @untownculun setuju ga kalo 
@risan_dyako
 di VASEKTOMI ha.ha.",2011-09-26T09:45:16.000Z,
twitter,"Ade u yg blg RT 
@JustDrean
: Parah gw d hina berjamaah !! Mnta gw vasektomi lo wel?? Hah !! RT 
@betmud
: Setuju!RT 
@salmasia
: Dy terlalu homo",2011-09-08T09:41:18.000Z,
twitter,"Parah gw d hina berjamaah !! Mnta gw vasektomi lo wel?? Hah !! RT 
@betmud
: Setuju!RT 
@salmasia
: Dy terlalu homo",2011-09-08T09:40:00.000Z,
twitter,"walaupun menyenangkan pihak istri, tapi ada juga istri yg tak setuju suaminya di #vasektomi, takut nembak di mana2 tanpa meninggalkan jejak",2011-05-26T14:57:30.000Z,
twitter,"PNS Kota Bandung Setuju Vasektomi http://bit.ly/lWSnKA via 
@todayindonesia",2011-05-12T06:54:55.000Z,
twitter,"TO:DAY › PNS Kota Bandung Setuju Vasektomi http://today.co.id/read/2011/05/12/31410/pns_kota_bandung_setuju_vasektomi… via 
@AddThis",2011-05-12T06:21:18.000Z,
twitter,PNS Kota Bandung Setuju Vasektomi http://bit.ly/lWSnKA,2011-05-12T06:15:47.000Z,
twitter,"Ehm, setuju terutama setelah anak ke2? :)
@chaerani
: 
@sitasupomo
 VASEKTOMI massal!!",2011-01-15T02:23:33.000Z,
twitter,"Nggak setuju.., lebih baik di Vasektomi RT
@revolutia
: Apakah anda punya pikiran yg sama dgn saya? Ketua PSSI kita jg perlu dinaturalisasi!!!",2010-12-19T17:16:09.000Z,
twitter,"@zulhaqcom kalau kontrasepsinya vasektomi, si istri pasti setuju *halah, dibahas*",2010-12-01T22:50:04.000Z,
