platform,komentar,timestamp,sentimen
twitter,"diskursus vasektomi ini sebelumnya sempat rame perkara cowok rela vasektomi tpi ceweknya hamil sama cowok lain, dan respon orang"" di X pada kontra vasektomi. gk lama dari ini, muncul pernyataan kdm mengenai syarat ambil bansos harus vasektomi dan kb, tiba"" banyak yang dukung di X",2025-05-01T00:33:48.000Z,
twitter,"kenapa ada cowok yg gamau vasektomi? 
pdhal kalo ngehamilin juga belum tentu becus tanggung jawab.",2025-05-01T00:02:42.000Z,
twitter,Cowok-cowok kenapa pada beringas banget bahas vasektomi wkwkwkwk apakabar kita perempuan,2025-04-30T23:52:03.000Z,
twitter,"indo belum siap nerima berita gini, masalahnya:

1. vasektomi pada gak paham
2. diliat yg ngomong siapa
3. ""cewek kan bisa ngapain cowok.""
4. prinsip banyak anak banyak rejeki
5. masih banyak yg gak peduli soal kualitas kehidupan anak jd beranak terus
6. penting ngegas dulu",2025-04-30T23:45:49.000Z,
twitter,"emang gaadil sejak dalam pikiran, setuju gara² itu cowok aja. mendorong vasektomi bagus, tapi memaksakan jangan permah didukung. mau vasektomi, KB, tubektomi jangan pernah setuju kalo dipaksakan apalagi dikaitkan bansos",2025-04-30T23:39:12.000Z,
twitter,"Gua gatau kenapa cowok cowok marah perihal vasektomi ini, karena seinget gua beberapa tahun lalu malah cewe yang ga setuju suaminya divasektomi. Karena ada anggapan suaminya bakal bebas celap celup tanpa takut hamil.",2025-04-30T18:14:26.000Z,
twitter,Gue seneng dan ikut bangga kalau ada cowok di luar sana yang vasektomi ( by personal choice atau kesepakatan sama istrinya ). Tapi kalau untuk dijadikan kebijakan pemerintah sih ngga ya,2025-04-30T18:04:52.000Z,
twitter,"knapa ada yg cowok gak mau vasektomi? 
Padahal klo ngehamilin juga belum tentu becus tanggung jawab.

harusnya tuh seneng, bisa bebas ngewek tanpa khawatir bikin hamil .",2025-04-30T17:58:39.000Z,
twitter,"pro/kontra vasektomi ini sngat wajar sih krna sosialisasi nya tuh gak segencar kb pada umumnya, ini tugas pemerintah u/ memperkenalkan vasektomi dengan sosialisasi yg lebih baik pakai pendekatan lain selain lefleat. aku pribadi ya sbnrnya ga masalah cowok gamau vasek-",2025-04-30T17:56:55.000Z,
twitter,"sebenernya kalau misalkan suami gak mau vasektomi asalkan mau pakai kondom harusnya gak masalah ya, aku ngerti sebenernya knpa banyak cewe ribut2 dan menuntut cowok ""harus"" vasektomi krna disuruh pake kondom pda gamau dengan alasan ""tidak nyaman""-",2025-04-30T17:55:25.000Z,
twitter,ini jg perempuan2 yg setuju dgn pemaksaan vasektomi sbg syarat bansos dll itu bodoh bgt deh. what makes u think the gov would stop at ngatur2 badan cowok dan nantinya gaakan mulai ngatur2 badan cewek juga in the future? yall act woke but u dont understand shit istg dumbasses ,2025-04-30T16:34:09.000Z,
twitter,"PRO SIH GUE BAGIAN COWOK VASEKTOMI NYA 

gak pro nya ada bansos² segala ah elah bansos mah ga jelas",2025-04-30T16:10:44.000Z,
twitter,"Aneh deh, cowok pas disuruh KB/Vasektomi nguaaamuk satu Indonesia. Dari dulu cewek disuruh KB sampe ada iklan di TV kayaknya pada anteng anteng aja anjing.",2025-04-30T16:07:57.000Z,
twitter,"Guys, vasektomi itu kb, sama kayak di cewek. Bedanya ini diterapkan di cowok aja. Kalian tetapi ngaceng ngewe dll kok. Sambil gitu kalo kan bisa nabung tuh biar kalo nanti mau punya anak udah ada tabunganny, jadi anaknya gk idup miskin juga kek ortunya. Kebutuhan dia tercukupi",2025-04-30T16:05:02.000Z,
twitter,"Gw cowo dan gw pro vasektomi
Udah bilang ke mba pacar juga nanti after punya anak mau vasektomi aja biar dia ga capek2 minum pil KB, atau pasang IUD atau suntik apalah ribet

Agak ga paham juga sama cowok yang takut di vasektomi ",2025-04-30T15:52:10.000Z,
twitter,"Sebagai cowok yang emang niat vasektomi kalo udah punya anak, sih, agak bingung juga. Soalnya, vasektomi itu pilihan dan gak seharusnya dipaksakan. Tapi, ngeliat ke sekitar, banyak banget anak terlantar karena orang tuanya sering beranak tapi lakinya males kerja.",2025-04-30T15:13:14.000Z,
twitter,"Bukan cowok, tp persyaratan harus vasektomi buat syarat beasiswa dan bansos yang ngga setuju. Campaign vasektomi bagus, selain itu kebijakan ini absurd dan cenderung ambil jalan pintas.",2025-04-30T14:53:40.000Z,
twitter,"Vasektomi itu buat cowok, buat cewek namanya busektomi.",2025-04-30T14:51:11.000Z,
twitter,"vasektomi nggak bikin penismu yang km anggap ok sedunia itu loyo. cowok tetap bisa menyalurkan hasrat seksual, nggak beresiko gendutan atau alergi, nggak ada resiko meninggal juga. beda sama KB yang emang memengaruhi hormon cewek. mending elu yang vasektomi deh cwkkk",2025-04-30T14:50:00.000Z,
twitter,"Minimal gak ngehasilin anak² yg bisa aja kehidupan kedepannya bakal gak damai krn jd anak selingkuhan, lagian vasektomi kaga bikin kebal HIV/IMS jd kalo cowok lu msh celap celup ya emg orgnya aja yg rusak moga² kena hiv",2025-04-30T14:06:56.000Z,
twitter,"Vasektomi itu jaminan gak jadi anaknya lebih besar drpd KB pd wanita, suami² egois kan kalian DOYAN NGENTOT, pas KB nya gagal nahan, kalian salahin istri juga kannn!!! 

Cowok/Suami GOBLOKK! Miskin banyak gaya, istri lu cuma dipake lobangnya doang! TOLOLL!",2025-04-30T13:53:13.000Z,
twitter,"Dari dulu yang ditekanin buat KB perempuan, mereka harus nahan sakit bahkan banyak yang badannya rusak karena KB, tiba-tiba cowok ngerasa diatur cuma gara-gara disuruh vasektomi???",2025-04-30T13:12:39.000Z,
twitter,"Jadi menurut lu untuk mencegah orang miskin beranak Mulu gmn bang? Cowok gak mau vasektomi, KB cewek? Banyak resikonya. Kita jg ogah klo terus terusan dikorbanin",2025-04-30T12:25:38.000Z,
twitter,"Saya mempertimbangkan vasektomi karena anak udah 2. Cowok&cewek lagi. Tapi liat animasi nya jadi linu  
Lagipula kalau di agama Islam,nampaknya ini menyalahi aturan agama.
Baiknya sih berunding dulu sama MUI.",2025-04-30T12:22:13.000Z,
twitter,"Gue cowok dan gue pro sama vasektomi ini…populasi emang harus dikontrol, takutnya nanti overpopulated nya malah jadi beban bukan bonus demografi lagi
1 keluarga cukup paling bnyk 2 anak aja 
Kasian juga terlalu bnyk anak bikin istri nya jadi gak produktif gr2 kecapean",2025-04-30T11:51:03.000Z,
twitter,"Gue heran sama org2 yg memprotes syarat dpt buat bansos itu vasektomi (kb cowok). Kan cuman disuruh kontrol kehamilan, bukan dilarang punya anak ?!!
Lagian udh tw cari duit susah, masa mw bikin anak banyak2 
Kasian jir anak2 nya nnti",2025-04-30T11:38:45.000Z,
twitter,"Edukasi dulu dah tuh cowok-cowok vasektomi tuh kek gimana, banyak cwok yg ga ngerti akhirnya pada con. etapi research sendiri juga bisa kali ",2025-04-30T11:20:07.000Z,
twitter,"Gua sebagai cowok sih dukung banget ya kalau emang ada kebijakan yang ngajak laki-laki ikut andil dalam program KB, termasuk vasektomi—selama sifatnya sukarela dan ada edukasi yang jelas. Selama ini kan yang selalu disuruh pakai alat kontrasepsi atau ngorbanin tubuhnya tuh cewek",2025-04-30T09:15:58.000Z,
twitter,Cowok gue setuju dengan vasektomi wkwkwk nikah aja besok gak si,2025-04-30T08:52:42.000Z,
twitter,"giliran gencar”nya vasektomi, pd ngamuk deh cowok-cowok",2025-04-30T08:51:31.000Z,
twitter,"Hadeh cowok nih kalau udah bahas vasektomi merasa paling tersakiti. Ngewe doang tapi belum tentu bisa rawat dan didik anak 
Taik lu semua cowok anjing yang nyebelin",2025-04-30T08:45:37.000Z,
twitter,"Seru banget liat cowok pada kepanasan soal vasektomi. Gerah gua liat orang cuma mojokin cewek yang anaknya banyak pake pertanyaan, ""Emang nggak KB??"" Nggak pernah tuh liat yang, ""Emang suami lu nggak mampu beli kondom???"" Sekarang ada vasektomi, waktunya ngecounter balik mereka",2025-04-30T08:43:36.000Z,
twitter,"mungkin karena vasektomi itu katanya susah dikembalikan lagi ya tp kasian jg klo hrs wanita2 lagi yg KB, sebenarnya pak Dedi malah memuliakan wanita bgt lho. btw kamu cewek atau cowok?",2025-04-30T08:35:20.000Z,
twitter,"ya haruslah cowok juga ngalah anjing. Pake bawa otoritas tubuh, trus kalo kb-nya sejenis steril wajar gituh?. Sebagai cewek yg tiap bulan nangisin derita wanita,
Gue sangat setuju sama kebijakan vasektomi ini, terlepas gue juga ga suka si sama tuh pejabat.",2025-04-30T08:32:33.000Z,
twitter,"Serius kak karena vaksetomi itu penutupan atau pemotongan saluran tipis tempat buat sperma bisa keluar, dan ini bisa balik ke semula tanpa ada efek samping seberbahaya kb pada perempuan, makanya  lebih dianjurkan vasektomi ke cowok daripada kb ke cewek, cuman kurang edukasi aja",2025-04-30T08:27:02.000Z,
twitter,Padahal cewek pake kb meningkatkan resiko kena kanker (ini masih jd perdebatan) tp yg jelas banyak efek sampingnya dibanding vasektomi. Apa sih yg cowok takutin dr gak punya anak lg? Vasektomi bisa dibalikin lg tau gak dan minim resiko.,2025-04-30T08:16:31.000Z,
twitter,"Vasektomi itu gk berdampakburuk loh, kalian para cowok masih bisa berhubungan badan secara normal bedanya spermanya tidak akan membuahi sel telur. Jd klo sudah punya anak banyk saran aku lebih baik vasekyomi saja. Karena vasektomi dan kebiri itu 1 hal yg berbeda.",2025-04-30T08:13:04.000Z,
twitter,"repnya banyak cowok ga terima busett cewek aja kb kadang atas kemauan sendiri, coba laki pasti jarang yg atas kemauan sendiri suruh vasektomi ",2025-04-30T08:10:52.000Z,
twitter,"ya daripada ga vasektomi ga bisa dapet bansos/beasiswa? itu hak dasar, apalagi buat rakyat gamampu.

feminis fasis gini dikasih win-win solution masih aja ribut. lo kalo mau bisa tuh dompleng ajuin semua KB cewek-cowok dapet tunjangan.",2025-04-30T07:31:19.000Z,
twitter,"rada kaget repnya, padahal sebelumnya pada pengen banyak cowok bisa pro soal vasektomi.  giliran ada yg mau ngasih jalan malah dikatain ",2025-04-30T07:30:54.000Z,
twitter,"Lah, udah dikasih program gratis kenapa dibilang jahat? Lagian vasektomi juga not harmful buat cowok, bukan kebiri ",2025-04-30T07:18:57.000Z,
twitter,Kenapa cowok sangat amat komplain ketika dihimbau vasektomi? Seakan-akan akhir dunia..seakan-akan mrk udah gak akan bisa memenuhi hasrat seksual mrk lagi? Sedangkan cewek? Seakan ga punya pilihan lain kalo dihimbau KB? WHY? Hey cowok...why?,2025-04-30T07:13:55.000Z,
twitter,"Blajar lg apa itu vasektomi apa itu tubektomi. Di wanita juga ada nmanya KB steril. 
Wanita jg rela steril, biar ga punya anak, demi cowok kyak lu ngerasa g adil klau ada vasektomi. Cewek udh ngelahirin, nyusuin, ngurus sndri harus d sruh KB. Lu ngapain? Kerja doang? Cwek jg bsa.",2025-04-30T07:02:21.000Z,
twitter,"itu dia, sebagai cowok pun gue sebetulnya berniat buat vasektomi.

tapi yg jadi masalah kan masyarakat banyak yg gapunya akses informasi kesana, kok ujug-ujug malah dipaksain demi bansos & beasiswa",2025-04-30T06:56:58.000Z,
twitter,"EMANG LAYAK PAKSA KB LAH gila lu. Yg marah karena ""vasektomi"" ini emang kaum cowok lemah ego semua",2025-04-30T06:48:42.000Z,
twitter,Lol ga beda jauh sm org org yg teriak kalau cowok vasektomi “haram” giliran cewek kb hormonal dan non dibilang “wajar kodrat” terus skrg cowok kb “otoritas” taiii,2025-04-30T06:48:33.000Z,
twitter,"Vasektomi itu gk berdampakburuk loh, kalian para cowok masih bisa berhubungan badan secara normal bedanya spermanya tidak akan membuahi sel telur. Jd klo sudah punya anak banyk saran aku lebih baik vasekyomi saja. Karena vasektomi dan kebiri itu 1 hal yg berbeda.",2025-04-30T06:22:40.000Z,
twitter,"ya gue jg ga setuju kalau KB itu dipaksakan ke orang lain baik cewek atau cowok, tp kalau lu koar2 perkara vasektomi haram, bukan kebijakannya itu, ya aneh aja menurut gua",2025-04-30T05:33:49.000Z,
twitter,"Hai! Vasektomi itu seperti apa, ya? Bayangin ada sedotan kecil di tubuh cowok yang bawa ""biji"" buat bikin bayi. Nah, dokter cuma iket sedotan itu supaya bijinya nggak bisa keluar. Jadi, cowoknya nggak bisa bikin bayi lagi, tapi dia tetap sehat dan bisa main seperti biasa.",2025-04-30T04:44:02.000Z,
twitter,"Cowok marah-marah kalo bahas vasektomi, padahal kagak hamil.",2025-04-30T04:30:41.000Z,
twitter,cowok kenapa marah bgt sama vasektomi sih? takut kontol lu putus kah,2025-04-29T16:25:31.000Z,
twitter,"Kalo dipikirin bener2, cewek cuma bisa ngewe 1x dan hamil 9 bulan. Sementara cowok dlm masa itu bisa membuahi ratusan cewek. Mestinya yg KB dan vasektomi emang cowok!",2025-04-29T15:02:04.000Z,
twitter,Yg harusnya kb tuh emg cowok ga sih. Yg bikin hamil kan dia tp knp yg disuruh kb istrinya. Emg egois tuh suami yg gamau vasektomi tp istrinya disuruh kb terus²an,2025-04-29T14:57:36.000Z,
twitter,Cowok bisa menghamili wanita berkali2. Cew cm bs hamil 9 bulan sekali. Yg harusnya pakai KB emg laki2. Vasektomi pilihan tepat biar mokondo miskin hobby beranak pinak tp ga mampu bertanggung jawab berhenti punya anak,2025-04-29T14:41:35.000Z,
twitter,"Faktanya yang kerja sekarang banyak cewek, cowok malah banyak yang nganggur (cek data bps jabar). Cewek udah banting tulang di luar rumah, pulang disuruh ngurus anak, ngurus rumah, disuruh juga mikirin KB. Lah cowok? Rebahan sambil bilang vasektomi haram. Ngaca, bro!!!",2025-04-29T14:30:54.000Z,
twitter,"Lah elu bikin anak bareng, tapi tanggung jawabnya cuman sebelah?Sekarang pas pemerintah ngusulin cowok buat ikut KB lewat vasektomi, malah bawa-bawa agama. Dari dulu juga Islam nggak haram-haram amat KB, asal ada alasan yang jelas dan masuk akal. Gitu aja pada ribut.",2025-04-29T14:29:32.000Z,
twitter,"Kenapa yg gamau vasektomi itu laki-laki? Toh gak disuntik mati jg dan knpa triak2 ke HAM? Inget ya kalian cowok itu nafsunya gede, kalo gak diminimalisir jelas bahaya.

Dan tau kan bahwa “orang miskin hiburannya bikin anak” itu fakta lapangan. Makanya setuju itu jd syarat bansos",2025-04-29T14:11:21.000Z,
twitter,"Kalo untuk poin ini aku setuju sama programnya, kalo program “KB 2 anak lebih baik gagal” dan memberatkan ibu ya jalan lain hrs vasektomi ke laki2 itu harus wajib demi membatasi jumlah anak dlm keluarga. Inget ya cowok itu nafsunya gede, vasektomi itu cocok drpd dikebiri",2025-04-29T14:04:50.000Z,
twitter,"Berarti harus jelas banget, sasarannya itu orang gak punya. Btw vasektomi pada cowok kalo gak salah ada dua cara yg satu putus, yg satu kasih cincin. Tp vasektomi berapaan dah?.",2025-04-29T13:59:34.000Z,
twitter,"Yg komen bla2 kaya nya emang orang2 yg belum nikah, belum ngerasain punya keluarga, punya anak. Klo lu udah nikah, bener2 bahagia sama hidup lu, sama keluarga lu, kaya nya gak bakal ngopenin vasektomi cowok laen",2025-04-29T13:55:45.000Z,
twitter,"Byk suami2 yg g mau pake kondom alasannya ""gak enak"". Kl cowok dsuruh vasektomi kek berasa tititya aja yg d potong.",2025-04-29T13:49:00.000Z,
twitter,"Cowok yang maksa ceweknya kb, tapi gak mau vasektomi mending ngehomo aja.",2025-04-29T13:40:56.000Z,
twitter,cowok disuruh vasektomi kenapa pada kebakaran jenggot dah,2025-04-29T13:26:04.000Z,
twitter,"Intinya gak mau repot² ngurusin akar masalahnya
- perpisahan sekolah mahal, larang.
- anak bandel/bermasalah, kirim ke barak militer.
- cowok miskin banyak anak, vasektomi.
dst dst",2025-04-29T11:07:04.000Z,
twitter,Vasektomi tuh sama dgn bagian dari KB utk cwok. Jd ya nga masalah. Yg tujuannya juga utk kebaikan mrk apalagi kurang mampu. Kalau krn agama Para cowok/suami mau nga pakai pengaman? Dilarang agama jg? beranak terus istrinya kyk kucing. Mau enak tp nga mikirin masa depan anak.,2025-04-29T07:48:54.000Z,
twitter,"Anti vasektomi itu lebih ke: ""cowok menengah keatas jgn vasektomi""

 Soalnya problemnya kelas menengah atas itu sulit punya anak. Klo program vasektomi swadaya, 100% yg lakuin pasti cowok2 menengah keatas gk mungkin yg bawah para blue collar

Klo solusi KDM itu kyk solusi vaksin",2025-04-29T07:28:50.000Z,
twitter,Mentang2 udah g punya bini nyuruh cowok sunda vasektomi wkwk,2025-04-29T07:17:55.000Z,
twitter,"semakin populer vasektomi, semakin tinggi angka ngew ga sih? cowok jadi gak takut lagi pasangan sex nya bisa hamil",2025-04-29T06:08:35.000Z,
twitter,"Emang ajg makhluk modelan lu ini. 
Gak ada yg mewajibkan kb untuk wanita. 
Keduanya haram dalam agama, dibolehkan jika dan hanya jika.
Kenapa lu ngebet bener nyuruh cowok vasektomi?",2025-04-29T05:50:33.000Z,
twitter,Serba salah juga buat cowok anti vasektomi yang udah ngedukung beliau ,2025-04-29T05:05:25.000Z,
twitter,"abis komen di postingan ig yang cowok disuruh vasektomi istrinya tapi istrinya habis itu selingkuh dan punya anak.

ada yang komen ""makanya gausah vasektomi, cewe juga gausah kb, pake kondom aja napa""",2025-04-28T16:40:05.000Z,
twitter,"Pacar jamet atau cowok ons nya disuruh vasektomi, kocak! Kok malah lo yang iud. Giliran istri iud aja pada mencak2.",2025-04-26T08:06:05.000Z,
twitter,"dang keinget discourse vasektomi kemarin. cowok kaga paham tubuhnya sendiri dan yang paling dicari tahu malah tubuh perempuan, mana kebanyakam sotoy dan asbun",2025-04-23T11:30:50.000Z,
twitter,"Tentu aja istrinya selingkuh karena suaminya vasektomi. Bukan karena setelan dari sononya udah ga beres. Wahhh kok bisa ga nyampe ya ke kesimpulan sejenius itu. Emang bener deh cowok itu logis banget ya, sampe Z aja bisa disambungin ke Q gitu aja.",2025-04-22T03:09:53.000Z,
twitter,"bukan ke feminazi sih, lebih ngarah ke cewek2 yg memiliki mindset toxic masculinity yg mana laki2 itu wajib act tough dan bisa memadamkan emosinya demi orang yg dicintai. masa iyak cowok yg masih mikir2 soal vasektomi dikata cowok cupu dan nggak manly...",2025-04-22T01:47:29.000Z,
twitter,Ya cowok ny dikatain tolol juga karna mau vaksetomi ya intinya pada nyudutin vaksetomi. Nah cowok misoginis ini suka menggiring opini² sampah sama cowok yg vasektomi. Buktiny dikata katain kan bukany di support.,2025-04-21T11:27:27.000Z,
twitter,"Dari perspektif orang yang emang ingin vasektomi:
1. Misinformasi - banyak banget cowok yang dapet misinformasi kalo vasektomi itu irreversible, akan memengaruhi sex drive/performance, risiko tinggi, dll.
2. Kultur - banyak cowok ngerasa kalo vasektomi mengurangi ""kejantanan""",2025-04-21T06:22:27.000Z,
twitter,"ada cowok yg mau disuruh vasektomi aja udah aneh, ga punya harga diri ",2025-04-21T03:34:10.000Z,
twitter,"emg ruginya apa dah kalo udah berumur udah punya anak vasektomi, nanya aja ini mah, kayanya terluka amat ada cowok yg kesadaran penuh mau vasektomi
emg mau nambah anak?ngewe juga masih bisa, masih enak",2025-04-21T02:47:09.000Z,
twitter,Tapi kasusnya saat ini si cowok yg vasektomi ditinggal dan diselingkuhin,2025-04-21T01:38:15.000Z,
twitter,"4. laki-laki wajib vasektomi? siapa yang mewajibkan? discuss dari kemarin juga kebanyakan sekadar sharing belaka, yang membuatnya jadi toxic justru kalangan cowok yang gak terima cowok lain melakukan vasektomi demi istrinya.",2025-04-20T18:11:26.000Z,
twitter,Jarang ada nih cowok yg mau vasektomi,2025-04-20T10:26:49.000Z,
twitter,"Yg cowok gamau di vasektomi krn katanya berisiko, gamau pake kondom katanya kurang enak

Yg cewek gamau pil kb katanya merusak hormon, gamau pake IUD krn tambah sakit klo mens.

Tapi keduanya gatahan nafsu.
ANEH",2025-04-20T08:07:53.000Z,
twitter,cowok-cowok begini mending di vasektomi aja,2025-04-19T08:50:02.000Z,
twitter,"ga jadi pembahasannya malah ke mana2 wkwk. beliau masih surprised ternyata ada steril buat manusia (baik cewek dan cowok)

belum bisa ditanyai lebih lanjut waduduw

at least udah tau ya tentang vasektomi dan kawan2nya ini",2025-04-18T16:44:04.000Z,
twitter,"Jadi cowok mikir panjang soal vasektomi dibilang haus kuasa? Lucu, kalau cewek nolak KB hormonal apa itu artinya takut cowok ngatur tubuh mereka? Enggak kan?",2025-04-18T10:00:17.000Z,
twitter,"Lucu ya, kamu bilang kasihan cowok karena kena toxic masculinity, tapi di saat yang sama justru ngegas cowok yang punya perasaan setelah vasektomi. Jadi sebenarnya kamu peduli, atau malah ikut nyubur-nyuburin stigma yang kamu kritik?",2025-04-18T09:52:25.000Z,
twitter,"Justru menganggap cowok gak maskulin cuma karena punya perasaan soal vasektomi itu kontradiktif sama konsep “mature man.” Laki-laki yang dewasa bukan yang mematikan emosinya demi pasangan, tapi yang bisa jujur soal perasaannya dan tetap mau diajak diskusi sehat.",2025-04-18T09:49:53.000Z,
twitter,"Kalau ada cowok yang mengharamkan vasektomi, harusnya konsisten ya tubektomi juga perlu diharamkan https://x.com/ayamgota/statu/ayamgota/status/1912381371009626414…",2025-04-17T23:23:12.000Z,
twitter,"kenapa beberapa cowok takut di vasektomi, tapi pada maksa cewek buat kb dll, padahal mudharatnya kb bagi cewek juga gedhe. DIHHH DIHHHHHHH.. :))",2025-04-17T23:19:28.000Z,
twitter,"Lonte goblok, masalah cowok kagak mau vasektomi dibilang cupu. Itu hak cowok mau atau tidak mau karena cowok jg punya pertimbangan",2025-04-17T20:50:57.000Z,
twitter,"Kagak usah remuk. Cuekin aja. Sebagai cowok, ayo gaes kalau udah punya anak yang cukup, vasektomi aja.

Creampie tiap waktuuu gessss",2025-04-17T19:44:02.000Z,
twitter,"Bukannya gak ada masalah ya. Kalau mereka cerai, tidak menghilangkan nasab anak pertama tetap ke bapak nya kan. Kalau si cowok udah memutuskan vasektomi, brarti mau cerai / gak cerai dia tetap siap untuk tidak punya anak lagi dong. Dan si istri baru harus terima kondisi suaminya.",2025-04-17T18:21:48.000Z,
twitter,"Makannya belajar semua itu 100% jangan setengah setagah tau kwajiban suami seperti apa. Begitupun istri. Jangan salah ciutan ini bukan edukasi tapi malah menggiring opini semua cowok salah. Harusnya lebih bijak lagi buat narasi ""vasektomi aman lho, kalo mau punya anak lagi bisa""",2025-04-17T15:53:26.000Z,
twitter,"jujur konsep vasektomi dan angkat rahim itu beda. gue tiap ada cowok yg blg ""angkat rahim kan jg bs?"" pas gue lagi bahas vasektomi, rasanya mau marah bgt. kenapa sih harus cewek mulu yg menderita? monyet.",2025-04-17T13:02:22.000Z,
twitter,Lagi rame perdebatan soal cowok yang bersedia buat vasektomi sama yang ngga. Suami aku gamau vasektomi tapi selama dia ga maksa aku buat kb yaudah fine hehe.,2025-04-17T12:45:09.000Z,
twitter,"vasektomi sama halnya kayak IUD tapi versi cowok,

sama2 biar ga menghasilkan keturunan sementara.

Please educate yourself through before making any comment, dear Sir.",2025-04-17T12:33:41.000Z,
twitter,"Omku pengertian bgt ke istrinya. Dia udah punya anak 3, 2 cowok satu cewek. Yg cwek itu yg bungsu. Dia dan istrinya ngerasa cukup untuk punya 3 anak, trs omku dg senang hati vasektomi. Dan om ku gpp, masih sehat wal afiat, masih bisa kerja, main, dan melakukan bnyk hal.",2025-04-17T12:20:33.000Z,
twitter,"betul. Sama. Ini kan awalnya ada istri rayain suaminya mau vasektomi. Tiba2 pada nyamber. Ada yg bilang ""ngapain harus dirayain, lemah banget cowok bare minimum aja dirayain"" ada lg yg blng ""knp ga istrinya yg KB atau angkat rahim"". Nah manusia2 itu yg saya katain Tolol.",2025-04-17T09:42:55.000Z,
twitter,"Astaghfirullah... Vasektomi cuma kayak lu disunat doang, kok disamain ma angkat rahim yg taruhannya nyawa? 

Cowok kenapa sefragile itu sih? Gara2 ada cowo KB vasektomi kok responnya langsung sejahat itu? Lo kalo gamau ya udah, ga perlu nyinyir.",2025-04-17T09:00:12.000Z,
twitter,"Padahal vasektomi bukan motong titiw lu sampe abis. Malah nyuruh cewek angkat rahim.. aneh.. apa yang ada dipikiran cowok tentang vasektomi? Padahal titiw masih ada, berhubungan masih bisa, mau lakuin apapun dengan titiw lu kan masih bisa. ",2025-04-17T05:56:27.000Z,
twitter,"Knpa perempuan KB itu tersiksa? Sbrpa bnyak yg mengaku tersiksa? Km prnah pakai KB? Km pernah pnya anak? Biar valid pendapatnya.

Aku sih gak ngrasa kasihan cowok mo vasektomi apa gak. Entah kalo orang lain. Aku hnya gak memilih pilihan itu dgan kondisi keluargaku.",2025-04-17T04:58:49.000Z,
twitter,Itu yg marah2 grgr cowok vasektomi,2025-04-17T04:22:45.000Z,
twitter,"Good bgt cowok yg rela vasektomi demi ceweknya, ada? Adalah, tuh suaminya dorippu https://x.com/ayamgota/statu/ayamgota/status/1912381371009626414…",2025-04-17T04:10:43.000Z,
twitter,Kamu mau data itu berubah jadi lebih banyak cowok yg sadar dan mau vasektomi atau kamu cuma pingin mengenyangkan egomu?,2025-04-17T03:12:42.000Z,
twitter,"as a cowok, selalu benci sm laki2 yg maksa perempuan untuk ngerasain ""sakit"" terus2an, kl konteks di atas laki2 kayak ga boleh ngerasain ""sakit"" alias ga boleh vasektomi dalam keadaan mendesak pokoknya harus utuh sempurna, sdgkn perempuan malah dibilang harus angkat rahim",2025-04-17T03:10:49.000Z,
twitter,"cowok-cowok yg protes pada knp sih? klo udh punya dua anak dan merasa cukup yaudah vasektomi aja napa biar kagak kebobolan lg. lagian kontol lu masih bisa ngaceng itu, masih bisa dipake ngewe sampai copot tuh kontol. heran gue https://x.com/noniksipit/sta/noniksipit/status/1912348987589341649…",2025-04-17T02:50:38.000Z,
twitter,"Kalo ngomongin data kontrasepsi:
1. KB udah jalan puluhan tahun. 24 juta lebih wanita udah KB and still counting, > 50%.
3. Cowok bisa kontribusi pake kondom atau vasektomi. Tapi??
Bukan generalisasi atau paling menderita, emang datanya gitu, statistik, fact. ",2025-04-17T02:47:24.000Z,
twitter,"Yg menang2an yg mau dominasi ya cowok. kan awalnya cuma ada cewek yg seneng Krn suaminya mau vasektomi. eh sm kaum incel si paling logika merasa tersinggung, nyalah2in si op dan malah nyuruh cewek yg begini begitu. ketahuan sih gk ikut andil pas istrinya hamil, melahirkan &",2025-04-17T01:18:08.000Z,
twitter,"Udah pernah bahas ini sm pacar, dan sebenernya KB memang gk harus mengorbankan organ dalamnya
Gak harus vasektomi buat cowok, gk harus pasang spiral jg buat cewek
Ambil jalan tengahnya, dan gk perlu judge mereka yg punya pendapat berbeda jg",2025-04-17T00:59:21.000Z,
twitter,"“Sebagai perempuan aku against vasektomi”

“Semua gender berhak atas otoritas tubuh masing""

Kontradiktif banget, terus baca replysn mbanya makin kontradiktif giliran ada cowok yg mau vasektomi mbanya malah nyanggah kenapa gak pakai kondom aja? LAAAAAAAAH",2025-04-17T00:58:33.000Z,
twitter,"Perdebatan vasektomi masih seru aja. Cowok merasa perempuan yang harus KB. Cewek udah hamil, mens pun masih disuruh pasang/minum KB yang efeknya terlihat jangka panjang. Tuh onderdil perut udah diacak2 buat lahirin anak kamu lho. Buat cowok, jaga istri kamu ya!",2025-04-17T00:47:15.000Z,
twitter,"Tergantung niat gak si?
Gak vasektomi pun bisa 'jajan di luar' karena manusia penuh akal.
Atau kamu lagi mengakui kalau mayoritas laki2 emang moralnya bobrok dan satu2nya alasan cowok gak 'jajan' ya karena takut ceweknya hamil doang?",2025-04-16T23:03:12.000Z,
twitter,"Setahu aku yang setara dngn vasektomi bukan pengangkatan rahim tp tubektomi (steril atau pengikatan rahim). Soalnya cowok vasektomi kalau mau punya anak bisa operasi, kan?

Tahu soal ini soalnya setelah si bungsu lahir emak ngiket rahimnya, kalau hamil lagi beresiko nyawa.",2025-04-16T22:43:57.000Z,
twitter,hahhh nyamain vasektomi yg cm buang sperma dengan ANGKAT RAHIM??? knp ya cowok tuh tolol,2025-04-16T15:44:28.000Z,
twitter,"Kenapa sih kebanyakan cowok indo pada risih dan kasih negative feedback terhadap vasektomi? Kalo udah vasektomi pun kalian kan masih bisa orgasme dan ejakulasi, apa yg ditakutin? Jangan bilang kalian mikir titit kalian bakal dipotong lg kek sunat  ffs",2025-04-16T15:40:04.000Z,
twitter,gw kalo terlahir jadi cowok jg mau sih vasektomi https://x.com/noniksipit/sta/noniksipit/status/1911981778266689976…,2025-04-16T15:35:03.000Z,
twitter,"berhubung rame cowok vasektomi, kemarin bahas sama pacarku juga",2025-04-16T15:21:30.000Z,
twitter,kenapa emangnya? baru disuruh vasektomi aja udah koar2 seakan2 abis lahiran. gimana kalo seandainya tuhan menakdirkan cowok utk hamil?,2025-04-16T15:11:54.000Z,
twitter,"1. Keputusan besar bersama pasangan, jadi bukan buat cowok aja maupun cewek aja.
2. Hasil pendalaman saya, vasektomi cowok paling minim resiko, minim efek samping. Kasihan kl baca2 metode kb di cewek
3. Keinginan punya keturunan/pengen punya berapa, beda2 tiap rumah tangga.",2025-04-16T14:57:21.000Z,
twitter,"And i yakin ke diri i sendiri, kalo i juga deserve cowok seperti itu, and i kaget akhir-akhir ini, laki-laki vasektomi ini jadi bahan ribut cowok-cowok lemah dengan alasan “ingin mempunyai keturunan” LOL",2025-04-16T14:53:10.000Z,
twitter,kenapa sih cowok tuh denger kata vasektomi kaya ga demen aja gitu padahal gua yakin lu juga belum riset ttg hal tsb. vasektomi ga akan menghilangkan “kejantanan” lu itu ya. hadeh,2025-04-16T14:46:56.000Z,
twitter,Ril klo dgn sendiri ga kesusahan knp ndadak kudu nambahi masalah dgn hidup bersama wong ra nggenah. Semakin baca soal vasektomi nih jd semakin kebuka pikiran-pikiran cowok. Jujur ruwodok ilfil.,2025-04-16T14:45:14.000Z,
twitter,Dari perdebatan soal vasektomi di TL w jdi tahu cowok d mari byk yg bego anjir. Udh mah bego bebal pula,2025-04-16T14:28:43.000Z,
twitter,cowok modal kontol nih kesentil bgt ya egonya liat cowok lain yg keren yg willingly mau vasektomi demi istrinya,2025-04-16T14:15:46.000Z,
twitter,"Ya kalau cowoknya mau dan ceweknya gak maksa dia vaksetomi kan berarti itu hak si cowok juga buat vasektomi. Dan kenapa unethical ketika perempuan celebrate vasektomi giliran PEREMPUAN DIPAKSA UNTUK KB, itu siklus penderitaan jadi perempuan udah dari kapan tau dan unethical juga",2025-04-16T11:27:46.000Z,
twitter,"Bro, vasektomi itu ga permanen, kalo sewaktu-waktu pengen punya anak lagi, masih bisa. Kenapa cowok kalo istri meninggal selalu berpikir nya menikah lagi? Napsu bgt yaa.",2025-04-16T11:04:50.000Z,
twitter,"Iya ya, kenapa ada cowok setuju vasektomi… nanti sayang banget titit nya ilang…  kasian kan tidak bertitiw lagiyyyy omg",2025-04-16T10:58:37.000Z,
twitter,"wah make nih org, dikira ngebesarin anak gk lebih dr 11juta?? udh istri dihamilin, melahirkan dipaksa buat kb dasar cowok nih ya mau ngewe doang duhhh gausah vasektomi tp LGSG POTONG TITIT LU PD DAH",2025-04-16T10:48:31.000Z,
twitter,"Karena kurang edukasi. Cowok mikir tuh vasektomi tuh macam dikebiri keknya, jadi mikir bakal berat banget prosesnya, pride nya jg hilang. Padahal kaga. Malah lebih aman vasektomi daripada kb. Emang butuh edukasi aja sih para pria nih.",2025-04-16T10:32:13.000Z,
twitter,"Ngapain diperdebatkan? Vasektomi itu pilihan: lu mau jadi cowok tangguh atau pengecut?

Bapak gue milih buat vasektomi setelah anak kedua lahir, begitu tau kalau efek samping KB ke perempuan tuh bukan main ngerinya. Padahal beliau takut dioperasi, tapi tetep dilakuin demi istri.",2025-04-16T10:09:25.000Z,
twitter,"Masalahnya kak, lo komen di postingan orang yang pasangannya setuju buat vasektomi.. 

kecuali, lo komen di postingan cowok yang ceweknya maksa dia buat vasektomi. argumen mara mara lo ini baru cocok..",2025-04-16T09:47:39.000Z,
twitter,"Di tengah timeline homo ku, muncul banyak keributan terkait vasektomi. Mana laki-laki denial semua, banyak alasan. Udah, kalo ga mau kb cowok-cowok sama cowok lagi aja udh gakan hamil. Kecuali mpreg terwujud",2025-04-16T09:40:59.000Z,
twitter,Mungkin cowok yang kontra vasektomi tuh satu satunya hal yang mereka banggakan cuma bisa menghamili anak orang aja ya sampe julid bgt sama cowok yang mau vasektomi,2025-04-16T09:38:28.000Z,
twitter,cowok cowok ngira vasektomi itu kaya kebiri kah,2025-04-16T09:27:46.000Z,
twitter,"Ya kan katanya mereka sakit panas aja bertaruh nyawa ceunah makanya gue gak menormalisasi candaan sakit panas cowok sih, soalnya jadi pada mental lembek kek gitu. Bener aja kan disurun vasektomi aja udah kek disuruh meninggal",2025-04-16T09:19:13.000Z,
twitter,Emang knp cowok gak setuju vasektomi? Takut? Cemen bgt.,2025-04-16T09:08:12.000Z,
twitter,"Bisa ngecrot tapi ga ada spermanya, jadi ga bisa menghamili siapapun  cowok ngecrot itu kan isinya campuran air mani sm sperma, dgn vasektomi jalur spermanya dipotong, jd yg keluar cm air maninya. Apa bisa creampie? Malah bisa sepuasnya tanpa menghamili ",2025-04-16T09:07:15.000Z,
twitter,tp cowok itu egois nyatanya ada program vasektomi gratis mereka kebanyakan bawa dalil agama,2025-04-16T06:57:03.000Z,
twitter,Ada orang suaminya vasektomi trus dirayakan. Tapi yang koar-koar cowok juga bawa2 agama. Halah mas... mas... Menengo yen nyalimu cilik~~~,2025-04-16T06:52:55.000Z,
twitter,"Ini klo cowok yg udh vasektomi, trus ternyata istrinya selingkuh, trus mereka CERAI, berarti cowo ini ga bisa punya anak lagi ya(jika si cwo nikah lagi) ?? Atau gimana?(Bertanya dengan sangat lemah lembut)",2025-04-16T06:12:41.000Z,
twitter,"Saya jg udh ga percaya cewe, udh kosong. Kebetulan punya pertanyaan yg se nada.

Ini klo cowok yg udh vasektomi, trus ternyata istrinya selingkuh, trus mereka CERAI, berarti cowo ini ga bisa punya anak lagi ya(jika si cwo nikah lagi) ?? Atau gimana?",2025-04-16T06:11:45.000Z,
twitter,"dan kalaupun iya seorang cowok memutuskan untuk vasektomi, kenapa lu yang ribet ngurusin rumah tangga orang? 

tidak semua orang mau punya anak, tidak semua orang stuck pada fungsi pernikahan itu bikin keturunan sebanyak-banyaknya.

pemikiran purba begitu udah mulai tergeser.",2025-04-16T04:45:13.000Z,
twitter,"Lah yang bilang saya takut vasektomi siapa ,malah saya ada rencana vasektomi biar istri kagak kb anjir . Gw bilang kayak gitu karena banyak px cowok lebih susah dihandle dan lebih kooperatif px cewek",2025-04-16T04:30:49.000Z,
twitter,"oon. cewek pake KB fine fine aja tapi cowok vasektomi gamau. lagian cowok mau vasektomi pun gabakal mengurangi nikmatnya ngewe, tetep gacor aja tuh. bedanya abis vasektomi gabakal membuahkan bibit bocil aja",2025-04-16T04:11:45.000Z,
twitter,"Usia 22 baru tau kb malah ada vasektomi, aku baca beberapa twit, apakah vasektomi itu bikin cowok gak akan pernah bisa bikin anak lagi",2025-04-16T04:02:43.000Z,
twitter,Intinya cowok yg ga mau vasektomi tuh cupu. Malu anjing sama istri lu yg tiap bulan sakit karena menstruasi dan hamil jga sakit. Emang lo ga mau unlimited creampie pas udah vasektomi!??,2025-04-16T03:50:52.000Z,
twitter,"Yang jadi pertanyaan berapa presentase cowok bisa punya anak setelah vasektomi let's say di atas 3 tahun? Lo tuh mau dapet consent laki"" tapi tanpa melalui asas consent yg sah yaitu ""Informed"", itu namanya manipulasi",2025-04-16T00:53:33.000Z,
twitter,Kayanya karena sifatnya permanen sih yg bikin cowok males vasektomi,2025-04-15T23:48:16.000Z,
twitter,"wkwkw emang aneh bilang against vasektomi di bawah tweet yg isinya si cowok mau ngelakuin itu by his consent, pake segala ngomongin ethic lagi pdhl si cewe cuma appreciate keputusan cowonya doang ",2025-04-15T23:35:31.000Z,
twitter,"jujur, bahkan gw tau cowok bisa KB (vasektomi) begini tuh diumur gw yg udh 20an, itu pun awalnya gw tau dari kucing (?) karna selama ini yg di gaung gaungkan KB ya ada di perempuan, yg harus minum pil lah, harus suntik sampe harus tanem ""susuk""",2025-04-15T16:05:42.000Z,
twitter,"Ini jadi standar baru cewek jaman sekarang? Perasaan dulu gaada standar cewe yang mau KB adalah cewe yang layak dinikahin. Semua keputusan bersama, ada yg itung tanggal, ada yang pake kondom. 
Tapi disini gw liat komen2nya, banyak cewek yang sangat mendambakan cowok vasektomi.",2025-04-15T15:34:40.000Z,
twitter,"avkor itu emang tipikal goblok ya.   

oi kontol, lo kalau mau perbandingan vasektomi jangan sama pil kb atau IUD. karena itu beda hal. 

kalau lo pro KB yang tidak mengorbankan kedua pihak. ya lo kampaign pake kondom.

kalau ada cowok yang ttp maksa, lo seruduk pake kepala lo",2025-04-15T15:20:13.000Z,
twitter,"kebanyakan cowok yang mau vasektomi tuh nggak dipaksa yaaa kak, ngeliat cowok yang vasektomi rata-rata kesadaran sendiri jadi yaaa kalo dirayakan itu hak pasangannya lah kocak 

dasar penjilat biji satu",2025-04-15T10:23:25.000Z,
twitter,mang cowoknya dipaksa vasektomi kah? sedih banget kah cowok kalo vasektomi? tau ga sih vasektomi tuh kerjanya gimana?,2025-04-15T08:48:57.000Z,
twitter,"Cowok yg vasektomi dianggap paksaan, sedangkan cewek yg KB dianggap emang sudah seharusnya gitu yakkk lu mah bodo amat sama after-effect KB yang dirasain cewek². Sip dah",2025-04-15T08:20:22.000Z,
twitter,"Birth control messed up with woman’s hormones  too but nobody gaf. Giliran cowok vasektomi–even worse dia consenting to that, langsung bawel.",2025-04-15T07:56:08.000Z,
twitter,Cowok gue vasektomi dikasi motor joget-joget kayaknya dia,2025-04-15T07:54:14.000Z,
twitter,"Kalau kata elu “semua gender berhak atas otoritas tubuh masing2” but you as woman speak about vasectomy yg basically khusus buat cowok, dibawah replyan twt seseorang yg pastinya ada consent buat vasektomi tuh gimana y? Then, keep trying to suck their dick",2025-04-15T06:55:30.000Z,
twitter,Belajar lagi pengaruh buruk kb cewek sama vasektomi cowok tuh yg paling berat yg mana. Biasanya yg berakal sih bisa belajar sendiri lewat google.,2025-04-15T06:51:50.000Z,
twitter,itu cowok yang salty kenapasih? kayak kelamin mereka aja yang di vasektomi https://x.com/noniksipit/sta/noniksipit/status/1911950577011200362…,2025-04-15T06:44:03.000Z,
twitter,"maksudnya? justru gw nanya kenapa sih sebagian golongan cowok anti banget kayaknya sama vasektomi? 

apa kerugiannya?

jgn sampe krn misinformasi, dianggap kebiri, merasa gak laki dsb

atau malah krn gak mau diminta atau disaranin sama istrinya? padahal kalo dibalik gak terima",2025-04-15T06:37:03.000Z,
twitter,"Pernah denger efek KB? Pernah denger banyak suami yg selingkuh karena perubahan fisik istrinya? Pernah denger case kayak gitu yg disalahin istrinya, katanya ga bisa ngerawat diri, suaminya ga nafsu? Pernah? 

Vasektomi aja masih banyak yg ngga tau, ini ngebela cowok banget nih?",2025-04-15T05:30:33.000Z,
twitter,Cowok di vasektomi klo ngewe sembarangan gak takut ninggalin jejak,2025-04-15T05:19:27.000Z,
twitter,Congrats girl. You’re one of the lucky girls karena nemu cowok Indo yang open minded dan ga takut masculinity-nya terancam dengan melakukan prosedur vasektomi tuh langka banget,2025-04-15T03:24:13.000Z,
twitter,"setauku, alat KB bagi perempuan malah cenderung lebih berat. Cenderung sakit, ada perasaan tidak nyaman yg permanent after dipasang. 

Plus ada yg punya brbagai efek samping tambahan, pengaruh ke berat badan, bisa sangat berpengaruh ke hormonnya dsb

Kalo vasektomi cowok apa?",2025-04-15T03:13:31.000Z,
twitter,"setauku, alat KB bagi perempuan malah cenderung lebih berat. Cenderung sakit, ada perasaan tidak nyaman yg permanent after dipasang. 

Plus ada yg punya brbagai efek samping tambahan, pengaruh ke berat badan, hormonnya sangat terpengaruh dsb

Kalo vasektomi cowok apa?",2025-04-15T03:11:05.000Z,
twitter,Vasektomi ga bikin cowok jadi pengen selingkuh. Jangan menyederhanakan hal yang kompleks. Kalau logikanya kayak gitu berarti semua bentuk KB juga bisa jadi alasan buat selingkuh dong?,2025-04-14T16:30:06.000Z,
twitter,"Sebagai perempuan aku against vasektomi kecuali cowoknya ga mau pake kondom. Semua gender berhak atas otoritas tubuh masing"" dan menurut gw unethical klo cewek celebrate vasektomi karena kita ga tau kapan fase paternal instinct akan muncul, klo uda muncul cowok bisa kena depresi",2025-04-14T16:12:52.000Z,
twitter,Sudah saatnya cowok indon beramai-ramai vasektomi ,2025-04-14T15:34:27.000Z,
twitter,"Tau tuh... Masa dari semua harus cewek yg ngerasain. Dari hamil, lahiran, KB... Masa cowok vasektomi aja banyak yg nentang. Pdhl di cowok efeknya lebih kecil dari cewek ikut KB",2025-04-14T14:58:00.000Z,
twitter,"Vasektomi ga bikin cowok jadi lebih rentan terhadap penyakit kelamin. Orang kalau niat nakal ya nakal aja, ga ada hubungannya sama vasektomi.",2025-04-14T14:52:43.000Z,
twitter,"ya gausah ngomongin cowok yang mau, dengan kondisi rakyat indo yang sekarang juga kecil kemungkinannya, cuman kalo yang childfree udah mulai boleh vasektomi mulai dari sekarang, perlahan kemungkinan itu jadi naik sih.",2025-04-14T11:12:15.000Z,
twitter,"persentase cowok yg gamau vasektomi kayanya lebih besar drpd yg mau, jadi kayanya depopulasi kecil kemungkinannnya",2025-04-14T11:09:45.000Z,
twitter,"Aku maunya cowok aja yg vasektomi, aku gamau KB ",2025-04-14T07:07:06.000Z,
twitter,"Janu keren banget dia ga mau alena kb jadi dia yg vasektomi..
Hari gini ada ga cowok yg begini?",2025-04-13T11:58:14.000Z,
twitter,"if one day aku ketemu cowok yang mau vasektomi setelah menikah, tanpa babibu ill choose him",2025-03-31T14:35:08.000Z,
twitter,"So far sih gaada efek lain dari vasektomi buat si cowok ya, belum ada kasus juga perihal it, iya implan maupun IUD bisa lepas copot, ada masa nya rata2 5-10 tahun, implan 3 tahunan? Resiko Implan bisa perlengketan, resiko IUD geser dan naik keatas dri posisi uterine, sm2 beresiko",2025-03-17T15:47:31.000Z,
twitter,Pihak cowok Vasektomi,2025-03-16T11:00:13.000Z,
twitter,cowok indo diminta vasektomi gak mau banyak alasan dah keliatan misoginisnya,2025-03-13T14:35:21.000Z,
twitter,"Ikut speechless si. Fakta klo cowok tu klo soal selangkangan jd yg terdepan. Klo gk egois, pasti beliau milih buat kebiri (vasektomi) kek. Ngamar mulu, kerja kaga. Idih https://x.com/csakkyv/status/csakkyv/status/1899012065299415516…",2025-03-10T15:38:56.000Z,
twitter,"Ikut speechless si. Fakta klo cowok tu klo soal selangkangan jd yg terdepan. Klo gk egois, pasti beliau milih buat kebiri (vasektomi) kek. Ngamar mulu, kerja kaga. Idih https://x.com/csakkyv/status/csakkyv/status/1899012065299415516…",2025-03-10T15:34:17.000Z,
twitter,"Kalo emang hipersex mending yg cowok vasektomi dan yang cewek kb atau sekalian operasi pengambilan rahim daripada nyusahin anak""nya nanti dimasa depan termasuk soal waktu, kasih sayang dan warisan",2025-03-05T07:03:03.000Z,
twitter,"Kenapa yang suka marah-marah masalah kesetaraan gender, pakaian perempuan, KB/vasektomi, kontrasepsi, dan LGBT gini kebanyakan cowok, ya? https://x.com/membuangdunia//membuangdunia/status/1896064835194098056…",2025-03-04T06:53:50.000Z,
twitter,"Iseng nanya temen cowok kira2 mau gak kalo nanti istrinya nawarin dia vasektomi....

""Tapi dia harus mau tubektomi saat itu juga. Fair.""

Well..............................",2025-02-28T07:30:31.000Z,
twitter,"Jadi untuk kontrasepsi yang sebetulnya adalah hal yg bisa dikendalikan dan pindah gender (ga kayak mens yg emang takdir cewek), lebih baik ke cowok sih emang. Terserah mau vasektomi, kondom, atau apapun itu.",2025-02-28T03:07:37.000Z,
twitter,"Menurut gw jg chance cewek hamil setahun cm 12x sedangkan chance cowok ngamilin setahun unlimited. Yg kudunya di stop emg dr sumber terbanyaknya. Dibanding melahirkan dan IUD, vasektomi ratenya cm 4/10",2025-02-28T00:10:34.000Z,
twitter,"Aku pure penasaran kak..
 semisal dari awal emang mau child free dan si cowok ngga masalah sama vasektomi..
tapi bukannya vasektomi ada aturannya ya?
Ada ini itu kudu minim anak sekian, umur sekian kan aneh gitu loh padahal udah kesepakatan kedua belah pihak dalam hubungan gitu",2025-02-27T16:25:20.000Z,
twitter,"di TL gue lg rame bgt soal vasektomi, gue jd keingetan pernah ngomongin ini sm salah satu temen gue yg cowok, gue lupa awalnya ngomongin apa, kl gasalah lg ngomongin populasi manusia kali ya lupa jg, pokoknya dia blg, ""aku kl diminta vasektomi gpp, aku mau"" trs gue kagum",2025-02-27T15:47:22.000Z,
twitter,HEH BAHLUL vasektomi tuh kb sterillll. KB steril itu kalau di cowok disebut vasektomi kalau di cewek tubektomi. Minimal goggling dikit dehhh biar nggak keliatan banget kosongnya  https://t.co/6CUDBoiFjB,2025-02-27T14:45:32.000Z,
twitter,"Ada cowok tolol, tapi sok tau ya begini.
Vasektomi dibandingin sama angkat rahim?
Dokter obgyn tertawa melihat komen sampah kau.
LMAO https://t.co/7u736Knjbe",2025-02-27T14:02:46.000Z,
twitter,dari awal bgt aku blg ke cowok aku kalo aku takut kb karena efek sampingnya banyak bgt… ditambah aku nih hormon nya cukuo mengguncang tubuh ya apalagi kalo kb… untungnya dia mau vasektomi semoga aj gak omdo https://x.com/mbakcipa/statu/mbakcipa/status/1894694886181597628…,2025-02-27T13:11:07.000Z,
twitter,"gue ga pernah tau, cowok bisa ngeluarin opini gini tuh aslinya punya otak atau enggak ya?

vasektomi dibandingin sama angkat rahim. kebangetan banget asli. https://t.co/MTamvq2MH5",2025-02-27T12:33:48.000Z,
twitter,"Selain dimiskinkan, ada baiknya kalau cowok dikebiri (bukan vasektomi) biar ga berkembang biak",2025-02-27T09:50:12.000Z,
twitter,"Bener nih. Gue juga udh omongin masalah ini ke cowok gue, klo nanti menikah gue gamau KB krn banyak masalah hormon dll trs gue bilang ""kamu mau vasektomi gak?"" Katanya gakmau dan dia bilang pake kondom aja nanti. Gue rasa itu udh clear, semoga beneran terlaksana ya hehe",2025-02-27T05:51:11.000Z,
twitter,"equivalen kondom itu diafragma.

equivalen kb cowok untuk pil/suntik gak ada (sebenernya ada tapi gak dilanjut produksi massal karna rewel sama efek sampingnya)

equivalen vasektomi itu tubektomi.

angkat rahim biasanya gak dilakukan untuk kontrasepsi, begitu juga kebiri. https://t.co/waCZfQoHy7",2025-02-27T01:40:49.000Z,
twitter,"Lah temenku juga suaminya vasektomi, lha gimana ga, temenku KB apapun ga cocok sedangkan kebobolan udah 2 kali jarak anak pendek, dan suami temenku dr mantan istri ada anak 3 cowok semua, sama temenku 4 cowok semua, temenku sblmnya janda bawa anak cewek 1, jd total biayain 8 anak",2025-02-27T01:39:07.000Z,
twitter,"sebenernya laki-laki itu sangat kompetitif, tapi di saat bersamaan envious sama sesama laki-laki. 

kayak mereka ngamukin cowok yang lebih kaya dan bisa dapet cewek dengan mudah, kalo ada cowok vasektomi dan lebih disukai cewek? ya ngamuk lah ",2025-02-27T00:55:22.000Z,
twitter,"Yaallah gw sedih bgt

yaallah turun kan cowok yg mau vasektomi,gpp dah punya anak 1 aja",2025-02-26T15:16:34.000Z,
twitter,Cowok bisa gaksih lu pada vasektomi aja?!?!,2025-02-26T15:02:37.000Z,
twitter,Cowok yg mau vasektomi itu cowok langka dan keren  suami gw,2025-02-26T14:47:33.000Z,
twitter,"belom lg kalo bahas vasektomi, bedain vasektomi sama kebiri aja cowok banyak yg gatau?? tiap disaranin vasektomi pasti bilangnya takut gabisa bangun elah kontol lu sini gw tebang biar beneran gabisa bangun",2025-02-26T14:36:52.000Z,
twitter,"masi banyak teman teman perempuan dengan rajin jawabin cowok yang fafifu kb.

intinya mereka gamau vasektomi dan gak nyaman kondom. mereka mana ngerti diajak bahas alasan kompleks tetep harus birth control karna ekonomi, populasi, kondisi medis perempuan kalo hamil mulu.",2025-02-26T14:13:48.000Z,
twitter,"serius nanya, aku aslinya belum nikah. kenapa cowok pada gamau vasektomi? aku baca-baca itu ya masih sama aja, bedanya cuman ga ada benih. apakah ada hal lain yang menghalangi? aturan agama, aturan adat, atau apa? sebagai cowok yang belum nikah, aku ga masalah nanti vasektomi.",2025-02-26T14:06:02.000Z,
twitter,Suamiku ga vasektomi tapi bersedia pake kondom waktu aku ngeluh soal kb. Dan aku baru tau setelah scroll2 masalah kb ini. Ternyata ada cowok ga suka pake kondom... Untunglah dia mah mau aja,2025-02-26T13:17:09.000Z,
twitter,"KB buat cewek beresiko + banyak efek samping krn dasarnya modif hormon.
KB buat cowok (vasektomi) nyaris gak ada resiko. Aku udh vasek dr 2017 dan gak ada efek samping",2025-02-26T12:34:49.000Z,
twitter,Semoga cowok aku nanti ga egois dan mau vasektomi,2025-02-26T11:07:12.000Z,
twitter,"Cowok harus diginiin dulu baru ngerti vasektomi, inget ini bukan cuma cowo Indon doang, western men pun masih suka salah kaprah, ampun laki-laki masalah biologi masih banyak yang 0 https://x.com/noniksipit/sta/noniksipit/status/1894257859275493577…",2025-02-26T08:16:21.000Z,
twitter,"mas yg dibahas tuh ""ketidaktahuan"" kita (iya kita, cowok) sama organ kita sendiri. tp komen banyak soal organ perempuan. 

jd ga ada hubungannya sama vasektomi/gak itu cuma studi kasus aja bahwa kita banyak ga ngertiny tp brani komentar.. gitu maksudnya",2025-02-25T16:03:28.000Z,
twitter,MALU BANGSAT JADI COWOK. MAKANYA BELAJAR ANJING BELAJAR YAALLAH. DOSA APA ISTRI DILUAR SANA YANG GAK MAU VASEKTOMI DENGAN PEMIKIRAN GOBLOK BEGINI. woman reserve better. y'all mending kagak usah nikah. cowoknya goblok semua,2025-02-25T13:43:45.000Z,
twitter,"Vasektomi adalah solusi terakhir.
karena :
1. siapa tau di masa depan pengen tiba² punya anak lagi.
2. Jika pasangan tsb berpisah, maka si cowok dipastikan tidak akan punya keturunan dgn pasangan barunya.

KB mah yg aman² dan ga merugikan kedua belah pihak aja.",2025-02-25T13:37:22.000Z,
twitter,"Vasektomi itu masih bisa HS bebas brutal keluar dalem kapanpun...ga guna gmn maksudnya  ajak aja konsul ke dokter andrologi atau apa itu namanya ,yg ngurusin kelamin cowok",2025-02-25T11:25:51.000Z,
twitter,"""Sakit mens aja lebay""
""Darah mens tuh ditahan, jgn sampai tembus""
""Lahiran gak boleh sc, harus normal""

Paling heran sama cowok yg sok tau bahkan sampai ngatur urusan tubuh perempuan. Padahal urusan tubuh mereka sendiri aja gak paham.

""Vasektomi bahaya karna gak bisa crot""  https://x.com/noniksipit/sta/noniksipit/status/1893906792582681062…",2025-02-25T09:59:56.000Z,
twitter,"Tapi lebih tepatnya kurang teredukasi dan kebanyakan cowok pastinya kaga mau di Vasektomi apalagi punya rencana kawin lg. 

Kecuali dia punya commit yg kuat buat bertahan untuk satu wanita semata tapi future whos know

Tuhan maha membolak balikan",2025-02-25T09:41:34.000Z,
twitter,sekarang begini neng... cowok ngapain vasektomi kalau dia nyoli doang...,2025-02-25T09:40:34.000Z,
twitter,"KB paling enak ini. Tapi ya gitu tau sendiri dari komenan cowok yg di qrt, cowok² sini masih banyak yg takut ngerasain sakit. Kalo istri yg ngerasain sakit dibilang wajar. Heran padahal vasek cuman sekali g berkali-kali 
Dibanding biaya ngurus anak, vasektomi lebih murah",2025-02-25T09:12:10.000Z,
twitter,Sejak kapan laki2 gak menderita?? Udah ada vasektomi kok bahas2 kb perempuan doang! Semua sama! Sama2 menderita ... otakmu aja yg gak nyampe ngliat kenyataan klo semua org menderita gak perduli cowok ato cewek ...,2025-02-25T08:58:24.000Z,
twitter,"lo sebagai cowok membaca semua efek kb hormon yang segitu dahsyatnya, masa gak tergerak hatinya sih?
kondom dan vasektomi itu nyaris tanpa efek samping.
masa gak ada sedikitpun rasa ""oh ya mungkin cewe cewe ini bener bahwa kontrasepsi gak fair"" ?

empati ada kan?",2025-02-25T07:13:44.000Z,
twitter,"kalo sudah kb kan berarti kesepakatan suami istri bahwa gamau nambah anak.. dan sebelum operasi, biasanya dokter saranin simpan sperma.

bahkan di luar negeri banyak cowok single yang vasektomi krn sexual lifestyle nya yang bebas dan gamau menyebabkan kehamilan tidak diinginkan.",2025-02-25T07:08:03.000Z,
twitter,"Pentingnya komitmen sm pasangan mau kb apa. 
Yg jelas lebih kasian wanita, udh hamil melahirkan menyusui.. Masih disuruh kb. 
Sedih amat jd wanita
Minimal kondom deh buat yg cowok kl gamau vasektomi. Adil kan?",2025-02-25T06:59:08.000Z,
twitter,"kemarin sempet bahas ini sama cowok gue aku : kalo aku ga kb boleh ga? aku takut hormon aku berantakan, gendut, atau lainnya yang. kamu mau ga vasektomi?
: mau dong gapapa aku mah",2025-02-25T06:31:25.000Z,
twitter,"Kayanya saya harus jadi aktor bokep jepang, tapi harus vasektomi ya",2025-02-18T10:45:12.000Z,
twitter,Tolonggggg bgttt cowok eta kalo suka bikin anak doang ga mau ngurus anak di vasektomi aja gila :( yg bikin berdua yg disuruh ngurus cuma mak nya???,2025-02-15T23:07:12.000Z,
twitter,"Gw merasa dunia tdk adil klo cewek tiap bulan sakit-sakitan begini, tp cowok gk mau vasektomi grgr takut apalah monyet loser",2025-02-09T15:02:02.000Z,
twitter,Macem dari kasus yg ada para cowok tukang selingkuh bakal urung ngewe dan ngehamiln selingkuhannya kalo nggak vasektomi aja wkwkwkwk.,2025-02-08T15:38:50.000Z,
twitter,Vasektomi itu setau gw permanen. Jadi si cowok akan mandul,2025-02-08T07:13:40.000Z,
twitter,"Vasektomi
Tapi gk banyak cowok yg mau",2025-02-08T03:28:01.000Z,
twitter,"Paling aman kalo anak udah cukup ya laki lu suruh vasektomi, bisa dah tuh crot sana-sini aman",2025-02-07T15:18:01.000Z,
twitter,"Bisektomi, atau yg cowok vasektomi",2025-02-07T11:26:25.000Z,
twitter," Guys, vasektomi ada efek samping ngga ya buat cowok? Aku mau nikah, aku sm calonku udah sepakat kalo aku ngga akan KB (takut euy banyak resikonya, pengalaman liat mamaku juga yg sakit krn KB) jadi calonku  setuju kalo nanti dia yg KB",2025-01-23T05:05:23.000Z,
twitter,"inilah mengapa sex education itu penting yagesya. bukan biar sex bebas, tapi biar paham konsekuensi nya, bukan cuma praktek enak nya doang. sex bebas itu kalo ngga mau hamil, pake pengaman, minum pil kb atau cowok nya vasektomi. kalo hamil gamau anak, ya aborsi. udah simpel",2025-01-21T01:38:47.000Z,
twitter,"Lu kalau gamau hamil, ya sama cowok yah udah vasektomi aja buset",2025-01-16T08:09:52.000Z,
twitter,"cewek baik-baik my ass, cowok baik-baiknya emang nggak bakal pernah ada atau u ngakuin mak u gagal didik anak soal responsibility? :( ngatain bentukan w pake akun anon, u vasektomi sampe ke biji-biji yes? :(",2025-01-16T06:41:01.000Z,
twitter,"Kalo cowok mikir pake logika. Misal pas HS gak mau hamil. Ya dia yang make sure perempuan gak hamil.
Bisa pake kondom, vasektomi dan suntik testosteron dan minimal, minimal nih, orgasme diluar.
Masalahnya cowok kan kebanyakan kalo HS mikirnya pake kontlo ya. Logika gak jalan.",2025-01-15T22:02:35.000Z,
twitter,"Asli dah cowok kalau emang suka main gini kenapa gak vasektomi aja sekalian ya, kenapa cewek terus yang disuruh pencegahan. https://x.com/rediscolourr/s/rediscolourr/status/1878872995529437692…",2025-01-14T16:20:40.000Z,
twitter,"tapi cowok korea tuh demen banget celap celup sana sini dan gak pake kondom, sama pacar sendiri gapake kondom juga malah lebih banyak. tapi mereka gak mau nikah dan punya anak. udah paling bener emang vasektomi sih",2024-11-25T07:31:23.000Z,
twitter,kan byk cowok yg nganggap vasektomi ngilangin kejantanannya,2024-11-25T06:46:26.000Z,
twitter,Cowok Korea kalau emang nggak mau nikah/berkomitmen dan punya anak mending vasektomi aja lu pada.,2024-11-25T06:42:25.000Z,
twitter,"kalo cewek bilang my body my choice ngamuk

yaudah kalian cowok yg vasektomi mau ga? 

kok istri yg hamil, istri yg lahiran, istri yg menyusui, istri juga yg KB",2024-11-13T12:35:46.000Z,
twitter,"Ketika laki"" meminta vasektomi Krn ga tega istrinya merasa ga nyaman Krn pasang kb, orang bilang ""kamu egois banget jadi cewek"" dan perempuan ketika hyper seks dikira cewek liar sedangkan cowok? Dianggap biasa dan lumrah. Aku beruntung banget dapat cowok dgn pikiran gak PATRIAKI",2024-11-08T18:25:19.000Z,
twitter,gen ask kenapa sunat perempuan itu dibilangnya ajaran islam sedangkan dalam islam jelas jelas yang merubah bentuk dan fungsinya itu disebut haram? giliran cowok disuruh vasektomi pada vocal bgt menolak tp kenapa kalo sunat perempuan ini dibolehkan?,2024-11-08T08:22:30.000Z,
twitter,"kalian cewek-cewek sering pengen dapet darah haid dan khawatir malah jadi anak seperti ini?

kalian cowok-cowok capek buang sperma di toilet dan pengen di dalem aja?

....tapi ngeri gak sih punya anak jdnya kayak Gilbert ini.....

ini udah saatnya, YUK VASEKTOMI!!!!",2024-11-01T17:36:40.000Z,
twitter,Saran gw seeh klo lu cewek buruan tubektomi. Klo lu cowok buruan vasektomi. Sebelum jd induk ato bapak monster krn lu jg monster yg ngabisin duit orang tuamu,2024-10-26T07:59:48.000Z,
twitter,"Aneh anying cowok jaman sekarang, maksa istri make kb tapi gamau gantian vasektomi. Ngomel di komun mau vasektomi sampe sedih. Istri lu juga sedih selama kb tapi g ngeluh ame lu ampe trauma baru ngomong. Jadi kepala rumah tangga lu bilang mesin duit? Tugas lu menafkahi nyet",2024-10-22T08:02:24.000Z,
twitter,"Nah itu tau solusinya. Yaudah bener Anda harus vasektomi. Cewek udh berjuang berat, skrg giliran cowok yg berjuang",2024-10-22T07:54:55.000Z,
twitter,Kalo sdh niat chilfree gue kasih resep yaa. Yang cewek Tubektomi yang cowok vasektomi. Ke 2-2 nya di steril jadi kalo pun di genjot tiap menit ga akan jadi anak. Jgn lupa pakai kondom juga. Biar lebih chilfree -,2024-10-20T23:40:08.000Z,
twitter,"Tapi lu nyuruh cowok vasektomi biar unlimited creampie, kan? https://x.com/noniksipit/sta/noniksipit/status/1839103631448223771…",2024-09-27T04:08:56.000Z,
twitter,"emang udah survey berapa cewek sampek bilang gaada mau yg nikah sama cowok yang udah vasektomi????????? 
emg tau dari mana kalo salah satu kebahagiaan wanita itu ngelahirin anak sendiri????",2024-09-27T04:02:17.000Z,
twitter,"Bold of u to assume gaada wanita yang mau nikah sama pria yang sudah vasektomi 

Mas, perempuan itu pikirannya bukan soal buah membuahi doang. Gak kayak LAKI LAKI. Let's say cewek dan cowok bertemu, sama sama single tapi punya anak.
Kalo AKU sih prefer menikah ga nambah anak",2024-09-26T23:57:58.000Z,
twitter,"Kenapa cowok tuh melo banget sih masalah vasektomi, meskipun kalian udah vasektomi juga masih hidup sebagai laki-laki kok",2024-09-26T17:31:34.000Z,
twitter,"(i’m bi and if i end up marrying a guy,) ak maw nikah sm cowok vasektomi YUHHHH MENGIBARKAN BENDERA CHILDFREEEEE",2024-09-26T13:28:49.000Z,
twitter,"Kak maaf sebelumnya, serius nanya kalo vasektomi ituu cairan yang dikeluarkan tetep mani atau madhi gak? Kok kata temenku cowok yang dikeluarkan itu madhi bukan mani lagi, jadi bikin enggak enak dan enggak puas.",2024-09-25T16:30:04.000Z,
twitter,"Bukannya selama ini yg kebanyakn protes pake dalil agama itu cowok tentang vasektomi, ",2024-09-24T08:28:16.000Z,
twitter,"Jadi intinya cowok takut sakit akibat vasektomi? Tapi banyak cewek yang ga takut sakit akibat kb. Katanya cwek lebih lemah drpd cowok, tapi kenapa malah cowoknya yang takut sakit?",2024-09-24T03:10:09.000Z,
twitter,Kan yg vasektomi cowok ko malah ceweknya yg di bahas. Chance kesempatan untuk memiliki keturunan lebih kecil gak ada 20% dri oprasi pengembalian berhasil. Klo kb wanita tinggal brenti usah bisa hamil lagi.,2024-09-24T00:56:25.000Z,
twitter,"Iya, jd klo dibilang bakal gak 'laku' ama cewek karna uda vasektomi itu gak berdasar. Nyatanya lebih byk suami yg ninggalin istri karna istri ny mandul drpd sebalikny, tanpa menggeneralisir jg studi membuktikan cowok lebih byk selingkuh drpd sebalikny",2024-09-23T07:02:56.000Z,
twitter,"Padahal konteks awal cerita ini karena cowok cowok pada kontra pada vasektomi. Jangan tiba2 lu datang terus bilang ""harusnya sebelum nikah bla bla bla"" yang jadi masalah disini cowo itu ga mau menolak vasektomi terlepas udah nikah apa belum.",2024-09-22T02:14:59.000Z,
twitter,"Kalau si cewek mengharapkan cowoknya vasektomi ketika mencapai jumlah anak tertentu, harusnya ini percakapan pra nikah. Sama halnya percakapan kbnya mau menggunakan kondom atau bagaimana. Kalau tbtb nyaranin vasektomi, dan ketika si cowok menolak malah kecewa sih, hadeuh",2024-09-22T01:34:53.000Z,
twitter,"Semalem ngobrol2 serius sama ni cowok, dia siap vasektomi kalau anak sudah 2. Apa gak makin kecintaan gueh ",2024-09-22T00:23:23.000Z,
twitter,"Cowok disuruh vasektomi aja berasa hilang harga dirinya. Giliran cewek aja apapun dibikin susah sampe bertaruh nyawa dibilang ""ya wajar, hakikat perempuan ya gitu,"". Mana masih aja diresein, dilecehin, dan sampe dibunuh ",2024-09-21T20:57:34.000Z,
twitter,"Cewe selama ini selalu dihadapkan dengan KB spiral, iud, suntik, pil, dll ga pernah berisik. Ini ""katanya"" cowok masalah vasektomi aja heboh kebakaran jenggot. Lemah.",2024-09-21T19:46:58.000Z,
twitter,"Betull. Emang kalau udah ga ada pilihan terakhir, baru angkat rahim. Eh ini cowo cowo misoginis ini dengan mudahnya nyuruh angkat rahim daripada nyuruh cowok vasektomi. Gila ya ",2024-09-21T17:29:55.000Z,
twitter,"Korelasi vasektomi cwok sama angkat rahim cwek apa ngentod, vasektomi tu fungsinya sama kayak KB tapi bedanya vasektomi buat cowok biar bisa ngntd crot didalem sm bini lu tapi bini lu gak bakal hamil, tolol lu anjing",2024-09-21T12:38:38.000Z,
twitter,"Ya anj kalian nyuruh laki laki vasektomi kalau lu gak sependapat sama pasangan lu untuk memiliki keturunan lagi uda pisah bukan nyuruh cowok vasektomi, anj emang, goblo tai giliran di suruh angkat rahim marah marah, emang resiko ke peremuan gede, tapi gak harus kek gitu anj",2024-09-21T12:15:04.000Z,
twitter,"goblok banget sekolah dimana sih? angkat rahim di samain sama vasektomi angkat rahim sama angkat dua biji eluh tuh baru sama, sama-sama ga ada alat buat punya anak. tolol banget wkwkwk kalo lu gapaham bahasa ilmiah, vasektomi tuh kb buat cowok kocaaaaaakkkk",2024-09-21T10:12:53.000Z,
twitter,"Kenapa kalian nyuruh cowok buat vasektomi? Biar bisa zinah tanpa takut hamil atau gimna? Kalau hamil ya dua-dua nya harus tanggung jawab lah. Padahal udah diingetin buat menjauhi zinah, biar ga repot harus debat sana-sini.",2024-09-21T08:40:00.000Z,
twitter,Cowok-cowok ini goblok beut dah vasektomi disamain sama sunat,2024-09-21T00:23:17.000Z,
twitter,"Enggak teriak mas, cuma ngetik.

Habisnya kesel.
Situ tiba² ngmg ""lagian masih ada histerektomi kenapa harus langsung ngorbanin cowok?""

Berarti rahimnya diangkat dan gabisa hamil lagi gapapa, tapi cowok vasektomi dan gabisa menghamili lagi gaboleh? Kenapa? ",2024-09-18T17:29:01.000Z,
twitter,"Tapi menurut saya, perbandingan vasektomi dng siapa yg udh ""berkorban"" memberikan harta utk rumah tangga jga sebenernya ga sesuai konteks. Dan klo diliat dr runutan tweet ini, bapak dulu yg membawa konteks ""ngorbanin cowok""
Maaf kalau memang ternyata saya yg ga masuk konteks ",2024-09-18T13:56:58.000Z,
twitter,"cowok cowok nih pada maju paling depan bilang kalo vasektomi haram, tapi pernah gak membela segitunya kalo tubektomi juga haram?",2024-09-18T06:57:23.000Z,
twitter,"vasektomi dianggap normal di negeri yg banyak perzinahan karena cowok bakalan mudah terhindar dari ""babytrap"" jika cewek yg berzina dgn dia tiba tiba hamil di kemudian hari

""im not your baby father ~~""",2024-09-18T04:03:04.000Z,
twitter,....bingung menanggapi sprti apa...... di satu sisi aku punya mindset bahwa lanangan iki bajingan.....tp kok masih banyak kok cowok genah yang masih 'mikirin' perempuan biar gausa kb biar aku aja yg vasektomi,2024-09-17T15:04:35.000Z,
twitter,Cowok yg sudah vasektomi dan masih sangat jantan serta macho,2024-09-17T11:48:29.000Z,
twitter,"kadang ku bersyukur cowok ku yg skrg bener2 terbuka buat gini, dia cmn mo anak 1 gegara tahu ngurusnya susah, bahkan klo ku gk mo punya anak ntar stlh nikah, dia gk mslh, dan bahkan pas ku blg ku agak takut ntar klo misal hrs kb dia mau buat vasektomi",2024-09-17T09:18:55.000Z,
twitter,"Serius nanya. Kalau cowo jdi steril krna vasektomi (which is tidak menghilangkan testis apalagi penis lu pada) kenapa pada kontra bnget dh??? Kan ini tuh kesepakatan bersama gak si, kalau ngerasa udah gk akan punya anak lgi, ya apa salahny gt. Atau pride cowok jdi terlukai kh?",2024-09-17T08:26:56.000Z,
twitter,"Kenapa spesifik laki-laki? faktanya cewek yg selingkuh lebih banyak dari cowok, cewek KB biar bisa main sana-sini juga banyak, cewe punya pikiran ga bener juga banyak, tapi KB malah dianjurkan sedangkan vasektomi ditabukan??",2024-09-17T07:25:25.000Z,
twitter,AKHIRNYA COWOK GUE SEPAKAT NNT MAU VASEKTOMI MAKASIH YA ALLAH,2024-09-17T06:36:57.000Z,
twitter,"Udah paling bener cowok aja yang KB vasektomi. Cewe udah hamil, melahirkan, disuruh KB juga, kalo ga KB bisa kebobolan, KB juga kadang kebobolan. Udah paling bener kan berarti vasektomi aja. Vasektomi bukan potong titit ini, cuma diiket saluran vasdeferens nya. https://x.com/rchbl/status/1/rchbl/status/1835257598653895105…",2024-09-16T23:17:12.000Z,
twitter,jadi sama kayak manusia ga si kayak kucing disteril ada efeknya lebih clingy sama minat untuk kawin menurun nah cowok yg vasektomi juga sama? Kita mikir keras dan akhirnya ga dapet jawaban wkwk.,2024-09-16T17:30:32.000Z,
twitter,Kemarin baru aja tau istilah vasektomi ini dari kating geografi. Jadi dihari itu nak kesekre pada kumpul buat zoom stuba dan cuma 4 orang yg ga pulkam. Dan setelahnya selesai kita ngobrol² dan kating geo bilang kalo cowok vasektomi terus s*x keluar sperma ga ya? https://x.com/noniksipit/sta/noniksipit/status/1835581914323050910…,2024-09-16T17:30:31.000Z,
twitter,"Duta vasektomi nih cewek? 

Cowok boleh jadi duta menstruasi nih? https://x.com/noniksipit/sta/noniksipit/status/1821391794711789755…",2024-08-09T04:13:30.000Z,
twitter,normalize vasektomi utk KB cowok. biar ga slalu cewek yg dituntut terus https://x.com/noniksipit/sta/noniksipit/status/1821203178098241756…,2024-08-09T04:11:46.000Z,
twitter,Padahal kb perempuan tuh mengacaukan hormonal dan ada side effectnya dan ini yg memicu kanker serta penyakit lain. Vasektomi minim resiko ke cowok wkwkwk,2024-08-08T21:36:14.000Z,
twitter,"Iya, masalahnya hanya di diksi yang terlalu vulgar, apalagi urusan ranjang itu nggak srharusnya diumbar. Tapi kalau poinnya untuk ngasih tau cowok kalau vasektomi itu nggak bikin mereka lemah syahwat ya oke aja imo, apalagi di twitter kalimatnya banyak yang kasar. Bahasanya aja.",2024-08-08T12:58:15.000Z,
twitter,"Emang kenapa? Bagus menurutku, cuma emang kalimat akhirnya terlalu vulgar aja, tapi poin dia emang di situ, dalam kata lain dia menyampaikan vasektomi tidak memengaruhi peran cowok yang selama ini dikeluhkan para cowok ogah vasektomi.",2024-08-08T12:50:24.000Z,
twitter,"Aneh emang padahal cowok kalo vasektomi ga ada efeknya sedangkan cewek kb banyak efeknya, itu mah mereka aja yang pengecut ga sih haha",2024-08-08T10:53:47.000Z,
twitter,"Apapun klo yg merugikan pihak cowok selalu “HARAM” yaaa. Enak bgt jd suami gak ikut ngandung, gak ikut kontraksi klo punya anak byk mau vasektomi di bilang haram. Coba klo istri yg tubektomi “kasian nanti suaminua blablabla” KB ajaa. semua yg merugikan pihak cewek sll WAJAR. https://x.com/MireinaRiviere/MireinaRiviere/status/1821168628714369403…",2024-08-08T10:21:48.000Z,
twitter,"Baca komen2nya jadi sadar masih minim bgt ya yg teredukasi soal vasektomi. Rata2 cowok pada keserang egonya, dikira ga jantan lagi kalo vasektomi  duh real sdm rendah",2024-08-08T09:16:35.000Z,
twitter,"Aku dan temen kantor mu punya pemikiran yang sama  tiap baca pembahasan ttg vasektomi utk cowok, pasti kepikiran ke sana",2024-08-08T09:09:50.000Z,
twitter,Cewek mulu yg diatur2 mana skrg masih banyak cowok yg nganggep vasektomi tuh sama kek 'cacat'bagi mereka klo udh vasektomi gabisa kerja lg jd lemah kek pesakitan :) pls lah tetanggaku vasektomi masih sehat segar bugar aja tuh,2024-08-06T06:26:28.000Z,
twitter,"Ngobrolin tentang vasektomi dengan 2 cowok berbeda.  Jawabannya sih sama² OK, tapi alasannya beda - beda. Meskipun pada intinya 22nya sama - sama kayak tidak setuju gitu.

Ternyata cwok masih pada takut g punya keturunan ya?",2024-07-30T07:29:45.000Z,
twitter,"Ada kok kondom gratis dari pemerintah. Bahkan ada program mop alias vasektomi atau steril buat cowok, gratis dan dibayar. Tapi yang ngelarang istri2nya, katanya takut cowoknya macem2 di luar kalo steril",2024-07-07T21:39:35.000Z,
twitter,"suami aku setiap ngeliat cowok vasektomi selalu heran

""kenapa gak pake kondom aja? apa kalau pake kondom kurang terasa enaknya hingga mau vasektomi? gak ada alasan untuk vasektomi selama ada kondom""",2024-07-07T00:27:27.000Z,
twitter,"yg diinstal di dalam rahim. jadi kalo suntik menganggu hormon, IUD bisa geser dan nyakitin rahim. 
cowok, pilihan KBnya adalah kondom dan vasektomi. hampir gak ada resiko dlm 2 pilihan ini. 
gw tanya apa lo pernah lihat laporan bhw ada gangguan pada laki2 pasca vasektomi?",2024-07-06T01:15:27.000Z,
twitter,"Semua cowok berhak vasektomi, gak ada yang ngelarang. Selama itu berupa keadaan di dihargai, bukan pilihan yang dibanggain apalagi gembar gembor.

Udah gue jelasin di reply diatas, masa pelru gue quote tweet lagi. Cuma dihargai misal pujian / statement atau gak itu hak",2024-05-26T08:29:53.000Z,
twitter,"Menurutku bukan opini jelek, itu konsekuensi yg harus ditanggung, cowok kalau ga pengen punya anak ya vasektomi begitupun kalau cewek kalau pengen childfree ya angkat aja rahimnya. 

Sekali lagi itu konsekuensi, bukan opini jelek",2024-05-26T07:27:47.000Z,
twitter,Trus nuf berati klo misal udah gak ingin punya anak takut kebablasan mending cowok yg vasektomi kah??,2024-05-23T12:33:05.000Z,
twitter,gw kasi twt ini ke cowok gw dan ternyata doi msh blm kepikiran untuk vasektomi. ktnya msh banyak alat kontrasepsi yg bs dipake dan kl gw gacocok kb ya dia aja yg kondoman trs berujung debat ahahah  https://x.com/ini_bri/status/ini_bri/status/1792913123080274232…,2024-05-23T09:59:51.000Z,
twitter,Makin susah aja jd cewek kek mana cara ngasih tau cowok 25 taun buat vasektomi semoga kita semua ketemu cowok yg mau vasektomi https://x.com/ini_bri/status/ini_bri/status/1792913123080274232…,2024-05-22T21:22:52.000Z,
twitter,"Kenapaa mereka gak minta sekalian kampanye cowok yg ngajak sex bebas aja yg di vasektomi untuk syarat menggauli mereka, dari pada mereka kampanye Melegalkan aborsi karena tidak berharap bayi dari hubungan yg cuma buat Senang2 aja",2024-05-22T16:03:52.000Z,
twitter,"Gatau ya, ini dr pemikiranku yg sok filosofis. 

Cuma, logikaku: 

kalau km ga mau ada tanaman yg tumbuh dr sebuah ladang, maka jangan taruh benih di tanahnya. 
Bukan logikanya dibalik, bikin tanahnya gk subur biar benih ga tumbuh jd tanaman. 

Cowok yg vasektomi, kalian keren  https://x.com/ini_bri/status/ini_bri/status/1792913123080274232…",2024-05-22T13:52:48.000Z,
twitter,"Gw ga mendukung apa yg lu bilang sih bro, tp cowok diluar sana masih banyak yang gamau vasektomi, padahal kalo mau pake kacamata jahat seperti yang lu bilang harusnya banyak cowok vasektomi, nyatanya engga, kenapa ya?",2024-05-22T12:41:27.000Z,
twitter,Alhamdulillah cowok gue yang suggest duluan buat vasektomi buat nanti https://x.com/ini_bri/status/ini_bri/status/1792913123080274232…,2024-05-22T10:58:14.000Z,
twitter,"mesti ada kesepakatan diawal hubungan, siapa yg akan pake KB, cowok yg vasektomi, atau cewek yg pake alat KB. Plis jangan pihak cewek yg 'pasrah' aja.. mesti sepakat diawal .",2024-05-22T10:02:23.000Z,
twitter,"Kembali kasih kak bro..mari, kita mulai menormalisasi utk vasektomi bagi para cowok",2024-05-22T02:13:28.000Z,
twitter,Normalisasi cowok vasektomi!!!,2024-05-22T01:53:40.000Z,
twitter,"Masih anget bgt semalam aku bahas ini sma ibu
Tpi ibuku tim yg pro KB cowok meski vasektomi. Soalnya beliau tau sendiri klo bagi cewek KB tuh pasti ngerusak hormon. Dan aku yg cerita klo vasektomi tuh gk ada efeksamping apa² (krn beliau agak gaptek)Tinggal pinter² nyari cwoknya",2024-05-19T04:19:02.000Z,
twitter,Tapi kalo kb cowok vasektomi itu permanen yak ?,2024-05-16T04:28:23.000Z,
twitter,Tapi vasektomi jadi memungkinkan para cowok buang kemana2 tanpa resiko,2024-05-15T11:12:10.000Z,
twitter,Ya tanya sama bapaknya coba. Pake kondom nggak? mau vasektomi nggak? Kenapa perempuan yg harus nanggung semua akibatnya padahal cowok juga berperan dalam kehamilan?,2024-05-14T05:18:42.000Z,
twitter,"Jika ada cowok yang mengira bayi tabung itu bayi yang dibesarkan dalam tabung dan vasektomi sama kayak disunat, maka tidak menutup kemungkinan ada cewek yang nggak tahu puting itu seperti apa. Soalnya, bahkan sejak lahir cowok pun udah punya puting.",2024-05-13T08:12:53.000Z,
twitter,"Gw sangat menyayangkan kenapa laki-laki really lacks sex education, masalah vasektomi yang dari kemarin para dokter speak up masih ada yang ngeyel, masalah kehamilan yang malah invalidasi cewek-cewek yang hamil, gw malu jujur sebagai cowok.",2024-05-12T10:58:54.000Z,
twitter,Cowok yg vasektomi biasanya rasa cintanya akan creampie sangat lah tinggi ,2024-05-12T06:37:20.000Z,
twitter,"Gue pernah debat sama temen di kantor gara-gara ini, dia bilang itu sedih bgt kalo cowok disuruh vasektomi katanya ga ngehargain dia sebagai cowok????  Hah??? Terus istrinya???",2024-05-12T06:36:43.000Z,
twitter,tar cowok gw gw suruh vasektomi,2024-05-12T04:51:33.000Z,
twitter,Halah lo keluar rumah dua langkah juga ketemu cowok yg gak vasektomi dan hobi selingkuh sampe ngehamili selingkuhannya juga https://x.com/boluwortel/sta/boluwortel/status/1789447597046046931…,2024-05-12T04:47:49.000Z,
twitter,"Mang kalo ga vasektomi jadi berkurang resah takut diselingkuhinnya?

Yg udah2 cowok beristri yg ga vaksetomi jg selingkuh2 aja. Kalo selingkuh sdh jd tabiat mau vasektomi/gak ya akan tetap selingkuh toh?",2024-05-12T03:39:33.000Z,
twitter,"Ternyata aktor bokep kebanyakan vasektomi ya, pantes pada crot dalem mulu (?)",2024-05-12T02:55:07.000Z,
twitter,"Aneh betul cowok gak mau vasektomi langsung minta cerai, gak masuk di akal. Mau vasektomi atau nggak kan itu adalah hak manusia, jika sang wanita tak ingin kb atau steril rahim pun itu adalah hak mereka. Makanya sebelum nikah tuh obrolin dulu jangan maen nikah2 aja.",2024-05-12T00:39:43.000Z,
twitter,"aku seneng sih sekarang orang udah mulai banyak yang melek KB, sebagian cowok juga udah banyak yang bersedia di vasektomi, tapi... hhh",2024-05-11T19:26:53.000Z,
twitter,tbh aku malah kepikiran kenapa ga ada opsi KB selain vasektomi dan kondom (yang kalo lupa waduh!) buat cowok? kenapa ga ada opsi KB yang enak buat cewek?,2024-05-11T19:18:00.000Z,
twitter,"Di desa malah gencar kb gratis buat perempuan aja. Harusnya yg cowok jg dong, diedukasi ttg vasektomi. Biar paham, jangan melulu istrinya dituntut ini itu. Yok petugas puskesmas, tambah pemahaman vasektomi ke dlm proker anda! https://x.com/noniksipit/sta/noniksipit/status/1789101261528367203…",2024-05-11T16:28:47.000Z,
twitter,"nah inilah salah satu efek samping KB pada perempuan. aslinya lebih banyak lagi efek samping lainnya. makanya sering aku edukasiin vasektomi untuk para cowok di twitter. 

cepat sembuh ya kak. semoga diangkat penyakit  dan gak menjalar ke organ manapun. ",2024-05-11T07:55:34.000Z,
twitter,Alahhhhhh baru juga vasektomi. Selama ini cowok lebih sering komentarin badan cewek drh perasaan,2024-05-11T06:12:31.000Z,
twitter,Lagian cowok ngapain ngurusin amat urusan memek cewek dah. Lu kalo disuruh Vasektomi juga koar-koar pasti dah,2024-05-10T11:47:29.000Z,
twitter,"Setelah 29th hidup, baru nemu 1 cowok yang ku kenal punya kemauan atau inisiatif buat vasektomi.",2024-05-08T16:10:08.000Z,
twitter,Pernah nonton reels pasangan bule yg cowok abis vasektomi terus ceweknya dengan bahagia ngasih 'hampers' bertuliskan kata2 seperti 'unlimited creampies and breeding' gitu2  dan rasanya dgn otak mesum indo men bisa dibranding demikian juga biar ilang stigma tololnya ,2024-05-08T07:07:29.000Z,
twitter,"Right, karena diksi itu penting. Apa efek yang diharapkan? Semakin banyak cowok mau vasektomi 
*Eeitss bukan berarti bebas gak pake kondom ya",2024-05-08T06:52:17.000Z,
twitter,Gue sakit hati banyak cowok twitter yang setengah mati berargumen menentang vasektomi. Seakan2 risiko2 yg lo sebutkan itu gak ada di KB perempuan ,2024-05-06T15:04:39.000Z,
twitter,"Gak usah ngelebay2in masalah yang kaga ada. Vasektomi masal bukan berarti semua cowok pada waktu yg bersamaan, izin sakit vasektomi vs izin nemenin istri cek up ke obsgyn aja pasti banyakan yg kedua scr man-days. Gabakalan ekonomi ambruk cuma gara2 bbrp cowok mau vasektomi 2 hari",2024-05-06T13:30:31.000Z,
twitter,"kamu kayak penasaran banget sama dok purbo. masih nungguin pap bukti vasektomi? jangan ngarep sama cowok, mas :(",2024-05-06T12:00:59.000Z,
twitter,"IQRO YAAA PAK BAPAAK KOMEN DARI PAK RODRI. Kalo gak pernah vasektomi gak usah jadi si paling ngerttii. Lagian juga gak semua cowok kerja di PROYEKAN. Kebanyakan org2 yg mau vasektomi muungki  kerjaannya bagus, pake otak, gak cuma otot, apalagi ngotot.",2024-05-06T09:47:53.000Z,
twitter,WKWKWKWKWKWK lu pikir cowok bakal ada hari vasektomi nasional trus cowok2 vasektomi masal gtu satu negara? WKWKWKWK LUCU BGT YURIS INI,2024-05-06T08:57:07.000Z,
twitter,This boy nyoba pake pasal UU TPKS bcs bro is so freaking pressed ada cowok yg sharing ttg vasektomi (debunk misconception seputar vasektomi based his own experience) ck ck ck ,2024-05-06T06:50:18.000Z,
twitter,jaman sekarang cowok vasektomi? kok malah jadi su’udzhan ‘ga bakal meninggalkan jejak’ ,2024-05-04T23:13:11.000Z,
twitter,"masyarakat indo tuh mikirnya jelek, katanya kalo cowok yg di vasektomi nanti jadi liar bebas celup sana sini. duh gatau knp ortu gue ngomong gini, mereka menormalisasi kalo cowok bisa cheating jadi buat mencegah mending cewe yg disteril supaya cowonya ga 'liar'",2024-05-04T14:32:16.000Z,
twitter,"Pernah bahas soal KB sama temen gue yg cowok. Dia pribadi bilang kalo dia vasektomi ngerasa ""harga dirinya"" berkurang. Kalo kurang luh beli aja lagi di indomaret ",2024-05-04T14:20:20.000Z,
twitter,"Liat ibu yg sakit dan hormon berantakan gara2 KB selalu ngerasa kasian, knp bapak tega ya biarin ibu kek gitu. salah satu hal yg gw syukuri mereka udah cerai, akhirnya badan ibu dah bisa balik normal lagi setelah KB  Jd gw respect ke cowok yg mau vasektomi, keren lu pada ",2024-05-04T13:52:03.000Z,
twitter,"kb pada perempuan itu efek nya lebih besar dan lebih beresiko. baca gak? ini maksudnya kenapa cowoknya yang vasektomi karena kalo cewek resiko nya lbh gede, dan untuk menghindari hal itu, makanya cowok yang di vasektomi. Kalo dua duanya, apa poin nya? aneh.",2024-05-04T10:52:53.000Z,
twitter,"masi gapaham sama keluarga yang nentang suami buat vasektomi, kek perempuan disuruh tubektomi tapi vasektomi buat cowok enggak?

pemerintah harus lebih banyak edukasi kalo program KB itu ga istri aja tapi suami juga bisa andil",2024-05-04T10:03:09.000Z,
twitter,"Tapi kebanyakan cowok malu hal yang beginian, padahal bagus menyeimbangkan yakan jadi nggak hanya perempuan aja di suruh KB, laki"" pun bisa. Dulu ingat cerita nya doripu Dar sana taunya. Suaminya disuruh buat vasektomi wkwk ada aja dulu drama nya  tp endingnya suaminya mau jg",2024-05-04T07:55:46.000Z,
twitter,"masi gapaham sama keluarga yang nentang suami buat vasektomi, kek perempuan disuruh tubektomi tapi vasektomi buat cowok enggak?

pemerintah harus lebih banyak edukasi kalo program KB itu ga istri aja tapi suami juga bisa andil",2024-05-04T10:03:09.000Z,
twitter,"Tapi kebanyakan cowok malu hal yang beginian, padahal bagus menyeimbangkan yakan jadi nggak hanya perempuan aja di suruh KB, laki"" pun bisa. Dulu ingat cerita nya doripu Dar sana taunya. Suaminya disuruh buat vasektomi wkwk ada aja dulu drama nya  tp endingnya suaminya mau jg",2024-05-04T07:55:46.000Z,
twitter,vasektomi itu kontrasepsi cowok ,2024-05-04T07:35:17.000Z,
twitter,"18! bagi pasangan yang gak mau punya anak lagi, jangan lupa suruh suaminya vasektomi ya. GRATIS. 

fyi KB efek sampingnya lebih besar di cewek dibandingkan cowok. vasektomi relatif aman.",2024-05-04T07:19:16.000Z,
twitter,"Baru liat loh ada cowok yg berencana vasektomi. Selama ini mikir siapa ya yang berani vasektomi, ternyata beneran ada orang yang berani buat ngelakuin ini. Salute",2024-05-04T05:52:30.000Z,
twitter,"Udah julid ama pilihan suami orang buat vasektomi, nuduh sender bisa selingkuh sampe hamil dr orang lain pula.

Girls, jangan anggep cowok jelek pasti punya kelebihan di sisi lain misalnya di otaknya atau akhlaknya ya, karena yg ini buktinya gak ada nilai plusnya.",2024-04-22T18:23:48.000Z,
twitter,"COWOK GW MAU VASEKTOMI, COWOK GW MAU KB NGEGANTIIN GW",2024-04-22T15:15:09.000Z,
twitter,"sm halnya soal kontrasepsi yg selalu dibebankan ke perempuan. ada banyak jenis KB buat perempuan dan sebagian bekerja dgn memodifikasi hormon yg mana punya efek samping negatif.

tp KB utk cowok cuma kondom sm vasektomi. knp belum ada KB hormonal buat laki-laki?",2024-04-21T01:40:35.000Z,
twitter,"Buat gw obgyn yg ngerjain vasektomi :
1. Lebih enak konseling vasektomi daripada harus tubektomi pasien yg punya riw SC (resiko operasi)
2. Dari konseling umumnya penolakan dari pasien itu cuma 2 : takut suami bandel ga ada jejaknya, dari yang cowok takut stigma jadi letoy",2024-04-20T22:45:52.000Z,
twitter,"Ah elah 

Tapi ini yg aku ceritain obgynnya cowok sih emang mba. Apa kalau obgyn cewek lebih supportive ya soal vasektomi?",2024-04-20T08:02:44.000Z,
twitter,"hmm kenapa mikirnya selalu gini deh? cowok tuh jarang mau vasektomi dan apa salahnya sender bangga dan senang?? kenapa harus selalu dikaitkan dengan perempuan lain? kamu ga berani vasektomi, ya?",2024-04-07T05:57:26.000Z,
twitter,"pernah juga dengar kalau alasan kenapa ga KB karena bidannya sok usil sama urusan pribadi mereka, ada juga yg bilang ga ada biaya KB, takut efek samping KB dll. Nah sementara pihak cowok kalo ditanya knp ga di vasektomi aja, jawaban tersimpelnya ""gue cowo, ngapain""",2024-03-28T01:44:41.000Z,
twitter,"Pilihan KB cowok cuma 2 soalnya, vasektomi sama kondom

Kalo vasektomi tu banyak bgt pertimbangannya. Yg mudah dan simple ya kondom. Kalo gakmau pake kondom ya harus pinter atur ritme dan kontrol jangan sampe keluar dalem, tp risiko kebobolan gede bgt wkwk",2024-03-23T11:49:02.000Z,
twitter,Lagi dikembangin kb hormonal buat cowok sbg alternatif dari vasektomi. Masih penasaran rasa sakit dr vasektomi skalanya brapa tp kalo ada kb hormonal buat cowok knapa tidak,2024-03-20T15:30:10.000Z,
twitter,rahim diikat tubektomi kalau buat cowok vasektomi,2024-03-17T13:37:35.000Z,
twitter,"all hail cowok yang pasang kb 
terima kasih karna mau vasektomi di tengah masyarakat patriaki ini ",2024-03-10T12:09:07.000Z,
twitter,makanya klen cowok mending vasektomi aja y ,2024-03-09T10:05:00.000Z,
twitter,"cewek udah menstruasi, hamil, dan melahirkan jadi gue dukung buat cowok yang ambil bagian kb, entah itu kondom atau vasektomi",2024-02-17T13:25:23.000Z,
twitter,nyatanya emang SELALU ADA cowok yang punya pikiran kaya gini. kemarin di thread dorippu yg suaminya siap vasektomi juga ada tuh cowok otak udang yg ga mau SAMA SAMA BERJUANG. padahal mereka akan keluarga dan mungkin punya anak perempuan,2024-02-06T13:00:01.000Z,
twitter,"What are five topics you can talk about for 30 minutes with zero prep  

1. Kenapa Cowok Harus Vasektomi?
2. Mayoritarianism & Agama
3. Why I Hate People?  
4. Pengalaman FWB-an 
5. Dunia Penulis Skenario Sinetron",2024-02-02T03:19:06.000Z,
twitter,Normalisasi cowok vasektomi,2024-01-28T07:43:48.000Z,
twitter,"We have to push for more options juga buat male ketika kita ngobrolin kontrasepsi. Research buat pil kontrasepsi yg aman buat cowok juga udah mulai ada result yg promising, hal hal kayak gini yg musti nya di push bukan cuma berkutat di vasektomi doang.",2024-01-27T09:12:18.000Z,
twitter,"Kalo kita mau bicara equality buat reproductive rights ya bukan perkara benar salah, tapi perkara pilihan. coba liat bigger picture nya bayangin dari sekian banyak KB cewek, KB cowok pilihan nya cuma non permanen kondom dan permanen vasektomi.",2024-01-27T09:00:20.000Z,
twitter,"Buat cowok cowok sebaik nya jangan vasektomi. Pakai kondom yg bener aja, jangan juga nuntut istri klean yg KB ini itu tapi kalian sendiri mau enak nya doang kentu gk mau pake kondom.",2024-01-27T02:20:52.000Z,
twitter,"How to trigger para cowok 
vasektomi",2024-01-26T14:11:49.000Z,
twitter,"Faktanya banyak yang like & RT.. berarti banyak yang WARAS dan paham agama.
Sorry gw bukan typical yang mundur walaupun dibully rame². Klo memang bener ya bener.. salah ya salah.
Jangan pernah Vasektomi buat para Cowok. Banyak alternative lain.. kalender mens atau Kb lain",2024-01-26T13:30:35.000Z,
twitter,"Tapi gua juga penasaran vasektomi apa se gampang itu balikinnya lagi ? Karna metode steril di perempuan aja kalau mau balikin lagi kemungkinan berhasilnya cuma 20%, nah kalau vasektomi buat cowok berapa persen ?",2024-01-26T13:27:02.000Z,
twitter,"Nih ciri2 cowok bego Indonesia yang hanya mikirin kntl doank, ada orang yang mau setia ama istrinya dan mau vasektomi karena emang keputusan bersama eh nyebar info salah dan malah disuruh poligami atau cerai? Bego gak usah diumbar2 pak2",2024-01-26T12:52:31.000Z,
twitter,"Di kira semua cowok mau selingkuh atau nikah lagi? Dia milih vasektomi itu bagus pdhl demi kesehatan, dan kalo mau itu2 biar aman",2024-01-26T11:33:40.000Z,
twitter,"Di kira semua cowok mau selingkuh atau nikah lagi? Dia milih vasektomi itu bagus pdhl demi kesehatan, dan kalo mau itu2 biar aman",2024-01-26T11:33:40.000Z,
twitter,18! lagi rame bahas vasektomi. mau ingatkan kembali bahasannya agar bisa mencerdaskan cowok cowok tentang vasektomi,2024-01-26T11:03:50.000Z,
twitter,Aduhh sedang melihat orang tolol pake sosmed wkwk kalo cowok vasektomi kenapa? Egonya tersakiti ya? Wkwkwk,2024-01-26T11:03:27.000Z,
twitter,aku bakal dapet jawaban template ciri2 cowok patriarki tp ternyata engga. bahkan ada yg bilang “ga harus cewek kok mbak cowok pun bisa berkorban pakai metode vasektomi”. dan berakhir ada kuliah terbuka bahas masalah vasektomi. di akhir percakapan pun beliau2 ini sempat kasih—,2024-01-26T10:29:33.000Z,
twitter,Cowok kaget liat cowok vasektomi. Tp ga kaget kalo liat cewek angkat rahim ,2024-01-26T10:26:58.000Z,
twitter,"trs cowok ngapain ya bjirr vasektomi aja misuh2 bukan elu jg yg ngelakuinnya ???? istri udh hamil, melahirkan, menyusui, ngurus anak jgn2 u tipe suami2 yg ga mau bgurus anak juga yah?",2024-01-26T10:00:01.000Z,
twitter,Model² cowok yang cuci piring dan panci tiap habis makan... disuruh Vasektomi nurut² aja ,2024-01-26T09:27:43.000Z,
twitter,"Diiiih, cewek udah hamil, melahirkan dan menyusui, yg cowok cuma disuruh vasektomi aja banyakan bacot",2024-01-26T09:24:12.000Z,
twitter,nah anda sediri adalah ciri2 cowok goblok juga karena ga research dulu  minimal google di hp lo tuh dipake cari dulu apa itu vasektomi ,2024-01-26T09:22:17.000Z,
twitter,"Minimal punya etika tolol, kan bisa nanya baik baik “Bukannya vasektomi itu haram ya kak? Kata Niam doktor hukum Islam UIN Jakarta.” Kan bisa njing nanya kek gitu, cowok goblok gapunya etika, otak kek cicak gepeng, bodohhhhh",2024-01-26T09:03:11.000Z,
twitter,"Ya terus kalau cewek boleh steril sementara cowok ga boleh vasektomi? hidup isinya ML, cerai, kawin lagi doang? Goblok",2024-01-26T08:52:35.000Z,
twitter,LAH ELUUUU YANG GOBLOK orang vasektomi ada yg sifatnya gak permanen aowkaowkwk gimana sih COWOK GOBLOK,2024-01-26T08:37:33.000Z,
twitter,Ya lu aja yang tubektomi.. ngapain cowok suruh vasektomi. Belum tentu juga jodohnya sama lu terus.,2024-01-26T08:11:18.000Z,
twitter,"Tergantung cowoknya Kak, mau vasektomi ato gak kalo dasarnya si cowok brengsek ya bakal selengki juga. Udah vasektomi bukan berarti bebas dari kena penyakit kelamin jg",2023-11-19T12:44:05.000Z,
twitter,Beberapa kali nyoba nanya vasektomi ke temen2 cowok di sekitar jawabannya BIG NO! H3h3h3,2023-11-19T06:54:09.000Z,
twitter,Cowok kalau vasektomi gini apa nggak malah makin bebas ya? Soalnya salah satu resikonya jadi berkurang hehe ,2023-11-19T06:22:38.000Z,
twitter,"Bitter truth, ego cowok banyak yang lebih pilih istri disuruh ikutan program kb daripada pihak cowok harus pake kondom atau vasektomi.

Sesekali tolonglah permudah hidup perempuan, udah jalanin haid, hamil, melahirkan masih disuruh kb juga. Apa susahnya buat sadar kemampuan?!",2023-11-16T15:59:16.000Z,
twitter,"Maybe seperti itu.
Nah kalo prefer mana tentu vasektomi krn minim resiko, dg sayatan 2-3cm aja, tapi para Lelaki nih belom melek masalah ini.
Egois banget semua muanya cewek, cowok cukup kerja doang ",2023-11-14T07:53:50.000Z,
twitter,"Bisa jd. Tapi komen/alasan serupa jg bbrp kali sy temuin baik dr perempuan atau laki-laki sendiri. Menentang vasektomi dg alasan “enak dong cowok bs berbuat tnp ketahuan krn ga ada hasilnya”.

Pdhl dg logika yg sama, perempuan pun juga sama kan~",2023-11-14T00:00:15.000Z,
twitter,"Bukannya ga mau,
Dokter udah sinis & negatif thinking duluan saat cowok konsultasi buat vasektomi.

Bukannya konsultasi medis malah diceramahin ",2023-11-13T11:57:49.000Z,
twitter,"Wow salut banget sama si duda. Di jaman now, cowok mau vasektomi tuh kayanya cuma dongeng aja. Tapi aku ga tau jawaban buat km nder ",2023-11-12T06:37:08.000Z,
twitter,Walah om curoci.. vasektomi kok istri bisa hamil? Anak siapa itu? Yg dimandulin kan Cowoknya.. si cewek masih bisa hamil klu dapet sperma dari cowok lain walaupun ada iud nya...,2023-10-24T04:10:51.000Z,
twitter,"Boleh gak dibantu admin. Lgi nyari judul cerita yg beberapa hri yg lalu aku baca tapi lupa di save, Tentang dijodohin sama teman sendiri, tpi yg cewek sama cowok sama² gak mau punya anak jdi yg cowok sudah vasektomi trus nikah sama yg cewek ini. ",2023-10-15T01:24:56.000Z,
twitter,"Wah, kalau begitu udah nggak bener. Kecuali dia mau vasektomi atau minum pills. Ada juga sekarang buat cowok. Pakai no drop aja. Hahahaha. Tapi emang kalau itu harus diobrolin dari awal.",2023-09-21T10:01:54.000Z,
twitter,"Ada yang namanya kondom, kb pakai hitungan kalender, kb ngeluarin mani di luar, vasektomi, dsb. Emang kalau kb dari pihak cewek rentan kebobolan. KB yang bagus itu dari pihak cowok.",2023-09-13T13:44:27.000Z,
twitter,Kalo cowok 30th mau vasektomi gimana dok? Boleh?,2023-09-11T09:42:54.000Z,
twitter,"sosialisasinya kurang, padahal cowok bisa di vasektomi",2023-09-04T04:00:01.000Z,
twitter,Cowok aja suruh vasektomi,2023-09-03T08:02:02.000Z,
twitter,Kalo cowok 30th mau vasektomi gimana dok? Boleh?,2023-09-11T09:42:54.000Z,
twitter,"sosialisasinya kurang, padahal cowok bisa di vasektomi",2023-09-04T04:00:01.000Z,
twitter,Cowok aja suruh vasektomi,2023-09-03T08:02:02.000Z,
twitter,"Cowok juga ada kbnyaa kok mba selain kondom, namanya vasektomi. Kan itu mas vincent bilang dia yg ngalah ajaa pake alat kontrasepsi",2023-08-28T09:10:54.000Z,
twitter,"Iya, itu mayoritas karena poverty bukan karena ngewe sembarangan kyk yg lu bilang. Lu mikir org ketagihan buat aborsi gitu? Dicolok colok gitu meki lu? Mending cowok ikut contribute vasektomi aja dah klo kebanyakan koar koar soal aborsi. Gk bikin mampus juga.  https://x.com/jimmoriarty234/jimmoriarty234/status/1695963534721733114…",2023-08-28T05:22:59.000Z,
twitter,"Kucingnya harus cowok sepertinya, biar nggak menempel dengan mas terus dan harus vasektomi ",2023-08-13T07:58:15.000Z,
twitter,ril pertanyaan gw kalo soal punya anak knp sakitnya semuanya ada di cewek udh gitu cowok kalo diminta vasektomi pada gak mau tuh knp emang? bikin mati kh? yg beresiko bikin mati mah melahirkan,2023-08-13T06:59:18.000Z,
twitter,"Vasektomi udh masuk program pemerintahan kok & bisa di cover bpjs cmn ada minimal umur dan min anak 1 kalau gasalah, yg bikin minim krna banyak yg gamau krna ""pride"" mereka, ada yg mikir itu sama kayak kebiri, atau stigma kalau vasektomi cowok malah gak ketahuan kalau selingkuh",2023-08-11T18:05:37.000Z,
twitter,opini cowok di video ini jg termasuk opini bodoh  kalo gapunya duit buat biaya lahiran mending lu vasektomi aja brou ,2023-08-10T04:29:24.000Z,
twitter,"kalau kata bapak bapak podkesmas sih yak, bahkan cowok itu ada namanya vasektomi. karena kalau kagak dikeluarin, itu bisa pecah biji pacar lu. (lebaynya) mimpi basah itu makannya ada ya karena udah berlebih itu produksinya kudu dikeluarin. sama kaya cewek, keluarnya lewat mens.",2023-08-06T15:19:36.000Z,
twitter,"Boro2 kak, banyak cowok gamau vasektomi tp ribet bgt nyuru bininya kb.",2023-07-31T12:33:04.000Z,
twitter,Keren sih yg cowok langsung sadar buat vasektomi biar g nambah anak lagi,2023-07-31T06:26:43.000Z,
twitter,18! penjelasan soal vasektomi buat cowok nih,2023-07-20T12:39:27.000Z,
twitter,Ya kan?? Lebih gampang dan efeknya lebih ringan klo cowok yg vasektomi dibanding cewek yg manipulasi hormon ,2023-05-23T23:39:07.000Z,
twitter,Lo pakai kondom jg ttp aja bisa hamil tolol. Ga proteksinya ga 100%. Vasektomi noh cowok lo. Kalo ga mau ya jgn ngewe anjing,2023-04-30T03:35:02.000Z,
twitter,"Gk cukup, masih bisa hamil, yg punya bibit itu cowok jadi wajib dan harus dipaksa kb, toh vasektomi ada yg non permanen, cuman kalian aja merasa lebih pinter (baca: goblok) & gk mau tanya, 
kenapa harus cewek terus yg dipaksa, pdahal rahim hnya penampung bukan penghasil bibit.",2023-04-23T01:16:27.000Z,
twitter,"Cowok yang punya bibit yg punya sperma, wajar wajib dan harus kb vasektomi, sedang rahim itu hanya penampung",2023-04-23T01:10:02.000Z,
twitter,"Kualitas sperma jelek, cwek dan cwoknya bukan dalam masa subur, si cowok bisa aja sudah vasektomi, kalo gak gtu pilih cwek yg haidnya gak teratur gak ada masa ovulasi alias mandul.. Dah.. Tp gak jamin juga yg bikin hidup yang maha kuasa soalnya.. https://x.com/neowmeowth/sta/neowmeowth/status/1649377975253745666…",2023-04-22T07:36:49.000Z,
twitter,"ini jd tantangan kader juga mbak buat nyari akseptor vasektomi dan tubektomi. Sejauh ini yang aku tau dan pernah lihat kasusnya kaya gitu, ada jg kasus si suami awalnya berani tp pas udah masuk ruang operasi minta dibatalin. Makanya KB buat cowok tuh susah tercapai targetnya",2023-04-18T11:47:55.000Z,
twitter,"Maybe when the discussion has become more evolved we will hear men saying ""Kenapa cowok aja yang vasektomi? Perempuan angkat rahim dong"".",2023-04-17T23:28:46.000Z,
twitter,"selain kb haram. ada juga kaum2 yg lebih percaya katanya katanya tp belum nyobain kb. kan mending dicobain, dibadan gimana kalo gak cocok pindah jenis kb. dari sekian banyak masa iya gak ada yg cocok. atau sekalian aja diiket kantungnya untuk cewe atau vasektomi untuk cowok.",2023-04-17T06:27:03.000Z,
twitter,"Doesn't make sense. Kontrasepsi itu buanyak bgt macamnya, termasuk yg permanen. Kalo memang niat, ada steril dan tubektomi. Lagian juga bikin anak tuh gak sendirian, cowok juga turut andil. Kl udah sampe gt ya knp gak suaminya aja ngide vasektomi? W yakin jawabnya 100% gak mau.",2023-04-17T06:03:39.000Z,
twitter,"Vasektomi itu udah pasti bikin cowok jadi ga bisa punya anak ya? Saat ingin punya anak, apakah bisa kembali lagi seperti sebelum vasektomi?",2023-04-17T05:40:47.000Z,
twitter,"Korban dari feminist adalah wanita.
Satu-satunya alasan lelaki menikah adalah agama atau punya keturunan.
Di negara yang feminisnya kuat, sudah banyak cowok yang vasektomi, karena menikah dan punya anak adalah beban, dan urusan ngewe bisa tetap didapat.",2023-04-15T22:54:06.000Z,
twitter,"KB, minum postinor, tie your tubes, si cowok suruh vasektomi",2023-04-09T03:36:32.000Z,
twitter,"Klo dipikir-pikir jga utk decide stop punya anak itu pada repot dan sakitnya di cewek, pdhl cowok jga punya peran dalam “perkembang-biakan” tp ga mau sama-sama berkorban cth nya vasektomi ",2023-03-16T01:05:36.000Z,
twitter,"cowok lah yg vasektomi, masa semua muanya cewek yg nanggung",2023-03-15T11:44:10.000Z,
twitter,"Gue udah dibilangin sama cowok gue sih, kl tar udah nikah, gue nya gak boleh KB, gak bagus dan kasihan buat cewek kata dia, jd dia yg bakalan vasektomi.",2023-03-14T14:43:46.000Z,
twitter,srius itu pria dewasa yg sdh menikah umur 33 taun baru tau kalo ada kb cowok yg namanya vasektomi?????? ,2023-03-09T08:57:08.000Z,
twitter,Dari mata najwa kutahu bahwa alat kontrasepsi pada cowok bukan cuma kondom dan vasektomi. Tapi ada pil juga.,2023-03-07T12:51:28.000Z,
twitter,"Btw, Anang ni vasektomi kan ya. Di saat KB cuma dibebankan ke perempuan, dia sama sekali tidak terhina sebagai cowok buat ikutan KB. Dia hebat loh jadi cowok. Pemikirannya tentang pernikahan dan peran suami. Kayak gini kok dulu KD nyelingkuhin Anang berkali-kali ya. Wkwk",2023-03-06T14:03:17.000Z,
twitter,"Yang mau tanpa anak kan si cewek
Kenapa malah si cowok yg vasektomi",2023-02-09T09:26:11.000Z,
twitter,Itu pendukung kontrasepsi cowok udah pada vasektomi ato emang mandul aja?,2022-12-28T01:09:34.000Z,
twitter,"Pernah ada yg jawab gini, nanti kalo vasektomi malah enak tuh cowok celap celup sana sini.
Gak usah vasektomi juga bakal tetep gitu, kalo dari sononya udah brengsekz",2022-12-26T08:21:15.000Z,
twitter,"ah saya kalo bisa vasektomi udah milih vasektomi jg dok. Hamil itu berat buat istri. Belm psikologi dll. Cowok itu terlalu egois. Apa2 mnt dilayanin dibalik ktny bukan kerjaannya, bukan bagiannya lah",2022-12-26T03:44:50.000Z,
twitter,"Wanita kb hormonal berefek ke badan, kb iud kalau g cocok, sakit.mau steril bedahnya dalam. Cowok KB nya gampang, pake kondom, atau bedah vasektomi yg cuma op ringan.",2022-12-16T15:59:11.000Z,
twitter,"ah saya kalo bisa vasektomi udah milih vasektomi jg dok. Hamil itu berat buat istri. Belm psikologi dll. Cowok itu terlalu egois. Apa2 mnt dilayanin dibalik ktny bukan kerjaannya, bukan bagiannya lah",2022-12-26T03:44:50.000Z,
twitter,"Wanita kb hormonal berefek ke badan, kb iud kalau g cocok, sakit.mau steril bedahnya dalam. Cowok KB nya gampang, pake kondom, atau bedah vasektomi yg cuma op ringan.",2022-12-16T15:59:11.000Z,
twitter,"maaf mw nanya,,apakah anda(cowok)/atw suami anda (cewek) sudah di VASEKTOMI ???",2022-12-04T04:40:33.000Z,
twitter,"Ya kalo secara medis mah, babi halal, alkohol halal, aborsi halal, hubungan sesama jenis halal...
Bahasanya jg diserem2in, mutilasi genitalia kalo yg cowok sirkumsisi, g ada manfaat dan upaya mengendalikan tubuh pula bilangnya...
Lah trus KB, vasektomi, halal jg?",2022-12-03T23:23:11.000Z,
twitter,"kondom termasuk jenis kb kokk. tp kalo anaknya udh lebih dari 2, yg cowok bisa pake kb vasektomi ajaaa",2022-11-19T15:23:03.000Z,
twitter,"Jadi menurut aku vasektomi adalah salah satu jalur KB paling efektif, soalnya gak mempengaruhi kondisi hormonal (apalagi fisik) cowok. Libido sama ejakulasi pun gak akan keganggu. Tapi ya mungkin emang agak berat di biaya aja karena butuh pembedahan kecil.",2022-11-19T15:02:27.000Z,
twitter,"Pernah diskusiin ini sama temen. Padahal vasektomi tuh salah satu alternatif terenak buat cowok kalo gak mau pakai kondom. Kalau concern sama kesejahteraan pasangan, cowok juga harus berjuang untuk mencegah kehamilan gak diinginkan dengan gak bergantung sama kontrasepsi cewek.",2022-11-19T15:02:25.000Z,
twitter,"Kalo cewek ada berbagai macem kontrasepsi, nah yang cowok selain kondom dan vasektomi ada lagi gak sih?

Biasanya kalo cewek gak cocok sama kontrasepsi ini, disuruh coba produk lainnya, pengen juga deh kalo cowok beralasan gak enak pake kondom, ada pilihan kontrasepsi lainnya.",2022-11-19T05:25:34.000Z,
twitter,"Karena dunia ini patriarkis. Terutama Indonesia, cowok mau vasektomi aja aturannya susah banget.",2022-10-18T05:11:19.000Z,
twitter,"Waktu dia bilang kalo KB itu biar jadi urusan cowok. Perempuan udah cukup menderita sama urusan hamil dan melahirkan ...

Dan jadilah, dia berkondom ria dan bahkan berkenan vasektomi one day misal bener2 dah ga mau punya anak lagi.",2022-10-13T06:02:45.000Z,
twitter,itu kayanya vasektomi deh jadi buat mutusin vas deferens(cmiiw) biar gak bisa nyalurin sperma lagi. jdi kalo di cewe namanya tubektomi atau well known as sterilisasi nah di cowok vasektomi ini,2022-08-23T12:57:51.000Z,
twitter,"Kayaknya kb buat cowok masih jarang, ada vasektomi harga nya jutaan. Paling kb pria ya kondom doang",2022-08-22T08:40:25.000Z,
twitter,KB cowok selain vasektomi apaan y?,2022-08-21T14:54:45.000Z,
twitter,Cowok bisa vasektomi jg sebenernya,2022-08-21T12:19:16.000Z,
twitter,"Kayanya vasektomi tuh juga pernah ada kontra dulu, seingetku kalau cowok vasektomi dia malah seenaknya jajan dimana mana tanpa pake pengaman karena tau gabakal bisa menghamili, bakal jadi pemicu naiknya kasus pemerkosaan juga deh. Cmiiw",2022-08-21T12:08:06.000Z,
twitter,"Vasektomi juga di kategorikan sebagai KB lho, cuma permanen, walaupun ada yg bilang ini reversible..
Sebenernya penelitian pil KB utk cowok udah ada, dg mekanisme yg sama dan efek samping yg sama cuma masih masa trial sampe sekarang, utk human trialnya katanya sih tahun ini..",2022-08-15T17:19:44.000Z,
twitter,"KB buat cowok saat ini cuma ada 2, vasektomi dan kondom, pertanyaan nya knp gak ada KB yg bentuknya sama (pil, iud) utk cowok? Ada kok, cuma msh masa trial smpe skrg, ada yg bentuknya krim di oles di tangan, pil, ada juga yg di suntik buat menutup jalur sperma dr testis(1/?)",2022-08-15T17:08:34.000Z,
twitter,"Kenapa cowok takut vasektomi, tapi takut pacar hamil?",2022-07-14T05:35:00.000Z,
twitter,"  Kalau ujungnya nyalahin cewek, apa-apa cewek, cewek lagi cewek lagi ga usah berargumen deh. Hadehhhh jadi cowok boleh crot sembarangan ambil enaknya doang ga pakai kondom ga mau vasektomi gpp kan ga perlu tanggung jawab dikasih UU buat tggng jawab ga boleh juga",2022-07-12T01:34:30.000Z,
twitter,Eh tp ya bener loh kira2 berapa persen ya cowok ya mau2 aja kalo misal istrinya minta dia yg kb? I mean aku br sekali liat di tiktok cowok indo yg dgn kesadaran sendiri milih vasektomi dan komennya pun pada kaget semua+,2022-07-09T04:51:07.000Z,
twitter,"Setujuu
Kalo misalnya vasektomi gak bagus
Kenapa gak dikembangin aja metode kb baru yg aman utk cowok?",2022-07-08T16:33:53.000Z,
twitter,"Kl ga mau vasektomi, minimal pake kondom deh. Banyak jg cowok gamau pake kondom, alesannya ga enak, padahal lebih ga enak hamil sm melahirkan",2022-07-08T07:17:43.000Z,
twitter,"Yg bikin aku agak ""hah"" gitu adalah di poster itu dijelasin efek sampingnya KB buat cewek. Dan itu banyak, krn literally ngerubah aspek2 fisik cewek. Sedangkan utk vasektomi gk ngerubah apapun di cowok selain kemampuan air maninya utk membuahi",2022-07-08T05:53:52.000Z,
twitter,"Pernah baca, syarat buat vasektomi di indo lumayan ribet kaya harus usia tertentu dan udah punya anak sekian. Alasan lain dianggap mengurangi maskulinitas cowok dan tanggung jawab utk family planning itu cuma tgs cewek.",2022-07-08T03:43:20.000Z,
twitter,"Cewek singel rutin konsumsi pil KB gue masih ngerti krn terapi hormonal. 
Lah ini cowok ngaku singel tp vasektomi gue blm tau referensi kesehatan kecuali filing gue dia penjahat kelamin!",2022-07-01T13:40:32.000Z,
twitter,"vasektomi itu KB steril buat cowok. jadi saluran spermanya dipotong/diiket, ttp bisa berhubungan tp ya paling nanti gk ngeluarin sperma, jd gk bisa ngebuahin dan biasanya dilakuin sm orang2 yg udh gk pengen punya anak lagi, makanya heran masih single kok udh vasektomi",2022-06-30T00:55:14.000Z,
twitter,Emg ada cowok indo yg rela mau vasektomi??? Serius nanyak,2022-06-29T14:06:26.000Z,
twitter,"Cara pikir Lu yang aneh! Si cowok ngaku single pas masih pacaran dan ceweknya belum hamil, lalu si cowok ngaku kalau udah vasektomi dan ketauan udah berkeluarga pas si cewek hamil dan minta buat tanggung jawab. Gitu aja masak harus diajarin?",2022-06-29T10:20:21.000Z,
twitter,"Mai nambahin juga, walaupun cowok udah vasektomi, masih ada kemungkinan ada sperma yang fertil.

Jadi jangan cepet percaya dan tetap pake pengaman",2022-06-29T03:57:57.000Z,
twitter,loh kamu suruh cowok aja yang vasektomi...kamu gapunya rahim lah kok ngatur??,2021-08-21T00:54:46.000Z,
twitter,Suruh angkat rahim yh cewek. Vasektomi yg cowok.... Biar totalitas,2021-08-21T00:12:14.000Z,
twitter,"Bukan cewek aja yg gak mau ngab, cowok juga. 
Ada yg masih lajang udah vasektomi, yuk biasakan cari info  dan childfree itu bukan trend.",2021-08-19T12:53:59.000Z,
twitter,"Ktny minta kesetaraan. Tp maunya cuma laki2 yg di KB 
Udh paling benar itu pro childfree yg cowok vasektomi, yg cewek angkat rahim.
Drpd koar2 childfree gk ada action.
Nanti kelepasan ngews tnp kondom gegara mabok jg bisa tekdung tuh ",2021-08-10T13:56:45.000Z,
twitter,"Daripada koar2 Pro Childfree.
Mending action aja : 
- Vasektomi buat cowok pro childfree
- Angkat Rahim buat cewek pro childfree
Kalo gw sih org Islam, jadi melakukan hal tersebut di atas cuma boleh untuk alasan darurat saja ",2021-08-10T00:45:39.000Z,
twitter,Katanya banyak risiko. Sejauh ini yg dipakai cowok setahuku baru kondom dan vasektomi,2021-07-20T11:43:31.000Z,
twitter,Cowok vasektomi = ga jantan haha,2021-07-19T11:18:45.000Z,
twitter,"Cowok juga ada pilihan buat pakai kontrasepsi kak misalnya pake kondom/vasektomi. Tapi yaaa gitu, kontrasepsi dinilai khusus buat perempuan. Belum lagi bagi pria kalo ngelakuin vasektomi dianggap nggak 'jantan' lagi",2021-07-19T10:55:28.000Z,
twitter,gak semua cowok mau vasektomi sih. tapi gak bisa di usia muda juga kan nanti gak bisa hamilin ,2021-07-19T10:53:35.000Z,
twitter,"Disteril, Fi. Vasektomi atau tubektomi kalau manusianya. Tapi itu di hewan yang cowok testisnya diambil, kalau yang perempuan ovariumnya diambil.",2021-06-11T12:04:13.000Z,
twitter,"iyaa dosennya becanda mengenai kalo cowok manusia yg vasektomi bisa aja cuman jd ""bisa njajan"" ",2021-04-26T12:31:41.000Z,
twitter,Pengen vasektomi tapi takut operasi  tambah lagi sekarang pandemi  berharap ada pil gitu buat cowok..,2021-04-12T14:48:37.000Z,
twitter,"Atau vasektomi. Biar gantian ya, cowok aja yg ngerasain ga enaknya KB ",2021-02-24T21:05:09.000Z,
twitter,"Cowok yang harusnya pake kontrasepsi. Bisa lewat vasektomi, kondom, atau cara lainnya yang aman.",2020-10-31T17:37:33.000Z,
twitter,Nah that's why aku mendukung cowok vasektomi ,2020-10-21T18:25:03.000Z,
twitter,"Selain taking birth control, pake kondom, atau vasektomi bisa juga dengan mengontrol nafsu. Misalkan cowok pertama kali seks di umur 17 tahun, berarti dia bisa dong nahan ga seks selama 17 tahun, masa nahan ga seks 9-11 bulan ga bisa:(",2020-10-21T15:11:47.000Z,
twitter,"Btw vasektomi gratis bahkan dibayar, orang2 BKKBN tuh susah banget nyari cowok yg mau vasektomi",2020-10-21T14:36:12.000Z,
twitter,"Birth control utk pria sampe saat ini blm ada yg sangat efektif sih, ada juga vasektomi, tapi itu kalau si cowok emg bener2 gak mau punya anak, karena itu kan melalui proses operasi, bukan berbentuk obat.",2020-10-21T13:25:44.000Z,
twitter,"Atau vasektomi. Biar gantian ya, cowok aja yg ngerasain ga enaknya KB ",2021-02-24T21:05:09.000Z,
twitter,"Cowok yang harusnya pake kontrasepsi. Bisa lewat vasektomi, kondom, atau cara lainnya yang aman.",2020-10-31T17:37:33.000Z,
twitter,Nah that's why aku mendukung cowok vasektomi ,2020-10-21T18:25:03.000Z,
twitter,"Selain taking birth control, pake kondom, atau vasektomi bisa juga dengan mengontrol nafsu. Misalkan cowok pertama kali seks di umur 17 tahun, berarti dia bisa dong nahan ga seks selama 17 tahun, masa nahan ga seks 9-11 bulan ga bisa:(",2020-10-21T15:11:47.000Z,
twitter,"Btw vasektomi gratis bahkan dibayar, orang2 BKKBN tuh susah banget nyari cowok yg mau vasektomi",2020-10-21T14:36:12.000Z,
twitter,"Birth control utk pria sampe saat ini blm ada yg sangat efektif sih, ada juga vasektomi, tapi itu kalau si cowok emg bener2 gak mau punya anak, karena itu kan melalui proses operasi, bukan berbentuk obat.",2020-10-21T13:25:44.000Z,
twitter,Ada kok. Vasektomi. Kondom pun termasuk birth control buat cowok,2020-10-21T13:16:24.000Z,
twitter,"Cowok caranya cuma ada 2. Kondom sama vasektomi, nggk ada KB hormonalnya",2020-10-21T13:11:32.000Z,
twitter,"Pakai kondom untuk cowok dan cewek, pakai birth control, vasektomi, tubal ligation, pakai morning-after pill, telan, etc. ada lumayan banyak cara",2020-07-11T13:35:18.000Z,
twitter,ANJIR HABIS NONTON FILM LALU KARNA MEMANG TIDAK MAU PUNYA ANAK. SI COWOK NYA VASEKTOMI TAPI GAK BILANG ISTRINYA. HMMM APAKAH IBAL DAN TEMAN TEMANKU YANG LAIN YANG TIDAK MAU PUNYA ANAK TAPI MAU KENTWO AKAN BEGINI,2020-05-04T13:32:08.000Z,
twitter,"pakai kondom aja, kalo KB tu, kasian ceweknya
ato itu cowok suruh vasektomi dulu aja.

terus coitus tu artinya penetrasi, ndod, kurang kamu pakai istilahnya, harusnya coitus interuptus, alias crot di luar, atau bukakke. tapi tu ya masih isa hamil sih, ndod, kalau spermanya bandel",2020-02-11T15:32:47.000Z,
twitter,Di vasektomi atuh baik yg cewek maupun yg cowok,2020-02-01T11:33:56.000Z,
twitter,2 cowok dari darah blitar  1 cowok dari darah prambon. Perutnya sudah di vasektomi tubektomi. Aku lupa mana yang buat cewek.  Cewek vasektomi adek,2019-11-11T09:59:37.000Z,
twitter,Vasektomi itu di genital cowok,2019-06-20T12:40:23.000Z,
twitter,Eh kalo buat cowok itu vasektomi atau tubektomi?,2019-06-07T05:21:50.000Z,
twitter,"yang cowok cowok juga dong, jangan bejat tapi bego. Bawa kondom sendiri kek. Kalau mau bejat maksimal, vasektomi sekalian jadinya kan gak jadi beban pikiran. Yang cerdas Malliiihhh",2019-05-04T22:13:16.000Z,
twitter,"Kerad, cowok masuk langsung vasektomi instan https://x.com/rasarab/status/rasarab/status/1059373276349132800…",2018-11-06T12:50:55.000Z,
twitter,Buat kalian cowok cowok sebelum menikah sebaiknya kalian melakukan vasektomi terlebih dahulu biar pasangan k… — LOL http://l.ask.fm/igoto/45DKECN75V62DDAUPY6IQO7N72MTJJSDZXZ6VG5HDP4LNPPKSN3JMYCLFJE4CQRTKS5LSUS4FQXGKFAS2EQ343F2K32KXEBGWQVANDTCBV2TQGPRDCQXO7G6W627FVSCQ2QZQBYTZPST7RI=…,2018-02-03T13:22:41.000Z,
twitter,"Iya, kalau cowok vasektomi. Organnya dipertahankan, tapi dimodifikasi *yaelah kaya mobil aja dimodif*",2017-01-18T08:09:13.000Z,
twitter,2 cowok dari darah blitar  1 cowok dari darah prambon. Perutnya sudah di vasektomi tubektomi. Aku lupa mana yang buat cewek.  Cewek vasektomi adek,2019-11-11T09:59:37.000Z,
twitter,Vasektomi itu di genital cowok,2019-06-20T12:40:23.000Z,
twitter,Eh kalo buat cowok itu vasektomi atau tubektomi?,2019-06-07T05:21:50.000Z,
twitter,"yang cowok cowok juga dong, jangan bejat tapi bego. Bawa kondom sendiri kek. Kalau mau bejat maksimal, vasektomi sekalian jadinya kan gak jadi beban pikiran. Yang cerdas Malliiihhh",2019-05-04T22:13:16.000Z,
twitter,"Kerad, cowok masuk langsung vasektomi instan https://x.com/rasarab/status/rasarab/status/1059373276349132800…",2018-11-06T12:50:55.000Z,
twitter,Buat kalian cowok cowok sebelum menikah sebaiknya kalian melakukan vasektomi terlebih dahulu biar pasangan k… — LOL http://l.ask.fm/igoto/45DKECN75V62DDAUPY6IQO7N72MTJJSDZXZ6VG5HDP4LNPPKSN3JMYCLFJE4CQRTKS5LSUS4FQXGKFAS2EQ343F2K32KXEBGWQVANDTCBV2TQGPRDCQXO7G6W627FVSCQ2QZQBYTZPST7RI=…,2018-02-03T13:22:41.000Z,
twitter,"Iya, kalau cowok vasektomi. Organnya dipertahankan, tapi dimodifikasi *yaelah kaya mobil aja dimodif*",2017-01-18T08:09:13.000Z,
twitter,Klo unt cowok vasektomi https://x.com/inilahdotcom/status/816137052567707648…,2017-01-03T04:25:53.000Z,
twitter,"misal: Gue mau nyari tau soal IUD di sini kok ya susah. Untuk cowok juga gitu, nyari info vasektomi pun ga gampang.",2016-12-04T14:13:33.000Z,
twitter,Ada Insentif Bagi Pria-pria di Karanganyar yang Jalani Vasektomi http://bit.ly/1ZVrTea,2016-01-24T03:40:19.000Z,
twitter,Ada Insentif Bagi Pria-pria di Karanganyar yang Jalani Vasektomi http://bit.ly/1JtJ3bm,2016-01-24T03:38:45.000Z,
twitter,Vasektomi Jadi Andalan Sulbar untuk Tekan Angka Kelahiran Penduduk http://bit.ly/1BJ7ddg,2014-11-17T12:17:41.000Z,
twitter,"Kalo cewek ada istilahnya hormonal, non hormonal, cowok ada kondom, vasektomi ""
@fanabis
: tentangSMG kondom, pil, sistem kalender (?) :)""",2014-09-30T09:17:37.000Z,
twitter,"@sofiesyarief
 bukannya udah ada..cowok yg mau vasektomi di kasih duit 250 ribu..",2014-07-01T10:34:39.000Z,
twitter,"Vasektomi salah satu alternatif dr program KB. Hey cowok, cukup branikah? Hoho",2014-04-03T14:47:31.000Z,
twitter,"Vasektomi jak haha! RT 
@sittihamdania
: Cwo tuh emg gak peka , alat indranya kemna jak -,- ""
@nanndaaaah
: Jadi cowok tu peka dikit!!!""",2013-12-07T13:23:41.000Z,
twitter,@grindcorechan @Groundion vasektomi kan permanen buat cowok..,2013-12-01T15:47:51.000Z,
twitter,@fauziwaskito vasektomi = kebiri (nggo cowok) . Koe ki tubektomi malaaah ngeyil wae  -_-,2013-09-02T16:18:18.000Z,
twitter,"Kebiri. Lol RT @donnnjuann: Girls, kalian pengin cowok kalian nggak selingkuh? Gampang, ancam aja seperti ini: ""MACEM2 GUE VASEKTOMI LU!!""",2013-08-03T07:20:20.000Z,
twitter,"Anjrit!! RT @donnnjuann: Girls, kalian pengin cowok kalian nggak selingkuh? Gampang, ancam aja seperti ini: ""MACEM-MACEM GUE VASEKTOMI LU!!""",2013-08-03T06:54:57.000Z,
twitter,"Girls, kalian pengin cowok kalian nggak selingkuh? Gampang, ancam aja seperti ini: ""MACEM-MACEM GUE VASEKTOMI LU!!""

Pasti dia nggak ngerti.",2013-08-03T06:43:45.000Z,
twitter,"Vul** hygiene nih mcam2 wkwkwk RT 
@julzhiee
: Cwok jadi2an. Wkwk. Vasektomi nih RT @kiky_mx: Iiih emang ike cowok apa'an --"" sc nih",2013-07-19T19:24:49.000Z,
twitter,"Kebiri. Lol RT @donnnjuann: Girls, kalian pengin cowok kalian nggak selingkuh? Gampang, ancam aja seperti ini: ""MACEM2 GUE VASEKTOMI LU!!""",2013-08-03T07:20:20.000Z,
twitter,"Anjrit!! RT @donnnjuann: Girls, kalian pengin cowok kalian nggak selingkuh? Gampang, ancam aja seperti ini: ""MACEM-MACEM GUE VASEKTOMI LU!!""",2013-08-03T06:54:57.000Z,
twitter,"Girls, kalian pengin cowok kalian nggak selingkuh? Gampang, ancam aja seperti ini: ""MACEM-MACEM GUE VASEKTOMI LU!!""

Pasti dia nggak ngerti.",2013-08-03T06:43:45.000Z,
twitter,"Vul** hygiene nih mcam2 wkwkwk RT 
@julzhiee
: Cwok jadi2an. Wkwk. Vasektomi nih RT @kiky_mx: Iiih emang ike cowok apa'an --"" sc nih",2013-07-19T19:24:49.000Z,
twitter,"Cwok jadi2an. Wkwk. Vasektomi nih RT @kiky_mx: Iiih emang ike cowok apa'an --"" sc nih RT 
@julzhiee
: Haha. Ntar hbs epis aku",2013-07-19T19:11:18.000Z,
twitter,"Entar elu ga puas eh ""
@lulutratna
: Vasektomi itu tuba cowok yg dipotong. Kenapa gak tititnya aja sih yg dipotong?!""",2013-06-27T11:29:30.000Z,
twitter,Vasektomi itu tuba cowok yg dipotong. Kenapa gak tititnya aja sih yg dipotong?! | kalau titit yg dipotong itu kebiri Lut !!!!,2013-06-27T11:26:19.000Z,
twitter,"Knp memang ?? Sekali"" cowok dong yg merasakan sakit *loh :p RT 
@dim_gun
 Stop penggunaan vasektomi :)))",2013-06-13T09:42:37.000Z,
twitter,"siga maneh tom, aya tomian deuih RT 
@tsetianto
: KB Vasektomi buat cowok, saluran benihnya dipotong. Ewwhh... THANKS!",2013-06-06T17:34:27.000Z,
twitter,"@fikdom
 beda bang , vasektomi ki setauku kb permanen untuk cowok. Hla pye to ?",2013-05-16T17:12:53.000Z,
twitter,harakiri kak biar tambah greget RT @nungkiwidyas: Di vasektomi aja RT @rifaniatsilah: cowok yang ngebentak cewek didepan umum itu minta,2013-05-02T13:36:59.000Z,
twitter,Di vasektomi aja RT @rifaniatsilah: cowok yang ngebentak cewek didepan umum itu minta dikebiri-_-bukan cowok tuh. mbel.,2013-05-02T13:35:10.000Z,
twitter,"kb yang buat cowok RT 
@BiologiBisa
: 19. Vasektomi adalah .... #UjianBiologi",2013-03-11T10:24:06.000Z,
twitter,"Kalo gk salah KB nya utk cowok ya?biar gk produksi sel sperma lg  RT 
@BiologiBisa
: 19. Vasektomi adalah .... #UjianBiologi",2013-03-11T10:20:05.000Z,
twitter,"(˘̯˘ ) ""
@litasftr
: Bantu pls kak:"""")haha ""@febydwiL_: -_- ""
@litasftr
: Ini yg buat cowok tp lupa-_- ""
@BiologiBisa
: 19. Vasektomi adalah ....",2013-03-11T10:12:35.000Z,
twitter,"-_- ""
@litasftr
: Ini yg buat cowok tp lupa-_- ""
@BiologiBisa
: 19. Vasektomi adalah .... #UjianBiologi""""",2013-03-11T10:10:58.000Z,
twitter,"Bahasannya 
@KickAndyShow
 tentang vasektomi cowok, para lelaki kelak akan menjadi lebih genduut :D",2013-03-09T15:40:35.000Z,
twitter,"@yununyun
 kumannya cowok yaa?suruh vasektomi aja deh.steril tuh Ψ(`▽´)",2013-02-10T16:15:46.000Z,
twitter,"Yo bar manak a suuu. :| RT @emramae: Manak sik cuk ""
@masinusina
: Apa cuma gw cowok modern disini yg berpikir utk vasektomi?? :O""",2013-01-08T10:51:45.000Z,
twitter,Apa cuma gw cowok modern disini yg berpikir utk vasektomi?? :O,2013-01-08T10:49:43.000Z,
twitter,Siapa cowok disini yg berpikir utk meng-vasektomi-kan dirinya? Ngacung!,2013-01-08T10:42:57.000Z,
twitter,"Tentang cowok kami lah,hahaRT 
@ucup_upaa
: Ngoceh ttg vasektomi ko kan sek *eh RT 
@agvianatari
: Sampe jam segini masih ngoceh aja sama kak",2012-12-28T17:47:32.000Z,
twitter,"Bahasannya 
@KickAndyShow
 tentang vasektomi cowok, para lelaki kelak akan menjadi lebih genduut :D",2013-03-09T15:40:35.000Z,
twitter,"@yununyun
 kumannya cowok yaa?suruh vasektomi aja deh.steril tuh Ψ(`▽´)",2013-02-10T16:15:46.000Z,
twitter,"Yo bar manak a suuu. :| RT @emramae: Manak sik cuk ""
@masinusina
: Apa cuma gw cowok modern disini yg berpikir utk vasektomi?? :O""",2013-01-08T10:51:45.000Z,
twitter,Apa cuma gw cowok modern disini yg berpikir utk vasektomi?? :O,2013-01-08T10:49:43.000Z,
twitter,Siapa cowok disini yg berpikir utk meng-vasektomi-kan dirinya? Ngacung!,2013-01-08T10:42:57.000Z,
twitter,"Tentang cowok kami lah,hahaRT 
@ucup_upaa
: Ngoceh ttg vasektomi ko kan sek *eh RT 
@agvianatari
: Sampe jam segini masih ngoceh aja sama kak",2012-12-28T17:47:32.000Z,
twitter,"Boleh amaat RT
@RikaYepe
: Ribet make kondom. Beralih ke vasektomi bisa langsung gak ada jeda. Tuh buat cowok yang ceweknya suka",2012-12-28T17:43:00.000Z,
twitter,"-_-""
@RikaYepe
: Ribet make kondom. Beralih ke vasektomi bisa langsung gak ada jeda. Tuh buat cowok yang ceweknya suka ngambek karna kelamaan",2012-12-28T17:42:42.000Z,
twitter,"Vasektomi - cowok 
Tubektomi - Cewek",2012-12-28T17:41:35.000Z,
twitter,Eh vasektomi bikin tambah macho cowok,2012-12-28T17:40:48.000Z,
twitter,Ribet make kondom. Beralih ke vasektomi bisa langsung gak ada jeda. Tuh buat cowok yang ceweknya suka ngambek karna kelamaan pasang kondom,2012-12-28T17:40:21.000Z,
twitter,Menentang vasektomi.itu membuat cowok gak ada harga diri,2012-12-01T09:27:30.000Z,
twitter,"Ancen (¬_¬"") tubektomi gawe wedok (¬_¬"") RT 
@rendi_okta
: Vasektomi itu buat cowok lohhh (¬_¬"") RT lovlylina: Td pas ak pindahan",2012-11-03T04:59:34.000Z,
twitter,#cowokseru Poligami dan Teka-teki Vasektomi Limbad http://bit.ly/RkRK6R,2012-10-30T05:57:31.000Z,
twitter,"Cowok ga punya nyali = cowok yg salah lahir, harusnya dia jadi cewek. Disarankan segera vasektomi.",2012-10-17T10:50:22.000Z,
twitter,"Ricoo:D RT 
@ricorif
: Maaf ya, gw dikibulin ternyata hoax, klo ketemu siapa yg bikin hoax begini, kalo cowok gw vasektomi kalo cewe gw maapin",2012-10-03T11:24:02.000Z,
twitter,"Dijadiin istri?hahaa RT 
@ricorif
: Maaf ya, gw dikibulin ternyata hoax,klo ktemu siapa yang bikin hoax gini,klo cowok gw vasektomi kalo cewe",2012-10-03T11:13:05.000Z,
twitter,"@andri21dae
 : wkwkwkwkwk.....siapa yg mau kamu Vasektomi?? Suami kamu?? Selingkuhan kamu? Pasangan apa Cowok bayaran kamu??",2012-10-02T13:28:17.000Z,
twitter,"Ga ada yang vasektomi? Cowok kadang egois. RT 
@detikcom
: KB Suntik Masih Top untuk Cegah Kehamilan",2012-09-26T02:51:59.000Z,
twitter,"Sip ;) RT @tiyoosendii: Vasektomi :) RT 
@Lybellaa
: Cowok tubatomi apa vasektomi ? lupita :s",2012-09-18T12:12:03.000Z,
twitter,"Sip ;) RT 
@annisarahmaw
: vasektomi bel RT 
@Lybellaa
: Cowok tubatomi apa vasektomi ? lupita :s",2012-09-18T12:11:12.000Z,
twitter,Cowok tubatomi apa vasektomi ? lupita :s,2012-09-18T11:58:48.000Z,
twitter,"Mau nanya dong,, klo cowok d vasektomi msh bs ejakulasi ga c bu dokter @eestiaditya ??",2012-06-21T08:03:06.000Z,
twitter,"Permanen : Vasektomi (Cowok) n Tubektomi (Cewek).. non permanen : Pil KB, susuk, spiral, diafragma, jeli dll..",2012-06-07T15:10:11.000Z,
twitter,"@andri21dae
 : wkwkwkwkwk.....siapa yg mau kamu Vasektomi?? Suami kamu?? Selingkuhan kamu? Pasangan apa Cowok bayaran kamu??",2012-10-02T13:28:17.000Z,
twitter,"Ga ada yang vasektomi? Cowok kadang egois. RT 
@detikcom
: KB Suntik Masih Top untuk Cegah Kehamilan",2012-09-26T02:51:59.000Z,
twitter,"Sip ;) RT @tiyoosendii: Vasektomi :) RT 
@Lybellaa
: Cowok tubatomi apa vasektomi ? lupita :s",2012-09-18T12:12:03.000Z,
twitter,"Sip ;) RT 
@annisarahmaw
: vasektomi bel RT 
@Lybellaa
: Cowok tubatomi apa vasektomi ? lupita :s",2012-09-18T12:11:12.000Z,
twitter,Cowok tubatomi apa vasektomi ? lupita :s,2012-09-18T11:58:48.000Z,
twitter,"Mau nanya dong,, klo cowok d vasektomi msh bs ejakulasi ga c bu dokter @eestiaditya ??",2012-06-21T08:03:06.000Z,
twitter,"Permanen : Vasektomi (Cowok) n Tubektomi (Cewek).. non permanen : Pil KB, susuk, spiral, diafragma, jeli dll..",2012-06-07T15:10:11.000Z,
twitter,Wow liat di tv di jakarta katanya udah di lakukan VASEKTOMI...wkwkwk cowok jga ikt di KB,2012-06-05T06:49:53.000Z,
twitter,"@atemalem
 bukannya nggak ada alat kontrasepsi untuk cowok. ada kondom/vasektomi tapi byk yg ogah. mostly lbh suka prmpn yg nanggung resiko",2012-03-20T08:45:24.000Z,
twitter,Yg buat cowok itu tubektomi apa vasektomi?,2012-02-28T07:29:25.000Z,
twitter,"@eghaneech 
@andarierizki
 Bukan sunat lagi, mau gue vasektomi sekalian! emangnya cowok cuma dia doank.. males banget, ngga bs jadi mitra.",2011-12-11T05:55:17.000Z,
twitter,"@mar_sambe
 Napa? Salah kah? Kalo yg cowok namanya vasektomi, cewek namanya tubektomi kan?",2011-11-07T12:26:27.000Z,
twitter,"Sterilisasi dgn vasektomi secara paksa (‾⌣‾) RT 
@SoalCINTA
: Cowok playboy itu Enaknya diapain? #SoalCINTA",2011-08-26T14:06:24.000Z,
twitter,"sperti.a cewe dh yg d vasektomi.. klo cowo tubektomi.. #spertinya !! RT 
@ikatiqah
 cowok di vasektomi, cewek apa?",2011-07-08T12:26:45.000Z,
twitter,"@cakefever
 walah klo cowok smua gak perlu repot2 di #vasektomi tho mbak fe :D",2011-05-26T22:46:32.000Z,
twitter,"Vasektomi KB yg pas buat cowok, jgn cewek mulu sasarannya. Tp jgn jd doyan kawin ya @hardrockfm (Vasektomi)",2011-05-24T12:59:10.000Z,
twitter,"Vasektomi RT @nindinindi: Bakaaarrrrr RT 
@SoalCINTA
: Gmn cara ngasih pelajaran buat cowok playboy? #SoalCINTA",2011-05-10T14:52:23.000Z,
twitter,"SURUH DIA LAKUIN VASEKTOMI !!!!!! yeeahh~RT 
@SoalCINTA
: Gmn cara ngasih pelajaran buat cowok playboy? #SoalCINTA",2011-05-10T14:50:50.000Z,
twitter,"Yup betul sekali RT 
@ibelable
: Pd cowok vasektomi ya? RT 
@mas_yaan
: Kalo untuk pencegah kehamilan namanya (cont) http://tl.gd/a26ni5",2011-04-24T15:42:16.000Z,
twitter,"Pd cowok vasektomi ya? RT 
@mas_yaan
: Kalo untuk pencegah kehamilan namanya tubektomi RT 
@ibelable
: Salah satu pencegah kehamilan juga",2011-04-24T15:39:51.000Z,
twitter,"Crot RT 
@novereza
: ""Teet @rzauzi: cowok vasektomi cewek toketomi""",2011-04-13T07:14:50.000Z,
twitter,"""Teet @rzauzi: cowok vasektomi cewek toketomi""",2011-04-13T07:09:06.000Z,
twitter,"Vasektomi RT @nindinindi: Bakaaarrrrr RT 
@SoalCINTA
: Gmn cara ngasih pelajaran buat cowok playboy? #SoalCINTA",2011-05-10T14:52:23.000Z,
twitter,"SURUH DIA LAKUIN VASEKTOMI !!!!!! yeeahh~RT 
@SoalCINTA
: Gmn cara ngasih pelajaran buat cowok playboy? #SoalCINTA",2011-05-10T14:50:50.000Z,
twitter,"Yup betul sekali RT 
@ibelable
: Pd cowok vasektomi ya? RT 
@mas_yaan
: Kalo untuk pencegah kehamilan namanya (cont) http://tl.gd/a26ni5",2011-04-24T15:42:16.000Z,
twitter,"Pd cowok vasektomi ya? RT 
@mas_yaan
: Kalo untuk pencegah kehamilan namanya tubektomi RT 
@ibelable
: Salah satu pencegah kehamilan juga",2011-04-24T15:39:51.000Z,
twitter,"Crot RT 
@novereza
: ""Teet @rzauzi: cowok vasektomi cewek toketomi""",2011-04-13T07:14:50.000Z,
twitter,"""Teet @rzauzi: cowok vasektomi cewek toketomi""",2011-04-13T07:09:06.000Z,
twitter,Geblek RT @rzauzi: cowok vasektomi cewek toketomi,2011-04-13T07:05:34.000Z,
twitter,"cowok vasektomi
cewek toketomi",2011-04-13T07:03:35.000Z,
twitter,"@nindyoa
 vasektomi tuh buat cowok, dipotongnya saluran vas diferens. Tubektomi tuh cewek, dipotongnya saluran tuba fallopi",2011-02-28T15:15:33.000Z,
twitter,"Di vasektomi. Sekian RT 
@SoalCINTA
: Cowok PK (Penjahat Kelamin). Enaknya diapain ya?",2011-01-10T18:50:43.000Z,
twitter,"Dikebiri, vasektomi dini. RT 
@SoalCINTA
: Cowok PK (Penjahat Kelamin). Enaknya diapain ya?",2011-01-10T18:46:16.000Z,
twitter,"@normansutan
 RT 
@karinadewinta
: Bangun tidur dlm keadaan sudah ter vasektomi RT 
@SoalCINTA
: Kalo cowok playboy enaknya disumpahin apa ya?",2011-01-09T08:04:13.000Z,
twitter,"Bangun tidur dlm keadaan sudah ter vasektomi RT 
@SoalCINTA
: Kalo cowok playboy enaknya disumpahin apa ya? -
@yolaloyy",2011-01-09T08:02:10.000Z,
twitter,@ristigooner49 vasektomi? alat KB nya cowok dong *beginianbarunyambungckck* xD,2010-12-31T10:24:57.000Z,
twitter,"Vasektomi pd Cowok Dambaan *eh* RT 
@soalBOWBOW
: #soalBowBow VCD adalah kepanjangan dari......",2010-11-26T04:31:06.000Z,
twitter,"0w w w RT 
@ipongpr
: vasektomi (cowok) tubektomi (cewek) RT 
@sonia_rebecca
 @Girindraaaa
 @hapssari
 http://myloc.me/dVuOC",2010-11-06T19:31:39.000Z,
twitter,"vasektomi (cowok) tubektomi (cewek) RT 
@sonia_rebecca
 @Girindraaaa
 @hapssari
 http://myloc.me/dVuOC",2010-11-06T19:23:37.000Z,
twitter,"Di vasektomi aja..:p RT 
@saeval
: Beuh..kalo berhadapan ama cowok sengak enak nya diapain ya ? Tonjok ? Tampol ? Apa kebiri ? *ngasah golok*",2010-09-23T13:08:19.000Z,
twitter,"klo cowok vasek klo cewek tubek RT 
@getgat
: Vasektomi bukan..? RT @chemistdikauna: . . <<--- ngawur jaya RT 
@XaphieGunsou
:",2010-08-14T17:47:19.000Z,
twitter,"@fitrahadisnen
 abis vasektomi kali yee... *eh, kalo cowok vasek ama tubek sih?",2010-07-06T20:11:01.000Z,
twitter,"@radhinalangga
 hha itu lho istilah di biologi (lupa yo)..buat cowok mah vasektomi ;P",2010-06-30T03:16:01.000Z,
