platform,komentar,timestamp,sentimen
twitter,"OMG, tema diskusinya kan

""(perubahan) kondisi biologis tubuh sebagai syarat atas sesuatu""

Perawan = biologis
Vasektomi = biologis

Jd PNS = syarat atas sesuatu 
Terima bansos = syarat atas sesuatu

Tahu analogi gak sih? Gw g skolah negeri, tp pasti diajarin jg kan??",2025-05-01T01:15:56.000Z,
twitter,"Lu baca dari twitnya 
@ImminentAdi5
 , cok. BANSOS WAJIB SESUAI UUD, VASEKTOMI HAK. Logika lu yg mana yg bener, tolol? Udah gw bilang perbaiki dulu logika lu, malah defensif.",2025-05-01T01:15:30.000Z,
twitter,"> be orang kismin berpendidikan rendah
> be punya anak 8
> be qualified dapet bansos
> vasektomi? 
   > no? 
   > not qualified no more
   > be hungry

   > yesss? 
   > balls no more
   > bansos not enough
   > be hungry",2025-05-01T01:14:39.000Z,
twitter,"kasian ga zav, sama warga miskin yang kemaren buat dpt bansos disuruh milih paslon skrg disuruh vasektomi",2025-05-01T01:14:32.000Z,
twitter,"Iya makanya.. gara"" berita pada blg ga mau kasih bansos Dan BEASISWA, jd kesannya dari muda udh disuruh vasektomi ",2025-05-01T01:14:32.000Z,
twitter,"ga kebalik? yg pro yg pada tinggal di menara gading, gw tiap hari bersinggungan dengan orang seperti itu karena hidup di wilayah itu, menurut lu si bapak akan mau vasektomi demi bansos? ga bakal, terus istri dan anak2nya jadi ditelantarkan negara karena bapaknya gamau vasektomi?",2025-05-01T01:13:04.000Z,
twitter,"Ga gini caranya. Edukasi maksimal, mungkin ada tambahan intensif sesuatu kalau mau vasektomi. Bahkan mungkin dibayar untuk mau melakukan vasektomi soalnya Indo suka duit. Jadi, bansos dan beasiswanya tetap ada dan dikasih secara general, tapi ada intensif tambahan aja.",2025-05-01T01:11:52.000Z,
twitter,"hadehhh ga ada paksaan. tetep pilihan. kalo lo ga mau vasektomi yaudah berarti ga usah terima bansos. caranya ya usaha sendiri, jgn terus2an ngarep bantuan (sedangkan lo masih pen nambah anak), hidupin anak2 lo yg lebih dari 5 itu sendiri. kan lo sendiri yg mau punya anak banyak",2025-05-01T01:09:55.000Z,
twitter,"sekarang kalo bapaknya gamau vasektomi lalu apa? ga dikasih bansos dan beasiswa kan? nah kira2 si ibu dan anak2nya akan lebih sejahtera? silakan dipikir sendiri ""korban"" sebenarnya dari kebijakan ini siapa",2025-05-01T01:07:50.000Z,
twitter,banyak yg kontra dgn vasektomi tapi kebanyakan gua lihat pembahasannya stop di situ doang. gimana sama pasutri yg buat anak banyak tapi ga bisa ngurusin dan ujung2nya harapin bansos dan bantuan tetangga? bahkan kadang anaknya jadi korban disuruh jualan sampe tengah malam.,2025-05-01T01:06:05.000Z,
twitter,"Ya bingung juga kan zakat, shodaqoh di korup ada program vasektomi juga dihujat padahal ga ada pemaksaan buat yg mau nerima bansos kalo ga mau ya ga usah vasektomi, sederhana itu",2025-05-01T01:04:30.000Z,
twitter,"Fasis apaan dah. Ini jg ada batasan usia, untuk yg bener bener miskin tp udah punya anak 2, biar gk kebobolan. Lagipula mereka dpt bansos kalau vasektomi. Jd ggk papa vasektomi. Drpd kebobolan punya anak banyak makin bikin hiduo merek susah",2025-05-01T01:02:56.000Z,
twitter,"BtW Kebijakan Vaseknomi itu tidak UU tentang syarat penerima bansos kok, kenapa harus dipaksa, padahal itu sudah jadi haknya orang miskin, nanti bisa jadi modus baru untuk alasan korupsi dari bansos yang tdk diberikan karena alasan vasektomi..",2025-05-01T01:02:14.000Z,
twitter,"apalagi ternyata vasektomi buat syarat dapet bansos dan beasiswa???? udah gila kali, pemerintah skrg sampe ngurusin kesitu2. maksud gue buat dpt bansos loh??? bukan buat menekan angka kelahiran ini mah",2025-05-01T00:59:22.000Z,
twitter,Lu baca jangan ngeyel terus ya kang. Yang jadi kontroversi adalah Bansos bersyarat Vasektomi,2025-05-01T00:59:17.000Z,
twitter,"Bagus banget. Laki2 penerima bansos anak udah lebih dari 1, wajib vasektomi. Biaya membesarkan anak berkualitas, sangat mahal dari sisi uang dan waktu.",2025-05-01T00:57:36.000Z,
twitter,"Mungkin isu memilukan ini (pasutri 8 anak kelaparan), gudbener Jabar KDM putuskan kebijakan bgi suami gakin di Jabar yg hendak ambil bansos wajib vasektomi. Mengundang pro & kontra. Ingat ktk Alm Pak Harto memulai gerakan KB, kontroversi spt yg dialami KDM juga terjadi.",2025-05-01T00:57:26.000Z,
twitter,Topiknya adalah Bansos bersyarat Vasektomi bukan bantuan orang lain.,2025-05-01T00:57:12.000Z,
twitter,"dude, nobody forbid u to have children. vasektomi tuh buat yg udh punya anak minimal 2 biji, 2 anak tuh udh cukup, ngentot, lu mau buat berapa anak lagi? 15? lagian itu gurbernur janjiin beasiswa & bansos yg otomatis targetnya buat kalangan menengah ke bawah.",2025-05-01T00:56:39.000Z,
twitter,"Sangat betul tapi bukan dengan mewajibkan vasektomi buat dapet bansos. Masalahnya bukan di vasektomi tapi persyaratan ini itu buat dapetin bansos yang mana udh hak dia. Kalau mau vasektomi dilakukan ya dengan sosialisasi dan edukasi yang menyeluruh, biar warga tau manfaatnya",2025-05-01T00:55:10.000Z,
twitter,Kata Kuncinya adalah Bansos Bersyarat Vasektomi.,2025-05-01T00:55:10.000Z,
twitter,"Kuncinya itu Vasektomi. Bansos bersyarat Vasektomi yang jadi Kontroversi. Bantuan kok bersyarat, Lu niat bantu atau niat Kampanye?",2025-05-01T00:51:30.000Z,
twitter,"Ke laut saja bansos kalau begini. .bansos hanya dapat beberapa bulan atau tahun terus  vasektomi bisa seumur hidup dan permanen, hanya orang otoriter berpikiran pendek yang mendorong dan setuju kebijakan ini",2025-05-01T00:51:06.000Z,
twitter,bansos hanya dapat beberapa bulan atau tahun terus  vasektomi bisa seumur hidup hanya orang otoriter berpikiran pendek dan hodob yang mendorong dan setuju kebijakan ini,2025-05-01T00:50:23.000Z,
twitter,bansos hanya dapat beberapa bulan atau tahun terus  vasektomi bisa seumur hidup hanya orang otoriter berpikiran pendek yang mendorong dan setuju kebijakan ini,2025-05-01T00:49:54.000Z,
twitter,"Nah klo ini orgil versi sjw bayaran asing. Bebas2 aja klo gak mau vasektomi, tp ya jgn minta bansos. Pdhl udh baik bngt dijatah 2 anak.
Pola pikir beracun ini ciri khas sjw antek asing: mau mewah tp gak mau bayar pajak tinggi, mau cukup budget sosial tp gak mau di-rationing.",2025-05-01T00:49:20.000Z,
twitter,ga ada yang cegah orang punya keturunan. intinya kan kalo miskin dan mau bansos ya vasektomi. kako ga pengen bansos ya gausah vasektomi gapapa,2025-05-01T00:48:00.000Z,
twitter,"Vasektomi emang permanen, dan g ada yang maksa untuk vasektomi, kalau si kdm kan buat yang mau nerima bansos, kalau g nerima ya bebas, kalau beasiswa kudu vasektomi itu konyol emang.",2025-05-01T00:46:15.000Z,
twitter,Lah... Emang Bansos artinya Bantuan Sosial harusnya lepas dari embel embel Vasektomi yang mendzolimi Rakyat,2025-05-01T00:45:20.000Z,
twitter,"Gausah debat. Intinya kalo mau bansos ada syaratnya klo gamau bansos ya gausah vasektomi, yg bikin siapa yg merawat siapa",2025-05-01T00:45:13.000Z,
twitter,"NGERTI KONTEKS NYA GA SIH. INI kalau dijadikan syarat, ya fasis namanya.

Agar bisa dapet bansos, harus vasektomi artinya ngasih precedent bahwa pemerintah bisa ngatur alat reproduksi kita.

Kita2 middle class lebih gampang jatuh ke miskin kaya mereka, daripada jadi super kaya",2025-05-01T00:45:06.000Z,
twitter,"Tapi kan ga ""dipaksakan"" secara hukum. Aku ga menentang vasektomi, kalau boleh jujur dan awalnya pro, cuman ini akuasih baca2 lagi

Dan bansos ga dijadiin sebagai ""tumbal""untuk dapat vasekotmi",2025-05-01T00:44:56.000Z,
twitter,"Dari kemaren pada ngeributin ini, ada sesuatu yg ga sreg, dan thread ini akhirnya ngebantu jelasin kenapa.
1. Vasektomi WAJIB buat syarat nerima bansos VS keberhasilan karena EDUKASI yg baik
2. Nada fasism yg agak kenceng ke orang miskin seolah mereka ga dikasih pilihan…",2025-05-01T00:44:54.000Z,
twitter,"Selain vasektomi, harus dibikin aturan juga buat tiap kepala keluarga penerima bansos dilarang merokok, kalo masih merokok ya gausah dikasih bansos. Buat beli rokok mampu tapi buat kebutuhan pokok kok minta bantuan.",2025-05-01T00:43:06.000Z,
twitter,"tadinya pemikiranku juga kaya km kak, tapi kalo di pikir pikir kan cewe selama ini KB karna kesadaran. kalo disni vasektomi kan kasusnya ""kalo mau bansos harus vasektomi dulu"" jatuhnya pemaksaan, blm lagi kali ternyata orang itu gatau vasektomi apa krna blm di sosialisasi",2025-05-01T00:42:57.000Z,
twitter,"kalau yg ini ga diperjelas sama KDM soal anak 1 dapat bansos tanpa vasektomi, tapi syarat vasektomi itu sendiri udah punya anak minimal 2, dgn anak paling kecil umur 2 tahun dan umur prianya juga min 30 thn. Jadi syaratnya juga ada.",2025-05-01T00:17:21.000Z,
twitter,"Engga sih, udah bener logika gw. Mau bansos? Vaksektomi. Ga mau? Ga vasektomi. Pilihan",2025-05-01T00:16:33.000Z,
twitter,"Sekarang bisa jadi baru laki-laki yang diwajibkan vasektomi untuk menerima bansos, besok bisa jadi perempuan pun ikut diwajibkan untuk tubektomi.
Aku nggak menyangkal selama ini memang nggak adil ya selalu perempuan yang ditekan untuk KB, tapi sejauh ini belum menjadi kewajiban",2025-05-01T00:15:05.000Z,
twitter,"Lg jg dibikin begitu biar org-org yg ga mampu secara finansial mikir, klo mau punya anak banyak ya harus siap uang yg lebih dari cukup. Org miskin disuruh vasektomi buat dpt bansos ya oke oke aja, ini jg termasuk buat ngurangin anak kecil yg disuruh ngemis, ngamen, dll",2025-05-01T00:14:14.000Z,
twitter,"Gw cwe ga setuju. Syarat dapat bansos dan beasiswa itu harusnya cuma satu, ya MISKIN. Jgn mentang2 jadi penguasa bisa memaksa2 hak org terhadap tubuhnya sendiri. Kalo hari ini dipaksa vasektomi. Di masa depan bisa dipaksa apa lagi warga miskin ini?!",2025-05-01T00:13:39.000Z,
twitter,"Ada begitu banyak cara untuk memberikan syarat beasiswa atau bansos, tapi kenapa harus ada wacana Vasektomi???

Voluntary social works, wamil, kerja sektor padat karya, dan masi banyak lagi.",2025-05-01T00:13:39.000Z,
twitter,"Nah, itu benar. Tapi masalahnya kan vasektomi ini dijadikan ""syarat"". Mau udah nunda ngewenya tapi kalau anaknya udah dua atau umurnya udah sesuai, mau ga mau dia harus vasek buat dapat bansos kan walaupun dia bisa tahan ga bikin anak",2025-05-01T00:12:50.000Z,
twitter,"Iya, bansos, beasiswa dll, akan terbuka ketika bapaknya mau vasektomi.",2025-05-01T00:11:04.000Z,
twitter,Terserah dah lu mau setuju atau enggak. Tapi soal KDM ini gw gak setuju kalok caranya kayak gini. Harus ikut prosedur sesuai yang berlaku di negara ini. Lu mau wajib vasektomi kalok ingin dapet bansos ya revisi uu nya di DPR. Kalok udah baru gw no comment dah,2025-05-01T00:10:48.000Z,
twitter,"ya berarti benar bansos dan insentif itu berbeda dan dibedakan. bansos itu dikususkan untuk masyarakat miskin dan rentan seperti kategori itu. insentif beda lagi.
vasektomi dijadikan syarat itu melanggar hak warga negara.sama kayak syarat gk boleh dapat bansos kalau GAY. gk boleh",2025-05-01T00:10:07.000Z,
twitter,"Sila dibaca keseluruhan percakapannya ya kak. Kalo kebijakan demul itu bermasalah krn menjadikan vasektomi sebagai syarat wajib penerima bansos, bukan optional. Makanya kebijakannya mau dikaji ulang. Aku setuju loh sama program vasektomi btw",2025-05-01T00:09:46.000Z,
twitter,"Bukannya jadi prasyarat dapat bansos ya mas?
Jadi awalnya bisa dapat tanpa vasektomi, skrg perlu vasektomi dulu baru dapat bansos.

Atau ada bansos lain yg khusus vasektomi?",2025-05-01T00:09:30.000Z,
twitter,"laki2nya ga vasektomi, maka hak mereka buat dapet bansos bakalan di batasi. Beda. Plus, menurut w pribadi, ini ga manusiawi sama sekali. Kasarannya kamu punya ternak, cuman dikasih makan terus, ga dikasih kasih sayang, dan pendidikan, klo beranak banyak kamu kebiri dia.",2025-05-01T00:09:13.000Z,
twitter,berarti kalo baru punya satu anak dan kebetulan warga miskin boleh dapet bansos tanpa vasektomi?,2025-05-01T00:06:12.000Z,
twitter,"Kebijakan Vasektomi Bagi Penerima Bansos Berlebihan
 https://suaranegeri.com/2025/05/persis-kebijakan-vasektomi-bagi.html…
Kamis Pagiii",2025-05-01T00:00:43.000Z,
twitter,"vasektomi syaratnya harus punya anak minimal 2 dan minimal umur 35. ga asal langsung divasektomi gitu aja. 

jadi kalo lo belum 35, belum punya anak minimal 2, kalo lo terdaftar orang miskin penerima bansos ya masih tetep dapet tanpa kudu vasektomi. baca lagi bang beritanya.",2025-05-01T00:00:31.000Z,
twitter,"Kebijakan Vasektomi Bagi Penerima Bansos Berlebihan
 https://suaranegeri.com/2025/05/persis-kebijakan-vasektomi-bagi.html…
panen raya",2025-04-30T23:59:41.000Z,
twitter,"Lah emng ga di paksa kok kak
Kan vasektomi itu syarat kalo mau dapet bansos.
Jd kalo ga mau vasektomi, ya brty di anggap masih mampu menafkahi 10 anaknya",2025-04-30T23:57:35.000Z,
twitter,"Kebijakan Vasektomi Bagi Penerima Bansos Bertentangan Dengan Ajaran Islam
 https://suaranegeri.com/2025/05/persis-kebijakan-vasektomi-bagi.html…
23 tahun pks",2025-04-30T23:57:02.000Z,
twitter,"Vasektomi tanpa persetujuan penuh = pelanggaran HAM berat.

Apalagi kalau dibungkus insentif 

(misal: dikasih bansos asal mau disteril), itu bentuk pemaksaan terselubung, bukan kebijakan etis.",2025-04-30T23:56:22.000Z,
twitter,"lah? justru menurutku KB & vasektomi ini dmpknya jangka pnjang kak. vasektomi juga ada syarat2 tertentu ga semena-mena ngerampas HAM. dan dari yg saya baca, keluarga yg melakukan vasektomi akan diberi insentif. bkn berarti selainnya tdk dapat bansos. kan bansos bnyak jenis",2025-04-30T23:54:01.000Z,
twitter,"Sudah vasektomi, ternyata bansos gak turun. Mampus kaw orang miskin! Hahahaha",2025-04-30T23:52:02.000Z,
twitter,"lu mampu : ga usah terima bansos, ga usah vasektomi, beranak semau lu

lu ga mampu : mikir aja sih lu aja masih nerima bantuan buat makan ngapain bikin anak",2025-04-30T23:51:20.000Z,
twitter,"lagian dari kemarin gw coba baca2, gw gk nangkep argumen bahwa ""vasektomi itu diwajibkan"". justru terdengar seperti, ""lu tetep dapet bansos meski gk mau vasektomi. tapi kl u terus beranak pinak, apakah bansos yg u dapet bakal cukup buat menghidupi u dan keluarga?""",2025-04-30T23:49:18.000Z,
twitter,"Kontra nya karena memaksakan vasektomi sebagai syarat bansos. Seharus nya kontrasepsi itu atas dasar kesadaran pribada dan pasangan... Saya memilih vasektomi, krn sadar bahwa usia saya dan istri saya yg semakin tua. Sehingga menambah resiko jika terjadi kehamilan lagi.",2025-04-30T23:47:48.000Z,
twitter,"bukan saya yg jd “sasaran”mu buat perkara ini, tp saya kasih km pasal perundang”an yg mengatur soal program KB di berikut ini. jd ngga ada aturan buat penerima Bansos wajib Vasektomi dan wajib punya anak dua yaa, jd silahkan explore sendiri perundang”annya",2025-04-30T23:47:14.000Z,
twitter,"Terlepas dari pro kontra vasektomi buat bansos, gw salut sama si beliau. Cara dia bikin konten gimik, ngeluarin kebijakan kontroversial yang bisa naikin namanya itu jos. Entah ada tim di balik layar atau murni idenya sendiri, jelas gw harus banyak belajar dari beliau .",2025-04-30T23:45:42.000Z,
twitter,Menjadikan vasektomi sebagai syarat bansos termasuk melanggar HAM tidak?,2025-04-30T23:45:27.000Z,
twitter,"kondom gratis bisa, vasektomi gratis + insentif tanpa embel-embel pemotongan bansos atau yang lebih better yang udah punya anak dapat jaminan pendidikan bagus sampai kuliah.

pemaksaan itu cuma buat orang yang malas berpikir.",2025-04-30T23:45:26.000Z,
twitter,"Ga ada anjir. kalo vasektomi sbg syarat penerima bansos berarti efeknya adalah at least kalo sekeluarga ada 4 yg miskin, ga mungkin nambah jadi 5. kalo tes keperawanan buat daftar PNS buat apaan? efek positifnya apa? kan ga ada ngaruh ke kinerja juga",2025-04-30T23:45:20.000Z,
twitter,"Kan vasektomi nya bukan untuk yg belum punya anak. Untuk yg anaknya sudah 2. Di desa saya lahir dan besar aja di Cirebon, banyak 1 pasangan anaknya >5. Kalau ga dipaksa, begini, dana bansos ga efektif, padahal kebutuhan daerah banyak spt untuk normalisasi sungai dll",2025-04-30T23:45:01.000Z,
twitter,Ya makanya kalo bisa jgn kasih pilihan utk bansos biar mereka jg bisa mikir utk kerja. Mau vasektomi jg trs anaknya pada ngandelin bansos jg sampe gede? Kapan putus rantai kemiskinan nya dong? Dan ya lapangan kerja ada tapi syarat min pengalaman syarat umur dg gaji ga ngotak,2025-04-30T23:43:32.000Z,
twitter,"Ya kalo gak mau vasektomi berarti ga dapet bansos, udah gitu aja simple",2025-04-30T23:42:04.000Z,
twitter,"Kalau program bansos dengan syarat vasektomi ini diterapkan pasti langsung turun, mana mungkin program sebagus dan sejenius ini dampaknya cuman menghentikan bertambahnya orang2 miskin, cmiiww",2025-04-30T23:41:01.000Z,
twitter,"emang gaadil sejak dalam pikiran, setuju gara² itu cowok aja. mendorong vasektomi bagus, tapi memaksakan jangan permah didukung. mau vasektomi, KB, tubektomi jangan pernah setuju kalo dipaksakan apalagi dikaitkan bansos",2025-04-30T23:39:12.000Z,
twitter,"Kayanya vasektomi bukan hal yang  bakal diterima dengan mudah oleh negara ini. 
Tapi bisa beralih ke yang wajib dapat bansos atau diprioritaskan adalah yang memiliki anak 2 dan  merupakan istri pertama.",2025-04-30T23:35:04.000Z,
twitter,"Lu yg pake logika, hanya karna lu miskin dan butuh bantuan trus lu harus vasektomi???... kalo bantu ya bantu aja Jing... Besok2 KLO Nerima bansos harus angkat rahim  boleh juga dong???",2025-04-30T23:32:00.000Z,
twitter,"Dalam kasus ini, vasektomi ngga dipaksa. Kalo mau terima bansos, kondisi udh punya 2 anak, yaa harus vasektomi.

Klo ternyata anaknya banyak, dgn asumsi keluarganya mampu, artinya gausah terima bansos.",2025-04-30T23:26:42.000Z,
twitter,"Segitu gampangnya pun kau buat jadi ribet, gak mau vasektomi lu tidak dapat bansos. Itu! 
Kalau lu mau bantuan ikuti aturannya. Jangan lu enak2 nambah anak terus tapi yg kasih makannya negara memakai uang pajak warga negara.",2025-04-30T23:26:22.000Z,
twitter,"https://x.com/rsky_apns/status/1917188451822452790…

Yang gue maksud di sini itu komentarnya KDM soal vasektomi tapi harus dilakukan kalau mau dapetin bansos.

Lalu yang kedua itu komentar orang kalau kita melihat vasektomi bukan dari komentar ya KDM tapi sebagai vasektomi itu sendiri.",2025-04-30T23:23:53.000Z,
twitter,"Aku bakal setuju sama ini kalau
1. Vasektominya untuk seluruh kalangan orang miskin
2. Ini alokasi bansos dan beasiswa yang sudah ada, yang hanya akan dikasih ke keluarga miskin yang ikut vasektomi

Tapi sejauh yang aku tau, ini bukan tujuan dari rencana itu, cmiiw thoigh",2025-04-30T23:23:46.000Z,
twitter,"Setuju kalo untuk yg lebih dari 5,tp ini kesan nya sama rata.
Yg nerima bansos wajib vasektomi (tp gatau info ini udah valid atau belum)",2025-04-30T23:21:33.000Z,
twitter,"Vasektomi jadi syarat bansos dilakuin duluan, karena ini yg keliatan paling depan, sbg jangka pendek, jadi diberesin duluan.

Yg lain2 kan perlu waktu. Klo batasin bansos, bisa cepet",2025-04-30T23:20:32.000Z,
twitter,"koar koar ke pemerintah? udah dilakuin. ada hasil? engga. ini kebijakan jg ga maksa dah. simplenya, kalo mau bansos dan beasiswa, vasektomi dulu. kalo engga? yaudah gausa. orang2 ngasianin org miskin tp gabakal tau jadi miskin gimana. gabakal tau susahnya kuliah gimana dah lah",2025-04-30T23:20:14.000Z,
twitter,"Menarik bgt deh pro kontra kebijakan ini

Sisi lain aku mendukung aja buat vasektomi, tapi bansos juga salah satu bentuk pelayanan publik yang diatur undang-undang",2025-04-30T23:19:56.000Z,
twitter,"Aku paham kok kak sama concern kamu, akupun setuju dengan adanya kontrasepsi. Makanya aku blg selesaikan akar masalahnya dulu, jgn lgsg shortcut vasektomi. Harusnya negara bener2 berusaha bikin kebijakan pro rakyat miskin dulu, bukan cuma fokus di kasih bansos ajaa... :"")",2025-04-30T23:19:38.000Z,
twitter,"penerima bansos untuk rakyat miskin kan ?
nanti semua rakyat di miskinkan dulu baru disuruh vasektomi 
mantap sekali, kita bisa kontrol warga dengan cara ini",2025-04-30T23:19:11.000Z,
twitter,"Gua bukan patriarki yang menolak pria untuk vasektomi. Gua cuma engga setuju kalau vasektomi dijadikan syarat bansos, padahal akar masalahnya jauh lebih besar seperti ketimpangan akses pendidikan dan sumber daya.",2025-04-30T23:18:40.000Z,
twitter,"Vasektomi memang efektif sebagai kontrasepsi (99% cegah kehamilan), tapi ada risiko kesehatan seperti infeksi atau nyeri kronis (Oswego Health). Keputusan ini harusnya pribadi, bukan dipaksa sebagai syarat bansos. Ini soal hak tubuh, bukan alat kebijakan!",2025-04-30T23:18:36.000Z,
twitter,"Terus, soal bansos. Data menunjukkan bansos sering salah sasaran, bahkan dikorupsi. Di AS aja, Social Security ngaku 5% anggarannya hilang karena penyalahgunaan. Kalau bansos aja bermasalah, kok malah nambah syarat yang diskriminatif kayak vasektomi?",2025-04-30T23:18:34.000Z,
twitter,"Baru-baru ini, ada wacana kebijakan vasektomi sebagai syarat menerima bansos biar orang miskin ""engga beranak terus."" Tapi, benarkah ini solusi yang tepat? Atau justru diskriminatif dan mengabaikan akar masalah?",2025-04-30T23:18:26.000Z,
twitter,"Kyk ada stigma cowok Sunda tuh pemalas (maaf tapi ini yang aku pernah baca), kenapa ga mulai dari situ? ""Ayo vasektomi"" tapi dengan insentif pelatihan ke cowok2 pemalas mokondo ini. Bukan bansos yg ditahan, bansos itu kewajiban pemerintah ke rakyat dan tanpa syarat",2025-04-30T23:10:46.000Z,
twitter,"kan bisa pake KB suntik biar ga permanen,bukan nya vasektomi itu permanen yaa ?(bertanya dengan nada lembut).
program 2 anak cukup itu lanjutin tp jangan paksa untuk vasektomi untuk menerima bansos.",2025-04-30T23:09:33.000Z,
twitter,Mendorong laki laki untuk vasektomi emg ada manfaatnya kok. Cuma menjadikan vasektomi sbg syarat menerima bansos got me uneasy ngl. Wacana dedmul keliatannya lumayan menantang so I'm curious abt the outcome.,2025-04-30T23:06:51.000Z,
twitter,"Lah? Ya gagitu. Gak ada pemaksaan semua orang miskin harus vasektomi, cuma kalo mau terima bansos aja itupun udh punya anak 2 dan itu yg harus disejahterakan , bukan yg anaknya sampe 8 biji tp cuma bisa makan kertas. Bansos buat 8 anak itu bisa dipake buat 2-4 keluarga lain.",2025-04-30T23:05:15.000Z,
twitter,"Pilih Bansos, atau Tidak Vasektomi? 99,9999% laki-laki pilih tidak vasektomi..

Yang jadi korban anak istrinya, jadi tidak  bisa menerima bansos.",2025-04-30T23:05:10.000Z,
twitter,"Topiknya bukan soal vasektominya, tapi pemaksaannya dg ancaman haknya tidak diberikan. Penyanderaan hak. Bansos ya hak yang harus diberikan pemerintah ke rakyat miskin tanpa harus diwajibkan vasektomi/tubektomi.",2025-04-30T23:04:25.000Z,
twitter,"Topiknya bukan soal vasektominya, tapi pemaksaannya dg ancaman haknya tidak diberikan. Penyanderaan hak. Bansos ya hak yang harus diberikan pemerintah ke rakyat miskin tanpa harus diwajibkan vasektomi/tubektomi.",2025-04-30T23:04:09.000Z,
twitter,"laki tuh selalu dimanja ya sm society sampe kesetaraan berupa vasektomi aja kok kyk bakal mati besok aja, noh istri lu melahirkan n swallowing tons of pil kb's side effects til her menopause come

ya kl lu msh bergantung sm bansos gausah ngide berkeluarga atau punya anak (terus)",2025-04-30T23:03:37.000Z,
twitter,"Topiknya bukan soal vasektominya, tapi pemaksaannya dg ancaman haknya tidak diberikan. Penyanderaan hak. Bansos ya hak yang harus diberikan pemerintah ke rakyat miskin tanpa harus diwajibkan vasektomi/tubektomi.",2025-04-30T23:02:57.000Z,
twitter,"Ini pakai asumsi kalau bansos dan beasiswa untuk rakyat miskin yang ga bakal vasektomi akan distop dan bantuan-bantuan yang sudah ada hanya akan disalurkan ke keluarga yang ikut vasektomi, tapi aku belum liat bukti untuk itu dan kuliat bukan itu rencana pemerintah (cmiiw)",2025-04-30T23:02:51.000Z,
twitter,"Paham. Itu lah yg dinamakan kemiskinan struktural, kak. Makanya solusiku tuh ini, aku setuju kok dengan vasektomi, tapi bukan dengan pemaksaan apalagi dijadiin syarat dapet bansos. Di mana bansos sebenernya udh amanat konstitusi",2025-04-30T23:01:27.000Z,
twitter,"not a fan of kdm. ntahlah gmn solusinya. tp menurut gue dorongan vasektomi untuk yg miskin dan beranak lebih dari 2 harus digenjot bgt. maybe not for bansos. tp tetep harus ada, karena edukasi udah gak mempan ke mereka 

-ttd keluarga yang menjadi donatur si miskin beranak pinak",2025-04-30T23:00:47.000Z,
twitter,"Justru kesannya sekarang memiliki kebebasan memilih metode KB senyamannya itu jdi privilege org kaya doang. Org miskin tidak punya kebebasan memilih metode KB, pokoknya mau bansos harus vasektomi. ""Bu bidan saya mau IUD"" ""wah nanti kamu gak dpt bansos. Harus suami vasektomi"" ",2025-04-30T23:00:37.000Z,
twitter,"Ini orang satu asal ceplas ceplos, padahal yang di bahas itu “mewajibkan” vasektomi untuk dapet bansos.

Udah ada regulasinyang mengatur bahwa bansos itu kewajiban negara, dan untuk melanjutkan keturunan adalah hak manusia. Emangnya ada yang “mewajibkan” KB?? Kan tida. Dongok",2025-04-30T23:00:35.000Z,
twitter,"Bedanya, program dulu nggak se-kurang ajar yang sekarang sampai maksain buat vasektomi. Meskipun ada segmentasi target (cuma yang mau dapat bansos). Alih-alih kencengin ngasih sex edu, malah ngasih iming-iming bansos. Monmaap. ",2025-04-30T22:51:38.000Z,
twitter,"well ga ada yg memaksa, kalau ga berkenan untuk vasektomi ya gausah nerima bansos",2025-04-30T22:49:19.000Z,
twitter,"anjing anjing, ni orang orang pada bahas vasektomi buat penerima bansos dan pada bilang miskin miskin mulu ajg gedeg bgt asu, 

ortu gw juga kurang mampu gara gara ngurusin ortu ibu gw ajg, sebelumnya mampu mampu aja jadi jangan salahin gara gara pny banyak anak dong asuwww",2025-04-30T22:48:52.000Z,
twitter,"yaudah terus mau gimana? syarat vasektomi kan minimal pny 2 anak, bukan berarti gaboleh punya anak kan? masa masih nerima bansos masih gamau dibatesin punya anaknya",2025-04-30T22:48:50.000Z,
twitter,"kalo kata lu persetan konteks, sayangnya emg harus liat konteks. mereka hujat pejabat yg dukung vasektomi (sebagai syarat terima bansos). 

beranak itu hak asasi,
bansos itu hak warga negara,
masa untuk dapet hak warga negara harus trade dengan hak asasi?

nah, di situ problemnya",2025-04-30T22:47:09.000Z,
twitter,"Tapi angka kelahiran masih tinggi walau angka pernikahan turun. Lihat noh KDM sering dimintai bantuan ibu2 melahirkan puluhan juta, orangtua yg gak punya uang utk anak2nya dll dan anaknya itu lebih dari 3!! Dan vasektomi itu persyaratan utk yg mau bansos!!",2025-04-30T22:41:36.000Z,
twitter,Yang namanya jadi kepala daerah itu gak bisa semena mena gitu juga. Tetep ada mekanisme hukum yang udah sesuai UU. Kalok misalnya ngotot pingin dapet bansos wajib vasektomi ya artinya UU nya harus di ubah melalui mekanisme di DPR. Lah kalok asal ngomong gitu ya ngawur,2025-04-30T22:41:00.000Z,
twitter,"yang gua ga setuju adalah kewajiba bapak untuk vasektomi supaya bisa dapat bansos. reproduksi juga hak asasi manusia, ngga bisa dipaksain. kalo dipaksa kayak gitu ya tergolong fasisme & praktik eugenics. wong selama ini peran pemerintah untuk program KB juga sebatas sosialisasi",2025-04-30T22:40:23.000Z,
twitter,"Memang, bansos jg gak bisa diberhentikan begitu aja. Tapi ini baru wacana vasektomi buat yg nerima bansos aja. Gak semua tbtb divasektomi. Btw kamu cwek apa cowok ya kak? Sudh menikah? Sudh punya anak? Apa kamu termasuk yg menerima hak bansos jgkah?",2025-04-30T22:37:50.000Z,
twitter,"Jadi bukan kontra ke vasektomi itu sendiri, tapi kontra ke pemaksaan untuk memilih vasektomi atau bansos. Skrng yg paling dibutuhkan adalah edukasi yg lebih gencar mengenai vasektomi ini, krn mereka ini belum tentu ngerti/tau apa itu vasektomi dan apa keuntungannya.",2025-04-30T22:37:18.000Z,
twitter,"Idealnya rakyat miskin masih punya cara buat dapat bansos secara merata, sedangkan rencana vasektomi ini insentif untuk membantu keluarga miskin mengurangi beban keluarga sehingga pemberantasan kemiskinan dapat dilakukan lebih efektif",2025-04-30T22:36:15.000Z,
twitter,nah itu gak secara spesifik nyuruh si istri kb atau vasektomi. nah ini secara spesifik kalo mau nerima bansos kudu vasektomi,2025-04-30T22:34:05.000Z,
twitter,yaudah tunda aja bang jan ngewe dulu lah dia kalo ga mau vasektomi. asal jan nyusahin aja kan. masa udah miskin ntar pas kebobolan lagi malah gatau diri minta bansos lebih,2025-04-30T22:33:46.000Z,
twitter,"Penyuluh belum sosialisasi vasektomi ke masyarakat aja udh duluan buat kebijakan dengan kampanye intimidatif gt, pdhl bansos dan beasiswa itu sndiri adalah hak rakyat. Udah ada dalam UU. Kalo mau sekalian mewajibkan suami dan istri KB bareng, baru fair.",2025-04-30T22:33:11.000Z,
twitter,"wkwk, lawak, ""Hidup perempuan yang melawan, kita hancurkan patriarki, .."" kok dukg ketidakadilan.
Jan hanya fokus di kata ""vasektomi"", poin yg perlu dikritisi adalah (1) hanya utk warga miskin dan (2) sbg syarat utk mengakses bansos.
KDM tdk sedang berjuang bersama perempuan!",2025-04-30T22:31:50.000Z,
twitter,"pro dong, klo lagi miskin dan gamau vasektomi jgn nikah dulu atau boleh ga vasektomi asal mampu scr finansial buat ngehidupin istri dan anak2
klo masih dapet bansos gegayaan anak banyak hadeh malah jadi beban negara",2025-04-30T22:21:16.000Z,
twitter,"Ga salah sih. Masalahnya mereka mewajibkan itu krn alasan ""miskin"". Pertanyaannya kemana negara slama ini dlm memfasilitasi semua tanggung jawab khususnya pendidikan, knp giliran vasektomi arahnya ga ke semua org aja, mengapa mesti ke orang miskin doang terus buat dpt bansos lgi?",2025-04-30T22:13:54.000Z,
twitter,"No, vasektomi gak akan pernah jadi solusi dalam menyelesaikan/memberantas kemiskinan.

Vasektomi memang bagus sebagai pilihan kb, tapi gak perlu embel-embel bansos.

Yang lebih penting, bagaimana memfasilitasi orang tua anak yang ""miskin"" ini bisa menghasilkan income kedepannya.",2025-04-30T22:06:23.000Z,
twitter,"aku personally sangat setuju untuk vasektomi penerima bansos yang saat ini sudah punya anak 2 atau lebih
here is why",2025-04-30T22:01:19.000Z,
twitter,"Jujur aku setuju sih.
Memang fatwa MUI haram vasektomi tanpa urgensi medis. Tapi dgn kebijakan ini, org kalau mau punya anak lebih mikir, siapkah secara finansial?
Kalau gak mau vasektomi > jangan nerima bansos > artinya harus matang scr finansial.
Lelah melihat anak2 terlantar",2025-04-30T21:58:29.000Z,
twitter,"oke, izin bertanya, kasih opsi lebih baik dari orang tdk mampu tdk dipaksa vasektomi?
konteksnya orang tdk mampu yg dpt bansos yaa, bukan semua org dipaksa vasektomi.",2025-04-30T21:55:38.000Z,
twitter,"Jangan sampai Indonesia menjadi ""neraka"" bagi orang miskin. Vasektomi menurut ulama masih banyak yang mengharamkan, kecuali untuk tujuan tertentu yang syar'i. Vasektomi sebagai pilihan tentu masih bisa didiskusikan. Kalau diwajibkan sebagai syarat bansos? Aduuuh... ",2025-04-30T21:53:22.000Z,
twitter,"Kenapa dah perkara syarat dapet bansos harus vasektomi laki laki pada tantrum??? Padahal tetep bisa ngemtottt, kecuali kalo abis vasektomi langsung gabisa ngancnggg baru dah lu pada protes wajar. Lagian apa dipikiran orang orang tuh vasektomi ky kucing di steril gitu yaa??? Heran",2025-04-30T21:52:45.000Z,
twitter,"Stop bawa” agama, orang penerima bansos juga belum tentu taat agama. Orang miskin juga mikir mau beli kondom, gak punya duit ngapain beli kondom mahal”. Justru krn wajib, vasektomi dilakukan agar bansos ga hanya tersalurkan bagi 1 keluarga yang punya sampe 10 kepala",2025-04-30T21:50:08.000Z,
twitter,"kepentingam bansos?  

Jadi, tidak boleh menyamakan vasektomi dengan IUD dalam konteks hukum Islam, karena IUD reversibel (bisa dilepas), sedangkan vasektomi irreversibel atau sulit dipulihkan.

otak lu kali cetek ",2025-04-30T21:48:48.000Z,
twitter,"program kb vasektomi bagus siy, tapi malah ditambahin ancaman ga dapet bansos & beasiswa kalau ga ikut programnya jadi jelek btw program kb buat wanita juga sama aja mengatur otoritas tubuh. ""cewe harus kb kalau gamau melahirkan"" ""cewe harus kb kalau gamau punya anak lagi""",2025-04-30T21:16:09.000Z,
twitter,"pertanyaannya lagi nih. org miskin MAMPU bersaing gak sama org2 yg lain? miskin itu ngakar kemana mana, pendidikan, psikologi dari orang tsb. ngaruh ke daya tangkap dll. udah deh, mending lo cari duit yang banyak ye biar gausah takut buat di vasektomi karna mengharapkan bansos",2025-04-30T20:54:24.000Z,
twitter,"Fakta sih terkadang pemaksaan itu yg memaksa org untuk mikir tujuan yg sbnrnya
Masih dikasih opsi ga mau vasektomi yo wes ga di kasi bansos
Kalau vasektomi ya di hargai dg kasi bansos. Eh muncul pemikiran2 'bansos itu hak org miskin, yg miskin ga punya hak gitu?'",2025-04-30T20:51:22.000Z,
twitter,"lo bilang tren angka kelahiran udah turun? tau yg nurunin siape? kebanyakan org menengah keatas bos. orang miskin? TEROSS aje hamil. tepat ga tuh sasaran bansos? bener ga kalo syarat bansos yaitu vasektomi? jelas lah kocakkkkkkk, mau enak aje lo produksi tapi miskin",2025-04-30T20:46:45.000Z,
twitter,"lebih diopresi lagi dengan dipaksa vasektomi? dgn alih2 bansos, ini justru bikin vasec ini kyk terlihat jual-beli negara dengan warganya (+ kenapa kl cewe kb ga dpt reward?) ditambah lagi, risiko vasec ini tuh cowo bejat dan berpendidikan rendah akan semakin terbuka sex sana -c",2025-04-30T20:46:06.000Z,
twitter,"Blough, kalo lu aja masih ngarepin bansos yaa jgn punya anak dulu tolol, makannya di berlakukan KB gitu, kalo gamau vasektomi yaa jgn ngarepin bansos, se simple itu gausah koar² merasa ga adil, giliran pemerintahnya bener, rakyatnya yang ga bener.",2025-04-30T20:41:24.000Z,
twitter,"Edukasi, sosialisasi??? Emang model rakyat elu bisa kooperatif?? Ga membantu anjggg kalau hal2 basic begitu, mending langsung kasar aja sekalian, kalau elu mau dapat bansos untuk kehidupan elu minimal jangan beranak pinak lagi,, alias elu semua vasektomi anjj",2025-04-30T20:34:37.000Z,
twitter,"Terus dana bansos yang gak mau vasektomi dikemanakan, ujung2nya di korupsi lagi, ini tuh cuma kebijakan males ajah, hanya mau jalan pintas yang ujung2nya berdasarkan viral ajah.. kenapa gak solusinya ""yang gak mau ikut pelatihan kerja gak dapat bansos"" itu lebih solutif..",2025-04-30T20:33:01.000Z,
twitter,Masih mau belain gak? vasektomi digunakan sebagai syarat penerimaan bansos usulan nya,2025-04-30T20:31:02.000Z,
twitter,"butuh bansos? vasektomi (setelah punya 2 anak)

ga butuh bansos? vasektomi karena dunia udah penuh bgt bangsaatttttt udah sesaakkk",2025-04-30T20:25:52.000Z,
twitter,"Hei, kebijakan vasektomi untuk bansos itu memang bikin heboh. Banyak yang bilang ini melanggar hak reproduksi karena bertentangan dengan prinsip sukarela dalam KB. Indonesia punya program KB sukses, tapi vasektomi kurang populer dibandingkan tubektomi. Publik di X banyak yang",2025-04-30T20:22:12.000Z,
twitter,"Gini deh biar otak lu yang gua ga tau kapasitas nya berapa itu bisa nganggep

Mau bansos = vasektomi

ga mau bansos = ga usah vasektomi 

Dari sini paham? Udah gede harusnya tau sebab akibat, lu yang mutusin punya anak satu tim sepakbola kenapa duit pajak gue yang kepake?",2025-04-30T20:21:39.000Z,
twitter,"Kalau aku mikirnya gini sih ya..

Krn Indo kebetulan udh punya kebijakan KB dari dulu, ini bisa direinforce dgn memasukkan vasektomi.

Mungkin bukan dgn tidak mendapat bansos samsek, tapi “dikurangi” jatah bansos nya atau bahkan “dilebihkan” jika sdh vasektomi, as a reward",2025-04-30T20:15:45.000Z,
twitter,Mensos Kaji Ide Dedi Mulyadi Soal KB Vasektomi Jadi Syarat Terima Bansos Mensos mengkaji usulan Gubernur Jabar Dedi Mulyadi mengenai syarat menerima bansos hingga beasiswa harus KB. https://news.espos.id/mensos-kaji-ide-dedi-mulyadi-soal-kb-vasektomi-jadi-syarat-terima-bansos-2089805…,2025-04-30T20:14:18.000Z,
twitter,"gmn klo butuh bansos tpi ga bisa vasektomi?
misal si laki ad penyakit yg menghalangi atau cmn punya anak 1? satu keluarga ga bisa makan dong?

mengingat syarat vasektomi di indo min punya anak 2 dlu (dan diatas 5thn) + tidak ad masalah kesehatan tertentu",2025-04-30T19:46:00.000Z,
twitter,"Setuju soal vasektomi itu, karena kerjaan gw tahun lalu sudah membuktikan kejamnya orang dewasa demi bansos. Riset lapangan gak bohong, guys. Memang mereka2 ini harus di vasektomi karena ada yg sengaja beranak banyak biar bansosnya gede.",2025-04-30T19:43:05.000Z,
twitter,Orang miskin kalo ga diwajibin ga akan vasek bang mau disosialisasi setiap hari juga. Jadinya programnya malah ga berhasil sama sekali. Dan kalo dliat juga ini tuh bukan program bansos tapi malah program vasektomi dapet hadiah bansos,2025-04-30T19:42:36.000Z,
twitter,"kenaoa sih orang-orang baca berita aja sesusah itu. nggak ada paksaan sama sekali untuk vasektomi. nggak ujug-ujug testismu diiket, nggak. pun, masih belum ada kejelasan juga bansos mana yang dikhususkan untuk pria vasektomi. ketiga, kalau vasektomi dapet insentif. dibaca lg ",2025-04-30T19:42:08.000Z,
twitter,Menurut saya kesalahannya ada pernyataan beliau yang mewajibkan vasektomi untuk bansos tanpa ada syarat dan ketentuan yang jelas sehingga menjadi abu-abu dan terdapat perbedaan penafsiran seperti yang kita lihat. Belum lagi kita tidak melihat kebijakan jangka panjangnya.,2025-04-30T19:39:20.000Z,
twitter,"Gue setuju agar vasektomi mulai dinormalisasi. Tapi kalau menjadi syarat utk mendapat bansos? Hmmm, ragu sih.

Menurut gue, mewajibkan vasektomi atau melarang orang miskin beranak tidak bisa menjadi solusi tepat utk mengatasi kemiskinan itu sendiri.",2025-04-30T19:34:57.000Z,
twitter,"orang2 kek ga paham aja tabiat rakyat negara bobrok ini. imagine lu udh bikin regulasi yg sesuai pun masih aja dilangkahin, knp? krn ya basically licik.

gini aja ribut gabisa dpt bansos krn tolak ukurnya vasektomi, gimana klo di cut pemerintah atas dasar “udh kerja gaji layak”?",2025-04-30T19:31:17.000Z,
twitter,"intinya, anjuran vasektomi sebenernya hal positif tapi menjadikannya sebagai syarat wajib penerimaan bansos adalah contoh tindakan diskriminatif.",2025-04-30T19:30:28.000Z,
twitter,lah yang ditolak mah kebijakan pemerintah yang memaksa hak orang miskin ditukar dengan hak lain. masa bansos udah diatur secara wajib harus jadi bersyarat dengan vasektomi? mau menurunkan angka kemiskinan dgn kebijakan yg instan lagi ya ga akan beres masalah kemiskinan juga,2025-04-30T19:29:39.000Z,
twitter,"Dengan mempersulit mereka terhadap haknya tidak akan menyelesaikan akar masalah seperti kemiskinan. Yg ada malah anggaran bansos dikorupsi. Yg miskin makin ga dipehatikan negara karena bisa lepas tangan ""siapasuruh ga mau vasektomi"" kan lucu.",2025-04-30T19:26:32.000Z,
twitter,Penerima bansos yg ga setuju tuh pengennya punya anak berapa soh? Syarat vasektomi itu salah satunya sudah punya anak yaaa,2025-04-30T19:25:24.000Z,
twitter,"Lha gmn gk diancam2, penduduknya punya otak ky lu. Tujuan vasektomi itu supaya mereka berenti beranak pinak, bukan berenti ngesek2. Bayangin lu jadi anak ke 5 sementara ortu lu miskin ngandelin bansos. Hidup jadi beban negara, menderita, emang lu mau di situasi itu?",2025-04-30T19:22:33.000Z,
twitter,"Gw tau, tapi tetep aja pemaksaan yang berhubungan sama hak seseorang atas badannya itu secara nggak langsung bakal pengaruh ke mental. Kalo emang tau sifatnya gini, kenapa nggak regulasinya diperhalus jadi ""pembagian bansos dan sosialisasi vasektomi"" daripada langsung aksinya?–",2025-04-30T19:19:11.000Z,
twitter,"suddenly it’s a crime whoaaaa.. gada yg lebih kejam di mata lo pada selain mau bansos harus vasektomi dlu ya.

anak-anak 5-10 bersaudara dari keluarga miskin ahhhh kecil lah yaaa mgkin ortunya dulu khilaf, namanya hiburan orang miskin",2025-04-30T19:05:14.000Z,
twitter,vasektomi ini jg ga diwajibkan sbnrnya? kalo gamau ya gausah terima bansos. toh itu pun jg jika memenuhi persyaratan..? koreksi saya,2025-04-30T19:04:57.000Z,
twitter,"Mau vasektomi atau kebiri permanen, semuanya itu kekerasan seksual karena dilakukan dengan penyalahgunaan kuasa yang dia punya lewat mengancam menghentikan bansos & jalur beasiswa ke masyarakat miskin: masyarakat yang secara konstitusi punya hak untuk dua hal itu.",2025-04-30T19:04:17.000Z,
twitter,"maunya penggalakan vasektomi itu dilakukan secara edukatif bukan paksaan sebagai syarat penerima bansos yang sebetulnya udh jd kewajiban negara. lagian, kontrasepsi itu sifatnya confidental baik untuk perempuan atau pun laki-laki. asdfghjkl plis lah",2025-04-30T19:01:47.000Z,
twitter,"Peraturan sebelumnya ... kalau enggak vaksin kagak bakal terima bansos.

Nah sekarang???
Kalau kagak vasektomi enggak bakal terima bansos.

BERFIKIRLAH ....
Gunakan akal sehat pemberian TUHAN itu dengan sebaik²nya",2025-04-30T18:56:11.000Z,
twitter,"saya ga setuju vasektomi jadi 'syarat wajib' penerimaan bansos dan beasiswa 
sepakat lagi",2025-04-30T18:55:42.000Z,
twitter,"Artinya negara telah gagal mensejahterahkan rakyat..
Bansos itu hak rakyat miskin !
Sesiapa yg msuk ketegori miskin layak mendapat kan nya,,
Kesenjangan sosial meningkat.
Poin plus buat kaum sekulerism dgn ide vasektomi.
Org ini sgt berbahaya..",2025-04-30T18:55:09.000Z,
twitter,"Tau sih promosi itu bisa tahunan-puluhan tahun, tapi itu harus dilakukan.

Drpd iming2 bansos dan beasiswa mending gandeng ulama terkenal suruh dia promosi vasektomi kemana2, itu akan lebih efektif dan low cost (g prlu ksh imbalan ke warga miskin).",2025-04-30T18:51:13.000Z,
twitter,"Mjb kak, terus keluarga yang mau dapat bansos di daerah situ tapi belum punya anak atau anaknya 1, syaratnya gimana? Ngga harus disuruh punya 2 anak dulu terus vasektomi dulu kan? (Bertanya dengan nada bingung dan lembut)",2025-04-30T18:46:27.000Z,
twitter,tapi serius emg ga habis pikir sama wacana kebijakan vasektomi untuk dpt bansos itu.. kek kenapa sih ga bikin kebijakan yang bikin masyarakatnya mandiri ajaa instead of ngurusin siapa harus pake apa. kebiasaan suka ikut campur ranah privat rakyat.,2025-04-30T18:46:04.000Z,
twitter,"sebenernya menurut gue, gaada masalah di kb ataupun vasektomi nya. asal, atas dasar keinginan sendiri. justru karna adanya indikasi ""pemaksaan"", demi ""claim bansos"", yang jadi poinnya disini. nyelesain masalah enggak, yang ada pemerintah makin leluasa aja kontrol dehumanizing.",2025-04-30T18:30:05.000Z,
twitter,"ya kalo gamau di vasektmi yaudah, gausah terima bansos

susah bgt heran

lagi rugi nya apa si? kalo udah ga ada plan punya anak ya apa ruginya vasektomi?",2025-04-30T18:28:51.000Z,
twitter,"Dia mewajibkan orang miskin yang secara amanat konstitusi berhak mendapatkan bansos untuk vasektomi udah termasuk menyalahgunakan kuasa yang dia punya & karenanya: pemaksaan. Itu udah bertentangan dengan UU TPKS, di samping UUD. Ini bukan solusi jangka pendek, ini kebodohan.",2025-04-30T18:28:42.000Z,
twitter,"Njir itu kan buat penerima bansos ya, kok bisa ada pemikiran cerai anak dibawa istri trus nikah lagi? Lah itu anak dibawa bini juga masih tanggung jawab lu bang. Kalo emang bisa tanggung jawab berarti kan gausah jadi penerima bansos. Berarti gausah vasektomi.",2025-04-30T18:23:04.000Z,
twitter,"i understand where you came from. sebetulnya long term goalnya kan kesadaran KB baik perempuan maupun laki-laki, emang perlu banyak step termasuk edukasi dan sosialisasi... tapi ya kewajiban vasektomi hanya untuk yang miskin sebagai syarat dapat bansos itu jelas salah...",2025-04-30T18:21:27.000Z,
twitter,"Bansos itu kewajiban negara, dia gak bisa jadi hadiah vasektomi. Dan poin gua adalah sekali negara masuk ranah privat, mereka gak akan berhenti.",2025-04-30T18:18:12.000Z,
twitter,"Berarti kalo mereka udh bisa keluar dari ""kemiskinan"" bisa tuh buat dilakuin pembaikan. Kan inti masalahnya biar tidak terjadi orang orang dengan ketidak mampuan ekonomi untuk terus terusan bikin anak yang sampe lebih dari 2. Toh, dia ttp dapet bansos habis vasektomi.",2025-04-30T18:18:06.000Z,
twitter,"Semuanya juga pengen yang baik bang..
Tapi kita realistis aja dengan kondisi existing sekarang ini, program bansos syarat Vasektomi ditunjukkan kepada orang yang gak mampu s&k ada... Apa kita berhenti disitu saja?? Ouh tidak, ada bab² selanjutnya mulai dari ngembangin pendidikan",2025-04-30T18:17:13.000Z,
twitter,"Itu bukan perbandingan. Gua gak lagi memperbandingkan. Gua ngepoint out kalo sekali negara masuk ranah privat, mereka gak akan berhenti. Kebijakan KDM itu jelas bertentangan dengan UUD dan UU TPKS, bansos itu kewajiban negara, dia gak bisa jadi “hadiah habis vasektomi”.",2025-04-30T18:16:46.000Z,
twitter,Wajar klo org marah. Kenapa tgjawab nekan jumlah penduduk hanya ditanggung ma mrk yg dpt bansos & hrs vasektomi? Pdhl klo mo jujur yg jadikan mrk ngemis bansos kan org spt KDM (politikus & elit) juga. Pgrm MBG  dll yg nikmati mereka? Kan bkn? Tp knp mrk yg hrs nanggung akibatnya?,2025-04-30T18:13:31.000Z,
twitter,"Kalo seperti itu case-nya sudah berbeda kak. Yang saya perjuangkan adalah program KB tersebut jangan di tabrakin dengan Bansos atau Beasiswa.

Saya tidak ada masalah dengan program KB menggunakan Vasektomi tersebut. Tapi yg saya sorot adalah Bansos ditukar otonomi tubuh.",2025-04-30T18:12:15.000Z,
twitter,"Ya aku setuju klo kita kesel sama org2 yg kontra vasektomi(klo ini konteksnya ya) klo dijadikan aturan bansos bener2 bakalan menjadi problem besar. Krn kb itu emg urusan pribadi dan ga boleh ada pemaksaan dri siapapun, emg dasarnya edukasi seksual dan kb ini yg masi tabu di indo.",2025-04-30T18:11:33.000Z,
twitter,"Tujuan KDM emang untuk tekan populasi, biar gampang ngaturnya. Keliatan jahat kan? Tapi ini harus karena warga udah mulai manja. Ibarat pengen aset, tapi bayar pake uang. Mau bansos, ya bayar pake vasektomi. Vasektomi juga T&C nya pasti ada. Gak loss gitu aja.",2025-04-30T18:11:17.000Z,
twitter,"hmmmmmmmmmmmmm
syarat vasektomi itu hrs punya 2 anak.
lu koar koar kb itu pilihan pribadi ya mikir aja oon udh tau miskin, makan aja butuh dr bansos sok sok an mau ngewe teroos, giliran kebobolan sampe punya anak 5 gabisa ngasi makan koar koar lagi pemerintah ini itu, dungu ah",2025-04-30T18:05:20.000Z,
twitter,Heran sama warga sini. Walaupun gue juga warga sini sih... tapi selagi ada program pemerintah yg bagus dan masuk akal dukunglah..... hadehhh lu keknya calon2 penerima bansos tapi takut divasektomi ya? Apa gmn dah? Cari tahu dulu vasektomi itu.,2025-04-30T17:37:08.000Z,
twitter,"Bahkan dengan iming2 bansos juga sama aja itu kek jatohnya 'reward' ke laki2 miskin yg 'berani' vasektomi, kalo ditarik lagi logikanya ke sana sih ",2025-04-30T17:36:35.000Z,
twitter,"Walaupun aku nggak suka DedMul dengan segala dramanya, tapi untuk kali ini pro. Kalau kalian mampu untuk menghidupi beberapa anak, kalian nggak akan butuh ituu bansos dan nggak perlu vasektomi",2025-04-30T17:34:38.000Z,
twitter,"Pasahal sesimpel klo mau terima bansos, ya vasektomi, kalo engga mau vasektomi ya ga terima bansos, jadi ga bikin anak banyak"". Ini cuman buat ngetrigger, lu semua bacot teori teori segala macem, padahal tujuannya itu biar orang orang miskin ga beranak pinak",2025-04-30T17:33:25.000Z,
twitter,Diwajibkan untk yang mau dpt bansos hidup msh ngarepin bansos tapi berkembang biak tak terkendali Klo ekonomi msh morat-marit mbokyo mikir buat membatasi beranak pinak.Lagian vasektomi kan bkn di potong abis tuh kntl Ttp bisa ngaceg dan ngwek ampe ledes pun bisa tanpa resiko+anak,2025-04-30T17:32:27.000Z,
twitter,"Mencegah orang miskin beranak banyak  mengurangi calon populasi anak yang akan menjadi bapak nganggur/miskin lagi

Klo org yg tidak miskin tiba2 jatuh miskin ya lain cerita lah, dia ikutan vasektominya ntar pas udh butuh bansos & memenuhi syarat vasektomi",2025-04-30T17:31:33.000Z,
twitter,"Pertanyaannya untuk apa pemerintah terus2an ngeluarin bansos kalau bisa ngasih akses pekerjaan yang lebih baik untuk masyarakat, menghapuskan syarat pekerjaan yg nggk masuk akal itu, dan mengadakan pelatihan bagi masyarakat, emang dgn vasektomi kemiskinan bakal langsung ilang?",2025-04-30T17:29:48.000Z,
twitter,"Tinggal berdoa aja supaya ga jadi penerima bansos itu aja sih 

Tanpa perlu vasektomi juga gua sih ga berharap jd penerima bansos",2025-04-30T17:29:10.000Z,
twitter,"Sini, om pangku
Sambil diskusi rencana kebijakan KDM, soal wajib vasektomi bagi penerima bansos",2025-04-30T17:27:54.000Z,
twitter,"Ada bansos utk keluarga melahirkan di Jepang, semuanya pasti dpt dgn 1 kondisi, ""akan melahirkan dan punya anak.""

Begitu juga bansos ini, semuanya dpt ketika sudah siap bersedia ikut vasektomi.

Kalau ga mau, ya ga dapat. Tujuan bansosnya kan as support, bonus.",2025-04-30T17:24:08.000Z,
twitter,Ini ada di kolom komentar sopran satu (buzzer penyesat) yang menyepelekan urusan vasektomi tanpa melihat prinsipil bansos adalah kewajiban negara tanpa ikut campur urusan privat. Dan ananda zivan ini (bukan buzzer) sedang mention negara itu alpa nya apa aja utk menolong rakyat,2025-04-30T17:23:18.000Z,
twitter,"""Harus vasektomi buat dapat bansos"" diktator, mutlak, keterpaksaan.

""Ada bansos untuk keluarga yang siap ikut program vasektomi"" keterlibatan, kesadaran diri, bebas memilih 

Padahal point nya sama, makanya aku bilang sebenarnya bisa aja... Caranya aja yg ga bener",2025-04-30T17:09:39.000Z,
twitter,"berarti Kang Dedi Mulyadi tepad sasaran dunk syarat vasektomi buad penerima bansos, biar kedepan nya gak ada lagi warga lain ngalamin kayak gini

buzzer hipokrid pemuja anies gak bakalan nyampe akal nya kesini, udh ilang akal sehad nya pada ",2025-04-30T17:08:31.000Z,
twitter,"Ga dukung kebijakannya, cuman aku nangkep maksudnya, apalgi situasi kebanyakan orang indo yg ""kurang mampu"" ini klo ga dipaksa ga bakalan jalan. Ini kayak mau ngasih tau konsep vasektomi tapi caranya salah. Kan bisa ""Disediakan bansos utk keluarga yg siap ikut program vasektomi""",2025-04-30T17:07:50.000Z,
twitter,"Buat yg hujat KDM dg narasi vasektomi, vasektomi ga semudah itu dodol,  Yg vasektomi yg kasus bgini, usia tdk produktif 50 keatas atau  anak bnyk.  Aturan ga seanjing itu bikin aturan asal Terima bansos pasektomi. Yg wajib itu... Terima bansos tanam pohon, bersih3 halaman rmh.",2025-04-30T17:07:39.000Z,
twitter,"Yang di highlight bansos nya hanya untuk yang vasektomi. Padahal penyebab kemiskinan struktural itu ya koruptor, coba koruptor itu di bunuh keluarga nya di miskin kan, hilang itu kemiskinan struktural",2025-04-30T17:07:15.000Z,
twitter,"Perlu dikaji ulang. Bedain antara 

""Harus vasektomi buat dapat bansos"" sma ""Ada bansos untuk keluarga yang siap ikut program vasektomi""

Feel free to discuss",2025-04-30T17:06:40.000Z,
twitter,"Ini caranya salah, emang buas sensasi aja kah?

Padahal bisa masukin bansos ke program KB, diiklankan dengan ""Ada bantuan bansos untuk keluarga yang siap ikut program vasektomi""

Tapi karena kebalik, masukin vasektomi ke program bansos, kesannya jdi org miskin demen beranak pinak",2025-04-30T17:05:06.000Z,
twitter,"gue setuju sama program vasektomi, tapi kalo jadinya MEWAJIBKAN tanpa membenahi pola pikir dan mentalitasnya, bukannya malah jadi membatasi hak hidup?

kalau implementasinya:
vasektomi > akan dapat bonus seperti bansos, dll. setuju banget!",2025-04-30T17:04:02.000Z,
twitter,"Narasinya datang dari pejabat yang mewajibkan pria memakai vasektomi bila ingin mendapatkan bansos. Dari sini, terlihat adanya paksaan atas otoritas tubuh.

Pun begitu bila skenario dibalik, dimana jika perempuan ingin bansos, wajib kb. Di sini ada paksaan aras otoritas tubuh jga",2025-04-30T17:03:57.000Z,
twitter,"i mean dari program KB 2 anak cukup itu mulai dari pil, suntik, sampe iud kan udah dibebankan ke perempuan ya. nah mungkin orang-orang takut, kalo itu semua bakal lebih parah karena tentang vasektomi aja bukan lewat penyuluhan & dukungan. tp dipake buat syarat dapet bansos",2025-04-30T16:54:50.000Z,
twitter,"RK: suntik mati jomblo
KDM: vasektomi jd syarat penerima Bansos

Gubernur Jabar emang loba teuing gimmick ",2025-04-30T16:54:27.000Z,
twitter,"Aku mau klarifikasi dulu, di tweet lain km bilang ga ikut2an soal persyaratan vasektomi buat bansos, tapi sekarang kamu bilang setuju program vasektpmi ini, maksudnya ini gimana?",2025-04-30T16:54:26.000Z,
twitter,"Betul sekali, ini bentuk kegagalan negara buat menghidupi rakyat. Kalau bisa ngidupin kan vasektomi ga perlu wajib bust dapet bansos. Nah itulah yang harus kita gaungkan hak2 kita. Iya kak sama2, asalkan awareness kita tinggi at least diri kita gajadi beban negara",2025-04-30T16:53:31.000Z,
twitter,"Btw yang diramaikan oleh orang2 yang kontra adalah rencana kebijakan KDM untuk *MEWAJIBKAN* vasektomi untuk meperoleh bansos, bukan tindakan vasektominya",2025-04-30T16:53:14.000Z,
twitter,"ya mau gimana lagi? pemikiran orang2 di kelompok tersebut berbeda, terus malah mau distop bansos dan beasiswanya kalo bapaknya gamau vasektomi, ya makin mandek lah pemikiran mereka disitu2 aja",2025-04-30T16:51:53.000Z,
twitter,"Ga dukung kebijakannya, cuman aku nangkep maksudnya, apalgi situasi kebanyakan orang indo yg ""kurang mampu"" ini klo ga dipaksa ga bakalan jalan. Ini kayak mau ngasih tau konsep vasektomi tapi caranya salah. Kan bisa ""Disediakan bansos utk keluarga yg siap ikut program vasektomi""",2025-04-30T16:51:30.000Z,
twitter,"tuhkan. anak di kalangan bawah tuh bukan perkara simple n segampang suruh vasektomi buat dptin bansos DEDI. itu tuh hrs dibina sudut pandangnya. ga bisa lu mandang sblh mata doang, karna lu itu sudut pandang koruptor, bukan org yg tdk berkecukupan, ya gabakal sama lah",2025-04-30T16:50:28.000Z,
twitter,"Tpi kb cowo ini jg ga maksa, vasektomi wajib kalo mau bansos, klo g butuh bansos ya ga apa ga vasektomi",2025-04-30T16:50:12.000Z,
twitter,"KB cuma vasektomi ? KB banyak, coba dipake google-nya, banyak bentuk KB yang ga ngebunuh otonomi tubuh kayak vasektomi.

(Kan ga maksa, kalo gamau ya gausah bansos)

Bansos = hak
Otonomi tubuh = hak

gaboleh batasin 1 hak untuk yang jamin hak yang lain.",2025-04-30T16:50:10.000Z,
twitter,Berarti lu ga diajak dan keadaan lu ga sesuai konteks. Org sasaran vasektomi itu penerima bansos alias yg miskin.,2025-04-30T16:47:08.000Z,
twitter,Jadi debat vasektomi buat bansos ini salah satu kegagalan negara buat menghidupi rakyatnya,2025-04-30T16:46:46.000Z,
twitter,"Sebenarnya setuju sih korelasi bansos sama vasektomi ini perlu dikaji ulang karena mainnya udah HAM. Tapi kalau sekilas, ya make sense aja soalnya orang indo masih ada yg klo ga dipaksa dgn keadaan ga bakalan mau. Apalagi KDM ini emang agak² gimana gitu.",2025-04-30T16:45:21.000Z,
twitter,"tapi kalo dia udah punya anak 2 kak 
sekarang dia (maaf miskin) anak banyak masa mau ngandelin bansos mulu 
klo belum punya anak mah ttp dapet bansos tanpa vasektomi ka, syarat vasektomi aja harus punya anak 2 dulu.
ini tuh cara buat ngurangin rantai kemiskinan kaaaa",2025-04-30T16:44:24.000Z,
twitter,"jadi solusinya gimana? saya tidak membenarkan 100% statement atau aturan mengenai wajib vasektomi utk penerima bansos, tapi saya membenarkan program vasektomi utk menekan laju pertumbuhan. menurut saya ini cukup jelas dan berbeda.",2025-04-30T16:41:22.000Z,
twitter,Kalo mau dapet bansos harus vasektomi. Tapi kalo lagi masa kampanye gak perlu tuh,2025-04-30T16:39:14.000Z,
twitter,"kebalik gak woi vasektomi dulu blok, baru dapet beasiswa dan bansos. Kalo dapet bansos dan beasiswa dulu curang nanti yg miskin anaknya banyak juga ikutan dapet, membludak lagi nanti, terus cari kerja tambah sulit karena banyak saingan",2025-04-30T16:37:42.000Z,
twitter,"begini aja, karena lu kayanya gabisa memahami poin gw yang sudah jelas itu.

vasektomi sebagai syarat terima bansos
vasektomi sebagai syarat insentif tambahan",2025-04-30T16:35:19.000Z,
twitter,ini jg perempuan2 yg setuju dgn pemaksaan vasektomi sbg syarat bansos dll itu bodoh bgt deh. what makes u think the gov would stop at ngatur2 badan cowok dan nantinya gaakan mulai ngatur2 badan cewek juga in the future? yall act woke but u dont understand shit istg dumbasses ,2025-04-30T16:34:09.000Z,
twitter,"ya..kan memang?? gw ada ngebenerin mereka yg miskin anak banyak, kah?

poin gw sesimpel pemerintah gaboleh menjadikan bansos menjadi suatu hal yang bersyarat untuk fakir miskin terima, apalagi dengan syarat vasektomi yang mana harusnya itu dipromosikan, bukan dipaksa.",2025-04-30T16:32:44.000Z,
twitter,"@kegblgnunfaedh
 Policy vasektomi untuk bansos di Jawa Barat sudah berjalan di Bandung, dengan kegiatan setiap Rabu dan insentif Rp500.000. Namun, secara nasional masih dikaji oleh Menteri Sosial, jadi belum sepenuhnya diterapkan di seluruh provinsi. Untuk info resmi, cek situs",2025-04-30T16:31:02.000Z,
twitter,"bang ini kan bukan peraturan jatohnya kek himbauan atau malah pancingan aja. ada reward klo lu ngikutin,lu dapet bansos, yg dimana orng miskin itu butuh bansos itu. pilihannya lu mau dapet itu bansos atau ga wkwk klo lu ga rela vasektomi y gausah ngantri bansos. kok repot?",2025-04-30T16:30:47.000Z,
twitter,Berjuang soal apa? Berjuang soal menata keluarga yang lebih humanis biar keluar dari kebutuhan hidup yg makin menggila. Terutama yang hidupnya masih ngandalin Bansos. Gtu loh. Orang saya aja yang punya usaha pengen suatu saat vasektomi. Biar gak membebani istri dan cukup dua anak,2025-04-30T16:30:44.000Z,
twitter,"Lu di sini pake narasi ""makanya disarankan vasektomi"", padahal usulan DM itu bukan saran lagi, tapi paksaan karena dijadiin syarat bansos. Dari awal aja lu ga paham?",2025-04-30T16:29:12.000Z,
twitter,"Vasektomi ga boleh dijadiin syarat buat bansos karena ada UU yang menyatakan peserta KB itu harus sukarela dan tidak didasarkan paksaan. Tapi bagaimana dengan hak anak2  yang lahir dari keluarga yang tidak mampu dan tidak ingin KB? Anak udh bnyk, gk dpt hak semua, tapi gk mau kb?",2025-04-30T16:28:00.000Z,
twitter,"Tp emang sih ""dpt bansos kalau mau vasektomi"" konyol, dikit2 kok dikaitkan bansos. 

Tp ya orang indo tuh kdg bebal njir, di edukasi punya anak 2 aja cukup, bla bla kej gak masuk di kepalanya, tetep buat anak banyak, trs akhirnya anaknya terlantar. kB aja dah, banyaj yg ogah.",2025-04-30T16:25:08.000Z,
twitter,"Aneh dari mana, lo sendiri yang bilang kalau lo gk setuju untuk jadiin vasektomi sebagai syarat bansos, lo jg yang bilang vasektomi itu tidak bisa dipaksakan dan ada UU nya. Gue bahas yang kedua, kenapa gk paham padahal gue balas komen lo yang 'paksaan' itu, bukan yg lain?",2025-04-30T16:15:37.000Z,
twitter,"ngatain orang yg setuju vasektomi utk bansos, tapi ngatain orang yg setuju vasektomi utk kepentingan pribadi juga. hinaan dari orang yg chronically online kaya lu trs ngatain orang lain belajar hukum & politik dari x makanya bodoh- jg ga bs gue anggap serius sih lol",2025-04-30T16:14:52.000Z,
twitter,"Ya kannn, realitanya orang2 miskin ga tau diri klo dirinya miskin malah bikin anak terus2an. Lagian ya sepehaman gw tu gubernur kan cuman menjadikan vasektomi sebagai syarat bukan kewajiban. Klo mau dapet bansos ya vasek, klo ga mau vasek ya ga dapt bansos. As simple as that pdhl",2025-04-30T16:13:56.000Z,
twitter,"itukan bicara idealisme, bagi orang miskin idealisme itu gaada artinya percayalah. lihat juga realita di lapangan, ini tuh bansos lho bantuan sementara dengan syarat harus vasektomi itu ibaratnya “lo boleh main sama kita tapi lo harus siap ikutin kita-doesnt matter bnr/slh”",2025-04-30T16:12:32.000Z,
twitter,Idk like gw setuju kalo gaad duit gausah punya anak tapi wajib vasektomi buat bansos dan BEASISWA? just sounds insane to me... smth smth abt slippery slopw,2025-04-30T16:12:00.000Z,
twitter,"PRO SIH GUE BAGIAN COWOK VASEKTOMI NYA 

gak pro nya ada bansos² segala ah elah bansos mah ga jelas",2025-04-30T16:10:44.000Z,
twitter,"apalagi pemerintah yang memaksa vasektomi? bahkan, vasektomi sebagai syarat menerima bansos dan beasiswa. padahal, negara harusnya memang menjamin kesejahteraan hidup masyarakatnya.

kalau kamu highlight pemaksaan ke orang lain, sure, itu salah. tapi kalo kamu merasa -c-",2025-04-30T16:09:30.000Z,
twitter,mau nurunin kemiskinan pake mewajibkan vasektomi dengan iming-iming bansos ini jelas mengkerdilkan masalah kemiskinan karena pemerintahnya malas berpikir dan orang miskin cuman dianggap beban. Padahal nih menurutku kasih orang miskin ini insentif pendidikan dan kesehatan...,2025-04-30T16:09:05.000Z,
twitter,"Bansos dianggap kemauan. Bansos itu kewajiban negara. Hak miskin. Hidup mereka sulit, jangan dipersulit lagi. Lagian negara ngasi bansos berapa si? Emang dengan vasektomi atau ga ngasih bansos ke miskin yg ga mau vasektomi lantas negara lepas dari kemiskinan? Yg ada dikorupsi",2025-04-30T16:08:13.000Z,
twitter,"vasektomi? great.
SEBAGAI SYARAT UNTUK BANSOS? NO??
sudah jd kewajiban pemerintah utk menyokong kehidupan rakyat. aneh.",2025-04-30T16:08:00.000Z,
twitter,"Gak ada yg bilang vasektomi melanggar ham btw, “persyaratan dapet bansos harus vasektomi” yg melanggar ham… (gue gatau ini perlu gue ulang berapa kali, udah ya ini terakhir)",2025-04-30T16:07:56.000Z,
twitter,"disagree, pendek banget jalan pikirnya karena orang miskin beranak terus terus buat solusi pendeknya bansos harus vasektomi. satu lagi bukti konkrit they never really touch the grass",2025-04-30T16:07:30.000Z,
twitter,"Pro, lagian bukan brrti gaboleh punya anak kan. Lo bs bikin anak 1/2 trs vasektomi. Lagian kalo ngerasa mampu beranak banyak harusnya sih mampu membiayai ya, ngapain smpe minta bansos?",2025-04-30T16:05:52.000Z,
twitter,"Kaget gw kayak si kaklong kaklong itu malah dukung, padahal jelas masalahnya bukan di vasektominya tapi karena vasektomi jd prasyarat terima bansos bagi orang miskin ",2025-04-30T16:05:39.000Z,
twitter,"udh dr jaman dulu edukasi kl 2 ANAK LEBIH BAIK. lagipula itu kan yg mau mau aja, kalo lu butuh bansos dan anak lu udah lebih dr 2 ya vasektomi. kalo lu kaya apalagi miskin tapi bisa mencukupi kebutuhan anak mau punya anak 11 ok ok aja",2025-04-30T15:56:44.000Z,
twitter,"2 anak cukup, apalagi bagi penerima bansos. lagian vasektomi dilakukan pada mereka penerima bansos yang udah punya anak.",2025-04-30T15:55:58.000Z,
twitter,"Memaksa kelompok menengah kebawah / miskin untuk vasektomi demi bansos, ini melanggar UUTPKS dan melanggar HAM dan terkesan “cuci tangan”. 

Seakan akan akar permasalahan kemiskinan hanya dari “perkembangbiakan” saja lalu melupakan bahwa ini masalah struktural.",2025-04-30T15:54:32.000Z,
twitter,"ide dedi
vasektomi: dapet bansos
ga vasektomi: ga dapet bansos

reinforcement yg mirip policy 2 anak
vasektomi: dapet bansos + insentif
ga vasektomi: dapet bansos aja

lebih sadis yg kedua?
well... ok then",2025-04-30T15:53:48.000Z,
twitter,Wajib vasektomi biar bisa nerima bansos menurut gua orang narkoba juga gak sekonyol itu kalau ngomong.,2025-04-30T15:52:52.000Z,
twitter,Eh tolol bansos itu hak masy kpd negara. Begitu jg BS. Ada UU. Itu bkn duit gubernur. Hak akn kesehatan jg diatur UU. Gk boleh dipaksakan. Klw dulu kakek lu dipaksa vasektomi gk bakal lahir bpk lu. Kakek moyang dan kakek lu anakny bnyak.,2025-04-30T15:52:24.000Z,
twitter,"Bukan “vasektomi sebagai paksaan” ya pukimak. “Aturan penerima bansos harus vasektomi,” itu gak berperikemanusiaan. Sama halnya pemerintah gak bisa menyediakan sistem pendidikan yg memadai, sistem ketenagakerjaan yg adil, lapangan pekerjaan yg luas.",2025-04-30T15:52:08.000Z,
twitter,Kenapa malah melebar kemana-mana dah? Dan juga kenapa mikir against vasektomi buat syarat bansos = ngedukung mereka punya banyak anak?  Poinnya aja bukan itu,2025-04-30T15:51:17.000Z,
twitter,"coba pahamin dulu. vasektomi nyambung ke tujuan bansos: ngurangin angka kemiskinan lewat kontrol kelahiran. sedangkan tes keperawanan buat PNS tuh ga nyambung ke fungsi kerja atau tujuan pelayanan publik. jadi bukan cuma soal tubuh, tapi soal relevansi syarat sama tujuan akhirnya",2025-04-30T15:47:48.000Z,
twitter,"Asli. Diluar vasektomi lah, KB lah, bansos lah, ini mah akarnya ada di negara yang gak hadir. Orang miskin lagi2 jadi samsak dan diubeg2 haknya. Mau tau seberapa berani negara nyolek-nyolek hak-nya elit dan kaya raya.",2025-04-30T15:46:49.000Z,
twitter,"Gak bilang you dapet bansos, gw bilang ""lu mengaharpkan dapet bansos"" opini lu tentang vasektomi sebagai paksaan. Pemerintah gak maksa rakyatnya buat vasektomi.. silahkan punya anak barapapun yg dimau asal sanggup menghidupi dalam bentuk materi",2025-04-30T15:43:33.000Z,
twitter,"Nope, gw ga masalah dengan kampanye vasektomi kok bahkan kalo cewe gw minta vasektomi gw ga keberatan buat nurutin, yg jd masalah disini adalah hak yg diambil secara paksa yaitu bansos. Dedi bisa kampanyekan vasektomi tanpa melibatkan bansos, dengan insentif lain misalnya.",2025-04-30T15:43:00.000Z,
twitter,"orangtuanya lagi ribut debat, si istri nyuruh suami vasektomi aja biar dapet bansos, si suami nyuruh istri punya anak lagi soalnya banyak anak banyak rejeki ",2025-04-30T15:42:14.000Z,
twitter,"Aku paham kemana arah pikiran kamu, tapi ini agak melenceng konteks  sih. Soalnya ini kan yg dibahas vasektomi sbg syarat terima bansos, berarti ini konteksnya perihal pengaruh jumlah anak utk bantuan ekonomi. Kalo apa yg kamu bahas itu bukannya lebih ke arah masalah pola asuh ya",2025-04-30T15:32:47.000Z,
twitter,"Vasektomi oke ya, tp stop di bansos atau kalimat dia yg rude.",2025-04-30T15:31:45.000Z,
twitter,Ini berlaku untuk yang mau menerima bansos jadi ya buat mereka aja kalau kalian merasa mampu ya jangan nerima bansos dan gak perlu vasektomi tapi ya balik lagi meskipun gak vasektomi kalaupun anak banyak yang jangan ditelantarkan anaknya,2025-04-30T15:31:37.000Z,
twitter,Skalian aja paksa masyarakat miskin suntik mati klo konteksnya mereka di anggap beban negara! Ini konteksnya masyarakat miskin yg struktural itu dianggap beban negara shingga vasektomi mau dijadikan syarat bansos sama si kdm tolol itu!,2025-04-30T15:31:18.000Z,
twitter,"Dengan adanya vasektomi, pemerintah bisa fokus ke dua anak saja dan bisa meminimalkan pengeluaran untuk bansos. Contoh kasus, ada orang tua miskin punya anak 8 dan sekarang bingung ngasih makan anaknya gimana tapi yang di salahkan pemerintah.",2025-04-30T15:30:22.000Z,
twitter,"aku juga awalnya pas lihat judul kebijakannya mikir ""oh bagus nih vasektomi"". tp pas liat ternyata itu syarat bansos dan beasiswa sm lihat pndapat2 lain lgsg mikir jahat bgt ini gubernur sampe ngelarang hak orang lain pake alasan kemiskinan pdhl pemerintah yg kerjanya gak bener",2025-04-30T15:29:08.000Z,
twitter,"Haram klo lu kaya. Klo lu miskin akut pengharap bansos atau ngemis ke baim wong, punya mindset banyak anak banyak rejeki tapi gapunya konsep cuma berlandaskan pasrah tanpa ilmu, maka vasektomi perlu dengan didampingi petugas medis terpercaya",2025-04-30T15:29:07.000Z,
twitter,"Hadehh elu yg gak paham. GUE SETUJU KALO KB ITU DIPERLUKAN. Justru kb vasektomi harusnya makin digencarkan karena informasinya memang masih sangat kurang. Yg dipermasalahkan itu CARANYA. Dengan membuatnya sebagai persyaratan bansos, vasektomi bukan lagi pilihan kb, tapi KEWAJIBAN",2025-04-30T15:28:11.000Z,
twitter,"Sedih kalau gak sengaja baca ""Kalau gak mau vasektomi ya gak usah dikasih bansos.""
Gelo, nih negara bakal dihukum kaya apa kalau begitu kedepannya. ",2025-04-30T15:27:49.000Z,
twitter,"Yes. Simply, mau klaim bansos? Vasektomi dlu bos. 

Ada yg bilang ini tu eugenics anti miskin diskriminasi ham atas kelas
Bilang gagal program KB njur skrg main ekstrim dsb dsb dsb",2025-04-30T15:27:26.000Z,
twitter,"Gua pendukung vasektomi,dan ya yang berKB jangan hanya wanita doang.Tapi ketika itu disyaratkan sebagai bagian dari 'yg berhak menerima bansos' maka itu sudah red flag.Bansos itu hak rakyat miskin.
Jgn selalu membenarkan hal apapun hanya karena itu datang dr Demul,dia jg manusia",2025-04-30T15:26:23.000Z,
twitter,"giliran dipaksa vasektomi buat bansos baru ribut soal bodily autonomy. tapi pas negara larang aborsi buat perempuan, malah ngedukung. jadi yang punya otoritas atas tubuh cuma laki-laki?",2025-04-30T15:26:01.000Z,
twitter,"IMHI KB dan vasektomi nih ga apple to apple,kecuali vasektomi dan tubektomi.
Dalam konteks bansos,kalo peraturannya d rubah untuk dpt bansos harus bapak ibunya vasektomi dan tubektomi,lgsg setuju kah?",2025-04-30T15:20:33.000Z,
twitter,"Se simpel kalo lo miskin banget dan kepengen banget bansos ya lu wajib vasektomi. Kalo lu berkecukupan, bisa nafkahin, sejahterain anak2 & keluarga lu, ga usah vasektomi vasektomian",2025-04-30T15:19:35.000Z,
twitter,"Bukan masalah Gender yaa!!
Tapi emng kebijakannya asbun bgt. Padahal ada banyak hal mendasar yang bisa diperbaiki dibanding menjadikan vasektomi sbg syarat bansos. Hal kaya gini tuh harusnya datang dr diri sendiri dan didiskusikan sama pasangan. Bukan jadi alat pemaksaan gini.",2025-04-30T15:19:14.000Z,
twitter,"Mau tanya juga,kalo tiba2 peraturannya dirubah untuk penerima bansos bukan cuma vasektomi tp kedua pasangan harus vasektomi dan tubektomi,kalian lgsg mau dan setuju kah?",2025-04-30T15:18:30.000Z,
twitter,"Yuk, kita diskusi ya kak, jika pemerintah tegas dengan vasektomi banyak dampak baiknya, bansos yang diberikan kepada orang yang tepat, nurut dengan kebijakan karna dua anak itu cukup, mengutamakan kualitas daripada kuantitas, akan menguranginya kriminalitas seperti mencuri —",2025-04-30T15:17:40.000Z,
twitter,"Kalo syarat vasektomi dari BKKBN itu buat yg minimal punya 2 anak dan usianya>35 tahun, apa yg dibawah usia itu ga bakal terus bereproduksi? trus bisa ga mereka dapet bansos kalo dikaitin sama vasektomi?",2025-04-30T15:16:23.000Z,
twitter,Kata Mensos soal Dedi Mulyadi Usul Vasektomi Jadi Syarat Penerima Bansos,2025-04-30T15:16:21.000Z,
twitter,tp dari polemik vasektomi sebagai syarat menerima bansos ini kita jadi tau kalau ternyata banyak orang di luar sana sadar kalau program KB yang digalakkan pemerintah itu adalah bentuk opresi terhadap otoritas tubuh perseorangan.,2025-04-30T15:16:14.000Z,
twitter,"Penjelasan lu aja didasarkan pada gender, mau itu paksaan terhadap kb ataupun vasektomi ya keduanya salah, kalo dedi bikin kampanye ""sayangi istri dengan vasektomi"" dsj tanpa mengusik bansos ya ga masalah cm jd perdebatan publik aja, poinnya di ""syarat wajib"" itu",2025-04-30T15:15:20.000Z,
twitter,"Kalau misalkan: bansos yang reguler tetep jalan aja seperti biasa tapi.. buat semua yang mau/sudah vasektomi amount bansosnya dikali 2 misalnya. Bagaimana menurut netizen?

(Note: vasektomi aturannya hanya boleh kalo udah 2 anak)",2025-04-30T15:15:14.000Z,
twitter,"Terus? Tetap aja paksaan kan? Mau dia vasektomi atau nggak, mau mereka ga ada anak atau anak banyak, negara tetap wajib memberikan bansos. Sosialisasi vasektomi lah yg harus digencarkan biar mereka sukarela ngelakuinnya, bukan dg ancaman kalau ga vasektomi ga dapet bansos",2025-04-30T15:13:18.000Z,
twitter,"iya jir kek paling tersakiti aja ketikannya wkwkwk padahal tujuannya sama kyk kb biar 2 anak cukup, jenis bansos kan banyak, bukan berarti semua cowo yg ga punya anak kudu vasektomi dulu, kalau gamau ya cari bansos lain wkwkwk",2025-04-30T15:09:56.000Z,
twitter,"bansos itu untuk yang kurang mampu kak. kalo buat diri sendiri aja susah seharusnya jumlah anaknya juga ga lebih dari yang bisa ditanggung. kalo mampu ya gabutuh bansos, mau ga vasektomi pun, mau punya anak berapapun, selama merasa mampu menanggung yowes",2025-04-30T15:09:50.000Z,
twitter,"Hak mereka sebagai warga negara lah? Kan konteksnya vasektomi jadi syarat supaya terkualifikasi jadi penerima bansos dan beasiswa. Kalo misal si X gamau, berarti otomatis dia ga dapet bansosnya. Padahal, bansos udah hak mereka yang ga mampu meskipun tanpa vasektomi.",2025-04-30T15:09:30.000Z,
twitter,"paksaan dari mana?? kan itu udh dikasih pilihan. vasektomi = terima bansos, atau ga vasektomi = ga terima bansos.

rakyat bebas memilih kan?",2025-04-30T15:00:57.000Z,
twitter,"Padahal Vasektomi itu biar gak punya anak aja padahal, bakal tetep bisa digunakan dg normal kok anunya. Kok pada gamau itu kenapa coba ? Udah mah vasektomi gratis, habis operasi nya dikasih duit, bisa dapet bansos juga. Coba bandingkan dg kb perempuan. ",2025-04-30T14:59:58.000Z,
twitter,"Gw malah melihat kalo kebijakan ini ada, nanti yg miskin semakin miskin karna nekat punya anak gapapa gadapet bansos,trus yg aslinya mampu dan berniat childfree pada vasektomi sekalian biar bisa dapet bansos ",2025-04-30T14:59:05.000Z,
twitter,"kok. Angka penggunaan kb juga terus meningkat, bidan2 puskesmas sekarang udah terampil pasang kb jadi orang2 gak harus ke rs. Sekarang mewajibkan vasektomi sebagai syarat penerimaan bansos itu artinya pemaksaan.",2025-04-30T14:58:57.000Z,
twitter,Mensos Pelajari Usul Demul Soal Vasektomi Syarat Terima Bansos,2025-04-30T14:57:53.000Z,
twitter,"Jangan daftar bansos pak, nanti disuruh vasektomi dulu sama pak gub",2025-04-30T14:56:26.000Z,
twitter,Perkara harus vasektomi utk bisa dapet bansos ini pada jadi ribut besar ya,2025-04-30T14:54:39.000Z,
twitter,"Bukan cowok, tp persyaratan harus vasektomi buat syarat beasiswa dan bansos yang ngga setuju. Campaign vasektomi bagus, selain itu kebijakan ini absurd dan cenderung ambil jalan pintas.",2025-04-30T14:53:40.000Z,
twitter,"bayangin ya, gue pernah bantuin relawan ngasih bansos (bukan dr pemerintah y) dan gue ketemu bayi tinggal di kandang sapi.. kata gue pleaseee anjir jabar nih perlu diedukasi tentang pra-nikah deh selain adanya vasektomi/kb ini",2025-04-30T14:53:38.000Z,
twitter,"Gue pro bgt. Cowo jabar emg banyak yg males kan? Makanya ngandelin bansos.
Sesimple kalo gmau vasektomi, jangan ngarepin bansos, artinya lu cuma perlu kerja keras aja bro",2025-04-30T14:50:29.000Z,
twitter,"gue ga pro kebijakan vasektomi syarat bansos nya KDM, tapi vasektomi haram tu dalilnya sape dah? (serius nanya)",2025-04-30T14:47:46.000Z,
twitter,Vasektomi atopun tubektomi itu sifatnya harus sukarela atas keinginan/kesadaran orgnya. Krn klo dipaksakan misal ada efek samping operasi gmn? Lbh setuju buat penerima bansos yg msh nambah anak bansos distop.,2025-04-30T14:46:57.000Z,
twitter,"Vasektomi kek KB, mau beranak terus lo tapi ngarep bansos?",2025-04-30T14:45:55.000Z,
twitter,"Kalau kasusnya begini bagaimana? Aku ga setuju dengn keharusan vasektomi supaya dapat bansos. Tapi kalau anaknya sudah segini banyak sampai memberi makan pun tidak bisa, vasektomi harus di paksakan, melahirkan anak hanya untuk menderita di dunia juga termasuk pelanggaran HAM imo",2025-04-30T14:40:24.000Z,
twitter,"ngomongin ham, tiap anak yg lahir jg berhak loh dapet kualitas hidup yg baik. 

ini langkah tegas pemerintah. Ga vasektomi = ga nerima bansos, berarti ybs secara sadar siap punya anak & siap ngasi kehidupan layak buat anaknya.",2025-04-30T14:38:24.000Z,
twitter,Iye kenapa sih bapak bapak yg ga bisa nafkahin  anaknya yg banyak itu ga mau di vasektomi? Malah mau nambah anak lagi. Kalo bau bansos ya vasektomi kalo kagak mau ya udah ,2025-04-30T14:37:48.000Z,
twitter,"Njir seumur hidup gw kaga pernah ambil bansos.. kaga ngarep jg.. 

Btw gw cuman nanggepin sesuai konteks yg di twit ini aja.. 

Kan dia tanya kenapa ga setuju vasektomi, ya gw jawab. Sesimpel itu..

Kalo yang setuju yaa monggo.. ga masalah..",2025-04-30T14:37:08.000Z,
twitter,"Salahnya dimana? Ya itu salah. Vasektomi sukarela itu bagus dan harus didorong. Kalau jadi kewajiban untuk dapet bansos dan beasiswa, itu dasar pemikiran eugenik yang diawali hitler dan sudah gagal di India. Ya karena masih diskursus maka harus dikasih tahu kalau itu salah.",2025-04-30T14:36:40.000Z,
twitter,"istg, you guys are sick for agreeing this fascist regulation. vasektomi dijadiin ‘alat tukar’ buat dapetin bansos? bener-bener gila mempersyaratkan bansos yg notabenenya hak rakyat.",2025-04-30T14:33:05.000Z,
twitter,"Ya berarti solusinya edukasi, bukan menindas yg miskin dengan jadiin vasektomi persyaratan demi mereka dapet haknya (bansos).",2025-04-30T14:32:20.000Z,
twitter,"kalo di negara ini di support sama pemerintah, dikasih dukungan finansial, kalo di indo banyak koruptor nya wkwkwkw  mau dpt bansos aja harus kb sama vasektomi. padahal kekayaan negara untuk kesejahteraan rakyat. duit pajak, duit hasil keruk alam, kemana larinya",2025-04-30T14:30:10.000Z,
twitter,Sebenarnya kalau dipikir pikir lagi. KDM ada kebijakaan penerima bansos harus vasektomi dulu tu dia mikir jeleknya nder. Karena gamau yg jeleknya itu kejadian makanya dia buat kebijakan itu terutama ke yg ekonomi under. Dia sayang cuma orang lain nganggep nya itu diskriminasi,2025-04-30T14:28:39.000Z,
twitter,he literally fucked up wdym  knp lu pada setuju njir??? vasektomi buat bansos??? are you fucking fr??? ini gak sama kyk vasektomi pilihan pribadi bjrot ,2025-04-30T14:28:19.000Z,
twitter,"artinya gaksuka dengan kebjakan bansos dengan syarat wajibnya vasektomi. simple kenapa org org jadi mikirnya perdebatan ini jadi bahas individu orang miskin, padahal gada yg sepakat kalo gabisa jamin hak anak boleh punya anak sebanyak mungkin. Mau kaya atau miskin pun ya sama aja",2025-04-30T14:20:48.000Z,
twitter,"Klo gak mau vasektomi, alasannya apa? Vasektomi tu syaratnya udh punya anak min 2, bukan dilarang punya anak. Klo alasannya masih mau beranak, emgnya mampu ngidupin? Skrg aja masih butuh bansos. Kebijakan ini bagus: mencegah anak lahir kurang gizi, bahkan sampe kerja di bwh umur.",2025-04-30T14:19:37.000Z,
twitter,Hak sih. Makanya vasektomi termasuk syarat untuk penerimaan bansos. Kalau terus begitu enak dong orang miskin mokondo hidupnya dikasih pemerintah terus wkwkwk,2025-04-30T14:19:04.000Z,
twitter,"lagian goblok banget anjir. bahkan nakes pun kalo ada ibu yg habis melahirkan dg jumlah anak yg banyak cuman bisa nyaranin buat segera kb, tp kalo ibu yg disarankan menolak yaudah ga ada unsur paksaan. nah itu siapa gubernur ga ada hak buat maksa orang vasektomi perkara bansos",2025-04-30T14:18:54.000Z,
twitter,"banyak yg bilang ini cara males lah, mau ""memberangus"" orang miskin lah. bener2 ga tepat sih. program kb ini udh terbukti ningkatin kesejahteraan perempuan & anak. mungkin nanti perlu diakalin mekanisme vasektomi & bansos itu biar ga terlalu memancing keributan",2025-04-30T14:17:43.000Z,
twitter,"Lah kan dia disuru vasektomi kl udh punya anak 2 dan kl mau nerima bansos, kl merasa mau punya anak lebih ya terserah tp ga dapet bansos kelar kan",2025-04-30T14:17:39.000Z,
twitter,"ga vasektomi = ga dapet bansos itu buat menyadarkan ybs. Klo secara sadar menolak vasektomi, berarti udh siap memberikan kehidupan yg layak bagi anaknya. 

soal hak?? tiap ank yg lahir berhak mendapat hidup yg berkualitas.",2025-04-30T14:16:48.000Z,
twitter,Aturan vasektomi memang sudah ada tapi mensyaratkan vasektomi untuk bansos itu baru ide dari gubernur dan itu salah karena merenggut hak reproduksi secara paksa.,2025-04-30T14:12:52.000Z,
twitter,"Kebebasan individu untuk membuat pilihan pribadi, termasuk soal Vasektomi ini. Mengancam untuk mencabut bansos atau layanan administrasi adalah bentuk pemaksaan yg tidak hanya melanggar hak, tapi juga menciptakan diskriminasi dan ketidakadilan sosial.",2025-04-30T14:12:15.000Z,
twitter,"Jadi yang bermasalah ini kemiskinan, bansos, atau reproduksi manusianya? Atau jangan² salah pemerintahnya?

Kalau misal cukup banyak keluarga yang nolak vasektomi berarti angka data kemiskinan bisa menurun & dana bansos bisa diefisiensi?

Terus balik lagi, apakah artinya",2025-04-30T14:08:47.000Z,
twitter,"nah makannya itu kita seharusnya ganti sistematika bansos nya aja biar lebih efektif ketimbang harus ngganti sk yang mana bakal ngeluarin uang berlebih juga buat vasektomi. vasektomi juga butuh uang loh btw, ada kemungkinan korupsi juga dari situ….belum bansos nya….",2025-04-30T14:08:27.000Z,
twitter,"Halo bro, soal dogma sesat, kebijakan bansos Dedi Mulyadi memang kontroversial. Tujuannya sih bantu orang miskin dan kendalikan populasi, tapi syarat vasektomi bikin ribut. Banyak yang bilang ini langgar hak reproduksi dan bertentangan sama nilai agama, apalagi MUI bilang",2025-04-30T14:08:16.000Z,
twitter,momen banget ya ada gubernur mewajibkan vasektomi untuk penerima bansos terus tiba2 muncul berita ini,2025-04-30T14:07:54.000Z,
twitter,"Fokusnya itu knp kok harus vasektomi buat dapat bansos, kan bansos itu hak rakyat miskin dan wajib diberikan oleh pemerintah, contohlah cina mereka ga ada program vasektomi tapi sukses nekan angka kelahiran",2025-04-30T14:06:44.000Z,
twitter,orang kalo ngerti maksud hak asasi manusia harusnya gak setuju sama wacana kdm ini. mewajibkan vasektomi demi dapet bansos kedengeran jahat bgt buat gue,2025-04-30T14:02:25.000Z,
twitter,welcome negara fasis. vasektomi jadi kewajiban biar dapet bansos. mana banyak yang dukung lagi.,2025-04-30T14:00:16.000Z,
twitter,"buat pendukung kbijakan kdm, gw lgi bayangin lu ngantri bansos, krn elu masih bisa buntingin bini lu jdi gk dapet bansos, tpi elu gk bisa mkan tanpa bansos dan elu akhirnya mau di vasektomi buat dpet bansos,
dri pada manusia lbih mirip hewan ternak",2025-04-30T13:59:53.000Z,
twitter,"Bang maaf mau tanya, tapi MUI melarang vasektomi, nah itu gmn ya bang? Cwe yg KB aja bisa sampai kena penyakit kronis, jujur gw masih bingung, disisi lain bansos itukan hak rakyat dan kewajiban pemerintah, knp hal ky gini dikaitkan dengan program Vasektomi? Jujur bingung",2025-04-30T13:59:40.000Z,
twitter,"Kl vasektomi atw kb dgn alasana ekonomi atw kemiskinan, atw syarat dapat bansos, KDM emg kuat nahanan api naraka, ini alasannya dihadapan Allah gak bisa diterima.dan berkaitan dgn keyakinan akidah bahwa yg Allah Yang Maha pemberi rizki, hati2 KDM jangan bikin blunder",2025-04-30T13:57:30.000Z,
twitter,"bansos tidak boleh disyarat-syaratkan karena pemerintah wajib memelihara fakir miskin dalam UU. lagian vasektomi itu dipromosikan dengan baik, bukan diwajibkan bahkan sampai melanggar hak asasi begini.",2025-04-30T13:56:25.000Z,
twitter,"Santai, laki2 qismin pemalas tapi ngincer bansos ngga akan semuanya divasektomi.

Orang qismin ngga akan punah. Bisa tetap berkembang biak. Sebab vasektomi ada syaranya:",2025-04-30T13:54:13.000Z,
twitter,"Ada yg bilang pro ku kasus vasektomi penerima bansos adalah hal jahat. Pikiran ku cuma ada
1. Mereka belum pernah merasakan jadi miskin
2. Mereka Miskin tapi dengan mental mereka miskin yang nyaman akan kemiskinan nya dan nyaman akan hidup hanya bermodal bantuan.",2025-04-30T13:52:43.000Z,
twitter,"di pasal 34 ayat (1) pun tertulis kalau orang miskin itu dipelihara negara dan bansos itu hak mereka.
vasektomi tuh sama hal nya dengan kb, cukup disosialisasikan tanpa dipaksa melakukannya. jadi kedepannya pemerintah bisa menggalakan vasektomi ini seperti kb untuk perempuan",2025-04-30T13:48:21.000Z,
twitter,"Sedihnya, isu vasektomi tuh malah jadi ajang war gender. Aku sebagai perempuan pun gak setuju sama kebijakan pemaksaan vasektomi gini apalagi dengan ancaman supaya dapat bansos dan beasiswa. Otoritas atas tubuh tuh menurutku gak boleh dikompromikan:/",2025-04-30T13:47:13.000Z,
twitter,"yaa, kalau gamau disuruh vasektomi mah gausah nerima bansos. hidup masih ngarep bansos kok pengen punya anak banyak",2025-04-30T13:44:13.000Z,
twitter,"Tp sbnrnya gak salah juga sih, karna program vasektomi ini cm untuk yg udh pny 2 anak dll untuk yg mau nrima bansos aja. Biasanya dgn iming2 bansos org miskin jd lbh sadar akan KB walaupun scr terpaksa. Jd ini bukan pemaksaan buat smua pihak.",2025-04-30T13:39:54.000Z,
twitter,"feminist or women in general ((termasuk bkkbn kayaknya)) daridulu udah mempromosikan vasektomi dgn berbagai manfaatnya, tp gapernah digubris. kdm nyuruh vasektomi buat jadi syarat bansos & beasiswa lalu somehow orang2 pada mendukung?? kayaknya org2 disini emg benci org miskin aja",2025-04-30T13:39:47.000Z,
twitter,aturan harus vasektomi biar dapet bansos ni gada bedanya sama pelarangan aborsi apapun alasannya buat perempuan,2025-04-30T13:36:59.000Z,
twitter,"bang vasektomi di indo pun ada syaratnya sendiri min 35thn dan 2 anak. keluarga miskin itu rata rata punya banyak anak tapi kehidupan anak tidak terjamin. rata-rata dikasih bantuan baik berupa bansos, kerjaan, dan pendidikan pun ttp aja masih tidak mencukupi karena tuntutan-",2025-04-30T13:35:46.000Z,
twitter,"Lo kayanya rajin kajian, kajian dmn si. Di islam ga haramkan KB. Yg haram itu kalo lo childfree. Lagian vasektomi wajib buat YANG MAU BANSOS, udh pny 2 anak dan 35 tahun ke atas (wanita udh risiko tinggi utk hamil). Kalo gamau nrima bansos ya gpp ga maksa",2025-04-30T13:34:33.000Z,
twitter,"Literally logika org indo tuh aneh2, ppl who disagree with him itu bukan karena ga mau laki2 vasektomi, tp cara pemerintah menggaungkan vasektomi sebagai KEWAJIBAN jika ingin menerima bansos yang aneh, that's so weird. There are many ways to control birth rate but this aint it",2025-04-30T13:34:05.000Z,
twitter,"this whole wajib vasektomi kalo mau dpt bansos... gmn yak.. maksud gue kemiskinan struktural itu hal yg ruwet dan kompleks, tbtb maksa vasektomi biar dpt bantuan tuh ky bukti kl pemerintah ""menggampangkan"" masalah biar cepwt selesai aja #aduh",2025-04-30T13:33:48.000Z,
twitter,"Jyujyurly gw mah mau mandul juga bodoamat toh emang homok
Tapi masa sih kebijakan sefasis ""oranh miskin wajib vasektomi demi menerima bansos"" tidak semengerikan itu ditelinga dan hatimu, wahai para manusia middle class.",2025-04-30T13:31:52.000Z,
twitter,"Perkara usulan bansos dgn syarat vasektomi ini bikin gue kepikiran klu hal ini bs berpotensi penyelewengan. Let's say kebijakan ini jd, terus ketemu bnyk resisten dr kandidat penerima, sehingga pemerintah bs pny alasan buat g menyalurkan atau bahkan memotong anggaran bansos-",2025-04-30T13:29:49.000Z,
twitter,"itu dipaksa, itu kewajiban sebuah negara untuk memenuhi kebutuhan rakyatnya, bansos itu salah satunya.

Kesalahan negara ada rakyat yang butuh bansos, tidak memberikan kesempatan pekerjaan layak.

Ini malah butuh vasektomi. Kalo nolak terus gimana? Mati kelaparan gitu opsinya?",2025-04-30T13:28:09.000Z,
twitter,"Kan concern-nya ke keluarga gk mampu dngn anak bnyk... 
Klo gk diizinkan vasektomi, berarti blm pnya 2 anak, kan?
Yah otomatis dia gk masuk ke target harus vasektomi dong. Ttp bisa dapat bansos seharusnya.

Gmn sih pertanyaan kmu? Dicerna dlu deh alur aturannya gmn. ",2025-04-30T13:27:23.000Z,
twitter,"betul.. yg aku tau juga vasektomi kan syaratnya banyak, gak di perkenankan klo blm menikah atau blm punya anak... tapi mungkin yg di highlight lebih ke gmna caranya kelola bansos tanpa harus intervensi 'badan org' dan menaikan taraf hidup dengan pembenahan lapangan kerja dsb",2025-04-30T13:24:48.000Z,
twitter,"mas, saya ga ikut2an perihal persyaratan utk dapat bansos, saya cuma menyampaikan dari sisi keuntungan dari sisi perempuan jika vasektomi dilakukan akan sangat menguntungkan, karena sejauh  ini wanita  hanya wanita yg diminta memakai KB",2025-04-30T13:24:11.000Z,
twitter,"Loh, memang dg mewajibkan orang kismin vasektomi biar dapat bansos bukan pikiran ngaco? Menyedihkan. Diskriminatif. Banyak anak gak harus banyak uang, negara punya andil menjadikan seorang anak tumbuh produktif atau tidak. Salahin negaranya, bukan orang kisminnya.",2025-04-30T13:23:13.000Z,
twitter,"oke misal nih kak, lo udah di vasek nih....lo bakal ngapain selanjutnya? lapangan kerja juga gak ada, pendidikan ga dikasih, lo mau ngapain terusan? bergantung lagi kan sama bansos kalau gitu...belum kalau kita mikirin yang gak ikut vasektomi, makin gak dapet apa apa mereka",2025-04-30T13:22:56.000Z,
twitter,"-- syarat vasektomi punya anak min 2, artiny selama dia miskin & hanya punya 2 anak akn ttp dpt bansos, diharuskan vasektomi bagi yg punya anak lbh dr 2 tp ttp mau dpt bansos, fair enough?",2025-04-30T13:19:31.000Z,
twitter,"KB apapun bentuknya itu hak perorangan ga bisa dipaksakan, harusnya kalaupun itu jadi syarat bansos harusnya ada pilihan KB-nya ngga harus vasektomi",2025-04-30T13:19:28.000Z,
twitter,"singkatnya kayak yang dibilang kakak ini nder, ini masuknya ranah privat, vasektomi bagus bener kok, tapi mewajibkan untuk bansos itu salah, stop cari shortcut buat menyelesaikan kemiskinan, selesaikan akar permasalahannya",2025-04-30T13:18:42.000Z,
twitter,"lalu klo vasektomi ini dimajukan, kenapa menjadi syarat bansos? kenapa hanya untuk rakyat miskin? bansos itu hak rakyat miskin, masa buat dpt hak harus ngorbanin hak yg lain?",2025-04-30T13:18:39.000Z,
twitter,"Makanya gw bilang, justru pembatasannya di bpjs udh bener. Cuma menanggung sampe anak ketiga. Kalo mau diubah jd 2 silakan. Bansos pun sama, bisa diatur spy bansos yg diterima hanya sampai anak kedua, cost utk pemerintah terkontrol & gak pake modal vasektomi di depan.",2025-04-30T13:18:12.000Z,
twitter,Bansos hubungannya apa dengan Vasektomi ?. Bansos itu hak Rakyat dan Reproduksi juga hak Rakyat. Gubernur itu Pekok,2025-04-30T13:17:46.000Z,
twitter,"Kata siapa udh 100% gratis? Even di bgr msh banyak sekolah negeri yg ga gratis. Lantas memang ada program vasektomi bakal menaikkan derajat mereka? Yg ada malah bergantung dg bansos. Atleast dg pendidikan gratis,menambah lapangan kerja, menaikkan umr bisa mengurangi-",2025-04-30T13:15:31.000Z,
twitter,"Bedanya archetype orang2 di X, Instagram, dan Facebook. Topiknya sama, statement dari Dedi Mulyadi soal kebijakan vasektomi untuk penerima bansos.",2025-04-30T13:15:28.000Z,
twitter,"Setuju. Selama dia mengajukan diri buat keperluan yg mempersyaratkan itu, apapun golongannya, vasektomi dulu. Biar mikir² juga penerima bansos yg sebenernya nggak berhak itu",2025-04-30T13:15:10.000Z,
twitter,"nah bedakan lagi insentif dengan bansos...KDM itu aku pikir malah mempermainkan orang miskin dengan menahan hak mereka, yaitu bansos dan beasiswa dengan kriteria bahwa mereka harus vasektomi. itu namanya pemaksaan nder karena pemerintah menghalangi hak dasar mereka...gitu sih imo",2025-04-30T13:13:24.000Z,
twitter,"Disuruh. Bedain ya disuruh dan wajib. Ya kalo ga mau ga usah vasektomi. Konsekuensi nya anak ke3 dst g dapet bansos, klo keluarga ybs berhak dapet.
Ngomongin agama, dalam agama juga jelas kan harus patuhi ulil amri.",2025-04-30T13:12:31.000Z,
twitter,"dapat bansos syaratnya vasektomi, tu bukan sukarela namanya... gmna sih alur logika berpikir lu? dan sejak bbrp tahun terakhir ni, coba lu itung brp banyak kebijakan pemerintah yg dirasa ga mungkin tp bener kejadian. jgn polos amat lah jd orang..",2025-04-30T13:12:24.000Z,
twitter,"Aku paham sama sudut pandang kalian. Kemiskinan itu masalah struktural. Menjadikan vasektomi sebagai syarat bansos itu kaya nyembuhin gejalanya aja, tapi bukan akar penyakitnya. Kalau dirunut akar masalahnya, kita bakal melihat banyak anak bukan cuma satu2nya faktor—",2025-04-30T13:11:20.000Z,
twitter,"syarat vasektomi itu punya anak minimal 2, artinya selama dia miskin dan hanya punya 2 anak akan tetap dapat bansos, diharuskan vasektomi bagi yang ingin punya anak yang lebih dari 2 tapi ttp ingin mendapatkan bansos",2025-04-30T13:09:46.000Z,
twitter,"kalau gak mau ya gpp kak. itu kan syarat wajib Penerima bansos. kalo gak mau vasektomi ya gak dapet bansos. simple!!! kan bansos mah gak seberapa, kalau milih utk punya anak banyak berarti kan mampu utk membesarkannya juga doong. gak perlu bansos lah ya. wkwkwkwk",2025-04-30T13:08:55.000Z,
twitter,"Alasannya cukup logis kok, kalau ada keluarga terima bansos, brati gak mampu, kalau gak mampu, ya punya anaknya dibatasi dong.. kalau gak kasian anak dan ibunya.. dan suami harus bertanggung jawab untuk itu, makanya vasektomi, jangan si ibu yg disuruh pake alat.",2025-04-30T12:59:03.000Z,
twitter,"3)
tetap saja jadinya anak di keluarga miskin jumlahnya bertambah.

kenapa gk sekalian bikin kebijakan ekstrim saja,

Syarat untuk dpt bansos, bapak nya Vasektomi dan ibunya Histerektomi.
agar nanti si ibu miskin ini ketika nikah lg sama pria miskin, mereka tidak menambah anak,..",2025-04-30T12:59:01.000Z,
twitter,"2)
oke kita berandai saja jika kebijakan ini berlaku dan yg mau dapat bansos, si bapaknya harus Vasektomi.

jika dikemudian hari ada kasus, ibu & bapak penerima bansos vasektomi ini cerai,
kemudian si ibu nikah lg sama bujangan miskin tdk bertanggung jawab lalu si ibu hamil lg,..",2025-04-30T12:58:53.000Z,
twitter,"First gue bukan penerima bansos apapun
Second gue perempuan
Third : GUE TETEP MAU LAKI GUE VASEKTOMI MESKI GUE DR KAUM BERADA JUGA. 
Terimakasih.
Sisanya, bodo amat. Atur lah masing-masing!!",2025-04-30T12:58:15.000Z,
twitter,"Elu klo ga mau vasektomi ya udh, ga usah jadi miskin, anak elu juga berhak dapet kehidupan layak yg ga harus bergantung dengan bansos mulu",2025-04-30T12:56:21.000Z,
twitter,"Kan yg di suruh KB penerima bansos yg udah punya 2 anak bang.
Yg blom punya anak 2 ga di vasektomi ttp dapet bansos..jadi bukan mau bikin mereka ga boleh punya anak.",2025-04-30T12:55:08.000Z,
twitter,"Mungkin cara yg benar dengan

""Siapa yg mau vasektomi, bansosnya ditambah"" 

Daripada,

""ga vasektomi, ga dapet bansos.""",2025-04-30T12:53:58.000Z,
twitter,Gua ngerti tolol ... Lu hidup gak Napak tanah apa gimana? Ya tinggal cabut bansos nya blacklist seumuran hidup clear. ... Kenapa harus maksa vasektomi? Biarin aja kalau punya anak lagi hidup tambah miskin tinggal cabut hak bansos nya ... Clear?,2025-04-30T12:53:28.000Z,
twitter,ni orang2 yg against wajib vasektomi biar dpt bansos tu mikirnya tititnya dipotong gitu ya?,2025-04-30T12:46:00.000Z,
twitter,"jan menciptakan anak yg berharap dikasih makan terus pake bansos. Anak juga punya hak bahagia, toh mrk gk minta dilahirkan, malah didatangkan ortu nya. Kalo masih mau bansos, yaudah silahkan vasektomi, kalo masih mau beranak, berarti masih MAMPU, anda tidak layak menerima bantuan",2025-04-30T12:45:01.000Z,
twitter,"Lah kalo emg kepikiran mau punya anak lagi, ngapain vasektomi dongo makanya kalo hidup itu bikin plan kedepannya gmna. Lagian lu bisa jaga jarak kelahiran anak lu biar ga boncos. Lagian lu punya anak emg karna pengen atau karna ngincer bansos?",2025-04-30T12:44:08.000Z,
twitter,"Kan kalo mau dapet bansos, yaudah vasektomi. Kalo merasa keberatan ya tinggal gausah, berarti masih sanggup menghidupi keluarga dengan layak kan?

Nanti jangan ngeluh idup susah ya kalo udah kebanyakan anak",2025-04-30T12:43:13.000Z,
twitter,"So easy to understand it loh padahal, kalo ga mau vasektomi ya cari duit biar ga dapet bansos. Vasektomi itu buat yg udah punya anak, maksimalin cari duit buat anak yg udah ada  ga ada anak yg mau lahir dari keluarga susah",2025-04-30T12:43:03.000Z,
twitter,Semoga ga ada yang mempermasalahkan vasektomi bila mendapat bantuan bansos,2025-04-30T12:42:39.000Z,
twitter,Dan kalau emang ga butuh bansos ya ga perlu vasektomi. Kan buat yg mau bansos konteksnya.,2025-04-30T12:42:12.000Z,
twitter,"Setuju sih, tapi kembali lagi kalau mau bansos ya vasektomi tapi tetap keputusan mau vasektomi atau engga ada pada laki2.. mau bansos - gamau vasektomi - bikin anak - anak gak terjamin - andelin bansos dengan pikiran makin banyak anak makin banyak bansos yang didapat.. gini kah?",2025-04-30T12:41:34.000Z,
twitter,"Lah? 

Justru sesuai konteks. Yang menerima bansos itu orang miskin atau rentan miskin. 

Lalu mereka dipaksa buat vasektomi demi dapet bansos. Ya itu pemaksaan. Cuman negara fasis yang bikin kebijakan kek gitu",2025-04-30T12:40:08.000Z,
twitter,"Gimana sih? Kan dari awal gw bilang ga boleh ada pemaksaan KB baik laki2 maupun perempuan 

Vasektomi dapat hadiah itu bukan pemaksaan, kalo untuk dapat bansos lu harus vasektomi itu namanya pemaksaan, karena bansos bukan hadiah.

Lu coba mengerti kalimat itu dulu aja deh..",2025-04-30T12:39:47.000Z,
twitter,"dikira kebijakan kewajiban vasektomi utk bansos itu solutif? udh pernah diterapkan di India, hasilnya? ttp aja populasi tertinggi kan? malah meningkatkan kekerasan seksual. dimana2 org berlomba2 bikin kebijakan utk menyelesaikan masalah dari akar ini engga, nyari gampang doang",2025-04-30T12:39:23.000Z,
twitter, itu cuman syarat dpt bansos ya kalau mau bikin anak 10 jg bs tp ga dpt bansos. Vasektomi nya pilihan kenapa seolah kamu pengen dpt bansos dan anak banyak kasian anak nya gelo kok lu ngotot minta bansos tp mau jg punya banyak anak apa sih,2025-04-30T12:39:07.000Z,
twitter,"Kebiasaan, ktnya mengikuti fatwa MUI, tp urusan perempuan KB warwerworwasweswos paling setuju. Giliran vasektomi belainnya berasa mau kiamat. Dibaca dulu dong artikelnya tentang apa. Semoga anda tidak termasuk kalangan memerlukan bansos biar gak kebakaran jenggot sm kebijakannya.",2025-04-30T12:31:50.000Z,
twitter,"Orang miskin biasanya tdk terpelajar. Bagaimana kalo instead suruh mrk vasektomi utk dpt bansos, mrk diberikan wawasan/diskusi pros & cons punya anak bnyk. Diajarin buka wawasan spy pinter dan mikir lbh jauh utk masa depan mrk. Jd ga cuma solusi sesaat tapi jangka panjang",2025-04-30T12:31:40.000Z,
twitter,"masa tau-tau orang miskin ditodong, MAU BANSOS? VASEKTOMI DULU.

ngeri ih.

nanti takutnya kebijakannya makin melebar dan subjektif. contoh, syarat kerja kalau belum menikah. atau misal kalau mau beli rumah, harus punya 2 anak. gitu² deh ke yang ranah privasi.",2025-04-30T12:30:27.000Z,
twitter,"diamanahkan UUD untuk diberikan kepada rakyat miskin. maksudku gini, cacatnya kebijakan ini tuh ada di WAJIB VASEKTOMI buat dapat bansosnya. padahal harusnya kan orang miskin ya sudah selayaknya dapat bansos.

kalau perkara vasektominya, bisa disosialisasikan dulu kok.",2025-04-30T12:30:24.000Z,
twitter,"perihal yang lagi ramai; vasektomi.

sebenarnya nggak masalah sama vasektominya. seharusnya lebih galak disosialisasikan malah. cuma yang jadi masalah, ketika pemerintah ""mewajibkan"" vasektomi sebagai ""syarat"" penerima bansos, padahal bansos sendiri memang sudah",2025-04-30T12:30:23.000Z,
twitter,"yesss karena because vasektomi itu harusnya pilihan, bukan kewajiban, apalagi jd syarat penerima bansos. it's fascism at its best form.",2025-04-30T12:29:28.000Z,
twitter,"Pak gub cuman menambahkan syarat kb buat penerima bansos,vasektomi itu salah satu bentuk kb nya ,kan ada jg kb implan,kb pil dll",2025-04-30T12:29:06.000Z,
twitter,"lu ngerti maksudnya dia ga sih? gini aja, kalo skrg yg pria kena vasektomi, bisa aja nanti giliran perempuan yg wajib tubektomi sbg syarat dpt beasiswa dan bansos... jgn menye2 sok sjw dah...",2025-04-30T12:28:37.000Z,
twitter,"Negara udah ngga tau malu sampai memaksakan otoritas tubuh seseorang. Aku pun mendukung vasektomi tapi KB sifatnya pilihan, atas dasar CONSENT. Kalau gini caranya, sama aja pemerintah memaksa dan menekan masyarakat miskin untuk KB demi bansos dibanding ngasih edukasi yang layak",2025-04-30T12:27:16.000Z,
twitter,"vasektomi/hentikan bansos
pilihan yang tepat ketika ada orang miskin sudah punya anak dua

kalo merasa miskin, vasektomi
kalau merasa ga miskin, hentikan bansos",2025-04-30T12:26:17.000Z,
twitter,"ga pantas digunakan sebagai pintu keluar dari 'hukuman'. Sebab, kalau diwajibkan dengan syarat bansos dan beasiswa, para suami di luar sana akam vasektomi cuma agar mendapatkan kedua akses tersebut, tujuan chain of sex education berhenti, padahal kalau tujuannya KDM",2025-04-30T12:25:51.000Z,
twitter,"Dedi Mulyadi Wacanakan Vasektomi Jadi Syarat Terima Bansos, Elisa Sutanudjaja: Masuk Episode Mengkhawatirkan",2025-04-30T12:21:53.000Z,
twitter,"Di sisi lain pemerintah juga perlu menggalakkan kb vasektomi, gue liat KDM bikin program penerima bansos wajib vasektomi banyak banget yg kontra.
Jadi sebenernya dua-duanya salah tapi kesalahan ini pasti bermuara ke pemerintah yg membentuk pola pikir mereka seperti itu wkwkw",2025-04-30T12:19:42.000Z,
twitter,"Taikk emang masyarakat bansos itu, bukan cuma bijinya, otaknya jg kudu di vasektomi",2025-04-30T12:19:26.000Z,
twitter,"Org yg dukung idenya kdm ngewajibin vasektomi buat dapet bansos goblok bener anjer wkwkwk gitu² protes dipimpin wowo, org 11/12",2025-04-30T12:18:17.000Z,
twitter,"be real deh kalau program ini di ambil dan benefitnya banyak kenapa nggak? toh ini bentuk pilihan juga, berati kan kalau gak mau vasektomi ya udah gak dapat bansos dan beasiswa, udah gitu aja emang, masih banyak bentuk bantuan pemerintah lain, menurutku gak bisa di anggap evil",2025-04-30T12:17:27.000Z,
twitter,"lu pada, people on X. bansos sama beasiswa tuh HAK RAKYAT bukan milih-milih gini siapa yang mau atau kagak gara-gara ada syarat (vasek) yang ngebatesin. udah seharusnya rakyat dibantu pemerintah, tanggungan mereka. vasektomi tuh permanen, sedangkan kb kagak. belajar lagi kocak",2025-04-30T12:16:36.000Z,
twitter,yauda sih yg gamau vasektomi yaudah gausah. tinggal gak terima bansos aja apa susahnya. ngapain juga punya anak banyak2 tp masih ngandelin bansos. aneh.,2025-04-30T12:16:04.000Z,
twitter,"A: saya kok gak dapat bantuan bansos
B: Bapak belum vasektomi dan bukan peserta KB
A: Lhah... umur saya 75 dan istri 70 taun. masak harus vasektomi?",2025-04-30T12:13:14.000Z,
twitter,"Yess tinggal ganti definisi “miskin” sesuai keinginan negara, boom mayoritas kita (yg 60% miskin kata WB) bisa disuruh vasektomi yg kalau nolak “boleh” dihalangin dapet bansos. 

Mind you bansos termasuk akses kpr, transum, bpjs, sekolah, dll yg ga cuman sembako aja ya.",2025-04-30T12:12:32.000Z,
twitter,bansos dan kebebasan individu untuk memilih vasektomi itu yg diambil negara kak. karna vasektomi dijadikan syarat. hak anak gk bisa digapai melalui vasektomi. tapi dari pendidikan dan lingkungan kerja serta iklim pekerjaan di negara ini.mau ikut KB kalau bapaknya gk kerja ya sama,2025-04-30T12:11:11.000Z,
twitter,"ga sepenuhnya setuju sama pendapat org miskin harus vasektomi baru dapet bansos. tapi fakta lapangan orang miskin yg anaknya banyak tu juga nyusahin, karena mereka jadi ga tanggungjawab buat anak""nya. kalo kebijakannya diganti jadi yang berhak menerima bansos yg anaknya maks 3",2025-04-30T12:10:53.000Z,
twitter,"lah, itu mah namanya lu tetep kasi bansos kocak, ngapain kl gitu 

gue bukan yg against sama vasektomi, tapi kebijakan ini ngaco. Pemerintah memilik kuasa untuk memberantas kemiskinan melalui banyak sektor, tapi memilih  ""merangsek"" tubuh rakyat padahal tidak berkuasa atasnya",2025-04-30T12:09:30.000Z,
twitter,"permasalahannya adalah sebagai syarat untuk menerima bansos yg secara ga langsung merupakan sebuah paksaan, vasektomi bagus tp harus atas kehendak sendiri, kenapa ga perlahan lewat edukasi? emang keliatan bgt pemerintah ini males cari solusi",2025-04-30T12:09:11.000Z,
twitter,"emg harus dipaksa karna kemiskinan struktural gaada ujungnya klo berkembang biak terus dan dipelihara, lagian yang diharuskan emg ke orang yang perlu bansos yang artinya tidak mampu, syarat vasektomi pun kalau sudah memiliki 2 anak, bukan melarang untuk punya anak sama sekali",2025-04-30T12:08:53.000Z,
twitter,"Salah satunya dgn cara vasektomi..
Itu cara memutus rantai kemiskinan dan memutuskan masyarakat yg bergantung dgn bansos.",2025-04-30T12:07:35.000Z,
twitter,"Padahal bisa ya diperhalus main nya ""yg mau vasektomi di jabar ini saya kasih insentif bulanan"" Bukan malah ngancem bansos",2025-04-30T12:04:55.000Z,
twitter,"Ini namanya pemaksaan, target bansos itu masyarakat kelas bawah, kalau bikin vasektomi jadi persyaratan, berarti udah melanggar hak warga negara terutama kelompok miskin yg jelas-jelas harusnya dipelihara sesuai UU",2025-04-30T12:01:55.000Z,
twitter,"Caranya itu yg gak etis mancing² org utk vasektomi pake bansos & beasiswa anak. Itu hak & privasi setiap pria mau di Vasektomi atau gak. Klo emang gak mampu & ngerasa gak sanggup ngurus anak banyak, ya tau diri gtu jaga nafsu & pake kondom. Gw aja bukan orang Jabar udh di OMP -",2025-04-30T12:01:37.000Z,
twitter,"coba dibaca lagi mas beritanya, bukannya bansos untuk sekolah ya itu? lagian vasektomi bisa dilakukan jika sudah punya anak dan gamau nambah anak lagi kok mas",2025-04-30T12:00:34.000Z,
twitter,"Nah saya lagi sering nemu twit yg bilang kalau ga setuju sama kebijakan ini = misogini.
Padahal yg dipermasalahkan dari kebijakan ini kan pemaksaan vasektomi sebagai syarat bansos dan beasiswa. Bukan vasektomi nya. 

Kayanya ada yg sengaja lagi ngaduk tai nih.",2025-04-30T12:00:25.000Z,
twitter,Ya kalau gak mau vasektomi ya tinggal jangan ngarep ke bansos,2025-04-30T12:00:19.000Z,
twitter,"mas, syarat vasektomi juga harus udah punya anak dan merasa 'cukup' dengan jumlah anak yg dia punya saat itu. dan mas, saya  ga mempermasalahkan syarat2 bansos dll, saya hanya berbicara dari sisi keuntungan bagi perempuan jika suaminya mau vasektomi",2025-04-30T11:59:10.000Z,
twitter,"Yang orang permasalahkan bukan vasektomi nya. Tapi penggunaan vasektomi sebagai syarat untuk dapat bansos dan beasiswa.
Hal tsb tidak memecahkan masalah yg ingin mereka tangani (kemiskinan). Karena akar masalah kemiskinan bukan hanya beranak banyak.",2025-04-30T11:58:25.000Z,
twitter,mjb kok bisa nyampe ke kesimpulan anggaran bansos nanti dikorupsi? Ketika sepertinya goals dr vasektomi ini menekan angka kelahiran di keluarga miskin?,2025-04-30T11:57:37.000Z,
twitter,"Baca secara utuh, yang dipermasalahkan bukan KB, itumah anjuran yang bagus. Tapi mensyaratkan vasektomi supaya dapat bansos itu kebijakan yang sangat buruk",2025-04-30T11:57:30.000Z,
twitter,"Gubernur Jawa Barat, Dedi Mulyadi, mengusulkan kebijakan program Keluarga Berencana (KB) terutama vasektomi sebagai syarat bagi pria dalam keluarga penerima bantuan sosial (bansos). Dengan mewajibkan partisipasi dalam program Keluarga Berencana (KB), khususnya melalui metode",2025-04-30T11:56:51.000Z,
twitter,"Katanya banyak anak banyak rejeki, rejeki udah banyak, ngapain butuh bansos. Ga usah vasektomi, beranak aja terus",2025-04-30T11:54:29.000Z,
twitter,"vasektomi, kb in general for any genders are allowed with consent ya... dengan persetujuan yang mau melakukan pokoknya. Jangan dijadiin syarat untuk BANSOS maupun BEASISWA yang seharusnya jadi hak semua orang...",2025-04-30T11:52:18.000Z,
twitter,well apparently… idk harusnya bisa direphrase “kepada para peserta kb vasektomi bisa dapat beasiswa & bansos” tp ya mnrt gue tetep aja problemnya di kemiskinan struktural…. hffft,2025-04-30T11:43:09.000Z,
twitter,Dengan vasektomi? Jelas gak kan. Gak selesaikan apa apa itu. Bansos? Apalagi ini,2025-04-30T11:42:43.000Z,
twitter,"cacat logika banget opininya. 

- ada dalilnya?
- bansos adalah bantuan pemerintah buat masyarakat yg tidak mampu. sayarat vasektomi sndiri hrs sudah punya anak minimal 2 dan seizin istri. ingin anak lebih dr dua berarti secara finansial sudah hrs cukup dan bukan golongan",2025-04-30T11:41:42.000Z,
twitter,"Ya kalau mau bansos, harus mau vasektomi. Yang mau-mau aja ini mah. Ga mau vasektomi, ga usah pengen dikasih bansos.",2025-04-30T11:40:02.000Z,
twitter,"Setuju!! vasektomi memang tidak jahat. 

Yang jahat adalah PEMAKSAAN vasektomi sebagai syarat bansos yg entah apakah cukup untuk biaya bulanan mereka.",2025-04-30T11:39:24.000Z,
twitter,"Gue heran sama org2 yg memprotes syarat dpt buat bansos itu vasektomi (kb cowok). Kan cuman disuruh kontrol kehamilan, bukan dilarang punya anak ?!!
Lagian udh tw cari duit susah, masa mw bikin anak banyak2 
Kasian jir anak2 nya nnti",2025-04-30T11:38:45.000Z,
twitter,"I mean vasektomi itu bagus bila atas kesadaran sendiri. Pemerintah daripada memaksa harusnya lebih massive melakukan edukasi perihal seks dan kehamilan. 

Harus vasektomi biar dapet bansos is ain't a good decision. Tubuh itu ranah privat. Tidak boleh dijajah sama siapapun.",2025-04-30T11:38:31.000Z,
twitter,"Jangan jadikan vasektomi sebagai ‘ancaman’ agar mereka dapat bansos, sudah kayak peliharaan aja, yang harus nurut sama ‘majikan’ biar dapat makanan.

Cobalah sekali-kali, kalian, orang pemerintah tuh muhasabah diri. Banyak kok dosa kalian yang bikin jumlah orang miskin bertambah.",2025-04-30T11:38:15.000Z,
twitter,"Kalau dari berita yang ada, vasektomi sebagai syarat untuk dapat bansos dan beasiswa. Bahwa sekarang ada program mendorong vasektomi itu bagus dan harus didukung, tapi bukan jadi syarat untuk mendapatkan bantuan negara. Itu bibit eugenik.",2025-04-30T11:37:54.000Z,
twitter,"banyak orang-orang yang tiap hari teriak anti-fasis, anti-otoriter, anti segala bentuk penindasan di sekitar gw tapi pas ada kebijakan vasektomi dapet bansos malah dibelain. Kayak lu dengerin gak sih diri lu sendiri?",2025-04-30T11:37:40.000Z,
twitter,"sebenernya simple sih kak, misal ga butuh bansos ya ngga perlu vasektomi juga. toh vasektomi kan ada syarat2nya juga, salah satunya sudah punya dua anak. jadi ya ga serta merta memaksa rakyatnya vasektomi",2025-04-30T11:36:14.000Z,
twitter,"Emang gratis ko.
Pemprov jabar siap nanggung biaya vasektomi warga nya,keterlaluan kalo penerima bansos di suruh bayar sendiri kan mahal juga biaya vasektomi.
Klo dri kacamata HAM mungkin iya tpi dri segi Sosial blom tentu.yg untung kan mreka sendiri bisa menata ekonomi lbih baik",2025-04-30T11:35:48.000Z,
twitter,"Ga gitu dong logikanya  
Bansos itu harus mudah diakses oleh masyarakat miskin. Bukan masalah ""diambil"" atau ""gausah diambil"". Bahkan seharusnya bansos itu ""diberikan"" karena udah kewajiban konstitusional negara. Kalo vasektomi dijadiin alat tukar untuk bansos,",2025-04-30T11:35:34.000Z,
twitter,"syarat vasektomi udah punya anak maksimal 2, bukan gaboleh punya anak sama sekali. ini lama2 jadi aplikasi kandang monyet ya koar2 gak jelas. konsepny ya kalo lo bisa punya lebih dari 2 anak artinya lo yakin ekonominya mampu, ngapain minta bansos kalo mampu?",2025-04-30T11:29:57.000Z,
twitter,gueh salah satu orang yang gak suka beliau tapi ni reading comperehen kalian kemana sih itu dia mencanangkan vasektomi tuh buat bapak2 dari keluarga miskin biar gak bikin anak lagi. karena ibaratnya ni orang bikin anak mulu tapi idup ngegantungin dari bansos,2025-04-30T11:29:27.000Z,
twitter,Karena itu aku sedikit kontra dengan Vasektomi jadi syarat buat dapetin bansos ka.,2025-04-30T11:28:47.000Z,
twitter,"tapi, si A cuma punya 2 anak karena dipaksa vasektomi demi pendidikan anaknya, si B punya 7 anak karena masa bodoh dengan pendidikan anaknya, nah dalam 10 tahun kedepan negara ini akan dipenuhi oleh anak2 siapa? belum lagi anak2 si B ga dapet bansos, kriminalitas jadi ""solusi""",2025-04-30T11:26:30.000Z,
twitter,Vasektomi gratis btw di beberapa daerah karena program pemerintah. Kalo nolak vasektomi krn lo mau anak lebih 2 ya berarti lo ngerasa mampu ngapain minta bansos? Kok maunya dimanjain terus apa apa dibiayain negara tapi ga mau introspeksi diri mampu ga sebelum beranak,2025-04-30T11:25:15.000Z,
twitter,"bang coba mikirnya dibalik jangan cuma fokus orang miskin monak manak, lu miskin lu berhak dapat bansos tapi syaratnya harus vasektomi",2025-04-30T11:24:03.000Z,
twitter,"lebai lu...kalau gak mau vasektomi...jgn nerima bansos. simple.
vasektomi itu sudah tepat...pria kalau miskin jgn hanya  istrinya yg KB.
dikhawatirkan suami miskin yg bergantung pada bansos, ngentot.sana-sini dan akhirnya lahirlah anak2 gembel yg kurang gizi",2025-04-30T11:23:54.000Z,
twitter,"gue cewek dan gue nggak setuju. gue nggak menolak vasektomi, tapi gue nggak setuju kalau vasektomi harus dilakukan supaya orang dapat bansos. mau pake KB apapun tuh hak tiap individu, negara nggak boleh ngatur sampai segininya.",2025-04-30T11:22:09.000Z,
twitter,"boleh, kalau kamu miskin dan punya minimal 2 anak. karena bansos ini cuma diperuntukkan untuk warga miskin, dan yang mau bansos. maka syaratnya dilakukan. kalo gamau vasektomi dan gamau dapet bansos yaudah pemerintah juga ga maksa.",2025-04-30T11:21:59.000Z,
twitter,"Vasektomi tuh kek KB utk LAKI. Tetep bisa ngewong dgn nikmat 1jt kali tanpa takut kebobolan punya anak ketika lgi gk siap. Klo ntr tiba2 pgn punya anak, bisa ""undo"". Ntr lu bisa beranak pinak lgi. Pun dpt bansos da beasiswa. 

Yg sulit adalah edukasi dan ego laki ye",2025-04-30T11:19:39.000Z,
twitter,"Vasektomi itu permanen kan.
Trus lakuin itu cuma demi bansos?? Klo gw sih ogah.
Gw di bekasi. Sbg gubernur,gebrakan beliau bagus. Tp buat yg ini gw ga setuju sih",2025-04-30T11:18:52.000Z,
twitter,Sudut pandang Kang Dedi Mulyadi sebelum beliau mewajibkan vasektomi untuk pria sebagai syarat penerima bansos,2025-04-30T11:15:23.000Z,
twitter,"Najis banget lelaki dikasih syarat vasektomi buat bansos lgsg pada kebakaran jenggot pdhl perempuan selama ini mau2an aja KB.. ya minum pil yg jamnya hrus sama tiap hari, ya suntik rutin, ya dimasukin alat di dlm vag nya. Dg efek samping hormon imbalance, sakit, kram, dll",2025-04-30T11:14:33.000Z,
twitter,"Setuju karena masalah utamanya tu kemiskinan dan pendidikan, nah beresin masalah utamanya plis. Ini malah wajib vasektomi kalau mau dapat bansos. kayak?? Kenapa dibiarin miskin dgn iming2 bansos? Menyediakan vasektomi gratis bagus juga, tapi kalau mewajibkan ya itu gawat sih.",2025-04-30T11:14:22.000Z,
twitter,"Replyannya banyak yg ngeliat dari vasektominya aja bukan dari keseluruhannya. Vasektomi di sini ga bakal menyelesaikan kemiskinan mereka

Mau syarat bansos kek beasiswa kek, kemiskinan itu bakal ada dan beranak pinak. Beranak banyak ni outcome bukan main cause",2025-04-30T11:13:21.000Z,
twitter,Jadiin vasektomi syarat dapet bansos biar owo gak monokotil sendiri (ik beda bagian dan beda prosedur),2025-04-30T11:13:15.000Z,
twitter,"Pertama. KDM kan bukan muslim? Jd tidak ada urusannya dg fatwa haram atau tidak.

Kedua. Ini memang sangat diskriminatif.
Vasektomi itu untuk lelaki yg sudah mempunyai keturunan. Andaikan belum punya keturunan dan keadaannya memang memenuhi syarat sbgai penerima bansos gimana?",2025-04-30T11:12:16.000Z,
twitter,Ok. Mmg org miskin cemderung bkin banyak ank tapi ttp gak bisa jadi pembenaran pemaksaan vasektomi buat dapet bansos. Cra berpikirnya salah. Vasektomi mmg hrs didorong untuk semuanya; bisa dikasih uang tmbhn buat yg vasektomi. Dan yg disosor jgn cuma rakyat miskin aja; fasis itu,2025-04-30T11:11:02.000Z,
twitter,"Bahasan menarik karena wancananya vasektomi ini untuk penerima hibah beasiswa atau bansos lain...jadi sebenernya ini ga wajib untuk semua laki-laki
*tapi ada poin lain tadi lewat di tl yang nyinggung terkait hak",2025-04-30T11:10:41.000Z,
twitter,"Kontra

-alam islam vasektomi itu haram padahal masih ada cara lain misal penggunaan kondom.
- syarat menerima bansos nah itu cacat karena bansos itu kewajiban pemerintah. 
- balik lagi fokus harusnya di menurunkan kemiskinannya bukan di kebijakan kb nya.",2025-04-30T11:10:36.000Z,
twitter,"Pro. Kan ada syaratnya juga, persetujuan istri, harus udah punya anak dulu juga. Lagian kalau ngerasa cukup ya gamungkin minta bansos toh? berarti silahkan gausah vasektomi. Kalau masih ngarepin bansos + punya anak mulu mah HADEEEHHHH",2025-04-30T11:02:44.000Z,
twitter,"Lah kan emang dari dulu program pemerintah emang KB mas, vasektomi kan juga KB cuma yg KB suaminya. Dan juga vasektomi buat yg nerima bansos. Kalo udah kaya dan cukupan mah terserah.",2025-04-30T11:02:33.000Z,
twitter,"Ada perbedaan yang sangat tegas antara:
1. Yg gak vasektomi, ga dikasih bansos
2. Yang vasektomi, dikasih bonus

Nomor 1 menjadi penghalang hak yg seharusnya didapatkan. Nomor 2 menjadi penyemangat untuk tambahan menerima manfaat.
Gak semua orang paham akan logika ini.",2025-04-30T11:00:54.000Z,
twitter,"Saya setuju kemiskinan sering diwariskan, dan kebijakan KDM soal vasektomi untuk bansos bisa masuk akal untuk kurangi beban keluarga. Tapi, wajib vasektomi berisiko koersif dan bertentangan dengan keberatan MUI soal hukum Islam. Solusi terbaik adalah tambahan edukasi pengelolaan",2025-04-30T11:00:21.000Z,
twitter,Bansos itu problemnya karena miskin. Kalau gitu ya harus disejahterakan. Kalau problemnya miskin jawabannya vasektomi kan nggak nyambung. Kalau kataku mah itu kemalasan berpikir untuk menyelesaikan problem kemiskinan.,2025-04-30T10:59:23.000Z,
twitter,Vasektomi dlu baru bansos ,2025-04-30T10:59:19.000Z,
twitter,"lah komtol, baca keseluruhan twit & memahami pointnya ja otaklu gagal

mau KB untuk pria ataupun KB untuk wanita, jangan dijadikan syarat dapat bansos 

klo KB tetep mau dijadikan syarat, ikutin kata-kata lu ""vasektomi biar bisa pilihan"",
syarat KB nya sekalian aja buat cwe/cwo",2025-04-30T10:59:13.000Z,
twitter,kalo gamau vasektomi ya jangan terima bansos,2025-04-30T10:58:15.000Z,
twitter,"imo, kemiskinan itu diwariskan & kebijakan kdm masih masuk akal dgn mewajibkan vasektomi utk penerima bansos keluarga pra sejahtera. 

tp perlu tambahan berupa pengetahuan terkait pengelolaan duit, sebagai jalan keluarga ybs lepas dr status prasejahtera & punya anak. ya ga 
@grok
?",2025-04-30T10:56:48.000Z,
twitter,"goblok banget jelas disitu yg mau dapet bansos aje kalo lo ngerasa ga perlu bansos ya berarti ekonomi lo cukup, bebas gausah vasektomi kan bisa bertanggung jawab untuk dana ngebesarin anak",2025-04-30T10:54:51.000Z,
twitter,Nanti orang miskin yang belum punya anak sehingga gamau vasektomi ga bisa dapet bansos dong?,2025-04-30T10:54:12.000Z,
twitter,Ini gegara gak mau vasektomi makanya gak dapat bansos...,2025-04-30T10:52:51.000Z,
twitter,"Betapa sakitnya jadi orang miskin, mau dapat bansos saja harus vasektomi. Soeharto saja ga pernah syaratkan KB dalam pembagian bantuan²nya. Gubernur gila engagement.",2025-04-30T10:52:20.000Z,
twitter,"izin bertanya kalau misal kebijakannya sprt ini gimana ya.
baik pasangan yang punya anak <2 dan >2 sblm kebijakan, tetap eligable bansos dan mereka diedukasi kalau ga dapat jika mau nambah. di edukasi itu dijelaskan juga kb seperti vasektomi cukup menjamin dari kelalaian kb lain",2025-04-30T10:52:15.000Z,
twitter,"Kan konteks nya buat nerima bansos, masa yang kaya mau vasektomi demi bansos, lu tau konteks aturannya ga sih? Merasa paling tersakiti dan tertindas?",2025-04-30T10:51:46.000Z,
twitter,Di suruh vasektomi dulu baru dikasih bansos ama dedi,2025-04-30T10:51:40.000Z,
twitter,"yang berbahaya kontol lo bang, beranak terus ga dijaga kontolnya, nyusah nyusahin negara, vasektomi ga mau giliran bansos rebutan kaya ayam.",2025-04-30T10:49:27.000Z,
twitter,"Banyaknya penolakan tuh rata2 dari laki2. Mereka takut kalo gabisa membuahi, padahal syarat vasektomi pun hrus punya anak minimal brp gitu. Mereka mikir apa ya? Mereka memang suka membuahi tanpa kasih nafkah seimbang kah? (ini konteks bagi penerima bansos ya)",2025-04-30T10:48:56.000Z,
twitter,"kontra, karena kesalahan di mewajibkannya vasektomi kalau mau dapet bansos dan beasiswa, kalau caranya diganti jadi yang mau dapet tambahan bansos harus ikut vasektomi dulu gw pro",2025-04-30T10:48:47.000Z,
twitter,"""mana bansos?"" ""gaada bansos kah?"" vasektomi dl nter",2025-04-30T10:48:44.000Z,
twitter,"pertama, lo goblok bgt
kedua, lo tolol bgt
ketiga, lo bacot tapi kosong

kalo gamau vasektomi ya jangan ngarepin bansos kocak",2025-04-30T10:47:24.000Z,
twitter,ya ini juga sebenernya buat yg mau bansos aja kan? ga ada yg maksa jg buat dia vasektomi klo gamau bansos. Btw ngebandingin vasektomi sm aborsi aja udh aneh,2025-04-30T10:46:36.000Z,
twitter,"cowo cowo kalo masih protes buktiin dong, cari duit yang banyak biar gak ngarepin bansos lagii

kalo gak sanggup yaa terima vasektomi lah, pengen enaknya doang Lo tapi istri n anak jadi sengsara gara2 kemiskinan",2025-04-30T10:45:08.000Z,
twitter,Itu DM bilang syarat dapat bansos kalo sudah vasektomi. Gmn tuh?,2025-04-30T10:43:03.000Z,
twitter,"Orang miskin dipaksa vasektomi untuk syarat bansos itu sudah masuk pemaksaan karena memanfaatkan kondisi tidak berdaya nya orang miskin

Bisa dipidana itu si gubernur",2025-04-30T10:42:07.000Z,
twitter,"Berarti kalau gitu wordingnya harus jadi ""orang yang sudah melakukan vasektomi berhak memperoleh bansos & beasiswa"" boleh dong. Gak diwajibkan, tapi haknya jadi diberikan kepada yang mengikuti mekanisme. Bansos dan beasiswa itu bukan ""wajib"", tapi bentuk dari jaminan sosial.",2025-04-30T10:41:40.000Z,
twitter,"itu buat yang niat vasektomi sendiri..

Bukan vasektomi terpaksa karena demi dapet bansos, yang mungkin cuma buat nolong dia hidup beberapa bulan kedepan, bukan permanen..

Jadi kalau khausu buat bansos kondisi seperti itu mungkin, yang usianya 45/50+..

Usia 35 masih bisa kerja",2025-04-30T10:40:41.000Z,
twitter,"Wkwkwkw “mengatur otoritas tubuh” 
Gamau vasektomi karna anaknya banyak yauda ga dapet bansos, gitu aja, biar mikir buat nahan diri.",2025-04-30T10:40:21.000Z,
twitter,"Pola pikir yg sampe terjadi kek gini udah gak bisa di ubah.
Lagian gak ngasal vasektomi, ada syarat² yg musti terpenuhi.
Kenapa hanya orang miskin yg di dorong untuk vasektomi?
Karena orang kaya mampu menghidupi & memenuhi kebutuhan anak²nya, TIDAK ngarepin bansos.",2025-04-30T10:32:42.000Z,
twitter,"lagian syarat vasektomi itu umur diatas 30, udh punya anak minimal 2, dpet persetujuan istri dan miskin sekali lagi dan MISKIN. kalo lo udh memenuhi syarat tpi gamau di vasektomi, yaudah kerja sana sampe sukses gausah ngarepin bansos. pusing amatlah",2025-04-30T10:32:33.000Z,
twitter,masalah kemiskinan struktural solusinya vasektomi rakyat miskin pk ancaman bansos/beasiswa. mantap  kayanya indon pd suka nih dipimpin sm yg fasis2 gini trs kehidupan privatnya direcokin negara  goodluck deh,2025-04-30T10:31:03.000Z,
twitter,"nyuruh orang miskin gak beranak itu kedengeran salah banget asli, kasar, gak manusiawi (apalagi diucap dari orang yang lebih terekspos dgn  knowledge)

dan ngewajibin orang vasektomi UNTUK SYARAT dapet bansos, gak menyentuh akar masalah sama sekali",2025-04-30T10:30:44.000Z,
twitter,"jd gini, gue gak suka liat anak yg tumbuh di keluarga yang gak berkecukupan dan dia struggle finansial, kurang gizi, dan gak ada kesempatan buat belajar lebih proper

tapi gue gak akan blg ""orang miskin dilarang beranak"" apalagi ""orang miskin WAJIB vasektomi buat bansos""",2025-04-30T10:30:43.000Z,
twitter,"Yang masalah itu bukan vasektominya, tapi syarat wajib bansos dan beasiswa. Bansos itu hak warga negara dan kewajiban pemerintah.

Kalau mau program vasektomi, caranya ya harusnya mirip-mirip KB, tanpa paksaan, perempuan bisa ga KB dan tetep dapat hak bansosnya.",2025-04-30T10:30:33.000Z,
twitter,vasektomi kl sejauh dri informasi yg sdh beredar adalah untuk mengurangi pengaturan keran yg sblmnya sudah terbuka (angka fertilitas). Jd kmungkinan mengecilkan dana bansos utk dialihkan kpd pengembangan infrastruktur.,2025-04-30T10:27:57.000Z,
twitter,"yups, tanpa embel² bansos juga sebenernya banyak yang setuju gitu, yg kek aku aja setuju buat vasektomi buat laki² misal udah dapet anak atau udh ada 2 lah ya maksimal kalo ekonominya kuat, sama2 gitu saling ngejaga, jadi kan sama2 enak, anak enak, keluarga enak",2025-04-30T10:26:04.000Z,
twitter,Suami aku cwk Alhamdulillah menanggapi berita ini dia pro.... Tapiii dia nya sendiri ngga mau kalo disuruh vasektomi sih soalnya BKN penerima bansos juga untungnya.... Tp suamiku jg ngerti kalo selama ini cewek yg banyak berkorban. Thats why dia ok ok aja kalo ada program ini,2025-04-30T10:17:15.000Z,
twitter,"yaudah kan hak. pemerintah ga wajib dong kasih bansos ke orang yg sesuai kriterianya. mereka mau buat syarat dan kriteria hrs vasektomi yaudah si terima aja kalo emang pingin ngemis ""hak"" itu",2025-04-30T10:17:03.000Z,
twitter,"Negara selalu mengobjektivikasi masyarakat miskin sebagai populasi yang harus dikendalikan, bukan dilayani.
Penguasa menggunakan bansos sebagai alat kontrol, bukan untuk keadilan.
Apalagi mensyaratkan vasektomi supaya dapat bansos, itu intervensi medis, eugenika, dan fasis.",2025-04-30T10:16:23.000Z,
twitter,"Mbaknya baik banget mau ngejelasin 
Orang"" pada gak setuju, karena vasektomi dijadikan Alat Pertukaran bansos/beasiswa. Bayangin kalo ini diangkat jadi program nasional, hari ini vasektomi, besok apalagi? Siapa yg bisa menjamin kalo ada kebebasan ke depannya??",2025-04-30T10:15:41.000Z,
twitter,"Gue setuju sama bapak ini. Kalo keluarga miskin, jangan mikir nambah anak doang, kalo mau ngews ya mending vasektomi sono. Abs itu baru minta2 bansos, kocak",2025-04-30T10:15:27.000Z,
twitter,"Tadi baca dikomen yg nentang vasektomi buat bansos bilang ""duit itu bukan segalanya,gak semua-mua dihubungkan dengan duit."" Cek picek woconen iki cek picek. Utek ki di gae sak urunge omong",2025-04-30T10:15:18.000Z,
twitter,Yang protes2 mungkin bapak2 yg uda nyaman dapat bansos trus disubsidi sambil terus nambah anak atau istrinya yang terpaksa KB. Makanya pas dibatasi dg vasektomi pada protes,2025-04-30T10:13:26.000Z,
twitter,"Sebelum ngatain orang TOLOL tolong search dulu tentang vasektomi, lagipula ini kan ditujukan untuk orang miskin/kurang mampu/penerima bansos yg punya anak 2/lebih. Orang kaya mah bebas dia ga penerima bansos mo bikin anak 20 jg gpp, asal bisa menjamin hidup anak-anaknya.",2025-04-30T10:13:13.000Z,
twitter,"kalau masih ngarep dapet bansos dan beasiswa miskin ya vasektomi, jgn bikin anak banyak2. kalau udah ga butuh bansos yaudah gausah diikutin, toh ga ngewajibin yg miskin ambil bansos.

jangan beranak banyak kalau masih miskin, nambahin beban orang menengah",2025-04-30T10:10:26.000Z,
twitter,"Tapikan pemerintah menyarankan 2 anak cukup, trus itu yg masih nerima bansos mau punya anak lebih dari itu emg yakin sanggup biayain, syarat vasektomi itu kalo udh punya anak 2, lagian kalo udh miskin buat apa anak banyak banyak",2025-04-30T10:09:26.000Z,
twitter,"Tolol sih,tujuan awal apa,kl vasektomi bagian dr program KB bagus,tp vasektomi jadi syarat untuk dpt bansos tolol dan rasis/fasis,bansos itu tangung jawab negara untuk orang2 miskin",2025-04-30T10:09:25.000Z,
twitter,"tapi, kalo dia vasektomi dan someday uda ga butuh bansos dan berkecukupan, bukannya itu motong hak dia untuk bereproduksi kak? wdyt??? 
karena kita tau nasib seseorang bisa berputar kan",2025-04-30T10:09:00.000Z,
twitter,"Keren ni orang kepikiran ya vasektomi buat bansos. 

Karena vasektomi sendiri bisa dilakukan apabila sudah memiliki 2 anak.

Kenapa bukan kb, karena kb pun masih ada yang kebobolan anjir. Seru bgt wkwkwk",2025-04-30T09:52:01.000Z,
twitter,"LU TAU PROSES GA?

PEJABAT ITU BERASAL DARI RAKYAT
KEBIJAKAN DIBUAT UNTUK BERPROSES
SALAH SATUNYA VAKSEKTOMI DENGAN CATATAN: SUDAH PUNYA ANAK 2, MAU BANSOS DAN BEASISWA

BIAR APA? BIAR KERJA BERUSAHA PUNYA DUIT NGURUS ANAK
KALO GAMAU VASEKTOMI YA GAMPANG
CUKUPI KEBUTUHAN KRLUARGA",2025-04-30T09:49:15.000Z,
twitter,"syarat vasektomi itu harus udh punya 2 anak, emg lu pada mau punya anak brp dah? trs itu maksudnya biar bansos tuh yg dapet bukan keluarga2 itu itu doang yg anaknya banyak makanya syarat bansos dan beasiswa tuh di vasektomi orgtuanya bukan anaknya ih tolol.",2025-04-30T09:49:07.000Z,
twitter,"...
klo si bapaknya sadar dia miskin, dia secara sadar diri akan tidak menambah anak, tanpa harus dibatasin syarat vasektomi untuk dapat bansos",2025-04-30T09:49:02.000Z,
twitter,"Padahal logikanya ya (yang gue tangkep dari maksud tu gub) dengan syarat itu, dia ga mau vasektomi berarti mampu ngidupin anak sebanyak itu, ga perlu bansos dan beasiswa",2025-04-30T09:48:20.000Z,
twitter,"seandainya dari dulu pemerintah serius ngatasin kemiskinan atau minimal effort buat ningkatin sistem edukasi supaya rakyatnya pada pinter

tanpa perlu diancem soal bansos, pasti rakyatnya termasuk yg miskin jg bakalan sadar kok pentingnya vasektomi",2025-04-30T09:47:12.000Z,
twitter,"Mungkin kelirunya di ""vasektomi dijadikan persyaratannya dapet bansos"" Menyarankan vasektomi atauh jesin KB lainnya boleeh, tapi gak jadi acuan untuk menjalankan program pemerintah. Bansos itu hak orang yang tidak mampu, bukan hak orang tidak mampu dan sudah di KB.",2025-04-30T09:46:46.000Z,
twitter,"vasektomi untuk bansos ini bener"" ugly decision untuk ugly situation

rakyat miskin mikir banyak anak banyak rejeki

dilawan pemerintah, kalo mau dapet bansos, max anak 2

pemikiran aneh memang harus ditabrak sama kebijakan aneh",2025-04-30T09:46:36.000Z,
twitter,Nah itu tau pemkasaan bukan solusi. Yg di permasalhkan kan vasektomi masal sebagai syarat bisa dpt bansos. Klo memang mau mengedukasi rakyat utk sadar klo kb itu dr semua gender jangan ada embel2 sebagai syarat dpt bansos.,2025-04-30T09:46:30.000Z,
twitter,"for me, yg dimasalahin bukan pro kontra vasektominya, tapi memaksakan kewajiban vasektomi utk mendapatkan bansos itu yg salah.",2025-04-30T09:45:57.000Z,
twitter,"30/4
Kontroversi Vasektomi Dedi Mulyadi: Usulan Syarat Bansos Picu Polemik
https://indoraya.news/kontroversi-vasektomi-dedi-mulyadi-usulan-syarat-bansos-picu-polemik… 
Baru usulan. Terkait syarat bansos untuk keluarga prasejahtera dan penerima beasiswa. Hashtag #vasektomi viral di X.",2025-04-30T09:44:23.000Z,
twitter,"Mungkin hari ini vasektomi jadi syarat bansos, keesokan hari bisa aja hak lain yg kena; bisa aja masyrakat kelas menengah yg kena. Ini pemikiran fasis yg gak nyelesaiin masalah besarnya dan klo dibiarkan pemrenta ngurusin hal privat bisa lbh parah lagi",2025-04-30T09:41:53.000Z,
twitter,"Gk mau vasektomi ya jgn ngarep bansos,brti lu mampu secara finansial ",2025-04-30T09:40:42.000Z,
twitter,"Perbedaan nya tuh karena yang satu nya diwajibin, padahal kalo misal nya mau kasih insentif buat yang ngejalanin vasektomi tuh harus nya jangan bansos atau beasiswa.

Orang-orang nih gampang banget ""oh kalo gamau yaudah berarti gadapet, gitu aja susah"" 

Abuse of power",2025-04-30T09:39:48.000Z,
twitter,"Ya fikir pake otak juga sih, Lo kalo gak mau bansos ya udah gak usah Vasektomi.
Orang Indonesia itu aneh, ""banyak anak banyak rezeki"" itu konsepnya gimana? ""Banyak anak pasti banyak biaya"" itu fakta.
Udah susah, miskin tapi, masih mikir mau beranak itu otak kalian dimana?",2025-04-30T09:38:01.000Z,
twitter,"kasian jg loh anaknya kalo lahir di keluarga ga mampu, beberapa hak anak jg ga tercukupi. makanya syarat bansos dibuat harus vasektomi dulu tuh malah bagus...",2025-04-30T09:36:27.000Z,
twitter,"Pro, kan vasektominya untuk syarat terima bansos. Jadi kalau tidak mau, siapkan diri & keluarga secara finansial. 
Siap secara finansial = tidak perlu terima bansos = tidak perlu vasektomi.
Ingat membuat anak tanpa persiapan itu dzalim.",2025-04-30T09:36:20.000Z,
twitter,"untuk kebijakan ini, setuju sih karena mengedukasi rakyat itu luar biasa sulitnya, dengan sodoran bansos dan vasektomi ya mau gimana lagi. Emang melanggar hak, cuman mari kita laksanakan dulu dan melihat, apakah benar2 mengentaskan kemiskinan struktural?",2025-04-30T09:35:51.000Z,
twitter,"Lu yang ngk paham isu utamnaya anjir

Itu vasektomi (kalau individunya sudah memenuhi syarat), dijadiin syarat untuk rakyat yang MAU BANSOS (tidak mampu secara ekonomi), 

Mikir aja kalau hidupnya saja masih buruh bansos, masa masih mau tambah anak lagi??? 

Itu aja ngk paham lu",2025-04-30T09:33:53.000Z,
twitter,Kocak dah orang2 kebakaran jenggot gara2 gubernur jabar mau syaratin vasektomi sbg penerimaan bansos n beasiswa saying that mengatur otonomi tubuh lah haram lah ekwkkwkwkwkkw KOCAK GILIRAN CEWEK KB ITU KAGAK DIBILANG PEMERAMPASAN OTONOMI TUBUH?!,2025-04-30T09:33:43.000Z,
twitter,"Gini kak. Kalo gamau vasektomi yaudah, mau nambah anak yaudah. Asal ga nerima bansos alias udah mampu.",2025-04-30T09:33:26.000Z,
twitter,"Makanya persyaratan di negara ini aneh².
Mau nerima bansos, vasektomi.
Mau bikin SKCK, punya BPJS aktif.

Hmm...",2025-04-30T09:33:09.000Z,
twitter,"Egois banget belum bisa nafkahin/ngebiayain secara layak anak yang udah ada, tapi masih mau nambah lagi.

Semisal gamau vasektomi, yaudah gapaoa. Tapi jangan nambah anak lagi. 
Kalo nambah anak lagi, yaudah tau konsekuensinya kalo bansos yang biasanya dapet bakal diputus.",2025-04-30T09:32:09.000Z,
twitter,"Either way, lebih baik kalo pemerintahnya kasih free condoms bersamaan dari bansos sebagai ganti vasektomi, sih. Harusnya gak lebih mahal daripada biaya operasi vasektomi, kan, ya? Terus sekalian buat mencegah STD/STI di kalangan bawah.",2025-04-30T09:31:56.000Z,
twitter,Tapi bukan berarti Vasektomi untuk nerima bansos bisa jadi jalan keluar paling utama untuk mengontrol angka kelahiran dan mengentaskan kemiskinan kan?,2025-04-30T09:31:15.000Z,
twitter,"setauku itu gada pemaksaan ya kak, secara udah ada syarat2 nya, umur 35, anak 2, dan izin istri, kalau emang ga mau nerima bansos jg ga vasektomi gapapa",2025-04-30T09:31:11.000Z,
twitter,yaterus apa poinnya? ngerti ga yg bermasalah bukan vasektominya? tapi ngaitin vasektomi ke bansos/beasiswa yg padahal itu hak dasar masyarakat.,2025-04-30T09:31:10.000Z,
twitter,"harusnya tangkap pointnya lebih gampang sih ""syarat mendapatkan bansos: vasektomi, untuk warga miskin yang telah punya anak lebih dari 2/3/4 anak"" ga mungkin lo miskin, bujang, belum punya anak mau dapat bansos di suruh vasektomi.",2025-04-30T09:30:45.000Z,
twitter,Terutama laki laki perokok miskin anak banyak wajib vasektomi. Lu mau ngasi bansos tiap bulan bakalan abis buat ngududny. Anaknya stunting karena makan asal kenyang.,2025-04-30T09:29:57.000Z,
twitter,"Ngaco banget sih kamu Ded

Dedi Mulyadi Dorong Program Vasektomi, KB Pria Akan Jadi Syarat Terima Beasiswa dan Bansos

Klik untuk baca:",2025-04-30T09:28:36.000Z,
twitter,"Imho, pemaksaan vasektomi sbg alat tukar bansos ini jauh lebih tidak manusiawi dari pemberlakukan hukum potong tangan bagi pencuri. Kepada koruptor kita bermurah hati, kepada warga miskin kita sedemikian jahatnya sampai menghilangkan paksa hak reproduksi.",2025-04-30T09:28:34.000Z,
twitter,"Wait, solusi kemiskininan adalah.. vasektomi?
Menurut u pengendalian bansos itu dengan vasektomi? 
Belajar dari Indira Gandhi 
Yg lu pusingin orang yg disogok dgn bansos? Emang yg nerima sogokan cuma org miskin? 
U ketimbang berantas pelaku, u malah mau berantas korban? ",2025-04-30T09:27:27.000Z,
twitter,"gini ya anjing, kdm dorong vasektomi untuk mendorong program kb biar yang kismin dan ngarepin bansos mulu tuh gak beranak pinak, dan biar yang kb kagak cewe doang, cewe kb itu lebih banyak efek sampingnya ketimbang vasektomi, dan itupun kadang masih kebobolan, cermati ya anjing",2025-04-30T09:26:49.000Z,
twitter,"gue bingung sih, i mean wajar aja mungkin ya sebel jg ngasih bansos ke org miskin tp beranak mulu gitu tapi di satu sisi ya gak seharusnya vasektomi/ kb in general tuh kaya maksa, harusnya dengan keinginan sendiri",2025-04-30T09:26:48.000Z,
twitter,"Bukan gitu maksudnya kak. Dia bilang vasektomi eksis, tapi jangan dipaksa sebagai syarat buat dapetin bansos dan beasiswa. Kalo seandainya KB diwajibkan buat dapetin bantuan pemerintah orang-orang pun juga bakalan protes kok",2025-04-30T09:25:39.000Z,
twitter,"untuk diskusi ini juga mesti dilihat terkait kenapa vasektomi ini jadi main priority terkait bansos. 

kita harus cari data konkrit dulu terkait negara negara maju yang mungkin udah menerapkan vasektomi atau awareness tentang kontrasepsi terkait economical advance suatu negara.",2025-04-30T09:23:59.000Z,
twitter,"Menurutku bole kalo masyarakatnya bebal kaya Indonesia. Secara logika aja, klo ga sanggup menghidupi 2 orang anak secara layak, apalagi kalo lebih dari 2. Lagian kan peraturannya berlaku kalo memenuhi syarat vasektomi, berarti harusnya yg ga memenuhi syarat ttp bisa dpt bansos",2025-04-30T09:23:53.000Z,
twitter,"ya sama juga kayak case ini, pilihan, kalo gamau vasektomi ya gapapa, tp ya ga dapat bansos, dan kalo masih mengharap bansos, jgn punya anak banyak, lagian vasektomi ada syarat nya hrs sudah ada 2 anak, jd ya tidak dipaksa pemerintah kayak yg kamu blg",2025-04-30T09:23:46.000Z,
twitter,"-untuk diikuti, cuman buat yg mau2 aja. klo ada kasus pemaksaan untuk wanita mengikuti program kb, pls know that i totally oppose that too. harusnya program vasektomi ini jg sama, kasih bagi yg mau ngikutin aja, jangan dijadiin syarat buat bansos kayak gini.",2025-04-30T09:23:26.000Z,
twitter,"rezeki itu pemberian Tuhan
kita tidak tahu sekarang kita miskin dan butuh bansos, terus vasektomi. beberapa tahun kemudian kita diberi kekayaan dan tidak diberi bansos. Sudah gak dapat bansos, gak bisa punya anak lagi",2025-04-30T09:22:34.000Z,
twitter,"ada perbedaan penting antara program kb sama program ini. program vasektomi ini dijadikan SYARAT untuk menerima bansos yg padahal emg harusnya disalurkan ke rakyat miskin tanpa syarat apapun. on the other hand, program kb itu dianjurkan tpi ga dijadiin kewajiban atau keharusan-",2025-04-30T09:21:43.000Z,
twitter,"""Perempuan wajib menikah dan punya anak dulu untuk bisa dapat bansos""

Ternyata udah menikah dan (maaf) gak pernah bisa punya anak karena si suaminya udah di vasektomi.",2025-04-30T09:21:42.000Z,
twitter,"Padahal kebijakan ini buat YMMA ; yang mau mau aja dan yang miskin miskin aja. Yang mau ambil bansos ya silakan vasektomi. Yang miskin ya hayuk lah stop mindset banyak anak banyak rejeki, nyatanya lebih banyak anak yang sengsara daripada bahagia terlahir di keluarga miskin",2025-04-30T09:17:42.000Z,
twitter,"Catatan, bukan dilarang punya anak, tapi dilarang punya banyak anak kecuali sanggup menghidupi seluruh anaknya tanpa bansos pemerintah. Pemerintah cum berani nanggung 2/keluarga.

Selanjutnya, Vasektomi adalah salah satu cara karena selama ini selalu cewek yang di KB",2025-04-30T09:17:15.000Z,
twitter,"Pdahal masuk wc dan ngencing aj di atur agama, kan? Or elu gk bragama?

Gw gk lg nentang vasektomi or KB, cm, mewajibkan hal yg hrsnya mjd pilihan bagi stiap individu kok dipaksa a/n bansos negara dan alasan staranya.

Logika itu sbaiknya mmg tdk memihak tho, bro?",2025-04-30T09:17:11.000Z,
twitter,"bukan mengatur otoritas, kok. klo kamu gamau vasektomi, ya silahkan. tapi gadapet bansos, simple kan",2025-04-30T09:16:06.000Z,
twitter,Dari vasektomi bagi penerima bansos ke perempuan wajib nikah dan punya anak untuk bersekolah? Keknya terlalu kontradiktif.,2025-04-30T09:14:11.000Z,
twitter,"Nope. Vasektomi tuh bagus, kok.

Tapi...Orang miskin punya banyak anak tuh kondisi rumit, butuh penanganan yang sabar dan perjalanan panjang, salah satunya dengan edukasi dan perubahan sistem. 

Disini konteksnya dia mewajibkan untuk penerima bansos... 

Bansos dan beasiswa",2025-04-30T09:12:25.000Z,
twitter,"Siap² ya kalo kalian yang pro kebijakan kdm jatuh miskin dan butuh bansos harus vasektomi dulu .

Oiya disini kan pada mau childfree ya haha. Lupa.

Sekarang coba kalian ucap kalimat pertama ke orang² awam yg pengen punya 3-4 anak. Kira² melanggar hak ngga?",2025-04-30T09:10:30.000Z,
twitter,orang yg hujat kdm nyuruh yg mau nerima bansos wajib vasektomi tu ada masalah apa? otaknya bisa mikir ga si?,2025-04-30T09:10:21.000Z,
twitter,"Tentu saja semua org dengan nalar yg baik setuju kalau semua pasangan mau mempertimbangkan KB dgn semua cara, termasuk vasektomi. Tapi kalau KB dijadikan prasyarat bantuan pemerintah dlm bentuk apapun (beasiswa, bansos, raskin, dll) itu tidak etis & berlawanan dgn konstitusi.",2025-04-30T09:09:35.000Z,
twitter,Ya kalo dia merasa mampu ya ga usah vasektomi n dapet bansos,2025-04-30T09:08:49.000Z,
twitter,"jgn cm jadi syarat bansos doang, soalnya bansos tu jg banyak kasus salah sasaran. jadiin apa ya? jadiin edukasi buat masyarakat miskin yang punya banyak anak buat vasektomi. biar gak numpuk anak, kesian anaknya dan bisa ngurangin angka kemiskinan di indo.",2025-04-30T09:08:39.000Z,
twitter,"Ya bener gak sih? Kalau dapet bansos ya asumsi miskin, kalau miskin bukannya ok vasektomi?",2025-04-30T09:08:16.000Z,
twitter,"Padahal beliau bener sih, buat penerima bansos yg anaknya banyak mending diberlakukan vasektomi, ga mungkin juga kan beliau vasektomi yg belum ada anak atau cuman 1",2025-04-30T09:07:28.000Z,
twitter,"Kan itu buat yang penerima bansos, kalo nggk mau vasektomi tinggal nggk usah ikutan dapet bansos, dialihkan aja ke yang lebih membutuhkan.",2025-04-30T09:02:49.000Z,
twitter,"vasektomi agar bs dapat bansos selain sbg bentuk eugenetic terselubung jg bs dipandang sbg kejahatan biopolitic dan dosa besar thd konstitusi. 

Cek pasal 28b ayat 2 UUD 1945!",2025-04-30T09:02:41.000Z,
twitter,"Ya g ush terima bansos kl g mau vasektomi. Gitu aja ko repot. Lg pula bansos g wajib buat diterima, it urusan duniawi",2025-04-30T09:02:12.000Z,
twitter,"Ya memang harus itu yg diberikan pemerintah, bukan maksa mereka untuk vasektomi hanya untuk mengurangi bansos yg jadi tugasnya pemerintah",2025-04-30T09:01:38.000Z,
twitter,"Pengalihan isu. KDM atur penerimaan bansos dialihkan ke vasektomi. Orang tidak harus vasektomi, bukan hak KDM untuk mengharuskan.",2025-04-30T09:01:04.000Z,
twitter,"syarat vasektomi tu harus sudah memiliki 2 anak, mau bikin anak berapa lagi sih, udh tau masih butuh bansos ngapai bikin anak banyak""",2025-04-30T09:00:59.000Z,
twitter,"jelas ini maksa dengan penyalahgunaan kekuasaan dan memanfaatkan kondisi tidak berdaya. penerima bansos bisa menerima bantuan kalo vasektomi, apa namanya itu kalo bukan memanfaatkan kondisi tidak berdaya?
program kb 2 anak cukup itu contoh yang tidak memaksa",2025-04-30T09:00:56.000Z,
twitter,"ya tinggal gausah dapet bantuan bansos apa susahnya sih kalo emang gamau vasektomi wkwk kalo mikir masih butuh bansos, ya jangan beranak mulu. lo ga kasian apa sama anak lo yg hidup dibawa susah bahkan mau sekolah aja susah mikirin biaya?",2025-04-30T09:00:11.000Z,
twitter,Lah kan idiot. Kl g mau vasektomi ya udh g ush terima bansos. Gtu aja kok repot.,2025-04-30T08:59:53.000Z,
twitter,"Nyambung lah tolol, orang ngomongin yg terima bansos harus vasektomi
Makanya berita dibaca, bukan di pelototin doang blok.",2025-04-30T08:58:42.000Z,
twitter,"syarat vasektomi itu min punya 2 anak + usia 35 tahun (BKKBN).  gak semua orang miskin wajib ,yang pengen bansos & beasiswa aja. kenapa? karena biaya bansos itu tinggi, sering salah sasaran. makanya dibuat lebih spesifik lagi, masalahnya emang syarat vasektomi kurang akurat juga.",2025-04-30T08:57:51.000Z,
twitter,"anda mau dapet bansos? ya vasektomi dulu,
klo gak mau vasektomi, ya gak dapet bansos.

mantap memang negara kita ini",2025-04-30T08:57:26.000Z,
twitter,"loh ini jg gk di paksa, ya kalo lu gamau vasektomi ya gpp tp ga dpt bansos, lagian syarat vasektomi hrs udh punya 2 anak, mau bikin anak sampe berapa lg sih in this economy hadeh",2025-04-30T08:55:32.000Z,
twitter,"Banyak yg ga paham kak 

Mereka ga mikirin kalau si penerima bansos ga mau vasektomi gmn? Apa dibiarin aja sekeluarga mati disaat negara ngasih pekerjaan layak aja ga bisa?",2025-04-30T08:55:07.000Z,
twitter,"Lu bisa baca ga sih.. kan udah dibilang yg jadi masalah itu karena vasektomi ini jadi syarat dapat bansos yg merupakan kewajiban pemerintah. Kalo mau promosi vasektomi bikin aja program baru, “jika vasektomi, akan dapat bonus uang 5 juta dari pemerintah per bulan” itu gak masalah",2025-04-30T08:53:18.000Z,
twitter,"vasektomi jg ada syarat, memiliki 2 anak, lah kalo masih nerima bansos ngapai punya anak lebih dr 2? dan ga dipaksa jg sih, kalo gamau vasektomi ya gpp tp ga nerima bansos, sesimple ini pun tak mengerti",2025-04-30T08:53:03.000Z,
twitter,"kebijakan bansos yang harus vasektomi menurutku bagus sih. kalo mau dapet bansos ya syaratnya jangan nambak anak. jangan cuma ngandelin bansos buat hidup, kalo mau punya banyak anak.",2025-04-30T08:52:22.000Z,
twitter,"bansos & scholarship is already a bare minimum for the government to give, maybe kalo intentionnya buat meningkatkan vasektomi bisa pake alternatif lain..? But anyways, im glad the government starts to realize the importance of using contraceptions for men ",2025-04-30T08:50:28.000Z,
twitter,"coba lu baca baca tentang 'reversal vasektomi' kalau emang pas mudanya ngerasa susah dan butuh banget bansos, trus pengen punya anak setelah mapan",2025-04-30T08:50:20.000Z,
twitter,"Mau BANSOS 

Sudahlah sekarang fokus saja dengan agenda "" VASEKTOMI "" 

Urusan Ijazah sudah ada yang urus dan lapor...

Hayoooo bagi yg sudah dibohongin bohir dan cuci tangan, baiknya fokus yaaa utk keluarga anda sendiri 

Karena anda salah jalan gak ada yg bantu ",2025-04-30T08:50:03.000Z,
twitter,"Nah, elu ngaku dari org miskin, bisa survive, artinya terbukti tak juga org miskin akan selalu miskin. Vasektomi sebagai syarat bansos itu ngawur.",2025-04-30T08:50:02.000Z,
twitter,"Najis anjing kaum patriarki, haus agama. bom aja semua bangsat. Perkara gubernur jabar bikin aturan vasektomi kalau mau bansos pake acara kasian kasian, liat noh perempuan bertahun-tahun ada yang infeksi gara gara kb, melahirkan tiap tahunya.",2025-04-30T08:49:48.000Z,
twitter,"Im all in with supporting the decision to do vasectomy for men, tapi mendorong cowo"" buat vasektomi sebagai syarat untuk mendapat bansos is a bit...... weird? Maybe they shouldve said it differently idk",2025-04-30T08:47:53.000Z,
twitter,"Ortunya lah,makanya program vasektomi untuk penerima bansos di jabar (yang seharusnya warga kurang mampu) jelas dan terarah,karena memang seharusnya anak itu di beri kesejehtaraan dan kebahagiaan yang salah satu jalan nya ya kemapanan
Mapan bukan kaya ya
Setidaknya tercukupi",2025-04-30T08:47:45.000Z,
twitter,"Sebenernya kalau mau nyari jalan tengah, anak 2 aja cukup. Aturannya yang menerima bansos maksimal hanya punya 2 anak, gaperlu bawa-bawa vasektomi. Yang punya lebih dari 2 anak gak eligible untuk menerima bansos. Udah cukup",2025-04-30T08:46:34.000Z,
twitter,"Jane gampang wae le mikir ki rasah kadohan, 

""Nek ra gelem vasektomi ya rasah nampa bansos, nek pingin bansos ya kudu gelem vasektomi.""

Wes tekan semono wae rasah tekan ngendi-ndi.",2025-04-30T08:45:45.000Z,
twitter,"Vasektomi Diusulkan Jadi Syarat Bansos, Begini Prosedurnya",2025-04-30T08:45:34.000Z,
twitter,"apadah? lo paham ga sih permasalahan orang-orang kemana?

gue setuju vasektomi, gue aja berniat vasektomi tinggal nunggu izin istri. yg masalah itu jadiin vasektomi buat syarat bansos/beasiswa. itu yg hak dasar ya. baca uud lagi coba.
anak unpad kok pada ga napak gini dah?",2025-04-30T08:40:06.000Z,
twitter,"Knp harus vasektomi, tinggal kasih syarat aja yg berhak terima bansos kalau jumlah anak kurang dari sekian misalnya.",2025-04-30T08:39:08.000Z,
twitter,"Dulu, di bangku sekolah SD diajarkan, sebelum minta hak, tunaikan dulu kewajiban. Kalau mau minta hak sbg orang miskin, jalankan dulu kewajiban utk memenuhi persyaratannya misal SKTM agar bansos tdk salah sasaran. Skr ditambah vasektomi, salahnya di mana?

(Gw gak milih DM)",2025-04-30T08:37:57.000Z,
twitter,Apa Itu Vasektomi pada Pria? Dedi Mulyadi Usulkan Jadi Syarat Dapat Bansos,2025-04-30T08:36:43.000Z,
twitter,"iya deh si kadrun paling kaya seantero Indonesia.. kalo lu kaya mah, lu gak bakal protes soal kebijakan vasektomi buat dapetin bansos, kecuali lu bagian penerima bansos itu sendiri.. karena kalo lu udah tercukupi bahkan kaya, lu gak bakal ikut pusing sama kebijakan kdm ini wkwkwk",2025-04-30T08:36:19.000Z,
twitter,"Iya itu yg di maksud saya mah...
Kl soal vasektomi buat org  yg kurang mampu.
Dan yg terima bansos, harus di kb vasektomi..cara itu gak adil.
Sangat gak setuju..",2025-04-30T08:36:09.000Z,
twitter,Lah mau vasektomi kan ada syaratnya min dua anak. Kalo tau miskin masih butuh bansos kenapa mau buat anak lagi?,2025-04-30T08:32:28.000Z,
twitter,"kenapa pada gasetuju dah vasektomi jadi syarat nerima bansos? thats actually a great idea!! people with financial issues should NEVER have many kids, mau sampe kapan punya mindset “banyak anak banyak rezeki” tp apa2 masih ngandelin sumbangan dr pemerintah??",2025-04-30T08:32:24.000Z,
twitter,"Makanya aku setuju ide insentif vasektomi buat keluarga miskin itu perlu. Bukan paksaan, cuma opsi. Skemanya sederhana, semua penerima bansos tetap wajib datang konseling KB, tapi kalau si bapak milih vasektomi, keluarga dapat bonus tunai ekstra",2025-04-30T08:31:53.000Z,
twitter,"Letak bahayanya di situ, say hari ini vasektomi, besok ngasih syarat apa lagi buat dapet bansos, atau pelayanan hukum lainnya...?",2025-04-30T08:31:02.000Z,
twitter,Lah kan untuk vasektomi ada syaratnya sudah punya anak min 2. Nah kalo dia mau punya lebih berarti dia merasa mampu buat besarin anaknya. Jadi ga perlu bansos. Kl dia butuh bansos berarti dia g mampu punya anak lebih dari 2. Jadi masuk akal banget vasektomi dijadiin syarat bansos,2025-04-30T08:30:58.000Z,
twitter,"Ya kaulah, kalau mau push program vasektomi tuh jangan begitu, bansos itu hak warga negara dan kewajiban pemerintah.

Selama ini setahu gua vasektomi juga ga gampang, ada syarat usia dan jumlah anak. Banyak yang ditolak vasektomi karena masih belum sesuatu standar usia minimal.",2025-04-30T08:30:11.000Z,
twitter,Lah kan untuk vasektomi ada syaratnya sudah punya anak min 2. Nah kalo dia mau punya lebih berarti dia merasa mampu buat besarin anaknya. Jadi ga perlu bansos. Kl dia butuh bansos berarti dia g mampu punya anak lebih dari 2. Jadi masuk akal banget vasektomi dijadiin syarat bansos,2025-04-30T08:29:34.000Z,
twitter,Lah kan untuk vasektomi ada syaratnya sudah punya anak min 2. Nah kalo dia mau punya lebih berarti dia merasa mampu buat besarin anaknya. Jadi ga perlu bansos. Kl dia butuh bansos berarti dia g mampu punya anak lebih dari 2. Jadi masuk akal banget vasektomi dijadiin syarat bansos,2025-04-30T08:28:46.000Z,
twitter,pada marah-marah krna ada ketentuan kb vasektomi (suami) bagi penerima bansos dan beasiswa. ini syarat bagus banget untuk mutus rantai kemiskinan dan generasi sandwich menurut gue berkelanjutan. hidup mengandalkan bantuan sosial tapi mau punya banyak anak tuh ngotak gk sih?,2025-04-30T08:28:35.000Z,
twitter,"gue kepikiran bahaya pemaksaan vasektomi ini, kalopun berjalan.. para penerima bansos anak berkurang. terus yg lain gimana? bakal muncul keluarga miskin baru yg gaterdampak bansos.

mending dibuat umum dengan tunjangan buat yg mau vasektomi, jadi semua lapisan bisa berkurang",2025-04-30T08:27:59.000Z,
twitter,"1. Vasektomi itu ranah kesehatan yg harus ambil kebijakan ya di ranah itu
2. Beasiswa baik itu untuk anak pintar/miskin itu hak dan kewajiban negara karna yg punya cita cita itu negara bukan individu
3. Bansos syarat harus cuma dimiskinkan dulu
Tpi kalau mau feodal ya sok weh",2025-04-30T08:27:38.000Z,
twitter,"tp KDM ini juga bikin ulah dengan pernyataan kontroversial soal kewajiban vasektomi bagi suami jika ingin mengakses bansos. ini menurut gue kalo sampe terwujud, udah melanggar 4 dari 5 sila Pancasila yang jadi dasar negara kita.",2025-04-30T08:27:37.000Z,
twitter,"Mesti vasektomi buat dpet bansos, itu pemaksaan namanya, kebijakannya aneh2",2025-04-30T08:27:28.000Z,
twitter,"aku rasa baik itu pria atau wanita jika dipaksa ngejalanin suatu prosedur medis sebagai syarat buat dia ngakses hak dasar (bansos/beasiswa) tuh bentuk kekerasan struktural dan pelanggaran otonomi tubuh.

makannya aku bilang keputusan untuk vasektomi/kb tuh gabisa dipaksa",2025-04-30T08:27:16.000Z,
twitter,"tanpa dibuat syarat vasektomi / KB / max jumlah anak, bantuan apapun akan berujung dengan nambah anak lagi dan lagi 
akhirnya bansos hanya seperti ""money pit"" yang tidak berujung, seperti mobil mewah bekas eropa yg minta perbaikan terus menerus sebanyak apapun uang dikucurkan",2025-04-30T08:26:36.000Z,
twitter,"Kakak tu kontranya karna apa? Kalo kakak mampu membiayai lebih dari 2 anak, ya gausah vasektomi. Bukan target bansos juga.

Disini konteksnya dah ga mampu ngebiayain kehidupan keluarga, masih aja nambah anak.",2025-04-30T08:26:16.000Z,
twitter,"diliat dulu pls konteksnya itu untuk yang kurang mampu dan butuh bansos, ya kalau lo orkay atau merasa cukup untuk menafkahi anak banyak trs gamau vasektomi ya terserah ga ada yang mau ngatur. Lagian vasektomi juga ga se berresiko itu untuk cowo",2025-04-30T08:24:52.000Z,
twitter,"bukan sih, cuman agak gregetan aja sama kebijakan yg terlalu tendensius sama orang kurang mampu.

sebetulnya gue setuju aja sama vasektomi, asal ga ngaitin ke bansos/beasiswa. karena yg salah ortunya tapi sekeluarga jadi terancam. bayangin kalo dapet ortu bebal.",2025-04-30T08:24:29.000Z,
twitter,"I never liked this guy, tapi soal vasektomi gue dukung. Kalo baca berita jgn setengah2, konteksnya adalah keluarga miskin yg udah punya anak 2 atau diatas itu, kalo masih mau terima bansos ya vasektomi, kalau ngga mau vasektomi yaudah ga dikasih bansos.",2025-04-30T08:23:05.000Z,
twitter,"btw, kewajiban vasektomi biar bisa dapet bansos tuh ga banget. Kemiskinan itu masalah sistemik. Kalo solusi yang ditawar malah makin meminggirkan yg udah terpinggir, artinya pemerintah cuek sama masyarakat & hak dasarnya.",2025-04-30T08:22:52.000Z,
twitter,wajib sbg syaratnya bukan mewajibkan byk yg salah asumsi n digoreng pdhl beda makna.. Sbg Syarat wajib trima bansos bukan diwajibkan vasektomi,2025-04-30T08:21:32.000Z,
twitter,"Gubernur Jabar suruh vasektomi penerima bansos, kenapa gak dari dulu diujicobakan ke gubernur sebelumnya, biar gak ada kasus....",2025-04-30T08:21:21.000Z,
twitter,"knapa gak diatur aja kak solusinya dengan aturan, under pnghasilan 4/5jt misal max 1/2 ank untuk dpet bansos atau dengan cara lain, vasektomi itu permanen atau semi sih kak?, kita kan gak tau yah ajal dteng kapan aja, bnyak jg loh yg mati muda under 10 tahun anak2nya.",2025-04-30T08:21:07.000Z,
twitter,Hmm. Trus lu membenarkan vasektomi demi bansos ? ,2025-04-30T08:17:15.000Z,
twitter,"Sejalan dengan ide KDM, kalau miskin ya vasektomi, biar dapat bansos",2025-04-30T08:17:01.000Z,
twitter,"Kyknya tetep anak yg dikorbankan deh 
Kalau bapaknya modelan kyk gt mana mau ngalah vasektomi biar anaknya bs sekolah
Bahkan buat batasan bansos pun aku g yakin, paling anak istri yg disuruh sabar, nerima, puasa sementara si bapak tetep lancar ngerokok sambil ngutuk pemerintah",2025-04-30T08:16:31.000Z,
twitter,"ga ada yg maksa, kalo ga mau nerima bansos ya ga usah vasektomi. tujuannya juga simple biar yg miskin ga buat anak terus tapi ga tanggung jawab sama hak anaknya contohnya banyak anak ga sekolah karena ekonomi ortunya.",2025-04-30T08:15:06.000Z,
twitter,"Paham ga sih lu kenapa ini program ""paksaan"". Kalau ada yg ga mau vasektomi gmn? ga dapat bansos berarti kan? Mati dong mereka sekeluarga. Yaudah deh terpaksa mereka vasektomi",2025-04-30T08:14:25.000Z,
twitter,"Kan syarat vasektomi punya dua anak. Lagian itu cuma buat orang2 yg mau bansos. Kl gamau vasektomi ya gausah nerima bansos.

Dan imo kdm sadar kl ga semua istri bisa KB, ga semua suami miskin mau pake kondom dgn alesan ga enak.",2025-04-30T08:13:52.000Z,
twitter,Maksa orang atas hak tubuhnya sendiri buat vasektomi biar bisa dapet bansos bukan cara yang tepat untuk menangani kemiskinan. Akar penyebab kemiskinan itulah yang harusnya diatasi untuk mengeluarkan rakyat dari rantai kemiskinan.,2025-04-30T08:13:39.000Z,
twitter,Siapa yang maksa deh? kalau ga mau vasektomi ya ga terima bansos,2025-04-30T08:13:38.000Z,
twitter,"Yg ngatur siapa, ya kalau gamau vasektomi gausa dpt bansos. Tolol",2025-04-30T08:11:40.000Z,
twitter,Aduh. Orang kena musibah ya harusnya gak dapet syarat apapun karena keadaan mereka darurat. Vasektomi ini bagus buat ngurangin kemiskinan struktural. Syaratnya baru berlaku kalo penerima bansos tidak dalam urgenitas.,2025-04-30T08:11:01.000Z,
twitter,Yeee guoblook kenapa nggak elu benerin data/mekanisme penerima bansos aje kok ngatur nyampe tingkat vasektomi?,2025-04-30T08:09:40.000Z,
twitter,"Mulyadi makin menjadi, mensyaratkan vasektomi untuk yg akan menerima bansos n beasiswa, bukannya malah mencari cara utk mengentaskan kemiskinan tp malah potong jembatan. Kenapa ya Mulyono, Mulyani dan Mulyadi ini dikasih panggung?!
(Bertanya dg nada A minor D minor ke G ke C lg)",2025-04-30T08:09:31.000Z,
twitter,"Dan itu beritanya ga lengkap, vasektomi untuk penerima bansos. Means orang yang ga mampu secara finansial memang semestinya membatasi bikin anak gasi karena gamampu menghidupi anak?",2025-04-30T08:08:36.000Z,
twitter,"anak orang kaya yang kelakuannya gak baik emang salah, pemerintah emang kurang soal itu. tapi punya anak banyak terus gak bisa ngebiayain juga salah, coba apa korelasinya sama program vasektomi orang miskin yang sering minta bansos karena gak mampu ngebiayain belasan anaknya itu?",2025-04-30T08:05:59.000Z,
twitter,"I thought it was just fine krn biasanya ada aja orang2 yang gamikir, kalo dalam keadaan susah tuh mending gausah punya anak banyak krn ujung2nya bakalan nyusahin anak mereka juga. Makanya dibikin ketentuan vasektomi dulu baru dikasih bansos, biar keluarga ybs ganambah lgi",2025-04-30T08:05:02.000Z,
twitter,"udah baca ini belum? larangan ke bansos/beasiswa karena vasektomi itu gasesuai dama uud pasal 34. hak dasar rakyat miskin kok dibatasin.

lo ngerti ga sih tunjangan yg gue maksud? tunjangan dikasih kalo udah vasek lah.",2025-04-30T08:02:47.000Z,
twitter,"Dedi Mulyadi Wacanakan Vasektomi bagi Penerima Bansos: Berhenti Bikin Anak Kalau Tak Sanggup Nafkahi
 
https://m.tribunnews.com/regional/2025/04/30/dedi-mulyadi-wacanakan-vasektomi-bagi-penerima-bansos-berhenti-bikin-anak-kalau-tak-sanggup-nafkahi… via 
@tribunnews",2025-04-30T08:00:45.000Z,
twitter,"ya emang, siapa bilang gabisa? gue pun mau vasektomi.

yg jadi masalah bukan vasektominya, tapi larangan dapet bansos/beasiswa.

pahamin lagi keijakan kdm jangan ngegas dulu.",2025-04-30T07:59:22.000Z,
twitter,"Ya kalo gamau vasektomi gausah minta bansos, dan gausah punya anak banyak sih. Simple",2025-04-30T07:59:05.000Z,
twitter,"bentar, itu kan syarat menerima bansos ya... sekarang tinggal milih, mau punya anak banyak tp ga nerima bansos, atau mau anak 2 tapi dapet bansos (dan tiap anak hidupnya lebih terprovide). Lagian kalo mikirnya ga adil karena yang kaya ga vasektomi, ya mereka aja ga nerima bansos.",2025-04-30T07:55:09.000Z,
twitter,"Kenapa masalah kehamilan selalu cewe yg dibebanin disuruh pake pil kb, steril, dll. Tapi biasanya cowo gamau pake kondom.. jdi semuanya dibebanin ke cewe.

Tpi sekarang ada yang menyarankan vasektomi agar keluarganya bisa dpt bansos beasiswa etc. Knp ini jadi masalah?",2025-04-30T07:54:29.000Z,
twitter,"vasektomi ada syaratnya lagi kak, bukan sekedar terima bansos, berantas kemiskinan bisa dilakukan dengan menekan angka kriminalitas, kerja sama sm polisi, angka kelahiran ya kb sih ujung2nya. sebenernya banyak caranya, cuman yaa it's harder",2025-04-30T07:53:45.000Z,
twitter,"baca lagi pasal 34 UUD, bansos/beasiswa itu hak dasar masyarkat kurang mampu. ga seharusnya dipakein syarat tambahan vasektomi. itu masalahnya.

bedain hak dasar sama tambah anak lagi.",2025-04-30T07:53:21.000Z,
twitter,"iya kak, maksud ku, program demul yang vasektomi sebagai syarat terima bansos. Gak nyambung aja. Sedangkan banyak hal lain yang bisa dilakukan kalo konteksnya memberantas kemiskinan atau mengontrol angka kelahiran.",2025-04-30T07:50:04.000Z,
twitter,"Oh tenang saja, setelah aturan yg mau dapat bansos harus vasektomi berlaku nanti mungkin bakal tambah banyak pahlawan kelamin nya ",2025-04-30T07:49:14.000Z,
twitter,Pdhl kalo mau mengurangi populasi org miskin bisa dg mempermudah akses vasektomi dan aborsi. Bukannya menjadikan vasektomi sbg syarat menerima bansos wkwk anyone who agree w this sht is idiot,2025-04-30T07:48:42.000Z,
twitter,"jadi rakyat hrs keluar duit vasektomi dulu baru dpt bansos yg cuma ratusan ribu ?
Target bansos kan org miskin, masak disuruh vasektomi dulu yg membutuhkan biaya ?",2025-04-30T07:35:30.000Z,
twitter,"Lah makanya ituu udh bener diberlakukan vasektomi sbgai syarat dapet bansos, biar yg miskin enak bisa ngewe terus tnpa takut bnyk anak. Ni udh miskin egois pulaa ngentot ga pake pengaman",2025-04-30T07:35:29.000Z,
twitter,Bagus sih mengingat efek samping KB buat perempuan itu buruk banget BUT how about buka banyak lapangan pekerjaan biar gak perlu bansos bansos lagi? Disamping mempermudah dan menggalakkan vasektomi ,2025-04-30T07:35:19.000Z,
twitter,"Iya maksudnya dia kepentok persyaratan vasektomi nih, tp butuh bansos gt.",2025-04-30T07:34:22.000Z,
twitter,Ya tinggal diikuti kan? Toh tetep dapet bansos dengan hanya lu melakukan vasektomi biar cmn punya 2 anak. Ini juga sebagai pengendalian angka kelahiran dan meratakan kesejahteraan keluarga. Memangnya makin banyak anak skrg = makin kaya? Kagak kan?,2025-04-30T07:34:06.000Z,
twitter,Loh jelas. Ini akarnya bukan orang disuruh vasektomi biar dapat bansos. Kalo negara bener. Gak usah pake itung2an gitu. Itu udah haknya.,2025-04-30T07:33:52.000Z,
twitter,"gak ush dipikirin krn program pemerintah yg di usung kdm emg salah tpi intinya ya vasektomi bagus buat meneknn nngka kelahiran tinggal, fokus and  krn tersinggung smma bansos ?",2025-04-30T07:31:39.000Z,
twitter,"ya daripada ga vasektomi ga bisa dapet bansos/beasiswa? itu hak dasar, apalagi buat rakyat gamampu.

feminis fasis gini dikasih win-win solution masih aja ribut. lo kalo mau bisa tuh dompleng ajuin semua KB cewek-cowok dapet tunjangan.",2025-04-30T07:31:19.000Z,
twitter,"Nih drpd ngambil jalan fasis mending perbaiki dulu itu bawahan2 antum 
@DediMulyadi71
 biar becus kerja buat majikan yg udah ngebayar pejabat via pajak.

G kebayang udah wajib vasektomi eh bansos & beasiswanya tetep aja gak tepat sasaran ",2025-04-30T07:31:17.000Z,
twitter,"Kalok aku jd gubenur jabar atas sodetan kali ciliwung ke BKT hrs ada konpensasi biar rakyat jabar dapat duit bikin waduk/revitalisasi setu hahahaaaa
Atas rakyat miskin hrs dikebiri vasektomi utk jatah bansos hmmm haram tuch versi  
@MUIPusat",2025-04-30T07:30:41.000Z,
twitter,"Apa Itu Vasektomi yang Akan Diterapkan KDM di Jawa Barat, Bagaimana Cara Penerapannya, Apakah Menyakitkan?

#Vasektomi #KDM #Jabar #JawaBarat #Bansos #DediMulyadi #Viral #GubernurJabar",2025-04-30T07:28:32.000Z,
twitter,"udah terima bansos tapi ngatur. ya kalau gamau vasektomi, gausah minta bansos. berhenti beranak dulu, kalau masih mental minta minta",2025-04-30T07:23:02.000Z,
twitter,"bener moga aje lu paham dah ketikan gue kadang belibet nah gue nih bukannya ga mendukung vasektomi tapi ga disuruh negara jg bjir, ibarat negara kalo nyuruh cewe kb itu wajib jg di demo, kayak masalah begituan tu hak mereka suami istri bukan serta merta demi bansos",2025-04-30T07:21:34.000Z,
twitter,"Bukan kah case nya disini adalah yang dapat bansos harus vasektomi kan? 
Nah penerima bansos adalah keluarga yang (maaf) kurang mampu, dengan menerima bansos ini berarti keluarga tersebut dianggap kurang mampu membesarkan anak, salah satu tujuan vasektomi disini adalah cont-",2025-04-30T07:21:15.000Z,
twitter,"Lebih baik gencar edukasi kl vasektomi juga bisa disambung lg/ vasovasostomi alias bisa punya anak lagi, vasektomi berbeda dengan angkat rahim yg tidak bisa punya anak permanen, lagian ini untuk penerima bansos bagus anaknya di kurangi daripada terlantar gamakan jd busung lapar",2025-04-30T07:19:40.000Z,
twitter,kan maksud bapaknya gak memaksa kalo gamau dapet bansos yauda gaperlu vasektomi,2025-04-30T07:19:02.000Z,
twitter,"nope. screening dari awal penerima bansos itu dari usulan masyarakat sendiri. jadi yang tau ya masyarakat sendiri. pemerintah yang harus verifikasi. bukan nambah syarat vasektomi. intervensi pemerintah ke urusan pribadi, sekali diturutin, makin banyak pemaksaannya.",2025-04-30T07:18:09.000Z,
twitter,"yaudah, tinggal gausah nerima bansos kalau gamau vasektomi. kan rezeki Allah yg ngatur.",2025-04-30T07:16:44.000Z,
twitter,"lu ngikuti ngga program ini tujuan akhirnya kemana? lebih baik bapaknya itu dikasih pekerjaan sm Pemerintah biar rantai setan macem Bansos hilang, jd bapaknya ada penghasilan, anak istrinya tercukupi. gitu loh konsep yg bener, bukan malah pake program vasektomi kek gini",2025-04-30T07:14:16.000Z,
twitter,"Nahh, setujuu. Yaang kurang pas disinii pake ada terusan si bansos nyaa :((. Padahal kan bisa kampanye vasektomi lewat cara lain yg lebih bijak. Kesannta gini tuh kek gimana yaa:(",2025-04-30T07:14:02.000Z,
twitter,Duh goblok baca ga si Farid kenapa di vasektomi. Intinya kalo mau punya bnyk anak jgn nyusahin. Mental ngemis makan bansos mulu,2025-04-30T07:11:13.000Z,
twitter,"Ga pada sadar ya sejahat apa ni orang? Kasarnya kek ""lu kalau mau gw kasih bansos mesti kb dan vasektomi dulu baru gw kasih"" bro duit bansos aja dari uang rakyat loh, ga serta merta membenarkan ""kalau lu miskin lu mending nurut aja daripada ga dpt makan"" jahat bgt lu dedi kontol",2025-04-30T07:10:40.000Z,
twitter,"Oh masih sekolah, pantes masih tolol wkwk
Cari tau soal vasektomi dan soal bansos yg seperti apa yg mau di sebar.
Kalo lu masih sekolah, berarti orang tua lu yg tanggung jawab soal bansos nya.",2025-04-30T07:09:08.000Z,
twitter,"Lah kenapa? Ini buat bansos doang. Dia mau ngasih bansos dengan kasih syarat, yaitu vasektomi. Intinya... *udah tau miskin malah nambah anak "".",2025-04-30T07:08:28.000Z,
twitter,"noo, kb gratis ya kak. apalagi di jabar juga skrg mau terapin bansos dgn syarat suaminya udah di vasektomi. cuma para sdm rendah yg demen punya anak ini malah nolak, dengan alasan punya anak itu HAM‍",2025-04-30T07:07:20.000Z,
twitter,"Enaknya sih begitu, tapi masalah kemiskinan ini juga kompleks sih.
Walaupun kurang etis, kewajiban vasektomi untuk dapat bansos ini, menurut gua pribadi, langkah short term buat mengurangi membludaknya populasi kemiskinan.

Penyediaan lapangan kerja bisa nurunin angka (cont.)",2025-04-30T07:02:29.000Z,
twitter,"Yaa gausah nerima bansos kalo gak mau vasektomi kakkk
Lagian syarat vasektomi tu kalo anaknya udah 2 kokkk. Kalo ngerasa butuh bansos dan masih mau nambah anak, gak tau diri nama nya wkwkwkwk",2025-04-30T07:02:25.000Z,
twitter,"Yaa gausah nerima bansos kalo gak mau vasektomi kakkk
Lagian syarat vasektomi tu kalo anaknya udah 2 kokkk. Kalo ngerasa butuh bansos dan masih mau nambah anak, gak tau diri nama nya wkwkwkwk",2025-04-30T07:02:04.000Z,
twitter,"Berlebihan.
Pdhl vasektomi itu tak sejalan dg ajaran Islam.
Klo mau ngasih bansos, ya lihat TI kemiskinannya.",2025-04-30T07:01:53.000Z,
twitter,"Yang kontra tolol, uda jelas ini buat menekan angka kemiskinan dan mencegah kemiskinan struktural. Bayangin lahir ke bumi buat diajak ngemis bansos doang. Dan satu lagi, vasektomi itu ga permanen. Seandainya kondisi finansial membaik bisa dilepas lagi nyet!",2025-04-30T07:00:56.000Z,
twitter,"ga dihukum, otaknya ga mikir soalnya. syaratnya usia 35 dan punya anak 2. penerima bansos itu masyarakat ga mampu, hidup aja berharap bansos. punya anak lebih dari dua mau dikasih makan apa?? kalau gamau di vasektomi ya jadi org mampu, jangan berharap bansos",2025-04-30T07:00:43.000Z,
twitter,ditunjangan tambahan kalo lo ga vasektomi ya nerimanya cuma bansos/beasiswa,2025-04-30T07:00:35.000Z,
twitter,"beda dong, kebijakan kdm itu kalo ga vasektomi rakyat gadapet beasiswa/bansos. 
Sedangkan kalo tunjangan tambahan ya kalo vasektomi tetep dapet bansos & beasiswa + tambahan uang",2025-04-30T07:00:01.000Z,
twitter,"KB ke perempuan itu ga ada pemaksaan, mau KB mau engga tetap dapat haknya kok. beda sama KDM ini, kalau ga vasektomi ga dapat bansos.",2025-04-30T06:59:57.000Z,
twitter,"kayak seharusnya posisi negara memfasilitasi segala bentuk kontrasepsi juga dengan meruntuhkan stigma atasnya (contoh: kondom, vasektomi) but maybe that's a longer way to pursue. memang akan lebih ""practical"" untuk vasektomi sbg syarat bansos dan beasiswa untuk lihat benefitnya",2025-04-30T06:58:16.000Z,
twitter,"Ini kasus lama direcycle lagi.
Mau justifikasi vasektomi jadi syarat nerima bansos?",2025-04-30T06:57:39.000Z,
twitter,"itu dia, sebagai cowok pun gue sebetulnya berniat buat vasektomi.

tapi yg jadi masalah kan masyarakat banyak yg gapunya akses informasi kesana, kok ujug-ujug malah dipaksain demi bansos & beasiswa",2025-04-30T06:56:58.000Z,
twitter,"sbg warga Jabar, gue setuju kok sama syarat penerima bansos ini.. jangan mentingin ego sendiri buat nambah anak kalo gak bisa menjamin kebutuhan anak tsb terpenuhi dengan layak, minimal sampe sekolah 12 tahun.. lagian tetep bisa wewew juga kan meski udah vasektomi",2025-04-30T06:56:32.000Z,
twitter,"Duh males gu kalo udah bawa2 agama. KARENA MEREKA GAMPANG NGEYEL. eh lu kalo bisa hidupin anak mah ga perlu bansos dan ga akan di VASEKTOMI. Program ini buat yang butuh BANSOS karena dia GA MAMPU. udah ga mampu, sering beranak, dzolim ke anak lu bgst.",2025-04-30T06:53:00.000Z,
twitter,"ya klo ga nerima bansos tapi mau vasektomi kan gapapa juga, bagus malah
berarti paham kemampuan diri untuk urus anak sampai ada di anak keberapa 

tuh udah ada yg jawab pns dan pegawai bumn/d tunjangan keluarganya hanya sampai anak kedua",2025-04-30T06:51:52.000Z,
twitter,"Sedang dipersoalkan bukan vasektomi. Tidak/mau vasektomi (keputusan repro) hak manusia nya, Demul justru maksa (wajib) penerima bansos, si miskin. Dia pikir mungkin masy miskin banyak anak menjadi beban negara? Emang negara sudah sebegitu layak menghidupi orang miskin, tlantar?",2025-04-30T06:49:47.000Z,
twitter,"Yah emang gk dipaksa, kalau gk mau dapat bansos yaudah gk usah Vasektomi",2025-04-30T06:49:24.000Z,
twitter,"bansos hak warga miskin Pak.
kecuali vasektomi dapat PS 5. baru yg ngga mau PS 5 dipersilahkan tidak perlu vasektomi.",2025-04-30T06:49:23.000Z,
twitter,"Vasektomi itu tak sejalan dg ajaran Islam. MUI juga tak membenarkan vasektomi. Klo mau kasih bansos gak usah macem2, kasih saja sesuai kriteria TK kemiskinan.",2025-04-30T06:48:46.000Z,
twitter,"Mewajibkan vasektomi is okay, tetapi kalau disyaratkan hanya untuk penerima bansos. Itu tidak adil",2025-04-30T06:48:22.000Z,
twitter,"Lho ga bisa gitu  bansos itu harusnya jadi safety net atau jaring pengaman warga menengah ke bawah. Kalau pake syarat wajib vasektomi untuk nerima bansos, berarti melanggar prinsip keadilan sosial sila kelima Pancasila dong?",2025-04-30T06:48:17.000Z,
twitter,"bukan penyepong kdm, tapi anjuran dia penerima bansos wajib vasektomi gua setuju anjirrr. di garis bawahi ya hanya wajib untuk yang sudah punya 2 anak. hiburan orang miskin kan cuma ngewe dan kalau kb dibebankan ke perempuan semua bakal buat bahaya",2025-04-30T06:48:02.000Z,
twitter,"Vasektomi ke rasis aja udah ga nyambung. Btw kan programnya untuk kalangan warga dibawah garis kemiskinan yang menuntut bansos tapi mau anaknya banyak. Kalo gamau di vasektomi yaudah ga usah minta bansos, just simple bro. Btw dzalim sama anak istri, halal ya?",2025-04-30T06:47:51.000Z,
twitter,"Please... bukan masalah vasektominya, tp adanya mengancam, ""if you doing this, then you will not gonna get this"". Pdhl tanpa vasektomi pun bansos itu udh jadi hak rakyat kelas bawah :v",2025-04-30T06:46:57.000Z,
twitter,"Bansos hak rakyat? Bruh duit orang kaya untuk orang miskin
Gw jujur gk rela kalau cuma konsumsi
Gw rela kalau buat dipakai yg lbh berguna macam sekolah, jalan dkk
Gw setuju kalau orang beranak terus tp gk mampu berdikari di vasektomi",2025-04-30T06:46:55.000Z,
twitter,"KB Pria Syarat Penerima Bansos, BKKBN: Kita Terus Edukasi, Vasektomi Tak Mengubah 'Keperkasaan' Pria",2025-04-30T06:46:28.000Z,
twitter,"Lihat video vasektomi bansos

http://merdekanews.co! #TikTok",2025-04-30T06:46:09.000Z,
twitter,Ini hal tolol tapi ada yg bisa mencerdaskan gw ga kenapa program KDM selektif bansos vasektomi lalala itu buruk,2025-04-30T06:42:06.000Z,
twitter,"Terus maunya gimana klo ga wajib? Maunya bisa beranak terossss meskipun dah ga mampu finansial dan semua anaknya tetap dapet tanggungan pemerintah kah?

Pdhl gampang klo gamau vasektomi yauda, tanggalkan keinginan menerima bansos",2025-04-30T06:41:56.000Z,
twitter,"Di Indonesia, program KB bersifat sukarela dan berbasis edukasi. Vasektomi adalah prosedur permanen. Jika dijadikan syarat bansos, maka pemerintah menekan warga miskin untuk menyerahkan hak tubuhnya demi bantuan. Ini bentuk pemerasan struktural.",2025-04-30T06:41:34.000Z,
twitter,Dan berapa banyak penerima bansos khususnya bansos politik selama ini? Jadi siap2 kamu atau keluargamu di vasektomi ya... hehehe,2025-04-30T06:41:31.000Z,
twitter,Daripada mandatory dengan penalty ga dapat bansos. Lebih baik encourage vasektomi berhadiah.,2025-04-30T06:41:27.000Z,
twitter,"ya sudah tau ortunya egois, menurutmu ortu egois begitu mau vasektomi hanya demi bansos dan beasiswa anaknya? jangan naif, yg ada tuh anak2nya semakin terlantar ga dapet bansos dan beasiswa",2025-04-30T06:39:16.000Z,
twitter,Syarat buat dapat bansos itu harus Vasektomi karena orang miskin jgn pny banyak anak . Nah orang2 yg dapat bansos (seharusnya) orang miskin atau gak mampu. Kalau negara mau ngasih ngasih aja. Itu kewajiban. kenapa harus begini begitu.,2025-04-30T06:37:43.000Z,
twitter,"Warga Jawa Barat? Penerima Bansos? Siap-siap, Gubernur Dedi Mulyadi akan minta KB pada laki-laki, dan terutama vasektomi, sebagai syarat terima Bansos.

Gimana gimana?",2025-04-30T06:37:17.000Z,
twitter,"Aku ga bersebrangan dengan program vasektomi lho  ya bagus kalo sosialisasinya digalakkan pemerintah, bahkan dikasih insentif. Tapi kalo masuk ke ranah pemaksaan sampai jadi syarat dapat bansos (yg mana ini adalah kewajiban konstitusional negara), itu yg ga boleh ",2025-04-30T06:35:34.000Z,
twitter,"mana boleh begituu  masa dibanding mengentaskan kemiskinannya, lebih pilih kasih bansos + wajibkan vasektomi duh duh duh 
mengedukasi dan mewajibkan itu beda.",2025-04-30T06:35:18.000Z,
twitter,"Mending jual ginjal daripada vasektomi, sama2 di obrak-abrik tubuh kita. Ginjal bisa dapat milyaran, bansos brp duit sih?",2025-04-30T06:35:17.000Z,
twitter,"Rata2 yg setuju sama pernyataan KDM soal orang kismin kalau mau dapat bansos harus vasektomi itu adalah 'KELAS MENENGAH NGEHE'. Dalam pandangan mereka orang kismin udah kayak anjing/kucing, yg wajib dikebiri. Padahal negara elunya aja yg bego.",2025-04-30T06:34:43.000Z,
twitter,"Rata2 yg setuju sama pernyataan KDM soal orang kismin kalau mau dapat bansos harus vasektomi itu adalah 'KELAS MENENGAH NGEHE'. Dalam pandangan mereka orang kismin udah kayak anjing, yg wajib dikebiri. Padahal negara elunya aja yg bego.",2025-04-30T06:34:10.000Z,
twitter,"Vasektomi, anak cukup 2, dana bansos lebih optimal, pendidikan lbh diperhatikan, anak mau upgrade diri, ga bergantung sama bansos, rantai kemiskinan lama2 akan terputus.",2025-04-30T06:24:06.000Z,
twitter,"Skrg ributin kalo vasektomi buat alat kendali orang miskin itu fasis

At the same time rakyat nuntut fasilitas

We all know org miskin ini beban ekonomi. Kalo berkurang uang bansos bisa buat fasum
But you all too holy so it's fascist

There's never will be an easy pill to swallow",2025-04-30T06:23:26.000Z,
twitter,"Memang gak boleh vasektomi. Lagian mosok bansos di kait kan sama KB ? Aneh aneh saja ini . 
Kalau mau ngasih bansos sih ngasih saja, gak ada hubungannya sama KB",2025-04-30T06:21:18.000Z,
twitter,"Loh kok melebar kemana"", yg dibahas kan vasektomi syarat bansos, sedangkan kalau mau mencegah kehamilan, ada alternatif lain kondom misalnya",2025-04-30T06:21:08.000Z,
twitter,"Dedi Mulyadi usul KB Vasektomi jadi syarat untuk penerima bansos.
Setuju atau engga dengan usul tersebut? Kenapa?

Diskusi yukk",2025-04-30T06:20:58.000Z,
twitter,"Vasektomi, salah satu cara mencegah makin maraknya kemiskinan. Coba liat, beberapa keluarga anyak anak, orang tua ga ngurusin, dikasih bansos tp ga upgrade diri. Percuma, selamanya cuman nungguin bansos doang. Rantai kemiskinan gaakan selesai2 itu.",2025-04-30T06:20:30.000Z,
twitter,Sekali vasektomi itu biayanya jutaan. Siapa yg mau bayarin? gak yakin bakalan dibayarin pemerintah. mau bayar sendiri? lah kalau punya duit segitu mah gak bakalan dapat bansos. agak asbun nih bapak..,2025-04-30T06:19:49.000Z,
twitter,"Kemiskinan yg ada trs ga berhenti. Vasektomi, anak cukup 2, dana bansos lebih optimal, pendidikan lbh diperhatikan, anak mau upgrade diri, ga bergantung sama bansos, rantai kemiskinan lama2 akan terputus.",2025-04-30T06:19:08.000Z,
twitter,"Ngaco bgt nih orang, gabisa mahamin dan nyimpulin kalimat apa?  Vasektomi  adalah salah satu cara mencegah makin maraknya kemiskinan. Coba liat, beberapa keluarga anyak anak, orang tua ga ngurusin, dikasih bansos tp ga upgrade diri. Percuma, selamanya cuman nungguin bansos doang.",2025-04-30T06:17:12.000Z,
twitter,"Jarang2 nih gua belain pemerintah. Vasektomi itu cuma syarat penerima bansos. 1 keluarga miskin kalo punya anak banyak bakal jadi beban pemerintah tapi kalo di-KB, dana buat keluarga tadi bisa dialokasiin ke keluarga lain yang butuh bantuan juga",2025-04-30T06:14:06.000Z,
twitter,"Lu nanya gitu sebenernya baca gk sih reply gua? Buka lapangan kerja, edukasi utamain, kasih orang tuanya kerjaan biar bisa hidup emang bukan mikirin ham anaknya? Ini malah nyuruh vasektomi. Hari ini vasektomi buat dapet bansos, besok apaan?",2025-04-30T06:05:22.000Z,
twitter,emg yg dukung vasektomi jadi syarat penerima bansos itu otaknya pada ga jalan,2025-04-30T06:05:22.000Z,
twitter,"Syarat penerima bansos hrs berlaku sama, klo ada syarat vasektomi ya hrs vasektomi semua. Klo mau ada pengecualian bikin bansos khusus. Dan yg terpenting kebijakan hrs by data.",2025-04-30T06:05:13.000Z,
twitter,"meskipun memang pertumbuhan penduduk perlu dikontrol, tp kalo ada kuasa (negara/kebijakan) masuk buat forcing hak atas hidup (e.g. vasektomi sbg syarat dapat bansos), apa km gak merasa kalo manusia jd diperlakukan macem kucing yg bisa disteril ung?",2025-04-30T06:03:58.000Z,
twitter,"Krn ada sebut2 soal KB kayaknya cuman maksimal anak 2...
Kl mau beasiswa n bansos, vasektomi...

Salahnya dmn... Drpd nanti anaknya nambah lagi, trus pemerintah harus bantuan lg gitu?

Faktanya org miskin memang anaknya lebih dr 2. Fakta dilapangan emank gitu ",2025-04-30T06:02:58.000Z,
twitter,"Uh, mbak nya gak tau ya kalau vasektomi ini digalakkan di mana mana, prosedurnya gratis, dikasih duit pula? Tapi tau kenapa gak populer? Karena target audiensnya laki laki yang ngerasa egonya kesentil. Bansos dan beasiswa adalah kewajiban, tapi itu pun ada syaratnya.",2025-04-30T06:00:29.000Z,
twitter,"Yaa berarti yg harus diperbaiki program belajarnya bukan beasiswa. Ini bahas apa larinya kemana. Masalah pendidikan dan kelaparan adalah 2 hal yang penting. Bansos sudah ada utk kelaparan, beasiswa sdh ada. Vasektomi ada utk para ortu yg gak bertanggung jawab",2025-04-30T05:58:29.000Z,
twitter,"maksa vasektomi warga buat bansos ya biar anak2 miskin tidak terlalu byk bukan gak boleh punya anak, tapi harus dibatasi biar tidak ada anak yg hidup melarat lagi dimasa dtg. bahasin ham terus, anak2 yg lahir dari kemiskinan ga lu pikirin hamnya?",2025-04-30T05:58:25.000Z,
twitter,"Pertama-tama kalangan penerima bansos yang dipaksa vasektomi. Abis itu ntar lama-lama kelompok disabilitas disuruh vasektomi. Lama-lama kelompok etnis tertentu (Papua, Aceh, Maluku) disuruh vasektomi. Ketebak polanya.

Gak semestinya kita normalisasi pemaksaan vasektomi.",2025-04-30T05:58:14.000Z,
twitter,"Dedi Mulyadi
Akan Jadikan 
Vasektomi Syarat Terima Bansos

https://tempo.co/politik/dedi-mulyadi-akan-jadikan-vasektomi-sebagai-syarat-terima-bansos-1284804…
..",2025-04-30T05:58:04.000Z,
twitter,"memperbolehkan adanya syarat vasektomi untuk dapetin bansos sama aja dengan memperbolehkan pemerintah untuk mengatur tubuh pribadi manusia hanya karena mereka miskin. ya klo udh kyk gini, i dont think i have to explain to you what will be the bad consequences in the long run",2025-04-30T05:47:02.000Z,
twitter,"Aku lebih setuju kampanye kb gk hanya perempuan, tp laki bisa vasektomi. Sm kampanye lebih baik nunda/jangan punya anak sampe udah stabil ekonomi. Timbang syarat dapat bansos vasektomi.  Bansos ya miskin aj tncnya, kalau misal bantuan biaya anak tnc vasektomi masih make sense",2025-04-30T05:46:21.000Z,
twitter,"Dedi Mulyadi Usulkan Vasektomi Sebagai Syarat Bansos

#enamplus #Lip6van",2025-04-30T05:46:20.000Z,
twitter,"kemarin ada wacana syarat bansos salah satunya laki harus vasektomi, kalo kasusnya kayagini aku setuju sih",2025-04-30T05:46:11.000Z,
twitter,"untuk masalah syarat kdm vasektomi ini untuk yang mau menerima bansos ya, klo merasa cukup ya gk usah, kan selalu ada pilihan. klo mau mengikuti MUI silahkan, siapa tau kehidupan nya justru lebih baik.",2025-04-30T05:45:16.000Z,
twitter,"Nggak ada yang against vasectomy. Orang2 pada ngelawan karena ini memaksa kehendak pada kelompok miskin dan kelompok rentan. 

Vasektomi atau nggak dapat bansos?
Bukannya harusnya kalian lebih aware soal istilah “my body my choice” not a government choice.",2025-04-30T05:43:44.000Z,
twitter,Vasektomi wajib bukan solusi terbaik dan bukan solusi yang bagus untuk jangka panjang. Ngebuat kondisi dimana orang harus vasektomi untuk nerima bansos itu pelanggaran ham karena itu masuk kategori penyalahgunaan kekuasaan disitu.,2025-04-30T05:43:17.000Z,
twitter,"Syarat terima bansos kudu vasektomi? Lo dukung? 
Sakit jiwa lo pada. 
#bansos
#vasektomi",2025-04-30T05:43:14.000Z,
twitter,"Yaitu sebagian memang ada tp konteksnya semua yg miskin dapat bansos harus vasektomi, banyak yg nerusaha semaksimal mungkin bekerja tp miskin itu bagaimana? Boro boro mikir ngewe, kadang gak pulang karena g dapat hasil",2025-04-30T05:41:50.000Z,
twitter,"gimana kalo ada wealth transfer ke si miskin tanpa perlu pemaksaan vasektomi? tapi wealth transfernya bukan berupa bansos atau BLT digedein melainkan anaknya disekolahin, terus si kaya buka lapangan kerja yg bener jangan mau diatur ormas",2025-04-30T05:41:07.000Z,
twitter,"Sorry tapi bansos diberikan dengan syarat miskin dan vasektomi, lucu juga galau dipikir. Kayak ada yg missed antara bantuan miskin dan vasektomi. Tbh gue setuju orang miskin mending tunda punya anak sampe stabil, cuma kalau mau dapat bantuan miskin harus vasektomi agak gimana gt",2025-04-30T05:40:51.000Z,
twitter,ANEH BANGET KAAN? ini contextnya tuh ada satu orang yang ngga setuju karena vasektomi jadi syarat buat terima bansos dan sangkut pautin sama agama terus di repnya ada yg blg kalo ini tuh musyrik sumpah anjir dodol banget apa apa di bilang musyriklah ini lah sama fanatik agama,2025-04-30T05:40:38.000Z,
twitter,"Yg ini maksudnya? Yg dr atas di omongin yg dpt bansos, anak banyak, mending vasektomi. Karena iud, kb, kasian istri udh kesehatan menurun. Jagain anak² dan lakinya. Sekiranya pinter pun kadang yg hidup di dunia ini bukan anda aja. Jd jgn denial",2025-04-30T05:40:34.000Z,
twitter,"sosialisasi akan vasektomi dan edukasi akan kehidupan seks yg baik itu penting dan harus disetujui. tpi kalo udh kayk gini, vasektomi dijadiin syarat buat dapet bansos itu udh pemaksaan namanya, bansos itu kan emg HARUS disalurkan ke rakyat miskin, ga ada tpi2an ga ada syarat",2025-04-30T05:29:04.000Z,
twitter,"baru kali ini setuju sama program pemerintah, yaitu syarat nerima bansos sm beasiswa harus vasektomi. skrg apa2 mahal bro, punya anak susah kalo ekonominya menengah ke bawah",2025-04-30T05:27:20.000Z,
twitter,"Saya senang intensi KDM buat kasih bansos tp syarat vasektomi, yg membedakan memang ada tendensi pemaksaan, di Negara dgn pendidikan seks yg maju vasektomi menjadi hal yg lumrah untuk didiskusikan antar pasutri",2025-04-30T05:26:35.000Z,
twitter,"Aneh aja vasektomi jadi syarat bansos.

Bansos itu ukurannya taraf ekonomi,bukan jumlah anak.
Orang miskin banyak anak karna mikir makan aja susah apalagi bayar KB ke bidan.

Pola pikir orang miskin jadi tugas pemerintah untuk merubahnya.Di point ini pemerintah hadir gak?",2025-04-30T05:25:33.000Z,
twitter,"Gak cuman penerima bansos, tapi penerima beasiswa juga harus vasektomi kata KDM ... padahal penerima beasiswa biasanya anak muda yg mau menempuh pendidikan sarjana, rata2 jelas gak memenuhi syarat untuk vasektomi juga ...",2025-04-30T05:25:23.000Z,
twitter,takut gak kebagian bansos ya lu soalnya gamau vasektomi? ajg sumpa kocak bgt liatin incel kepanasan disuruh kb doang,2025-04-30T05:23:59.000Z,
twitter,"Bahaya bangett, harusnya gausah pake vasektomi segala biar bisa bikin anak ampe mati, gausah diurus biar urus diri sendiri dr bayi, kalo bansos udh abis, kasi aja tanah dan daun buat makan karna itu adalah sebagian rezeki Allah di dunia.",2025-04-30T05:23:29.000Z,
twitter,"Baca lagi, Tong...
Wajib Vasektomi bagi penerima Bansos

Sementara kalo KB itu bersifat menyeluruh lapisan masyarakat",2025-04-30T05:23:22.000Z,
twitter,"disuruh vasektomi buat yang nerima bansos, paham gak lu, kalau lu nolak bansos , gak usah vasektomi, drama banget, anjng",2025-04-30T05:22:48.000Z,
twitter,"sbagian ada bener nya..tetangga saya
tinggal di kost petakan,1 keluarga 8 orang...anak no 3sampe yg terahir masih pada sekolah (smp-sd) tp gak harus vasektomi juga kali
para pejabat juga tuh sering bikin anak di luar prkawinan
bikin susah keluarga jg,cmn beda nya,gk dpt bansos ",2025-04-30T05:22:30.000Z,
twitter,"Pengentasan kemiskinan itu sudah tanggungjawab pemerintah. 
Apa bansos yg nggak seberapa bisa turunkan kemiskinan? Sebanding dengan resiko vasektomi/KB?
Vasektomi/KB itu atas dasar persetujuan pasangan, nggak boleh dipaksakan atau diwajibkan. Hak asasi.",2025-04-30T05:21:36.000Z,
twitter,"pertanyaan moralitasnya, apakah keluarga miskin yang terus-terusan bikin anak lebih dari 4-5 anak harus diberi bansos juga? dan emang kurang tepat juga sebenernya kebijakan vasektomi ini. alternatifnya apa syarat bansos perlu dibuat lebih spesifik biar lebih tepat sasaran lagi?.",2025-04-30T05:21:21.000Z,
twitter,"Yg kek gini yg di maksud kang dedi, jgn buat anak kalo ga bisa tanggung jawab. Mau bansos? Vasektomi!",2025-04-30T05:21:18.000Z,
twitter,"layanan kesehatan agar masyarakat miskin punya kontrol lebih atas masa depan mereka. Ini jauh lebih progresif dibanding sekadar memberikan bansos tanpa arah.

5. Vasektomi bukan kewajiban, tapi jika seseorang memilih untuk terus punya anak dalam kondisi miskin, negara tak wajib",2025-04-30T05:12:01.000Z,
twitter,"ya itu namanya paksaan. gak vasektomi berarti gak dapet bansos. pahami dong, bansos itu kewajiban negara bagi masyarakat miskin. udah miskin dikasih syarat2 pula. fasis banget.",2025-04-30T05:10:46.000Z,
twitter,"Langkah Gub 
@DediMulyadi71
 beberapa sangat bagus . Contoh yg paling bagus adalah pembedahan, perubahan dan trnsparasi anggaran...

Cuma juga harus objektif, tidak semua bagus dan tidak masalah seharusnya dikritisi..
Penerima bansos harus vasektomi misalnya... Terlalu jauh ga fair",2025-04-30T05:10:20.000Z,
twitter,Setuju kok tapi ya bukan berarti “kb vasektomi” juga memberhentikan angka kemiskinan. Bukan masalah gak setuju adanya “kb vasektomi” . Lebih condong dijadikan “syarat” bansos aja. Udah,2025-04-30T05:08:14.000Z,
twitter,"Gw sendiri setuju ga setuju dengan isu ini..
Lingkungan gw bukan penerima bansos.
Cuma kalau buat ngilangin kemiskinan ya vasektomi itu bukan jalan.
Pendidikan lo kebut, karena jujur aja.. Bocah sekolah disini itu banyak yang tolol.",2025-04-30T05:07:14.000Z,
twitter,"Vasektomi ini tidak di wajibkan, hanya sebagai salah satu syarat bagi yg ingin mendapatkan bansos dan beasiswa pendidikan. Hal ini supaya mengurangi angka kemiskinan yg mengakar, ketika orang tua mempunyai 5 anak dan mereka tdk mendapatkan pendidikan dan gizi yg layak, cont...",2025-04-30T05:02:24.000Z,
twitter,"sbnrnya tuh mensyaratkan vasektomi untuk bansos tuh gak dibenarkan UU setau gue. ttttaapppiiiiii, klo keluarga ga mampu gabisa kontrol jumlah anak dengan KB yg proper jg bakal jd beban, sedangkan mostly kb yg ada utk perempuan & masih ada kemungkinan ‘kebobolan’ jd bingung jg si",2025-04-30T05:01:27.000Z,
twitter,"konteks diskursus ini kan ngomongin statementnya kdm kok dibilang muter muter, vasektomi itu hak, beasiswa dan bansos itu hak.   logika darimana ga menjalankan hak membatalkan hak yang lain.",2025-04-30T05:01:01.000Z,
twitter,"kb cewek tuh sakit loh, suntik, minum obat, belum pasang iud yg di bengkek vagina nya. belum lagi efek kb buat wanita di jangka panjang kadang haid gk teratur, belum copot iud. ini baru wacana vasektomi (BUAT YG MAO DAPET BANSOS) ribut kyak udah mao kiamat.",2025-04-30T05:00:08.000Z,
twitter,"yang nanya “kenapa bansos harus bersyarat?” ya harus bersyarat lah supaya efektif. tepat guna. syaratnya juga masuk akal kok, vasektomi after punya 2 anak, kalo ekonomi sulit jgn nambah anak. bukankah sama kayak program KB? cuma karena targetnya cowo aja makanya lu pada tantrum.",2025-04-30T04:57:46.000Z,
twitter,Test the water : vasektomi jadi syarat dapat beasiswa dan bansos.,2025-04-30T04:57:44.000Z,
twitter,"ya memang. kan kritik tdhp kebijakan itu teh karena menukar HAK mendapat bansos dengan vasektomi, alias pemerintah memaksa.

mau apalagi? ya bebas rek mau apalagi ge, rek 11 anak ge hak-na, kan.",2025-04-30T04:54:59.000Z,
twitter,"Wacana penerima bansos harus sudah KB, di mana preferably laki-lakinya yang pakai vasektomi, menarik.

Sejauh ini, gue gak setuju sih kalau ga boleh punya anak samsek, karena salah satu hak asasi manusia adalah hak membangun keluarga. UUD pun menjamin hak melanjutkan keturunan.",2025-04-30T04:46:49.000Z,
twitter,"apa ga lebih kasihan kalo si bapak gamau vasektomi maka keluarganya juga menanggung dengan ga dapet bansos? alhasil si ibu harus bekerja lebih keras karena selama ini dapet bansos tapi malah distop, anaknya pun terancam ga dapet beasiswa yg artinya harus kerja lebih ekstra lagi",2025-04-30T04:45:39.000Z,
twitter,"Maksud dia, kalau misal masih blm punya anak tp dia masuk di kategori masyarakat ga mampu, berarti ga bisa dpet bansos dong krn dia ga bisa vasektomi. Gt ga si?",2025-04-30T04:44:19.000Z,
twitter,"Syarat vasektomi itu anak 2, masalahnya nih ya gua kasih tau yang dpt bansos itu rata2 bapaknya penghasilan kecil, anaknya bejibun ampe kemensos batesin anak 4 orang yang di biayain. Sekarang kb bini nya mahal dan mesti rutin. Padahal ada kb lakinya yang lebih top.",2025-04-30T04:42:23.000Z,
twitter,"Entah ya, kalau seperti kasus “incest” bisa dipidana meskipun consentual itu tidak disebut eugenic, apakah sekedar dorongan kb vasektomi dengan “paksaan” berupa kehilangan bansos bisa disebut eugenic. Sama2 punya kausalitas tentang kualitas hidup kedepan soalnya.",2025-04-30T04:40:53.000Z,
twitter,soal vasektomi jadi kewajiban buat dapet bansos gue mutlak gak setuju and i’m proud to morally stand on this ground,2025-04-30T04:37:31.000Z,
twitter,"""Gimana ya caranya ASN naik transportasi umum, kan Jakarta dah banyak akses transum?""

""Oh kita paksa mereka kirim foto aja sebagai bukti""

...

""Gimana ya caranya supaya orang miskin stop bikin anak?""

""Oh kita paksa vasektomi aja biar mereka dapat bansos""

...

Ke(tidak)bijakan",2025-04-30T04:35:03.000Z,
twitter,"https://youtube.com/watch?v=YI9NZ6pYYK0…

Dari wawancara demul ini ga disebutkan kata wajib sih tapi ya emang soal gini harus hati2, salah2 fatal. 

Tapi tetep masalah vasektomi itu gaboleh dipaksa bahkan wajib untuk nerima bansos.",2025-04-30T04:33:45.000Z,
twitter,"lah itu vasektomi salah satu cara menyelamatkan kalian dri kemiskinan terstruktur kocak. udah miskin, ngarep bansos terus, beranak pinak trs. lu pikir aja pake akal sehat noh menelantarkan anak tuh ga dosa kah boy?",2025-04-30T04:33:00.000Z,
twitter,"Setuju sama ide KDM. Lu mau bansos? Vasektomi, jangan punya anak, soalnya kalo LU MISKIN YANG JADI KORBAN ITU ANAK LU YG BANYAK!",2025-04-30T04:32:55.000Z,
twitter,"kebijakan vasektomi buat bansos si KDM ini salah.

mau diliat dari gmn cukur bawah kependudukan.

mau diliat dari gmn hak tubuh direnggut.

blm masalah socio-kulturalnya lah or whatsoever.

kb either obat ato operasi gini emang udah cukup berhenti di “saran” bukan intervensi.",2025-04-30T04:32:14.000Z,
twitter,"Lu baca lagi dodol, si ava kucing dr awal bilang klo sex itu boleh slma pake kontrasepsi. Lu nyinggung masalah pendidikan pdhl puskes/bidan udh sering penyuluhan. Bahkan si kucing jelas2 bikin statemen BUKAN PENDUKUNG KEBIJAKAN HARUS VASEKTOMI KLO MO DPT BANSOS",2025-04-30T04:24:32.000Z,
twitter,"Dimandulkan? Minimal kamu crosscheck dlu, syarat vasektomi itu ada, setidaknya sudah punya 2 anak dan jangka pernikahan sekian tahun, letak dimandulkannya dr mana? Ya kalo lu masih nerima bansos, ngapai beranak mulu, itu point kebijakan ini",2025-04-30T04:24:28.000Z,
twitter,"maaf soalnya gak semua argumen bisa masuk dalam satu twit my bad, tapi di berita udah jelas mewajibkan dan menjadikan vasektomi sebagai syarat buat nerima bansos. see? itu hak warga buat dapetinnya bansosnya. vasek itu bagus kalau dari kesadaran sendiri kalau jadi syarat? no",2025-04-30T04:22:31.000Z,
twitter,lu gaakan diminta vasektomi ko kalo lu bukan warga jabar dan ga minta bansos. jd kalo mau bawa2 agama jgn cuma soal vasektomi tp soal KB dan sterilisasi. jd laki takut banget kalah sm jutaan perempuan yg merelakan badannya dari memutuskan menikah sampai akhir hidupnya bahkan,2025-04-30T04:22:29.000Z,
twitter,"yg kemungkinan ga sepenuhnya keurus oleh yg merasa butuh terima bansos yaudah silahkan vasektomi, tp kalo lu mampu dan gamau vasektomi yaudah silahkan atur kelamin lu biar ga nanem benih terus. jangan ngorbanin istri pake KB, atau kalo mampu dan mau punya banyak anak silahkan-",2025-04-30T04:22:29.000Z,
twitter,"kalo bahas haram ya KB aja gada dalam ajaran islam, sterilisasi? apalagi
kehancuran kelakuan manusia dlm sosial dan agama jg bisa muncul dr banyak nya anak yg ga keurus dan terdidik oleh ortunya, jd kalo konteks mau terima bansos harus vasektomi agar ga menambah anak -",2025-04-30T04:22:28.000Z,
twitter,"gua bukan fans kdm bahkan liat cara kerja dia masi abu2, tp liat twt an laki yg pada kepanasan sama kebijakan soal vasektomi utk penerima bansos gua jg ngakak aja segitu takutnya ya apa kabar para perempuan yg KB tablet, suntik, iud, implan. ada lg yg sterilisasi ga koar2 tuh-",2025-04-30T04:22:27.000Z,
twitter,"Kau bandingkan India jaman kapan dengan Indonesia sekarang. 

Solusi dari kau apa, kalau laki2nya ga mau berKB? 

Lagian program KDM ini untuk yg mau terima bansos saja. Kalau ga mau vasektomi ya sudah ga usah terima. 

Kau ga malu anak Jabar minta2 di jalan, ortunya di rumah?",2025-04-30T04:20:57.000Z,
twitter,"Lha lu juga t*l*lnya permanen, yg kudu vasektomi itu dia sudah merasa miskin dan punya anak 3!! Udah tau miskin jangan banyak2 punya anak. Mau ngemis bansos lu?",2025-04-30T04:19:56.000Z,
twitter,"Lu bngung karena lu mikir terus ga ngerti, udah bagus itu.
Vasektomi bagus.
Vasektomi jd syarat bansos ya kocak namanya. 
Pendidikan sm bantuan utk rakyat miskin mah kewajiban pemerintah.",2025-04-30T04:19:44.000Z,
twitter,"Coba berpikir runut ya walid. 

Spesies manusia berjenis kelamin laki-laki > tinggal di Jawa Barat > menikah > punya anak lebih dari 2 > miskin > ga mampu menafkahi > minta bansos ke pemerintah > pemerintah bilang vasektomi dulu, mau dikasih bansos, ngga ga dikasih.",2025-04-30T04:17:54.000Z,
twitter,"Kak. Kok bisa kamu bilang ini bukan soal maksa ketika kebijakannya literally memaksa orang untuk vasektomi untuk dapat bansos dan atau beasiswa? 

Edukasi setuju, maksain enggak lah. 
Istrinya kakaku yg penyuluh bkkbn aja geleng kepala liat kebijakan ini.",2025-04-30T03:43:44.000Z,
twitter,"Vasektomi harga jutaan untuk bansos yang cuma ratusan ribu , vasektomi jangka panjang bansos kadang2 . Gub konten ini bermasalah sekali klo pake logika sendiri",2025-04-30T03:42:59.000Z,
twitter,"bagus sih kebijakan vasektomi ini, agar tidak banyak orang yg opininya kayak gini, opini bodoh sesuka dia tanpa tepat konteks.

yg dzalim itu udah dikasih bantuan malah seenaknya beranak pinak tapi ngarepin bantuan pmrth, trus keluarga penerima bansos lain yg hrsnya dpt mlh ngga",2025-04-30T03:40:20.000Z,
twitter,"Ketika dapat bansos 1jt misal klo anak 2 msh tercukupi. Lah ini yg dpt bansos klo anak 8. Dipikir gmn cara hidupinnya? Fokus ke vasektomi. Bkn mengambil hak. Lebih menekankan klo iud, kb gratis tp msh merajalela anak pinak. Kasian ke istrinya nih dr grok",2025-04-30T03:38:17.000Z,
twitter,justru karna saya udah baca itu dari awal makanya nanya. Soalnya kan gada penjelasan apakah nanti syarat wajib kb pria itu akan ngikutin ketentuan BKKBN. Dan apakah pria yang dibawah 35 dan belum punya 2 anak ga wajib vasektomi buat dapat bansos,2025-04-30T03:38:03.000Z,
twitter,"Kalo kampanye vasektomi dedi mulyono tanpa ngancam gadapet bansos atau beasiswa, tapi lebih kearah dapet hadiah insentif 500rebu gitu, gak melanggar ham kan?",2025-04-30T03:37:32.000Z,
twitter,"Butuh bansos? Vasektomi (setelah punya 2 anak)

Ga butuh bansos? Ga perlu vasektomi karena dianggap mampu scr finansial.

Sesimpel itu aja",2025-04-30T03:33:45.000Z,
twitter,"Bansos ini sifatnya khusus kan?
Bukan bansos yg uda ada jadi dihapus klo gak vasektomi?

Negara ini PR nya emang banyak
Mau mulai drmn jg bingung
Tp harus diakui kita uda over populated

Edukasi susah dan lama, ya uda pake cara bansos",2025-04-30T03:33:23.000Z,
twitter,"Kemiskinan struktural kebanyakan karna punya banyak anak. Meskipun Bansos peruntukanny untuk org miskin, tapi itu bukan hal rutin tiap tahun krn kemiskinan itu hrs diberantas. Salah satuny lewat vasektomi biar ga mkn bnyk anak",2025-04-30T03:31:11.000Z,
twitter,Ya lu uda tau miskin jangan banyak banyak punya anak lah bgst! Tega banget jadi orangtua membiarkan anak hidup miskin. Klo gamau kb ato vasektomi kan tinggal gausa nrima bansos,2025-04-30T03:30:32.000Z,
twitter,"kalo pada gak mau vasektomi, kerja keras ya biar namanya gak dimasukin daftar bansos  kecuali emang ngarep bansos",2025-04-30T03:30:25.000Z,
twitter,"Gubernur Jawa Barat KDM Wajibkan Vasektomi Bagi Suami Penerima Bansos: Langkah Kontroversial untuk Kendalikan Kemiskinan

#KDM #Vasektomi #GubernurJabar #Bansos #Kemiskinan #Viral",2025-04-30T03:28:36.000Z,
twitter,"Lagian simple ga sih, klo dia ga mau vasektomi ya ga usah Terima bansos, klo mw bansos ya harus vasektomi. Dia masih punya pilihan pdhl.",2025-04-30T03:18:26.000Z,
twitter,"Bansos yg dimaksud ini nantinya semacam beasiswa, BOS, gitu setauku cmiiw

Yg emg diperuntukkan untuk anak. Makanya ada persyaratan vasektomi...

Atau lebih gampangnya, langsung aja ya bansos berlaku hanya untuk 2 anak dalam 1 KK. Jd gk ada prokon tentang vasektomi",2025-04-30T03:18:06.000Z,
twitter,Dedi Mulyadi Jelaskan Alasan Wacana Vasektomi Jadi Syarat Penerima Bansos di Jawa Barat,2025-04-30T03:15:45.000Z,
twitter,"Gua setuju kalo orang-orang harus mikirin kontrol atas “memperbanyak keturunan ini”. Tapi menjadikan Vasektomi sebagai syarat dapat bansos, itu udah keterlaluan sih. Tindakannya udh terlalu ekstrem. Program KB aja bentuknya himbauan dan edukasi loh, bukan pemaksaan kaya DeMul.",2025-04-30T03:11:16.000Z,
twitter,"Vasektomi itu bisa di reverse kok. Dan ttp bisa berhubungan(tdk bkn loyo). Sama saja seperti KB lainnya. Biasanya KB wanita ada efek sampingnya. Ini lbh aman gtu. Nanti jika ekonomi membaik.. sdh tak perlu bansos, mau pny anak lagi bisa.",2025-04-30T03:11:10.000Z,
twitter,"Itu setuju. Tp isunya bukan itu kan? Isunya di Gubernur yg wajibin vasektomi jd syarat bansos.

Iya, dimaafkan.",2025-04-30T03:10:50.000Z,
twitter,vasektomi biar dpt bansos,2025-04-30T03:09:28.000Z,
twitter,"kalo yg dimaksud bantuan yg seharusnya adalah pendidikan dan lap. pekerjaan ini udah masalah jangka panjang, sementara bansos solusi jangka pendek, toh yg vasektomi ada syaratnya coba baca berita deh, gak semua yg miskin tok.",2025-04-30T03:09:02.000Z,
twitter,"Wkwkwkkwwk bodoh bgt ya 
Padahal vasektomi itu syarat wajib buat penerimaan bansos anak, kayak beasiswa, kip, dsb nya.
Jd 1 KK cuma dapet untuk 2 anak aja. Adil klo gini.",2025-04-30T03:06:38.000Z,
twitter,"Bebas aja sih, KDM mau bikin kebijakan laki-laki vasektomi supaya dapat bansos. Tapi, mereka yang vasektomi tujuan utamanya supaya dapat bansos, bukan karena paham betul urgensi dari vasektomi itu sendiri. Padahal, yang terpenting itu pendidikan tentang reproduksinya.",2025-04-30T03:06:05.000Z,
twitter,"Dedi Mulyadi 
@DediMulyadi71
 Wacanakan Vasektomi Jadi Syarat Penerima Bansos di Jabar",2025-04-30T03:05:42.000Z,
twitter,"Dedi Mulyadi 
@DediMulyadi71
 Wajibkan KB Vasektomi untuk Penerima Bansos: Berhenti Bikin Anak Kalau Tak Sanggup!",2025-04-30T03:03:18.000Z,
twitter,"Kan emang bodoh laki laki macam itu 
Klo gak ada embel embel bansos gak akan vasektomi, karena egonya tinggi",2025-04-30T02:48:59.000Z,
twitter,"Pembagian bansos kan emang selalu ada syarat, misalnya pas covid beberapa tahun yang lalu. Syarat penerima bansos nya harus vaksinasi covid-19. Nah tahun ini, syarat penerima bansos nya ini harus bersedia di vasektomi dengan syarat lainnya.",2025-04-30T02:48:10.000Z,
twitter,"orang miskin syarat anak maksimal hanya 2 adalah bagus menurutku
kalo anak dah 2 utk ngelanjutin bansos kasih pilihan vasektomi
kalo gamau berarti dia merasa ga miskin dan sanggup membiayai keluarganya",2025-04-30T02:47:08.000Z,
twitter,"Menahan basic needs orang dengan maksa vasektomi itu bikin dia ga punya pilihan, dying is not a choice, orang2 akan ended up ""terpaksa"" vasektomi demi kebutuhan hidupnya terpenuhi supaya dapet bansos, hak orang gaboleh dipaksa ataupun ditahan, kebijakan ini harus ditolak.",2025-04-30T02:46:28.000Z,
twitter,"Pernyataannya soal kesanggupan menafkahi, betul, setuju. Menerapkan vasektomi juga langkah yg baik untuk keluar dari mindset bahwa KB hanya untuk perempuan. Tapi implementasi vasektomi / KB yg hanya menyasar masyarakat penerima bansos ini berpotensi diskriminatif.",2025-04-30T02:44:12.000Z,
twitter,Gpp vasektomi asal yg nyomot duit bansos di kebiri,2025-04-30T02:44:09.000Z,
twitter,Maksa orang buat vasektomi biar dapat bansos. Orang-orang kok gabisa bedain mana itu pilihan sama paksaan ya,2025-04-30T02:43:46.000Z,
twitter,"Sebenernya yang aneh dr kdm itu dia bilang kalo mau dapet bansos mesti vasektomi dulu. Maksudnya... kan beda ga si? Gue setuju orang miskin mesti kb, tp ngasih bansos mah ya ngasi aja",2025-04-30T02:43:37.000Z,
twitter,"Hah? Ya bahasan ini karena isunya kan itu. Gubernur Jabar mau syaratin wajib vasektomi sebagai syarat nerima bansos.

Masa mau dilepasin dari konteks itu?

Kalo ngomongin KB doang mah ya setuju dong sama program KB, tp isunya kan bukan itu.",2025-04-30T02:42:03.000Z,
twitter,"pdhl mksd dia kan yg udh punya 2 anak dan masuk kategori miskin harus vasektomi jika ingin menerima bansos agar tidak ada lg keluarga miskin yg anaknya banyak dan terlantar… kalau ingin anak lebih dari 2 emng seharusnya cm buat yg mampu, bukan buat yg miskin",2025-04-30T02:42:01.000Z,
twitter,"A good idea on paper, tapi penerapannya untuk penerima bansos tuh klasis! Bagaimana lu bujuk orang-orang yang refused ataupun bomat soal pentingnya KB? Memang bener vasektomi tuh syaratnya harus punya anak dulu, but??? Bentuk komparasi ini juga... Lu kira semua orkay Ronaldo?",2025-04-30T02:38:30.000Z,
twitter,Kalau reward harusnya orang kelas menengah dan kaya yang vasektomi dapat juga reward berupa beasiswa dan bansos,2025-04-30T02:38:24.000Z,
twitter,"bansos itu wajib dbagikan ttp krn itu kewajiban pemerintah trhadap rkyat miskin. mkannya masnya bilang FOKUS EDUKASI juga. pemerintah atau kdm ini kok edukasi belum, apa2 blum uda loncat aja wajib vasektomi. klo mau utk anak yg uda 2, ya jgn cuma nyasar rakyat mskin, smua aja",2025-04-30T02:38:11.000Z,
twitter,"Sebetulnya sih reward memang salah satu strategi agar pada mau vasektomi (selain digratiskan) ya. TAPI bansos untuk orang miskin kan bukan reward, melainkan kewajiban negara. Selain itu, harusnya promosi untuk vasektomi ditujukan untuk semua kalangan, bukan cuma orang miskin aja",2025-04-30T02:37:58.000Z,
twitter,"dia tololnya sih emang ga da obat.
vasektomi gak bisa sembarangan. kek perempuan kalo di steril. ada syarat2nya. apalagi di usia muda. 
yg udh nikah aja dokternya suruh pikir2 berulang kali kalo mau steril dan vasektomi. 
ini lagi si kampret jadiin syarat bansos dan beasiswa.",2025-04-30T02:36:53.000Z,
twitter,"Setuju buat edukasi orang2 miskin supaya aware soal vasektomi dan move on dari ""banyak anak banyak rezeki"" tapi KDM ini demen bgt mojokin org miskin seolah mereka ngga boleh banyak minta dan fokus aja ngurusin perut, ujung2nya apa? org miskin jd sasaran empuk bansos ",2025-04-30T02:35:34.000Z,
twitter,"katanya syarat  vasektomi harus punya anak 2 dulu. ini cowo2 yg gaterima niatnya mau ngapain? mau ternak anak apa gimana?anak udah 2 ya udah cukup lah. lagi pula ini syarat buat beasiswa dan bansos, berarti yg dapat golongan ga mampu. mau punya anak lebih???? wkwkwkw",2025-04-30T02:34:00.000Z,
twitter,"Karena diajukan sebagai syarat penerima bansos. Kalo ga vasektomi, ga nerima bansos. Terdesak kebutuhan ekonomi dan perut mereka yang lapar, mereka tanpa pikir panjang akan melakukan vasektomi. Coba bayangkan kalo peminatnya dari seluruh kelas miskin di Jawa Barat",2025-04-30T02:33:28.000Z,
twitter,emang konteks penerima bansos yang wajib vasektomi ini kata dedi itu harus punya 2 anak dulu? adakah dia bilang kalo belum punya 2 anak gawajib vasektomi?,2025-04-30T02:33:09.000Z,
twitter,"dari sudut pandang khusnudzon gw, ((penerima bansos)) tuh most of them are rakyat menengah ke bawah (and should be them) yg gw rasa masuk kok targetnya buat vasektomi. dan imo, gk ada paksaan. kalo enggak mu vasektomi tinggal gk dapet bansos aja, as simple as that kok.",2025-04-30T02:32:35.000Z,
twitter,"udah 
syarat menerima bansos
1. euthanasia
2. vasektomi
3. rumbling
POPULASI MANUSIA UDAH 8 MILIAR
MARI KURANGI SETENGAHNYA
SHINZOU SASAGEYO
RUMBLING RUMBLING ITS COMING RUMBLING RUMBLING",2025-04-30T02:29:44.000Z,
twitter,"setuju aja ada program vasektomi, tp jangan jadi syarat bansos dong, parah banget dah",2025-04-30T02:29:07.000Z,
twitter,"cukup gatel buat jawab ini. 

ok, tujuannya mungkin untuk pengendalian pertumbuhan penduduk & meningkatkan kesejahteraan. 

tp pemberian bansos & menjadikan vasektomi sebagai syarat untuk menerima bantuan tuh dua hal yang bertabrakan / kontradiktif. 

(cont)",2025-04-30T02:26:51.000Z,
twitter,"aneh bgt replynya. kalo tau butuh bansos berarti ngerti ekonominya sulit, ya harusnya sadar mau ikut vasektomi/kb biar gak byk anak. kalo gak mau vasek/kb yaudah berarti ekonominya bagus buat ngurus banyak anak, ngapain msh ngemis bansos? gak ada unsur pemaksaan gais",2025-04-30T02:26:43.000Z,
twitter,"Ini apaansi tiba2 ada wacana tolol mewajibkan vasektomi untuk yg menerima bansos. I agree 100% kalau belum siap, tunda untuk punya anak dulu. Tapi mewajibkan tindakan medis? Body autonomy, hak asasi manusia?? hello??? Mending lu masukin kondom juga di bansos.",2025-04-30T02:26:34.000Z,
twitter,"ga dipaksain ko, baca ga beritanya? kalo gamau vasektomi karena anak udah lebih dari 2 biji ya ga usah pengen bansos. soalnya duitnya muter di keluarga itu” terus. banyak ko tetangga gue kya gtu",2025-04-30T02:24:04.000Z,
twitter,"Memberantas orang miskin?
Vasektomi itu kan syaratnya udah punya anak minimal 2. Berarti udah ada keturunan toh? Sesuai juga sama slogan keluarga berencana ""Dua anak saja cukup""

PS: Bukan pendukung kebijakan harus vasektomi klo mo dpt bansos.",2025-04-30T02:22:31.000Z,
twitter,"Dipaksain gimana?
Ga mau vasektomi? Gapapa, tapi jangan minta bantuan sosial, anggep aja libertarian kan?
Mau vasektomi? Good, pemerintah kasih insentif berupa bansos.",2025-04-30T02:21:51.000Z,
twitter,"tidak nyambung. yg dapet bansos kan ga semua nya yg ngandelin anak buat naik kasta ekonomi. ya aritnya emang jangan naik kasta kalo mau vasektomi, kecuali niat nya childfree dengan atau tanpa naik kelas.",2025-04-30T02:21:09.000Z,
twitter,"Bansos itu resourcenya gak unlimited 
Apalagi jabar punya hutang 3,4 triliunan
Idealnya bansos itu gak pilih pilih orang miskin mana yg dikasih 
Klo orang miskin lebih banyak dibanding kesanggupan daerah, ya perkecilah demografi miskin itu
Idealnya + loker 
Tp Vasektomi not bad",2025-04-30T02:19:40.000Z,
twitter,"nah kamu mau ga kalo pemerintah bilang gini ke kamu ""saya kasih kamu beasiswa dan keluargamu bansos, tapi bapakmu harus vasektomi dulu, kalo bapakmu ga vasektomi saya ga peduli denganmu, dengan ibumu, dengan adik2mu, oke, setuju?""",2025-04-30T02:19:20.000Z,
twitter,miskin pengen bansos syarat vasektomi bukannya bagus yaa? kok ada yg kontra?? why???,2025-04-30T02:18:05.000Z,
twitter,"nah kamu mau ga kalo pemerintah bilang gini ke kamu ""saya kasih kamu beasiswa dan keluargamu bansos, tapi bapakmu harus vasektomi dulu, kalo bapakmu ga vasektomi saya ga peduli denganmu, dengan ibumu, dengan adik2mu, oke, setuju?""",2025-04-30T02:19:20.000Z,
twitter,miskin pengen bansos syarat vasektomi bukannya bagus yaa? kok ada yg kontra?? why???,2025-04-30T02:18:05.000Z,
twitter,Vasektomi Jadi Syarat Bansos? Gebrakan Dedi Mulyadi yang Bikin Netizen Gaduh Hingga Janjikan Rp 500.000,2025-04-30T02:18:00.000Z,
twitter,Ya makanya itu hasil asuhan orang kaya belum tentu benar apalagi yg penerima bansos. Pdhal syarat vasektomi pun min udh punya 2 anak loh masa mau bikin selusin,2025-04-30T02:17:58.000Z,
twitter,"Ya ini karena terbiasa dikasih bansos, bantuan yg berupa terima jadi drpd bantuan yg ngasih efek domino in a good way.

Pemerintah gagal menjalankan tugasnya sesuai UUD 1945 pasal 34 kemudian enteng bgt ""ayo vasektomi rakyat miskin""

Masyarakat miskin lbh susah diedukasi karena+",2025-04-30T02:15:26.000Z,
twitter,"Tepat sasaran darimananya blok?

Kenapa ga kb dari wanitanya aja blok dan kalo kebobolan, ga dikasih lagi itu bansos.

Vasektomi laki tu lebih banyak keburukannya tolol.

Dikit2 anis dikit2 anis. Anis live rent free in your idiot balding head, you retard fucking face",2025-04-30T02:15:17.000Z,
twitter,"edukasi, sosialisasi, dukungan sosial, dan subsidi untuk kb vasektomi bagi yang tidak mampu 

mewajibkan kb untuk dapat bansos 
kayak gitu malah backfiring nantinya liat aja.",2025-04-30T02:15:12.000Z,
twitter,"kan ga dipaksa, klo gamau bansos yaudah gausah vasektomi. klo mau duitnya ya nurut lah. penerima bansos kan tandanya melarat, masa melarat sok2an mau punya anak banyak? logikanya gitu.",2025-04-30T02:13:50.000Z,
twitter,"Kan kalau enggak mau vasektomi, enggak usah dapet bansos. Kan gampang 
Eh, gini kan susah dimengerti klo penerima sumbangan",2025-04-30T02:11:13.000Z,
twitter,"beli kondom aja kaga mau cuma demi rokok, apalagi vasektomi cuma demi bansos dan beasiswa anak? logika berpikirnya coba dimana? udah seharusnya pemerintah merawat istri dan anak yg punya karakter suami dan bapak begitu tanpa syarat apapun, bukan begitu?",2025-04-30T02:10:28.000Z,
twitter,Walah! Vasektomi Bakal Jadi Salah Satu Syarat Penerima Bansos di Jawa Barat,2025-04-30T02:09:51.000Z,
twitter,"i only agree with him on ""berhenti bikin anak kalau tak sanggup""

selain itu, mewajibkan vasektomi atau bentuk kb apapun buat penerima bansos itu solusi tolol. kdm itu mau membasmi kemiskinan atau membasmi orang miskin???",2025-04-30T02:05:08.000Z,
twitter,Coba ditelaah kang. Itu vasektomi kan sebagai syarat menerima bansos. Semisal gamau ya udah ga usah ngandelin bansos. Tapi harus dikaji juga ini mayoritas miskin tuh karena struktural apa emang pilihan. Kalo struktural diterapin gini ya baru dzolim,2025-04-30T02:03:33.000Z,
twitter,Cuma demi bansos suruh vasektomi?? Wkwkwk,2025-04-30T02:02:50.000Z,
twitter,"Anggep nih ada orang udah punya 2 anak dari istri sebelumnya, kondisi ekonomi jg kekurangan sebagai ""penerima bansos""
Terus dia vasektomi
Tbtb jadi duda dgn berbagai alasan
Kira kira benerkah kalau dia nikah lg dan mau ""nambah"" anak lg ?
Mau dikasih makan apa anak anaknya nnt?",2025-04-30T01:59:43.000Z,
twitter,Mesti mikir kreatif. Edukasi yang lebih intensif. Insentif bagi yang punya anak nggak lebih dari dua. Ini saya mendukung vasektomi lho. Jadi bukan vasektominya yang jadi issue tapi maksa pake bansos yang jadi problem.,2025-04-30T01:59:30.000Z,
twitter,Masak masih produktif kerja nerima bansos terus terusan makin malas vasektomi juga maksimal untuk anak minimal 2 masak kamu udah tau miskin mau punya anak banyak kasian anak anaknya makin tambah beban negara juga and then overpopulasi kemiskinan bertambah,2025-04-30T01:59:16.000Z,
twitter,"Katanya Indonesia unggul karena bonus demografi, eh kok malah disuruh vasektomi buat dapet bansos",2025-04-30T01:56:42.000Z,
twitter,Inovasi apaan. Melanggar hak kok dilanggengkan. Bukan masalah vasektomi nya tapi maksa via bansos itu sama aja kayak orba. Bedanya dulu perempuan sekarang laki-laki.,2025-04-30T01:52:20.000Z,
twitter,"Lha kalimat anda yg terakhir itu yg jd sasaran vasektomi..terutama penduduk miskin yg berharap bansos. Klo org kaya raya, mau punya anak 20 org, siapa yg mau melarang, negarapun tdk bisa melarang ..",2025-04-30T01:51:46.000Z,
twitter,"Rational Bung Dedi buat tie Vasektomi & Bansos adalah econ sustainability ketimbang improve kualitas genetik. 

BUT, efek dari proposal dia (pembatasan reproduksi di kalangan masyarakat kelas ekonomi tertentu) sejalan sama HASIL eugenics.

Kenapa proposal Bung Dedi problematik:",2025-04-30T01:51:38.000Z,
twitter,"Kalo dia sanggup celap celup sana sini berarti ada uang orang mampu,ga mungkin ngajuin vasektomi,karena hanya orang yang kurang mampu yang bakal ngajuin bansos",2025-04-30T01:50:05.000Z,
twitter,"Seperti ini tuh masih masuk diakal, bahkan intensif gaji pns buat anak juga ada batasnya  maksudnya kan ini orang tuanya ga bisa ambil bansos bahkan beasiswa gegara wajib vasektomi, ini yg salah sudah tidak menyelesaikan masalah malah nambah masalahnya",2025-04-30T01:49:02.000Z,
twitter,"1. Kontrol populasi: prasyarat steril buat bansos = imposing reproductive restrictions on the poor.

2. Coercion via incentives = Insentif 500K buat vasektomi buat dinamik koersif ke mereka yg rely ke bansos. See LKY’s Graduate Mothers’ Scheme.

3. Mislokasi tg. jawab = promosi",2025-04-30T01:38:33.000Z,
twitter,"Gue setuju sih, ga nerima bansos pun gue lebih menganjurkan pasangan gue nantinya mau vasektomi",2025-04-30T01:37:31.000Z,
twitter,"Kalo sama guru, kepsek, murid bandel, warga miskin penerima bansos tegas, berani, garcep, pecat, berhentikan, kirim ke barak militer, mau dpt bansos vasektomi, tp sama ormas mah melenoy ",2025-04-30T01:32:49.000Z,
twitter,"Pengennya laki"" indo miskin ini vasektomi dgn kesadaran diri sendiri 
Tp emang indo mah hrs diiming-iming pake bansos dulu  baru mau",2025-04-30T01:32:16.000Z,
twitter,"Program kb itu bentuk negara mengedukasi. Itu berhasil. Tp skrg kan nggak digencarkan lagi. Malah disini KDM meminta untuk 'wajibkan' penerima bansos untuk vasektomi. Pdhl kemiskinan itu struktural. 
Intinya kb boleh, asal pilihan ybs. Jangan dipaksa, apalagi jd syarat.",2025-04-30T01:31:00.000Z,
twitter,"Dari pada vasektomi yg ngga ada dampak ekonominya dan berpotensi menurunkan angka penjualan kondom, mendingan tambahkan kondom di dalam Bansos....angka penjualan kondom bakal melejit, ekonomi berputar",2025-04-30T01:30:17.000Z,
twitter,Kalau birth rate indo turun mungkin wajar pada protes tapi masalah bansos akar masalahnya dimensional. Solusi vasektomi menyasar ke laki krn lbh efektif menjawab masalah2 tsb. Kalau ga mau vasek ya ga usah bansos. Tetangga gw noh kawin cerai terus beranak trs. Minta bansos trs,2025-04-30T01:28:32.000Z,
twitter,"Dan KDM 
@DediMulyadi71
 diserang abis2an krn mewajibkan vasektomi untuk penerima bansos.
Apa kagak dosa tuh membiarkan anak kelaparan dan tidak disekolahin dgn baik?",2025-04-30T01:26:14.000Z,
twitter,"Nah ini hal yg dr kmrn jd fokusnya, orang2 tu sama vasektomi ato KB lainnya ga masalah krna ya urusan pribadi masing2 KB mana yg dipilih, tp klo sampe dipaksa dan dijadiin syarat buat dpt bansos jatohnya emang fasis dan bahaya.",2025-04-30T01:24:54.000Z,
twitter,"Namanya itu pemaksaan mbak. 

Memaksa orang miskin buat vasektomi dengan ancaman bansos dll. Padahal bansos itu adalah tanggung jawab negara karena mereka gagal mewujudkan kesejahteraan",2025-04-30T01:24:29.000Z,
twitter,dikira orang anti sama vasektomi atau kb padahal ya simply against government maksa warganya untuk kb buat dapet bansos. lu semakin memberikan ruang buat government buat dictate hidup lu tapi mereka gapernah nyelesain masalah fundamentalnya,2025-04-30T01:17:57.000Z,
twitter,"Thread 

sama vasektomi buat cowok miskin yang anaknya udah banyak dan mau minta bansos. Lah emang salah? Gak dipaksa juga, cuma syarat. Anak lo udah segambreng, masih mau nambah? Gak malu? #DediMulyadi #jawabarat #vasektomi #bansos",2025-04-30T01:15:51.000Z,
twitter,Pdhl sblm vasektomi dpt bansos. Udah duluan digencarin iud dpt bansos. Tp kok gada yg ribut² gini kayaknya?,2025-04-30T01:13:29.000Z,
twitter,"Sy tdk thu sejarah gubernur jabar, tp sy bingung kenapa ada orang sensi terhadap rekomen beliau agar pria vasektomi agar dapat bansos  hooh sih mmg jadinya mungkin terdengar banyak snk buat rakyat kurang mampu dapetin bansos,",2025-04-30T01:12:43.000Z,
twitter,"dah miskin kok mau punya anak banyak... ya bener vasektomi lah. ngidupin diri sendiri aja kesusahan kok gegayaan mau beranak-pinak dan ngarepin bansos, kocak.",2025-04-30T01:06:24.000Z,
twitter,"Dan kebijakannya, kalo emang bener orang miskin yang ga vasektomi ga bakal dapet bansos (dan even KIP), itu namanya pelanggaran hak

Vasektomi selama ini masih dicover ma BKKBN, tapi sekarang kebijakannya buat yang udah punya anak aja seingetku",2025-04-30T01:03:09.000Z,
twitter,"Vasektomi kan yg udah punya 2 anak lebih., vasektomi tdk sama dgn kebiri. Ngeliat SDM negara ini emg hrus diatur tangan besi ga mempan dgn edukasi. Lagian kata gw teh bansos ini stop saja t. Mending alihkan anggarannya utk mengcover BPJS, kuliah gratis, dn pmbangunan infrastruktu",2025-04-30T01:02:24.000Z,
twitter,Dedi Mulyadi Wacanakan Vasektomi Jadi Syarat Penerima Bansos di Jabar,2025-04-30T01:00:30.000Z,
twitter,Yang maksa siapa? Kalau nggak mau vasektomi ya nggak usah minta bansos. Punya anak lebih dari 2 seharusnua anda udah mampu secara  finansial,2025-04-30T00:58:53.000Z,
twitter,"Gw setuju sama vasektomi, cuman ketika vasektomi dijadikan syarat untuk bansos atau beasiswa, bukan nya ini pemaksaan ya??",2025-04-30T00:55:14.000Z,
twitter,"Penerima bansos = kategori kalangan menengah bawah - bawah. Otomatis, kalau punya anak banyak, ekonomi mereka ga bakal mencukupi. Makanya, vasektomi lebih ditujukan ke orang-orang ini, biar anak-anak yang udah lahir di keluarga mereka, tercukupi secara batin dan materil.",2025-04-30T00:54:59.000Z,
twitter,"kasih soal vasektomi nya setuju, tapi kalo bansos dan beasiswa kurang setuju. karena itu hak yang sudah memang seharusnya",2025-04-30T00:54:47.000Z,
twitter,"No it's bad, Karena penekanannya (setidaknya yang di media) kalo ga vasektomi ga bakal dapet akses ke bansos

Kebijakan ini bakal baik kalo sifatnya yang vasektomi dapet insentif",2025-04-30T00:53:28.000Z,
twitter,"Bener Kebijakan KDM kemarin, kalo dapet bansos wajib vasektomi kalo gak ya gini jadinya.
Harus diterapkan semua wilayah harusnya jangan jabar aja",2025-04-30T00:52:28.000Z,
twitter,"disebut permanen karena berlaku seumur hidup tidak perlu dilakukan 2 kali, kl mau melepas ikatan itu masih bisa namun sulit kasusnya. Jd pilih tempat yang tepat untuk melakukan vasektomi. Pemerintah seharusnya edukasi seperti ini bukan malah bansos yg memanjakan orang miskin",2025-04-30T00:36:00.000Z,
twitter,"kok gitu sih argumennya
itu si Fahri tidak setuju jika vasektomi dijadikan syarat wajib utk Nerima bansos dan beasiswa....argumennya itu melanggar hak asasi manusia

nah sekarang argumenmu apa setuju vasektomi dijadikan syarat bansos dan beasiswa

diskusinya jgn loncat ya!!",2025-04-30T00:35:29.000Z,
twitter,"kadang capek ngomongnya, sebenernya pada tau ga sih ide vasektomi dan bansos ini gaakan solutif? kudu nonton filler ashura sama indra pas bikin sumur dah kayaknya orang²",2025-04-30T00:35:22.000Z,
twitter,"Sebenernya logikanya gampang, gimana kalo ortunya egois dan gamau vasektomi? Apakah berarti anaknya tetap bakal ga bisa dapet bansos/beasiswa?",2025-04-30T00:29:43.000Z,
twitter,Kenapa gak dikasih pilihan bijaksana utk menyarankan KB saja yg lrbih banyak alternatif cara utk mengatur/mengontrol kelahiran...bukan vasektomi yg menyalahi kodrat manusia... Apalagi diwajibkan utk dapat bansos....  Makin ke sini makin ke sana aja...,2025-04-30T00:27:22.000Z,
twitter,"Aku sepakat vasektomi harus digalakkan edukasinya. Tapi negara tuh perannya sebatas itu. EDUKASI. SOSIALISASI. Kalau bisa kasih INSENTIF. DIBUJUK. Tapi garis bawahi, insentifnya ga boleh berkaitan dengan apa yg udah jadi kewajiban negara. BANSOS dan BEASISWA itu KEWAJIBAN NEGARA",2025-04-30T00:22:50.000Z,
twitter,"Mencegah keluarga punya anak mungkin ya. Tapi mencegah bapak nganggur dll? Kan enggak. 

Terus nih, kalo sekarang dia sejahtera gak miskin. Terus punya anak 5 (kan yg wajib vasektomi cuman yg miskin buat dapet bansos) lalu jatuh miskin dan jadi kek yg lu sebutin. Masalahnya",2025-04-30T00:17:39.000Z,
twitter,"Gubernur goblok, lu selesein itu kemiskinan sm pendidikan bukan iming2 bansos pake syarat vasektomi anjggg orang tu kalo mapan, sibuk, dan berpendidikan gak akan kepikiran ngewe brutal sampe beranak banyak",2025-04-30T00:10:36.000Z,
twitter,"Edukasi vasektomi bagus apabila disosialisasikan lebih luas dan kalau memilih KB tersebut, oke berarti progresif. Tapi kalo menjadi syarat biar dapet bansos, ini udah fasis.",2025-04-30T00:09:27.000Z,
twitter,"Saya 'juga' pilih anda 
@DediMulyadi71
 karena saya anggap anda terbaik. Tapi saya kecewa dgn program anda yg akan mewajibkan KB vasektomi ke pria miskin yg keluarganya butuh bansos diluar nalar sangat tidak manusiawi. Anda membunuh kehidupan mereka 'kedepan' selamanya -mikir-",2025-04-30T00:07:59.000Z,
twitter,"Saya 'juga' pilih anda 
@DediMulyadi71
 karena saya anggap anda terbaik. Tapi saya kecewa dgn program anda yg akan mewajibkan KB vasektomi ke pria miskin yg keluarganya butuh bansos diluar nalar sangat tidak manusiawi. Anda membunuh kehidupan mereka 'kedepan' selamanya -mikir-",2025-04-30T00:01:11.000Z,
twitter,"Broh, program pemerintah itu himbauan. Wacana si dedi vasektomi jadi syarat terima bansos. Masa Baca begitu aja gak ngerti?",2025-04-29T23:46:50.000Z,
twitter,"Saya blm mencari “ketentuan” bansos tapi wajib vasektomi ini dengan maksimal jumlah anak berapa.
Tp misal ada ketentuan “calon penerima bansos yang sudah memiliki anak lebih dari 3 WAJIB melakukan vasektomi” saya setujuh.
Krn apa? dari dulu banget pemerintah sudah ada program -",2025-04-29T23:46:17.000Z,
twitter,"Klo bkin anak bisa banyak knpa gak di kasih kerjaan aja? Lapangan kerja di tambah,bkn momongin org yg punya banyak anak dgn bansos,apalagi masih mampu. Sasaran vasektomi ini usia brapa? Angka kelahiran skrg turun,dan pengangguran yg melejit,salah satu penyebab kemiskinan nambah",2025-04-29T23:44:25.000Z,
twitter,"Sebelumnya uda diingatin masalah apa yg terjadi saat KM50,malah diketawain,akhirnya skrg kena sendiri,diingatin bahaya doxing,malah didukung,akhirnya kena lagi,diingatin bahaya syarat dapat bansos harus vasektomi,malah dianggap nentang vasektomi,pada paham ga sih maksud kta apa?",2025-04-29T23:40:28.000Z,
twitter,"Memang si Mb E ada dasarnya saat memberikan pendapat.

Tp kultur dan sifat orang Indonesia agak beda dengan orang India.
Dan, kalau gk dikasih ""ancaman"" withholding beasiswa/bansos, kmungkinan pd gk m vasektomi. Orang Indonesia mang harus dgituin.",2025-04-29T23:30:20.000Z,
twitter,Dedi Mulyadi Usulkan Pria Wajib KB Vasektomi Syarat Terima Bansos,2025-04-29T23:30:00.000Z,
twitter,"Hebat bgt karena banyak duit,ngapain susah² vasektomi biar dpt bansos",2025-04-29T23:29:16.000Z,
twitter,"miskin banyak anak ngandelin bansos, giliran dikasih solusi vasektomi biar anaknya ga makin banyak malah ngatain gubernurnya. ngarepnya dikasih bansos trs gitu? ",2025-04-29T23:28:44.000Z,
twitter,"kyk paham ga sih ni org miskin tdk di encourage untuk bekerja tp bergantung sm bansos yg harus vasektomi jg yaampun kasian amat wkwk, mnurut gue ga akan solve the problem jg deh :/",2025-04-29T23:28:39.000Z,
twitter,"... mereka bisa stop memberikan keturunan yg sm dgn ortunya. Selain itu, vasektomi cmn menghilangkan tujuan seksual untuk bereproduksi kok, selain itu seperti rekreasi, intimate, emosi, pelepasan hormon, ekspresi, dan lainnya masih full. Lalu msh ada kok pilihan gaterima bansos.",2025-04-29T23:28:37.000Z,
twitter,"sbnrnya pas baca ini gue mixed feelings dah, ok cool tp kyk.. knp harus bansos deh wkwk i believe that vasektomi itu harusnya datang dr kesadaran diri sndiri. kita kan jumlah manusianya udh trlanjur membludak knp gk sdiain lapangan pekerjaan aja sih.",2025-04-29T23:26:37.000Z,
twitter,"Normalisasi vasektomi is the best choice, tunjukin bukti vasektomi sebelum terima bansos atau beasiswa itu ide cemerlang I support him tho",2025-04-29T23:05:06.000Z,
twitter,"Apa yg elu harapkan dari KDM yg baru menjabat 2 bulan? Aturan dia soal penerima bansos syaratnya hrs vasektomi, kan sifatnya jangka pendek. Yg keliatan depan mata duluu yg diberesin kan?

Ngurusin lapangan pekerjaan gabisa instan, minimal 6-12 bulan baru bisa elu tagih janjinya",2025-04-29T23:03:32.000Z,
twitter,"Klo cuma menyarankan ok aja lah tp klo udh sebagai syarat menerima bansos or beasiswa itu udh penindasan.. 

Vasektomi fatwa MUI = Haram 
Merokok fatwa MUI = Haram 

Yg masih ngerokok jgn ngebacot benahin diri dulu!!",2025-04-29T23:03:20.000Z,
twitter,"Kalo nyuruh vasektomi mah jangan disogok bansos

Sogokannya yg lbh memggiurkan lg ngapa, rumah kek, uang 500jt kek",2025-04-29T22:57:35.000Z,
twitter,"Saya setuju dengan opini kamu bahwa kebijakan vasektomi sebagai syarat bansos di Jawa Barat terlalu memaksa dan bermasalah. Kebijakan ini mengancam hak asasi, terutama otonomi tubuh, dan menekan masyarakat miskin secara tidak adil. Ada alternatif seperti pendidikan keluarga",2025-04-29T22:55:34.000Z,
twitter,"Atau kalo emg mau vasektomi, sogokannya jangan cuma bansos kebutuhan pokok, kasihlah sogokan insentif yg lbh gede lagi yg lbh menggiurkan lagi kaya rumah kek tunai kek 100jt",2025-04-29T22:52:44.000Z,
twitter,"setuju. fully support program vasektomi, tapi ngga dengan begini caranya. cape cape bkkbn edukasi soal vasektomi supaya orang sadar dan mau vasektomi karena memang tau tujuannya untuk apa. ini malah dipakek buat persyaratan bansos, emang setan.",2025-04-29T22:50:40.000Z,
twitter,"iya itu maunya netizen, edukasi vasektomi supaya orang orang mau/secara sukarela melakukannya (progresif). yg dimasalahin KDM ngewajibin vasektomi buat nerima bansos (fasis). their body their choice, ketika diwajibin jadi bukan their choice kan? nggak kontradiktif kok..",2025-04-29T22:47:41.000Z,
twitter,Pemerintah kali ini bukan pro vasektomi tapi pro pemaksaan & fasis. Kalo pro vasektomi harusnya diedukasi dulu secara masif bukannya dipaksa dengan diancam ga akan dpt beasiswa & bansos. Lagian beasiswa bukannya buat anak kuliah? Mereka masih umur produktif disuruh vasek?,2025-04-29T22:36:44.000Z,
twitter,"Saya kira kebijakan Dedi Mulyadi yang mewajibkan vasektomi untuk penerima bansos sangat kontroversial. Secara etika, ini bermasalah karena bisa melanggar hak reproduksi dan otonomi tubuh, apalagi Indonesia menganut prinsip KB yang sukarela berdasarkan FP2030.

Selain itu, ada",2025-04-29T22:35:05.000Z,
twitter,"Ini cocok ikut program gubernur KDM, yang mau dapat bansos ikut vasektomi",2025-04-29T22:32:35.000Z,
twitter,"4. Jadi ada 2 hal yg dilarang hukum di sini:
  1) Pemaksaan vasektomi melanggar UU 39/1999 & UU 12/2022
  2) Persyaratan bagi fakir miskin untuk dapat bansos, apalagi syaratnya melanggar hukum, yg melanggar UUD 1945.",2025-04-29T22:27:44.000Z,
twitter,"Bukan masalah ga dapet bansos atau beasiswanya sih, lebih ke dosanya aja, karena vasektomi kan haram kalo tanpa indikasi kewajiban medis.",2025-04-29T22:26:35.000Z,
twitter,"Kalaupun ini buat penerima bansos pun aku ttp kontra. Kemiskinan struktural ga cuma bisa dikurangi dengan ga nambah anak, walau aku stuju bahwa orang miskin lebih baik nahan diri punya anak, tapi kalau ada pemaksaan untuk wajib vasektomi aku kontra, krn harusnya ini datang  dari-",2025-04-29T22:07:18.000Z,
twitter,"Maksudnya jgn jadi alat tukar bansos dan beasiswa. D vrindavan, vasektomi utk mengentaskan kemiskinan malah marak ks. Mungkin karena sdm rendah cuma cari enak aja dan udah gak takut bakal menghamili orang, makanya gak takut melakukan ks.",2025-04-29T22:05:53.000Z,
twitter,Hah ngandelin bansos? Wkkwk tuh dedi di atas blg klo mau nerima bansos harus vasektomi. Simple artinya lu mampu,2025-04-29T22:05:24.000Z,
twitter,"Noh lapangan kerja aja terbatas+pake embel2 syarat dakik kyk usia blablabla,beasiswa yg harusnya buat orang miskin malah salah sasaran,begitu pula bansos+bantuan2 lain juga masih bisa2nya dikorupsi.
Kerjaan anda sebelum kebijakan vasektomi ini belum selesai ya pak!",2025-04-29T21:58:04.000Z,
twitter,"Padahal anda juga menggunakan suara2 org miskin agar bisa menang, klo mau berantas kemiskinan yaaa permudah akses perekonomian+pendidikan mereka,bukannya malah langsung kebijakan vasektomi tedeng aling2
Keliatan banget g mau susah nyari solusi,pake wajib buat bansos lagi",2025-04-29T21:55:08.000Z,
twitter,"Soal wacana KDM yg bikin kebijakan soal vasektomi sbg syarat bansos tuh gw ga setuju krn terkesan diskriminatif dan sebuah bentuk kebijakan ""jalan pintas"" dari pemerintah yg mengesampingkan isu kemiskinan struktural.

Tp yg begini sih cowonya divasektomi paksa keknya oke",2025-04-29T21:46:39.000Z,
twitter,"gw cowo, gw gak patriarki, gw sangat setuju dengan opsi vasektomi sebagai program KB yang patut dipromosikan sebagai hal baik.

tapi, bukan sebagai kewajiban menerima bansos juga. ini bukan sekedar masalah angka, tapi bagaimana pemerintah mengatasi masalah kemiskinan dan-",2025-04-29T19:37:04.000Z,
twitter,"gak dipaksa kok, kalo ga mau vasektomi ya gausa ambil bansos",2025-04-29T19:34:57.000Z,
twitter,"Kalau mau menerapkan sesuatu itu ya harus pada semua warga,bukan pada golongan tertentu spt penerima bantuan.Gua termasuk setuju vasektomi,tapi jangan disasar cuma buat penerima bansos doang,fasis itu namanya.",2025-04-29T19:31:32.000Z,
twitter,"Maksud KDM itu buat batasin penerima bansos per keluarga. Okay misal gak perlu vasektomi juga oke. tapi berarti dibatesin jumlah bansos dan beasiswa perhousehold cuma 1-2 anak aja yg dikasih, anak lain tanggungan pribadi.",2025-04-29T19:04:54.000Z,
twitter,Ngeri Kenapa? Kan udah punya anak ? Dan kalau mau vasektomi dapat bansos,2025-04-29T18:52:57.000Z,
twitter,"begini ya kak gem, kalo ga mau program vasektomi baru dapet bansos ya cari duit yg banyak ga usah ngarepin bansos. 
buat makan aja ngarep bansos apalagi ngurus anak bejibun???? paham",2025-04-29T18:51:44.000Z,
twitter,"Sama gue juga ada pertanyaan emng yang ngurusin vasektomi penerima bansos dan yg mau beasiswa?. 
Meskipun kita tidak berperan kuta punya hak untuk mengawasi kebijakan ga sih? Dripada engga kritis gmn dong? ",2025-04-29T18:44:50.000Z,
twitter,"Salahnya lo ngedukung kebijakan yg melanggar Hak orang buat punya anak, perihal orang itu mampu atau tidak itu urusan dapur orang, ngapain lu banyak cincong ngatur2. Klo dia miskin dia berhak dapet bansos dan ga ada kewajiban harus vasektomi.",2025-04-29T18:43:20.000Z,
twitter,"Saya setuju vasektomi, bahkan saya pikir KB perempuan itu ga perlu ada selama ada vasektomi. Problemnya di sini adalah ketika vasektomi ini dijadikan syarat wajib untuk mendapat bansos atau beasiswa. Bansos dan beasiswa merupakan hak masyarakat. Vasektomi bukan kewajiban.",2025-04-29T18:43:18.000Z,
twitter,"still, should do a better approach. 

yang dibutuhin dari pro dan kontra vasektomi di indonesia ini adalah sosialisasi dan edukasi, bukan bansos.",2025-04-29T18:39:10.000Z,
twitter,"@ferizandra
 @HickleMilt69847
 Saya lihat usulan Dedi Mulyadi soal vasektomi sebagai syarat bansos ini kontroversial banget. Dari sisi agama, baik Islam maupun Katolik menentang keras karena dianggap haram dan melanggar nilai prokreasi. MUI bahkan udah keluarin fatwa, dan Gereja",2025-04-29T18:37:38.000Z,
twitter,"Baca beritanya bang vasektomi dilakuin biar pembagian bansos merata, agar ga cuma satu keluarga yang punya banyak anak aja yg nerima bansos dan biar orng miskin di indonesia ga makin banyak. Kalo gamau bansos krn masih mau punya anak ya tunggu sampe semua anaknya lahirlah",2025-04-29T17:55:39.000Z,
twitter,"cuma gara gara ada kata “vasektomi” langsung pada muji muji bilang W move lah great point lah… padahal jelas jelas approach nya “syarat menerima bansos”, once again, Syarat Menerima Bansos. gampang banget ngasi panggung ke orang cari muka jalur riding the wave gini.",2025-04-29T17:54:14.000Z,
twitter,"Ini gimana sii mikir nyaa, bansos2 itu di kumpulin sampe bisa tergolong kaya kaaahhhhhhh
Lu klo misal miskin trs punya anak 10 nah di vasektomi, tapi kalo lu udh kaya dari bansos itu (sesuai yg lu mau)kan bisa lu konsul sama dokter supaya bisa hamil punya ank 100 gmn caranya ",2025-04-29T17:47:39.000Z,
twitter,"Dedi Mulyadi dan para pendukungnya adalah salah satu contohnya. 

Anak nakal -> sekolah militer
Bansos -> vasektomi
Kesenjangan ekonomi siswa -> larangan study tour dan perpisahan.",2025-04-29T17:40:41.000Z,
twitter,"Mgkn mksdnya lbh ke pengetahuan ttg tanggung jawab terhadap sesuatu, khususnya punya anak. Vasektomi gpp, asal itu kemauan ybs, bukan syarat dapet bansos/bantuan. Kelihatannya jadi ada 'pemaksaan' dan jatuhnya mengurangi kebebasan dlm menentukan nasibnya.",2025-04-29T17:37:46.000Z,
twitter,"Vasektomi yg diwajibkan untuk bansos karena policy makernya sendiri ga mampu urusin kerjaannya sebagai gubernur.
 Doing anything but doing your own job properly, everyone is guilty except the one that has responsibility to govern the people.",2025-04-29T17:37:04.000Z,
twitter,"Hehe, kebijakan si ""jomblo"" itu secara ilmiah bisa kita sebut *Vasektomia Incentivus*, campuran vasektomi dan insentif, sesuai nada guyonan di thread. Ini cuma nama lucu, bukan resmi ya! Kebijakan Dedi Mulyadi ini bikin heboh karena wajibkan vasektomi buat terima bansos,",2025-04-29T17:31:18.000Z,
twitter,"Yapp. Kalau jadi syarat bagi penerima bansos, tujuan vasektomi jadi lain lagi: untuk dapat bansos. Padahal vasektomi ya sebagai pengendali kelahiran.",2025-04-29T17:24:28.000Z,
twitter,"hak berbeda dengan kemampuan atau engga..

katakanlah, 
A punya anak 2, (rencana ingin punya anak 3)
dan dia butuh bansos
harus vasektomi 

2-3 tahun kemudian, dia sudah naik kelas 
tak perlu bansos

apakah ada jaminan bisa dikembalikan?

bansos ga dapet,
tapi anak juga ga dapet",2025-04-29T17:24:26.000Z,
twitter,"kak tp jujur dr headline diatas, aku jg ga mikir sesempit menahan bansos demi vasektomi. Tapi psti ada syaratnya, gak mungkin yg bkm punya anak surug vasektomi. menurut aku maksimal udh ada anak 2 spt KB, bukan yg mentah emg nahan bansos krn ga mau vasektomi.",2025-04-29T17:16:53.000Z,
twitter,"YA TAPI ga sebanding dong sama organ yang “dirusak”(?) apalagi kan vasektomi itu permanen loh, ini lagi di wajibin, padahal ada syarat2 yang harus dipenuhi kalau mau dilakukannya vasektomi. ini lebih ke ga setuju KARNA jatohnya vasektomi dijadiin bahan trade sama bansos… yang",2025-04-29T17:09:05.000Z,
twitter,"Entahlah, kalo aku ngeliatnya lebih ke ‘motivasi’ buat vasektomi. Soalnya buat ekonomi menengah ke bawah ga familiar dan cenderung tabu tentang kb pria ini. Sedangkan ketika disandingkan dengan ‘iming2 bansos’ mungkin bakal bikin masyarakat ‘termotivasi’ ngelakuinnya.",2025-04-29T16:43:27.000Z,
twitter,Sebenernya cm underline “syarat” “wajib” nya itu doang sihhh bukan ada maksud lain “biar cewenya aja yang kb” atau “garis keras tidak setuju kb vasektomi” . Bukan itu  bansos kandiharapkan bagi beberapa org ya. Jgn sampe jadi seperti memojokan gt loh.,2025-04-29T16:42:11.000Z,
twitter,"dan mba nyantumin pasal jelek yang melanggengkan pemaksaan populisme ga bikin mba luput dari tone deaf. Tentu aja berharap Vasektomi bisa keluar dari kebijakan bansos. 

Poinnya adalah komunikasi, jangan saking oposisi, pasal populis jelek dimasukkin.",2025-04-29T16:38:43.000Z,
twitter,"Gen ask, how on this godforsaken earth “mewajibkan vasektomi untuk dapat bisa mengakses beasiswa & bansos” is equal to “their body their choice”?",2025-04-29T16:34:47.000Z,
twitter,"Lho kenpa? Dari awal lagi bahas syarat bansos ama beasiswa yg di perketat dengan vasektomi kan? Elu amalah bilang kalo itu jaminan setiap wni yg harus nya tanpa syarat, wkwk elu yg kepelest itu mh ",2025-04-29T16:28:49.000Z,
twitter,"bakal naik. Nanti berapapun keluarga punya anak, jika sdm mereka baik maka mereka bisa memenuhi ekonomi secara mandiri tanpa bansos atau vasektomi.

Cmiiw",2025-04-29T16:28:48.000Z,
twitter,"Baiknya pemikiran ini lahir dari kesadaran pribadi, bukan disuruh vasektomi baru bisa dapet bansos. Itu pemaksaan namanya.",2025-04-29T16:23:49.000Z,
twitter,"Saya memberi testimoni sebagai warga bahwa saya merasa dimudahkan dengan kebijakan vasektomi, melepaskan atribut politik pembuatnya. 

Ga ada pemaksaan kalo ga ikut bansos. Kalo mba asal jadi oposisi tanpa peduli elemen kritis ke masyarakat kecil, apa guna itu ijazah? ",2025-04-29T16:23:45.000Z,
twitter,"emang kenapa dah kalau divasektomi? ibu2 dari dulu pada di KB kaga ada koar2, pilihan vasektomi juga ada ketentuannya kali. kalau masih bergantung sama bansos minimal jangan egois sampe pengen punya anak 10 tp financial ga mencukupi",2025-04-29T16:23:34.000Z,
twitter,"menurut gue ""ancaman"" tdk dpt bansos utk yg tdk vasektomi adalah salah satu cara utk mengontrol angka kelahiran itu sendiri. in this economy? come on..",2025-04-29T16:22:06.000Z,
twitter,"Coba baca lagi wacananya KDM, khsususnya terkait ancamannya soal bansos dan bagaimana penyuluhan KB selama ini. Biar paham kenapa banyak yg kontra soal vasektomi ini",2025-04-29T16:19:35.000Z,
twitter,"mungkin political stand kamu benar di ruu tni, tp kalo di konteks vasektomi dan bansos, maaf sepertinya kmu gk berada dalam perspektif kelas.",2025-04-29T16:07:43.000Z,
twitter,"Masih ada kondom walaupun gak 100% ngaruh at least bukan “memandulkan” . Silahkan edukasi ttg vasektomi, asalkan dilakukan dengan tanpa syarat dan paksaan. Yang jadi masalah adalah syarat untuk dapat bansos harus mandul kasarnya.",2025-04-29T15:59:43.000Z,
twitter,"ya sama aja atuh kang 
kalo beasiswa saya ga setuju vasektomi sebagai syarat....
kalo bansos saya saya abstain dalam berpendapat vasektomi sebagai syarat....",2025-04-29T15:57:47.000Z,
twitter,Pemahaman seperti itu akan muncul di masyarakat yang SDM nya baik. Fokus di situ dulu utamanya bukan ujug² nahan bansos buat masyarakat miskin yang ga mau vasektomi. Itu fasis dan mengarah ke eugenik,2025-04-29T15:54:18.000Z,
twitter,"Mnurt gw ni dah tepat kalo bnyk anak tp ekonomi drop udh pling bener vasektomi dpt bansos kb terlaksana bsa survive juga , win win solution juga",2025-04-29T15:48:07.000Z,
twitter,"Vasektomi dpt bansos, atau di Jepang gas ngentot trs biar dpt bansos",2025-04-29T15:47:05.000Z,
twitter,"Bukan berarti kontra KB, vasektomi dll. Tp ini kebijakan yg cukup aneh, seharusnya yg diregulasi adalah kesiapan dan edukasi ketika akan menikah baru dikaitkan dengan bansos. Tujuan menikah jangan dirasionalisasi biar ""sah"". Muasal kontrasepsi itu juga dr edukasi u/ kontrol diri.",2025-04-29T15:43:45.000Z,
twitter,"Syarat penerima bansos = miskin & vasektomi
Kriteria miskin menurut kemensos = mengeluarkan uang lebih dr 20rb sehari utk kebutuhan. 
Kenyataan = Sehari keluar >20rb, yang artinya tdk miskin dan tdk layak dpt bansos = program vasektomi gagal.",2025-04-29T15:33:35.000Z,
twitter,org dengan sdm rendah yg marah marah gaboleh dpt bansos klo ga vasektomi ,2025-04-29T15:33:30.000Z,
twitter,"Karena vasektomi sifatnya permanen.. skrg mungkin miskin makanya minta bansos dgn konsekuensi di vasektomi, setelah nanti ternyata dia sukses udah keburu mandul..",2025-04-29T15:28:36.000Z,
twitter,"Cost dari lu putuskan vasektomi sampe lu sambungin kembali tuh saluran sperma, itu gede. Belum lagi chance keberhasilan jika ingin kembali hamil, bisa sampe IVF dan itu gak murah. Makanya program ini harus penuh kesadaran dan standar yg gak bisa digampangin demi bansos dsb.",2025-04-29T15:28:16.000Z,
twitter,"Makanya sekolah yg bener biar gak jadi kambing, mbee mulu tapi gak ada isinya . Syarat vasektomi aja kudu punya anak dulu minimal 2. Lagian itu orang2 bansos pada mau punya anak berapa sih? 11 biar jadi timnas sekalian? Cukup lah 2 aja. Biarpun vasektomi masi bisa ngews enak",2025-04-29T15:26:04.000Z,
twitter,"syarat vasektomi di Indonesia itu kan
1. berusia di atas 35 tahun 
2. udah punya 2 anak
menurut gue masyarakat yang umurnya produktif (35+) tapi masih bergantung sama bansos emang secara konvensional ga mampu buat nambah anak lagi. jatohnya lebih kasian ke anaknya nanti.",2025-04-29T15:13:39.000Z,
twitter,"Saya setuju banget kok soal vasektomi sebagai alternatif KB. Tapi ya, itu harus berdasarkan pilihan individu atas kesadarannya. Bukan atas dasar paksaan negara apalagi dengan acaman bansos segala macam. 

Pola pikir pejabat yang timpang, bias dan diskriminatif ini yang saya coba",2025-04-29T15:12:17.000Z,
twitter,"Dalam konteks ini bukan dilarang punya anak, tapi yg anaknya udah banyak dan hidupnya kekurangan jadi dikasih bansos tapi dengan syarat vasektomi, bukan berarti ngga boleh punya anak, boleh cuma pastiin jumlahnya sesuai kemampuan",2025-04-29T15:11:49.000Z,
twitter,"edan

vasektomi biar bisa dapet bansos",2025-04-29T15:10:06.000Z,
twitter,"faktanya yang nggamau punya anak justru kalangan menengah ke atas, jadi buat para penerima bansos, mau vasektomi atau engga itu birth rate ttp bakalan turun",2025-04-29T15:09:19.000Z,
twitter,"Vasektomi Jadi Syarat Bansos, Ini Penjelasan Gubernur Jabar
https://adainfo.id/vasektomi-jadi-syarat-bansos-ini-penjelasan-gubernur-jabar…",2025-04-29T15:08:47.000Z,
twitter,"Pak PRESIDEN Prabowo saja kasih MBG ke anak anak Indonesia tanpa syarat lha ini Gubernur Jabar mau kasih bansos dan beasiswa dgn syarat harus vasektomi...
di agama Islam  VASEKTOMI diharamkan di jabar malah dihalalkan??",2025-04-29T15:08:03.000Z,
twitter,"Saya tuh gak masalah kalo ada orang mau vasektomi, kb atau apapun itu yg menyangkut tubuhnya. Tapi harus kesadaran pribadi. Gaboleh karena paksaan negara apalagi ancemannya bansos. 

Ya dia dapet bansos juga karena negara gak becus.",2025-04-29T15:06:03.000Z,
twitter,Si dedi mulyadi mau bikin aturan masy miskin wajib vasektomi buat dapet bansos & beasiswa is diabolical on another level,2025-04-29T15:01:00.000Z,
twitter,Dedi Mulyadi Wajibkan Pria Jalani Vasektomi Jika Ingin Terima Bansos -  https://joglosemarnews.com/2025/04/dedi-mulyadi-wajibkan-pria-jalani-vasektomi-jika-ingin-terima-bansos/…,2025-04-29T15:00:10.000Z,
twitter,"Menurut Dedi Mulyadi orang miskin wajib vasektomi kalau mau terima BANSOS.
Artinya separuh dari 60.3% penduduk miskin itu adalah pria 50%x(60%x285jt)= 85 juta jiwa 
Berapa penghematan negara dari bansos jika 85jt menolak di vasektomi?",2025-04-29T14:59:38.000Z,
twitter,Dedi Mulyadi Syaratkan Pria Harus Vasektomi Jika Ingin Bansos,2025-04-29T14:49:11.000Z,
twitter,"Kata gw drpd ngasih bansos mending ngasih kerjaan aja gasih pak?
Mau vasektomi apa engga",2025-04-29T14:48:53.000Z,
twitter,"Gak juga sih ini kan klo yg mau nerima bansos, yg mau2 ajaa kan.. lagian korea aja kebanyakan malah cowonya yg kb negara maju tp mereka sadar beranak tuh ga murah, suamiku jg mau kok vasektomi gamasalah bkn operasi besar kaya istrinya pas sc ",2025-04-29T14:39:46.000Z,
twitter,"Selama ini B aja sih sm ide idenya KDM, cenderung nolak (terutama yg PNS masuk jam 6.30 di bulan puasa wkwkw )
Tapi pas denger syarat penerima bansos harus vasektomi, GUE SETUJU BAT ANJIERRRRRRLAHHHH SETUJU PAKKKKK",2025-04-29T14:39:37.000Z,
twitter,"Pada ribut bgt. Padahal yg diminta vasektomi yg dpt bansos atau keluarga yg kurang berkecukupan aja, bukan semua warga indo kan",2025-04-29T14:38:46.000Z,
twitter,"Si giblok dari tadi nggak nangkep omongan gw ya Allah. Mana pernyataan gw yg dukung org miskin beranak pinak? 

Yg dikritik itu kenapa jadi syarat wajib vasektomi buat dapet beasiswa dan bansos. Ini udh mengarah ke fasis.",2025-04-29T14:37:32.000Z,
twitter,"Dedi Mulyadi, menyarankan supaya penerima bansos harus divasektomi.
Saya tidak akan bahas pro kontra soal ini ya, cuma saya tergelitik dengan banyaknya komentar pada berita tersebut yang masih salah paham soal vasektomi.
Saya akan bahas karena saya sudah menjalani vasektomi",2025-04-29T14:35:46.000Z,
twitter,Tapi maksa orang vasektomi dengan model bansos itu melanggar hak reproduksi dan hak mereka terima bansos.  Pendekatan model orba (dulu perempuan trus yg datang babinsa) udh harus ditinggalkan. Tugas negara edukasi mereka.  Kalau mau kasih insentif bkn merampas hak.,2025-04-29T14:30:39.000Z,
twitter,"vasektomi vasektomi aja mang, gausah jadiin vasektomi jadi sebuah keharusan….apalagi buat menerima bansos…..lo jahat banget suer….gila….",2025-04-29T14:24:31.000Z,
twitter,"Vasektomi ga bisa dipaksa lah, mending penerima bansos yg msh beranak lg otomatis distop bansosnya",2025-04-29T14:24:13.000Z,
twitter,"Aku setuju aja ASALKAN PEMERINTAH ATAU DEDI MULYADI YANG BAYARIN atau memberi bantuan operasi vasektomi.  Soalnya nyuruh doang mah semua bisa, tapi kan namanya penerima bansos, makan aja susah, tolong bayarin juga dong ",2025-04-29T14:20:54.000Z,
twitter,"Kenapa yg gamau vasektomi itu laki-laki? Toh gak disuntik mati jg dan knpa triak2 ke HAM? Inget ya kalian cowok itu nafsunya gede, kalo gak diminimalisir jelas bahaya.

Dan tau kan bahwa “orang miskin hiburannya bikin anak” itu fakta lapangan. Makanya setuju itu jd syarat bansos",2025-04-29T14:11:21.000Z,
twitter,"Ehh Mon maap, mau vasektomi itu harus ada anak dulu 2, dan Dedi Mulyadi bikin aturan ini buat anaknya yang banyak dan mau dapet bansos, bukan yang belum punya anak ya anjeng",2025-04-29T14:09:57.000Z,
twitter,"Apaan sih lu, dari dulu jg program pemerintah itu KB! 2 anak doang.
Emg org org miskin aja pada kaga mau KB, nah skrg sama KDM dipertegas penerima bansos harus vasektomi dulu! Biar ga beranak mulu",2025-04-29T14:09:47.000Z,
twitter,Yaelah mau dapat bansos aja kudu vasektomi,2025-04-29T14:07:46.000Z,
twitter,"Tapi pada ngerti gak sih vasektomi tuh apaan?
Itu tuh metode kontrasepsi permanen guys..
Gk serta merta ""dapet bansos = kudu vasektomi""
Kudu diliat juga latar belakang keluarganya gmn

Maybe a better one: ""bapak2 mokondo disarankan & difasilitasi vasektomi"" ehe..",2025-04-29T14:06:04.000Z,
twitter,"jadi diharapkan gen malas ini selesai di orang yang kena vasektomi ataupun orang vasektomi bisa berubah dan memantaskan diri agar bisa lepas dari program bansos dan bisa punya anak, begitu ya",2025-04-29T14:02:42.000Z,
twitter,"karena bansos ditambah orang sunda miskin harta dan ilmu itu kombo maut yang bikin orang jadi berada di zona nyaman, ga akan tau artinya kata maju, ini udah terlalu lama dibiarkan, tindakan ekstrim kaya gini perlu dicoba, toh vasektomi ini sifatnya juga reversible",2025-04-29T14:01:24.000Z,
twitter,"Gubernur Jawa Barat Dedi Mulyadi menggulirkan kebijakan baru yang cukup kontroversial, yaitu pria dari keluarga prasejahtera wajib ikut program Keluarga Berencana (KB), terutama metode vasektomi. Hal itu sebagai syarat menerima bantuan sosial (bansos) dari pemerintah provinsi",2025-04-29T14:00:32.000Z,
twitter,"Gua setuju asalkan minimal dan maksimal 2 anak i think thats fair enough, kalau cuman punya anak 1 atau blm punya anak trs disuruh vasektomi dan gadapet bansos ga setuju gua",2025-04-29T14:00:25.000Z,
twitter,Heh buat yg nerima bansos jir itupun kalo anaknya udah 2. Kl dr awal g dapet bansos y ngapain di vasektomi? Baca dulu deh yg menyeluruh beritanya biar gak komen tolol gini.,2025-04-29T13:59:54.000Z,
twitter,"Lah? Aturan ini kan buat yang nerima bansos, yang nerima bansos kan orang miskin? Gimana si? Kalo bukan penerima bansos ya gak disuruh vasektomi",2025-04-29T13:58:28.000Z,
twitter,Vasektomi kan tujuannya untuk mencegah kelahiran. Berarti yang childfree dapet bansos dong? LESGO ,2025-04-29T13:56:34.000Z,
twitter,"Lagi lagi, ini memang betul. Tapi caranya mungkin diperhalus wkwkwk

Tidak serta merta jadi syarat utk menerima bansos/beasiswa

Mungkin lebih bijak jika yg mau vasektomi akan diberi insentif",2025-04-29T13:37:39.000Z,
twitter,Dari pada nyogok vasektomi pake bansos yg msh bare minimum coba sogoknya pake angka yg lbh gede lagi coba,2025-04-29T13:28:23.000Z,
twitter,"Anda 
@DediMulyadi71
 makin kesini makin merasa paling bener aja. Gak relevan vasektomi dg beasiswa dan bansos. Pasti ada cara lain yg lebih manusiawi dlm mengatasi kemiskinan.",2025-04-29T13:24:09.000Z,
twitter,"Kenapa tidak di balik aja yang vasektomi dapat Beasiswa, bansos, atau keluarganya dapat Subsidi sekalian dari Pemerintah.",2025-04-29T13:22:23.000Z,
twitter,"Sy termasuk yg gk setuju sih, penerima bansos & beasiswa dimana bpknya harus vasektomi dulu",2025-04-29T13:14:05.000Z,
twitter,"Pahami dulu konteks beritanya.
Yg diwajibkan KB (vasektomi) adalah para penerima bansos. Artinya, kalau gak mau KB ya gak layak dikasih bansos.
Bukan semua warga jabar disuruh KB (vasektomi).",2025-04-29T13:11:57.000Z,
twitter,"Konteks disini kan mau dapet bansos harus vasektomi, mestinya diperjelas dulu kebijakannya batu diumumkan. Jgn spontanitas disosmed/media jadi tidak ada kejelasn diawal",2025-04-29T13:10:39.000Z,
twitter,"Vasektomi utk penerima bansos masih bisa masuk di akal gw..

Tp penerima beasiswa? Really? Masa mau sekolah kudu mandul dlu ",2025-04-29T13:10:19.000Z,
twitter,"ini kn disini dy bahas vasektomi sbgai slah stu syarat penerima bansos y, dn tbh gw rada se7 (tp blm spnuhny se7), soalny mantan suami spupu gw dh puny anak 2 > dgn beda2 cwe, pdhl ekonomi dy jelek dn tu cwo msh 19/20 tahun",2025-04-29T13:10:09.000Z,
twitter,cuitan salah satu penerima bansos yg ga setuju buat vasektomi wkwkwkwk,2025-04-29T13:07:56.000Z,
twitter,"Gw gak masalah dg vasektomi. Gw pro KB selama itu consent, bukan wajib.
Wajib vasektomi bagi laki2 miskin kalo emang mau dapat bansos. Really?",2025-04-29T13:07:43.000Z,
twitter,"sudut pandang ulama tentang vasektomi itu haram ded‍‍,jadi pertimbangan lagi lah,misal dengan ancaman tindak tegas keluarga miskin yang sudah dapet bansos dan beasiswa cukup hanya 2 anak saja,jika melanggar maka dilakukan pencabutan data tersebut dll,masih bnyk caranya!",2025-04-29T13:02:33.000Z,
twitter,"Kan itu gawajib, kalo gamau vasektomi ya ga dapet bansos,",2025-04-29T13:02:28.000Z,
twitter,"Untuk penerima bansos wajib kb vasektomi, sebenernya diindonesia terutama rakyat (maaf) miskin rata-rata salah mengartikan ""banyak anak banyak rezeki"". Logika mereka dengan menambah anak, rezeki (harta) mereka juga bertambah. Padahal sebetulnya ""anak"" tersebut lah rezekinya...",2025-04-29T13:00:43.000Z,
twitter,Dedi Mulyadi Wajibkan KB Vasektomi Untuk Penerima Bansos: Berhenti Bikin Anak Kalau Tak Sanggup!,2025-04-29T13:00:02.000Z,
twitter,Dedi Mulyadi Wajibkan KB Vasektomi Untuk Penerima Bansos: Berhenti Bikin Anak Kalau Tak Sanggup!,2025-04-29T13:00:02.000Z,
twitter,"Mengaitkan bansos dengan syarat mengikuti program keluarga berencana, seperti vasektomi, menciptakan dilema etis yang serius. Bansos seharusnya menjadi hak warga negara yang membutuhkan, tanpa syarat yang mengorbankan otonomi tubuh atau pilihan pribadi.",2025-04-29T12:59:57.000Z,
twitter,Pingin ikut komentar soal wacana aturan penerima bansos wajib vasektomi tapi masih mager. Nanti aja deh (tim mendukung pengkajian ulang dan jangan dulu diterapkan),2025-04-29T12:59:18.000Z,
twitter,"Sama wajib vasektomi buat penerima bansos, ga mampu ko rajin bikin anak ",2025-04-29T12:58:28.000Z,
twitter,"Sarap. Orang gila. Lo aja sama anak cucu lo vasektomi duluan ngentot. Bansos ga seberapa, itu juga duit bansos hasil dari pajak kita. Anjeng, ngentot lo.",2025-04-29T12:58:03.000Z,
twitter,"Bansos 300rb perbulan nyuruh wajib vasektomi 

Selama hukum ke yang kaya masih bisa dipermainkan, kalian gak layak nyuruh2 yg miskin. 

Koruptor aja dimiskinkan dan diHukum mati dulu lah.. 
Baru boleh nyuruh2 orang miskin.",2025-04-29T12:57:12.000Z,
twitter,"Masalah utama bukan hanya fokus pada Vasektomi, tetapi pada kewajiban Negara untuk melindungi rakyatnya melalui Bansos, yg justru ditukar dengan keharusan seseorang untuk melepaskan Hak Asasi Manusianya. Mengapa urusan Bansos dan program Keluarga Berencana tidak dipisahkan saja?",2025-04-29T12:56:39.000Z,
twitter,"Dedi mulyadi bilang cowok harus vasektomi kalo mau nerima bansos tp yg so called laki2 ngamuk2 di komen wkwkkw cupu pdhl cewe kl kb lawannya kanker, kehamilan ektopik (kl sampe pecah bisa meninggal), jerawatan, perubahan hormon gara2 kb hormon lah, mow lah",2025-04-29T12:53:55.000Z,
twitter,"not gonna debating kenapa harus vasektomi krn setuju (+ vasektomi hrus punya anak min 2 bru boleh)

yg dipertanyakan, tdi sebelumnya lewat berita yg dapet bansos DAN BEASISWA itu yg vasektomi. jdi mana yg benar?",2025-04-29T12:52:05.000Z,
twitter,"Daripada orang miskin wajib di vasektomi sebagai syarat dapat Bansos, mending mereka diminta wajib donor darah, tentunya setelah di cek kesehatannya dan layak, jd kayak program pay it forward

Ada 3.891.024 KPM di Jabar, sekali donor bisa dapat minimal 1 juta labu darah (30%)",2025-04-29T12:50:45.000Z,
twitter,"Sesimple : 
mau bansos? Vasektomi
Gamau vasektomi haram? Yaudah ga dapet bansos,
Done!",2025-04-29T12:49:24.000Z,
twitter,"Saya memahami kekhawatiran tentang kebijakan Dedi Mulyadi yang mewajibkan vasektomi untuk penerima bansos. Kebijakan ini bertujuan mengontrol jumlah keluarga dan meningkatkan kesejahteraan, namun menimbulkan masalah etis serius, seperti pelanggaran hak reproduksi dan potensi",2025-04-29T12:49:12.000Z,
twitter,"Jika vasektomi dikaitkan dlm rangka mendukung program KB, yg ujungnya bs mengurangi angka keluarga pra-sejahtera krn kebanyakan anak, sangat setuju.
Tapi jika untuk menerima bansos, syaratnya sdh vasektomi, apakah agak2 melanggar hak asasi bkn ?!",2025-04-29T12:47:56.000Z,
twitter,"Bener, infonya valid. Dedi Mulyadi, Gubernur Jawa Barat, usulkan kebijakan wajib vasektomi untuk penerima bansos dan beasiswa, diumumkan 28 April 2025 (http://Kompas.com). Tujuannya kendalikan angka kelahiran di Jabar, yang punya TFR 2,49, dan pastikan bansos adil. Tapi,",2025-04-29T12:37:32.000Z,
twitter,Berarti demul yang bodoh karena hadiah vasektomi beasiswa dan bansos,2025-04-29T12:36:21.000Z,
twitter,"Iya Aq mendukung program kluarga berencanax, terlpas utk menerim bansos or tidak or carax mau vasektomi or apa",2025-04-29T12:34:54.000Z,
twitter,"Vasektomi ada syaratnya, memaksa vasektomi untuk dapet beasiswa/bansos ya ditolak tenaga medis lah. ",2025-04-29T12:28:48.000Z,
twitter,"ada benarnya, tapi...

Bagaimana jika ini adalah ""ketidaksanggupan"" struktural? Kenapa setiap solusi selalu dibebankan ke rakyat? Sedangkan sistem yg korup dibiarkan? Bansos itu bentuk perlindungan negara ke rakyat, kenapa pake syarat vasektomi?

Come on lah!!",2025-04-29T12:25:30.000Z,
twitter,"Vasektomi juga ada syaratnya, ga semua orang boleh/bisa vasektomi secara medis. Selagi syaratnya tidak terpenuhi untuk vasektomi, dia ga berhak beasiswa/bansos gitu mas?",2025-04-29T12:24:21.000Z,
twitter,"scara gk lgsung konteks dsni, untuk yg mskin dan mau bantuan hrus vasektomi. ini mah namanya mewajibkan scra tdak lgsung untk klompok miskin -_-

sklian aj nnti yg belum mmpu dilarang nikah, klo gk gk dpt bansos -_-",2025-04-29T12:22:57.000Z,
twitter,Harusnya kan bisa diperbaiki SDM nya dengan pendidikan gratis. Jadi anak2 masyarakat yang kurang mampu/miskin nya nanti bisa mengangkat derajat keluarga nya. Kalo syarat ambil bansos dan beasiswa aja kudu vasektomi itu gw bilang tadi too much. Ngerti ora son??,2025-04-29T12:19:47.000Z,
twitter,"Mewajibkan vasektomi bagi penerima bansos bukan hanya reduktif, tapi berbahaya—seolah kemiskinan adalah kesalahan biologis, bukan kegagalan struktural. Ketimbang mengedukasi, pemerintah memilih memaksa, menjadikan tubuh warga miskin objek intervensi negara yang sewenang-wenang.",2025-04-29T12:16:20.000Z,
twitter,"Kalo aku tinjau lebih lanjut, ini lebih tepat kalo sebagai pembatasan. Nikah bisa terbilang gratis, tapi biaya mengurus anak ini harusnya dibatasin aja maksimal 1 buat warga miskin.

Penerima bansos harus Vasektomi, mau ga mau. Tubektomi terlalu beresiko juga soalnya.",2025-04-29T11:39:10.000Z,
twitter,Jadi anda dukung kewajiban vasektomi sebagai syarat penerima bansos?,2025-04-29T11:27:23.000Z,
twitter,"Pak ketum, ijin tanya.. Apakah benar isu terkait vasektomi yg digagas oleh kang 
@DediMulyadi71
 , yg mana akan diberi beasiswa atau bansos kepada mereka yg setuju program vasektomi tsb? ",2025-04-29T11:25:47.000Z,
twitter,"Di saat yang sama, penerima bansos kalo wanita sebagai kepala keluarga dan ga ada suami, harus Tubektomi pula gitu?

Kalo kepala keluarga pria ga ada istri, harus tetap vasektomi?

Lansia yang juga harusnya penerima bansos harusnya tetep nerima lah daripada diatur kayak gini?",2025-04-29T11:23:47.000Z,
twitter,"Ga vasektomi juga sih.. Lebih ke KB aja.. Soalnya gw ada tetangga punya anak 4.. Empat2nya dapet bantuan baik itu KIP, KJP, KJMU belum bansos.. Ibaratnya itu bapaknya males kerja juga aman setiap bulan dapat bantuan.. Malah kebeli motor..",2025-04-29T11:20:44.000Z,
twitter,"KDM dielu-elukan di Jabar perkara kebijakan Vasektomi buat penerima Bansos dan Beasiswa. Ini kebijakan yang terkesan fasis kalo mau dilihat dari kacamata manapun, karena akar masalahnya gak ditangani.",2025-04-29T11:20:07.000Z,
twitter,"Vasektomi nya gak usah/boleh, tapi dari miskin ke kaya.. anak lebih 2 gak bisa dpt beasiswa, bansos dan utk yg hartanya cukup ada pajak ketika lahir. Progresif exponensial di anak ke 4 seterusnya.",2025-04-29T11:18:02.000Z,
twitter,"beasiswa itu dari uang rakyat coy
gak ada urusan sama vasektomi
bansos juga dari rakyat, banyak juga rakyat gak setuju sama vasektomi apakah harus dipaksa agar dapat bansos
bacamu sangat keliru",2025-04-29T11:13:03.000Z,
twitter,Although I don’t agree with him vasektomi jadi syarat untuk dapet beasiswa dan bansos. Aneh banget.,2025-04-29T11:10:22.000Z,
twitter,"Bukannya simpel aja ya yang penting gak usah ngeharapin bansos, dan setauku itu syarat vasektomi orang miskin kalau sudah punya anak ke 2.",2025-04-29T11:03:48.000Z,
twitter,"kamu memang mau, tidak boleh keturunan lagi, ikut vasektomi, nanti dikasih bansos loh",2025-04-29T10:51:23.000Z,
twitter,"Hidup KDM...hidup rakyat Jabar.
Mau bansos? 
Vasektomi dulu. 
Kalo udah vasektomi?
Bansos...dihapus.",2025-04-29T10:36:29.000Z,
twitter,Logika lu kocak amat. Vasektomi itu dasarnya ada consent. Ini vasektomi jadi persyaratan buat bansos. Jelas masalah lah.,2025-04-29T10:25:37.000Z,
twitter,"Udah offside Dedi.
Vasektomi sebagai program KB itu pilihan, ga masalah. 
Tapi diwajibkan dan jadi syarat penerima bansos? ini udah diskriminatif: orang miskin ga boleh punya anak.

Kalo kebijakan cenderung fasis spt itu juga diberi applaus, fix, dia jadi berhala baru.

Ngeri",2025-04-29T10:01:15.000Z,
twitter,"Program vasektomi KDM ini sama aja kayak MBG Prabowo. Alias, cuma menaruh plester di luka besar ketimpangan sosial kita. Bansos dan anak ""cuma"" 2 gak akan bikin kami berkecukupan. Yang kami butuhkan pendidikan dan kesempatan.",2025-04-29T09:22:01.000Z,
twitter,"Vasektomi Trending, Alasan Dedi Mulyadi Dorong Jadikan KB Pria Syarat Terima Beasiswa dan Bansos

#Vasektomi #trending #DediMulyadi #GubernurJabar #InfoJabar #BeritaJabar #kabarjabar

https://kaltim.tribunnews.com/2025/04/29/vasektomi-trending-alasan-dedi-mulyadi-dorong-jadikan-kb-pria-syarat-terima-beasiswa-dan-bansos… lewat 
@tribunkaltim",2025-04-29T09:21:54.000Z,
twitter,"Syarat bansos n beasiswa itu vasektomi maximal 2anak

Kl anak lbh d3 3 uda ga berhak dpt bansos... Beranak pinak jd org miskin smua, smua minta negara, ambyar ni negara. Makanya dibatasi. Kl mau pny byk anak, uda susah, jgn mnt negara. Simple kan?",2025-04-29T08:25:02.000Z,
twitter,"Syarat Terima Bansos Harus Vasektomi Kata Dedi Mulyadi, Amankah? Ini Penjelasan Medisnya",2025-04-29T08:22:05.000Z,
twitter,Dedi Mulyadi Wajibkan KB Vasektomi untuk Penerima Bansos: Berhenti Bikin Anak Kalau Tak Sanggup!,2025-04-29T08:21:12.000Z,
twitter,"Emang sejak kapan bansos bisa jadi jalan keluar masyarakat keluar dari lingkaran kemiskinan? Kok, masih pakai iming-iming bansos sampai maksa orang buat vasektomi? Konyol, wakakak.",2025-04-29T08:07:54.000Z,
twitter,Hal baik kalau dipaksakan dan ada diskriminasinya di situ maka itu bisa masuk kategori fasis. Vasektomi bagus? Bagus. Dijadiin syarat wajib buat dapet bansos dan beasiswa? Fasis ieu.,2025-04-29T07:55:49.000Z,
twitter,"Lu kelas menengah atas ambil program promil BKKBN. Aset nambah, anak jg nambah. Jgn vasektomi, masih ada kondom

Lu kelas bawah atau yg slama ini ""pura2 kelas bawah"" dikasih program vasektomi buat dpt bansos

Lu kelas ani2 steril aja biar gk kena kanker serviks

Jgn kliru ya gaes",2025-04-29T07:53:27.000Z,
twitter,"bukan begini caranya menggencarkan program vasektomi. dan seharusnya bukan hanya kepada rakyat miskin. kalau yg miskin dipaksa vasektomi agar dpt bansos, maka yg kaya kalau tidak mau vasektomi denda 200jt. itu baru adil. jadi dendanya bisa bayarin bansos brp rakyat miskin tu",2025-04-29T07:44:16.000Z,
twitter,"Ya sudah vasektomi saja dirimu,istrimu dan semua anak2mu biar dapat bansos itu jamu baru kereeeeen ayo buktikan.",2025-04-29T07:40:00.000Z,
twitter,"Kalo g mw vasektomi krj yg giat, tingkatkan skill bkrj, cari tmbh penghasilan supaya kesejahteraan kluarga meningkat supaya mampu biayai ank sampai kuliah. Jd g perlu sbg pnerima bansos&beasiswa. Dgn bgitu g prlu vasektomi. Cara bepikirnya gt. Bkn cuma triak2 rasis kyk org dungu",2025-04-29T07:10:51.000Z,
twitter,"Iyaa kalo kayak gini ga masalah bang ini kan udah sukarela juga bang. Kalo  ini KDM 'orang miskin' dipaksa ga punya anak karena vasektomi untuk dapet bansos dan beasiswa, ya kasian juga.",2025-04-29T07:03:24.000Z,
twitter,"Ya nggak juga, itu orangtuanya bisa sendiri ga hamil kalo memang ekonomi belum mencukupi untuk bikin anak, kan ga harus dipaksa vasektomi apalagi ini untuk bansos dan beasiswa yang butuh banget.",2025-04-29T07:01:27.000Z,
twitter,"klo menurut paman sih, sebenarnya program ini ada benarnya juga mba. Jangan sampai punya byk anak tapi ekonominya masih babak-belur. Pontang panting cari duit sampai pinjol segala

yg jadi pertanyaan, kenapa  vasektomi jadi syarat bansos / beasiswa ya ?? HHhmmmmm..... ",2025-04-29T07:01:12.000Z,
twitter,"Kebijakan demul mewajibkan vasektomi bagi penerima bansos itu hanya berlaku bagi masyarakat jabar diluar Grib jaya.
Maka, berbondong bondonglah kalian wahai kaum anti vasektomi masuk grib atau lawan dengan dekon reasoning demul.",2025-04-29T06:37:04.000Z,
twitter,"Tidak ada bukti bahwa Dedi Mulyadi mengusulkan vasektomi untuk beasiswa atau bansos. Klaim ini berasal dari postingan X, tapi artikel http://Kompas.com yang disebutkan tidak ditemukan. Kebijakan Dedi, seperti keringanan pajak dan bantuan untuk sopir angkot, menunjukkan",2025-04-29T06:36:30.000Z,
twitter,"gasalah nyasar vasektomi ke keluarga kurang mampu, tapi dengan embel embel bansos itu udah ke arah pemaksaan",2025-04-29T06:33:54.000Z,
twitter,ini himbauan bukan paksaan seperti maunya KDM. Menjadikan vasektomi sbg syarat menerima bansos itu jelas paksaan.,2025-04-29T06:33:46.000Z,
twitter,"Vasektomi sbg syarat bansos dan beasiswa ya nggak bener.
Kasihan jika pemuda2 cerdas malah divasektomi. Bisa punah bangsa Indonesia",2025-04-29T06:31:04.000Z,
twitter,"Gubernur Jawa Barat Dedi Mulyadi mengusulkan vasektomi bagi suami sebagai syarat penerima bansos untuk mendukung program Keluarga Berencana.

Ini sejarah program Keluarga Berencana di Indonesia. #artikelhistoriaid",2025-04-29T06:18:56.000Z,
twitter,"kalo targetnya kaum penerima bansos berarti ya orang miskin, gapapa sih aku setuju klo orang miskin pada vasektomi ",2025-04-29T06:15:19.000Z,
twitter,"Drpd vasektominya yg dijadikan syarat, gmn kl dibuat program sosialisasinya. Yg dateng program sosialisasi vasektomi, plgnya nuker kupon bansos. Program diutamakan utk yg sdh pny anak 2 misalkan, bkn org miskin auto divasektomi biar dpt bansos. Edukasi jln, hak rakyat ga hilang",2025-04-29T06:15:03.000Z,
twitter,"Gubernur Jabar Dedi Mulyadi mengusulkan syarat baru penerima bansos, yakni vasektomi bagi suami untuk mendukung program Keluarga Berencana (KB). Usulan ini bertujuan mengendalikan jumlah anak dan meringankan beban sosial keluarga penerima bantuan. Dedi menilai partisipasi suami",2025-04-29T05:00:00.000Z,
twitter,"elu benci orangnya ato kebijakannya?
gw sih ga suka orangnya. tapi vasektomi buat terima bansos itu bisa dicoba. 

orang miskin yg hobby beranak itu ga cuma nyusahin diri sendiri tapi juga orang lain.

taukan orang indo banyak yang ga tegaan kalo liat orang susah apalagi urusan",2025-04-29T04:48:57.000Z,
twitter,"Tentu. Saya setuju kampanye vasektomi. Apalagi ini juga mengurangi risiko kesehatan pada perempuan serta prosedur yg lbh sederhana. 

OKE bgt terus dikampanyekan manfaat baik. Tapi tentu tidak bisa digandeng dgn pemaksaan apalagi “ditukar” dgn kewajiban negara spt Bansos.",2025-04-29T04:47:33.000Z,
twitter,"Vasektomi bukan paksaan KB buat lelaki. tapi kenapa malah bakal jadi syarat beasiswa dan bansos? bagi penerima lelaki tentunya.

Lalu bagi penerima wanita, apa syarat ekstrimnya?",2025-04-29T04:43:20.000Z,
twitter,"@ferizandra
 @rhalvx
 Saya kira ide Gubernur Jawa Barat ini bermasalah secara etis karena memaksa vasektomi untuk dapat bansos, yang bisa melanggar hak atas otonomi tubuh dan kebebasan beragama, terutama karena beberapa agama, seperti Islam, menganggap vasektomi haram. Tujuannya",2025-04-29T04:42:18.000Z,
twitter,Gubernur Jabar Dedi Mulyadi mengusulkan vasektomi atau KB pria sebagai syarat untuk menjadi penerima bansos masyarakat prasejahtera di wilayahnya.,2025-04-29T04:40:00.000Z,
twitter,"Gak usah paksa vasektomi lah, tapi anak lebih 2 no bansos & beasiswa. Untuk tambahan anak baru per 2025.

Bagus, mengajar ayah2 disiplin, hati2, tanggung jawab.",2025-04-29T04:37:01.000Z,
twitter,Gubernur Jabar Dedi Mulyadi mengusulkan penerima bantuan sosial dengan syarat dilakukan vasektomi bagi sang suami. Hal itu dilakukan agar laki-laki dari kalangan keluarga miskin berpartisipasi aktif dalam program Keluarga Berencana (KB)  #dedimulyadi #kdm #bansos #jawabarat,2025-04-29T03:38:14.000Z,
twitter,"Njir vasektomi mah sukarela aja sama kayak KB buat cewe. Kalo misal miskin dan belum punya anak terus di suruh vasektomi untuk dapat beasiswa atau bansos, kasian juga.",2025-04-29T03:33:54.000Z,
twitter,Sepertinya KDM salah sasaran. Kalau beasiswa & bansos itu unt mengatasi mslh2:  mahalnya dunia pendidikan & kemiskinan. Kalau vasektomi  targetnya mungkin lbh dkt kpd persoalan2 seputar pengendalian populasi penduduk ya?,2025-04-29T03:32:54.000Z,
twitter,"Bgmn tanggapan feminis ""my body my choice"" ? 

Dedi Mulyadi Dorong Program Vasektomi, KB Pria Akan Jadi Syarat Terima Beasiswa dan Bansos",2025-04-29T03:31:57.000Z,
twitter,"Elite LOKAL

Dedi Mulyadi Dorong Program Vasektomi, KB Pria Akan Jadi Syarat Terima Beasiswa dan Bansos

Klik untuk baca: https://kompas.com/jawa-barat/read/2025/04/28/153814288/dedi-mulyadi-dorong-program-vasektomi-kb-pria-akan-jadi-syarat-terima?utm_source=Twitter&utm_medium=Referral&utm_campaign=AIML_Widget_Mobile…

Kompascom+ baca berita tanpa iklan: https://kmp.im/plus2
Download aplikasi: https://kmp.im/app2",2025-04-29T03:12:37.000Z,
twitter,"Penduduk JABAR mayoritas muslim, Islam mengajarkan kebijakan harus membawa keadilan dan rahmat bagi seluruh rakyat. Menjadikan vasektomi sbg syarat bansos akan memperberat masyarakat miskin, pdhal Rasulullah SAW mengajarkan u/ memudahkan urusan umat, bukan menyulitkannya.",2025-04-29T02:55:11.000Z,
twitter,"Apa lagi negara kita menjunjung naanya keadilan sosial bagi seluruh rakyat indonesia. dengan memaksakan Vasektomi sebagai sarat bansos itu sama saja kita membedakan status sosial masyarakat kita.

Keputusan u/ memiliki keturunan itu bagian dari hak setiap individu.",2025-04-29T02:44:32.000Z,
twitter,"Sebagai orang yg tinggal di JABAR saya mecoba memahami semangat PEMPROV JABAR yg berusaha meningkatkan efektivitas program KB dan memastikan distribusi  Bansos secara merata. Tapi, kebijakan yg menjadikn pasrtisipasi KB pria khususnya Vasektomi u/ syarat bansos hars dikaji lagi",2025-04-29T02:42:23.000Z,
twitter,"Wkwkwk

Dedi Mulyadi Dorong Program Vasektomi, KB Pria Akan Jadi Syarat Terima Beasiswa dan Bansos

Klik untuk baca:",2025-04-29T01:27:15.000Z,
twitter,"Dedi Mulyadi Dorong Program Vasektomi, KB Pria Akan Jadi Syarat Terima Beasiswa dan Bansos

Klik untuk baca: https://kompas.com/jawa-barat/read/2025/04/28/153814288/dedi-mulyadi-dorong-program-vasektomi-kb-pria-akan-jadi-syarat-terima?utm_source=Twitter&utm_medium=Referral&utm_campaign=Bottom_Desktop…

Kompascom+ baca berita tanpa iklan: https://kmp.im/plus2 
Download aplikasi: https://kmp.im/app2",2025-04-28T14:41:19.000Z,
twitter,"Jd vasektomi dlu baru dpt bansos???
Slmt buat warga jabar ya 

Maikn ngatur aja nih gubernur 
@jabarprovgoid
@wargajabarcom
@jabar",2025-04-28T14:17:40.000Z,
twitter,"Ide anda sungguh brilian. Kalo perlu pemaksaan langsung vasektomi begitu anak lahir ke bapak². Kalo ga mau, ancam bansos ga cair ",2023-04-17T12:26:29.000Z,
