platform,komentar,timestamp,sentimen
twitter,Kalau vasektomi  bagi gubernur Jabar spy gak ada lg lisa lisa yg bunting gimana ?,2025-05-02T06:02:29.000Z,
twitter,"iseng nanya ke cowo gue 'km mau ga klo suruh vasektomi?' trs dia jwb 'gpp kalo demi kebaikan km, harus banyak konsul ke dokter jg tentang itu, mau mau gapapa'. oh ok lolos dr amukan gweh",2025-05-02T06:02:15.000Z,
twitter,"awalnya laki vasektomi,lama lama krn cewe msh bisa ngelahirin, cewe jg di tubektomi...tp akar masalahnya g di apa apain",2025-05-02T06:02:13.000Z,
twitter,"Jadi yakin lu laki-laki yg nanti di vasektomi itu ga punya pemikiran selingkuh?? Hebat kali 
Btw kira2 klu suamimu di vasektomi setuju ga??",2025-05-02T06:01:34.000Z,
twitter,"Dih kaka ngomongnya kasar banget.. Ya emang harus kerja keras ka. Orang lg dinasehatin, kalau vasektomi dijadikan syarat bansos mending cara lain aja, ya ga salah lah.. Dari pada kaka ngomong kasar mending kakaknya ambil tindakan vasektomi aja sana..",2025-05-02T06:00:58.000Z,
twitter,"Majelis Ulama Indonesia (MUI) Provinsi Jawa Barat menegaskan sterilisasi pada pria atau vasektomi sangat tidak diperbolehkan atau haram dalam pandangan Islam karena dianggap sebagai tindakan pemandulan yang permanen.

Diketahui KB vasektomi ini menjadi sorotan setelah Gubernur",2025-05-02T06:00:26.000Z,
twitter,"indonesia tuh top three fatherless country loh, dan lo masih kontra sama vasektomi buat orang miskin? bagi anak-anak kayak gue, ga dilahirkan itu sebuah keberuntungan. jangan ada lagi anak yg lahir di sebuah keluarga yg unstable secara finansial dan mental.",2025-05-02T06:00:09.000Z,
twitter,Vasektomi orang miskin adalah genosida tanpa peluru. Atau lebih kasar lagi sama saja pembersihan ras ala Hitler.,2025-05-02T05:59:52.000Z,
twitter,"indonesia tuh top three fatherless country loh, dan lo masih kontra sama vasektomi buat orang miskin? bagi anak-anak kayak gue, ga dilahirkan itu sebuah keberuntungan. jangan ada lagi anak yg lahir di sebuah keluarga yg unstable secara finansial dan mental.",2025-05-02T06:00:09.000Z,
twitter,Vasektomi orang miskin adalah genosida tanpa peluru. Atau lebih kasar lagi sama saja pembersihan ras ala Hitler.,2025-05-02T05:59:52.000Z,
twitter,"Sebenernya anda ini penerima manfaat bansos apa bukan sih. 
Loh kalo penerima manfaat bansos menerima vasektomi sesuai consent anda mau apa. 
Yg perlu kamu kritik sbg yg katanya golongan progresif adlh bgmn win solusi bagi mrk yg tdk mau vasektomi.",2025-05-02T05:59:41.000Z,
twitter,"Vasektomi emg bkn solusi tunggal, tp ngebatasi angka kelahiran bisa jadi langkah awal untuk ngurangin beban. Gak etis klo lo terus²an ngandelin belas kasihan negara buat nambah anak.",2025-05-02T05:58:16.000Z,
twitter,"Justru karena adanya pola yang begini, hal ini yang perlu dibenahi. Pemaksaan vasektomi bukan solusi, justru bentuk penindasan dan kekerasan struktural. Melanggar hak asasi manusia. Sekalipun anak mereka gak banyak, hal itu gak merubah kondisi mereka.",2025-05-02T05:57:58.000Z,
twitter,lalu konteks yg dibahas disini vasektomi for poor ppl yg sudah punya anak 2. Bukan kah dengan tanggungan 2 anak saja mempermudah ortu untuk fokus bisa membiayai 2 anak ini supaya mampu naik ke tangga ekonomi yg lbh baik? Simplenya membiayai 2 lbh midah dripda 5 kan?,2025-05-02T05:57:27.000Z,
twitter,Kalo koruptor gak usah vasektomi. Lsg kebiri aja potong titidnya,2025-05-02T05:57:22.000Z,
twitter,"Dan untuk mengembalikan ke semula
( reverse vasektomi )
Butuh biaya yg tak sedikit

Susahnya punya anak itu
Cuma sampai anaknya max berumur 20 an
Setelah itu, udah bisa mandiri
( kerja, or dapet beasiswa )

Cina dan Jepang udah jadi bukti
Menyetop anak = bencana demografi",2025-05-02T05:54:35.000Z,
twitter,"lu ngomong gitu klo yang miskin nya 200 atau 100 orang make sense lah tpi klo udah puluhan juta ya lu ga bisa nyalahin mereka gila apalagi nyurug buat vasektomi, yasalahin pemerintah nya karena ga hadir dalem keadaan kek gini.",2025-05-02T05:54:12.000Z,
twitter,Mau bawa2 ayat nih? Vasektomi hukumnya haram lho,2025-05-02T05:53:36.000Z,
twitter,"nah iya, diluar pro atau kontra, menghubungkan kata vasektomi & kata memberantas ini agak terlalu radikal",2025-05-02T05:53:12.000Z,
twitter,gak semua orang miskin punya sosmed kakak. Gak semua ada posyandu. Programnya juga kadang ada kadang nggak. kalaupun mau diadain harus minta sumbangan ke warga. Pajak aing kamana? Bukannya benerin program eh malah nyuruh vasektomi. Kan konyol. ,2025-05-02T05:53:10.000Z,
twitter,"Akhirnya sesuatu yang dapat membersihkan TL

TL baru baru ini isinya soal vasektomi semua, butuh sedikit istirahat wkwkwk",2025-05-02T05:53:06.000Z,
twitter,hadeh beneran perlu dikasih pendidikan yg baik ya negara ini klo ada pemikiran vasektomi=potong biji ,2025-05-02T05:52:46.000Z,
twitter,"Vasektomi emg salah sagu opsi KB yg oke, apalagi buat keluarga yg udh punya anak. Tapi yg ngerti kalo itu bagus ya yg punya ilmunya. Org miskin g KB karena mereka ngga ngerti, dan kalopun dikasih tau ttp ngga ternalar sama mereka karena latar pend. mereka rendah.",2025-05-02T05:51:00.000Z,
twitter,"Semua jg ada potensi, tp yg pasti memandulkan itu hanya vasektomi dan tubektomi.. pilihan kb lain untuk cowo maksudnya, kondom dgn segala variasi modelnya, sistem kalender, hs terputus.. ga ada gw sebut pil kb atau suntik kb.",2025-05-02T05:49:41.000Z,
twitter,"Ada:
1. vasektomi
2. Kastrasi/ dikebiri
3. Amputasi batang pen*s
Silakan googling dan dicari artinya satu per satu ya..kira2 lebih baik yg mana?",2025-05-02T05:49:18.000Z,
twitter,Vasektomi itu Haram,2025-05-02T05:48:29.000Z,
twitter,"diluar konteks vasektomi atau apalah itu, miskin ada parameternya, bodoh parameternya apa? bahkan bodoh & miskin seringkali berbanding lurus ga si?",2025-05-02T05:47:07.000Z,
twitter,"makanya gencarkan melalui pendidikan. Bukan vasektomi paksa yang bersifat diskriminatif. Kalau opsional mungkin masih diterima. Lah, ini mah dipaksa.",2025-05-02T05:46:44.000Z,
twitter,Vasektomi = potong biji?,2025-05-02T05:46:43.000Z,
twitter,"KB wanita=
merusak hormon
wajah kusam
BB meningkat
resiko terkena kanker
resiko miom,kista dll
*yg nggak cocok bisa
pusing
pendarahan
sedangkan vasektomi nggak ada efek yg membahayakan ",2025-05-02T05:46:32.000Z,
twitter,Vasektomi itu bukan kebiri. Terus apa alasanmu ga terima? Toh ini sukarela juga bukan di paksa. Kalo ga mau ya gapapa tapi jangan terima bansos. Bansos hanya untuk orang2 miskin. Menurutmu apa? Wanita aja yg disuruh KB kalo gitu?,2025-05-02T05:46:18.000Z,
twitter,"kebiri, kalo vasektomi makin jadi tuh orang anjir",2025-05-02T05:46:00.000Z,
twitter,"Gak aneh.

Mbaknya yg kemaren itu ngajak pria2 buat vasektomi. Yg ngerasa pria (dan sebagian wanita) ngamuk krn ngerasa bagian yg disuruh.

Klo yg KDM, yg diwajibkan orang miskin. Yg ngerasa gak masuk kategori okok aja.

Intinya, ""selama bukan gue"" pasti gue dukung.",2025-05-02T05:45:49.000Z,
twitter,Ya solusinya dari dinsos goblok. Child protective services. Bukan wajib vasektomi. KDM ini fasis kanan yang malas bikin program. Goblok banget anjing. Pemetintah males kerja malah dinormalin. Pada kaga sadar diadu domba horizontal pake perselisihan kelas. Tolol.,2025-05-02T05:44:18.000Z,
twitter,"karena penerima bansos rata-rata orang susah kan kak? KDM mau mereka jgn tau nya bikin anak doang, tapi juga harus bisa mencukupi kebutuhan anaknya. kalau gabisa ya STOP bikin anak. emangnya ga cukup punya anak dua? itupun vasektomi jg bisa buat yg udh pnya anak lbih dri 2.",2025-05-02T05:43:18.000Z,
twitter,"Vasektomi juga dosa, menelantarkan anak juga dosa.  Kamu jangan standar ganda.  Yang bener adalah bansos tanpa vasektomi",2025-05-02T05:43:05.000Z,
twitter,"oke oke, keluar kemiskinan dengan vasektomi? mustahil lah, 20 juta orang di vasektomi trus tetep aja akses sekolah susah kesehatan susah pekerjaan susah. yakin keluar dri kemiskinan?",2025-05-02T05:37:19.000Z,
twitter,"Realistis aja lah, himbauan buang sampah aja ga digubris, kasih tau skrg bsk nya buang lagi. Apalagi sosialisasi vasektomi? Angin lewat doang itu mah wkwk Emg hrs dipaksa",2025-05-02T05:37:06.000Z,
twitter,"Benar negara berkewajiban membantu masyarakatnya, tp kl yg dibantu malah nambah anak mulu (nambah beban hidup lg) padahal sudah dibantu krna ga mampu ya namanya goblok!! Mikir lah udh pake bantuan krna hidup lu tuh ngepas malah bertingkah! Lu tu cm kesenggol ego Krna vasektomi",2025-05-02T05:36:49.000Z,
twitter,"Hukum mati lah, ngapain vasektomi doang.",2025-05-02T05:35:41.000Z,
twitter,"td setelah diskusi sama gemini akhirnya nemu poinnya bahwa vasektomi cuma menyembuhkan gejalanya doang, ga sampe ke akar permasalahan",2025-05-02T05:35:19.000Z,
twitter,Kalau prioritasnya cuma vasektomi beberapa puluh tahun lagi bisa depopulasi. Bingung lagi akhirnya mendatangkan tenaker dari luar negeri kyk jepang dan korsel,2025-05-02T05:34:00.000Z,
twitter,emangnya yg melakukan atau mengimplementasikan perintah tsb bknlah pemerintah? melainkan diri loe? masalah simple begini saja ngak paham. ikut²an nimbrung vasektomi segala ke laut aja dah loe ngangong ikan.,2025-05-02T05:33:07.000Z,
twitter,"Jangan vasektomi, harusnya dikebiri",2025-05-02T05:32:21.000Z,
twitter,"Tanggapi Rencana Dedi Mulyadi Syaratkan Vasektomi untuk Terima Bansos, Ketua MUI: Islam Larang Pemandulan Permanen",2025-05-02T05:31:33.000Z,
twitter,Tau vasektomi ga sih?,2025-05-02T05:30:33.000Z,
twitter,Wacana Vasektomi Gubernur Demul Dicap MUI Sebagai Haram https://publica-news.com/berita/daerah/2025/05/02/71231/wacana-vasektomi-gubernur-demul-dicap-mui-sebagai-haram.html…,2025-05-02T05:30:08.000Z,
twitter,Gak tahu mas. Kalau di luar jabar sih nggak ya.. Apalagi demul dah mulai offside soal Vasektomi,2025-05-02T05:29:49.000Z,
twitter,"Kebijakan vasektomi KDM cacat ?? 

1. Buat ngatasin kemiskinan bukan dr orangnya.tapi dr prosesnya. 
2. Mendahului sang pencipta...oiya KDM ga percaya sang pencipta ya soalnya bikin kebijakan kok seakan akan mendahului sang pencipta. 
3. Kan dah punya anak ... lah ini lagi ..",2025-05-02T05:28:07.000Z,
twitter,"Iya dia yg beranak pinak kaya kelinci tp negara yg suruh tanggung
Ga merenggut ham jg lah wong ga diwajibin vasektomi asal ga minta bansos
Lagian kan katanya orang miskin hiburannya cm itu, lah kl uda vasektomi jd tenang dong",2025-05-02T05:26:18.000Z,
twitter,Iya berlebihan dipikir mau holocaust. Abis di vasektomi jg hidup normal.,2025-05-02T05:25:05.000Z,
twitter,"MUI Jabar Buka Suara soal Vasektomi Usulan Dedi Mulyadi: Insentif KB Boleh, tapi Sesuai Syariat",2025-05-02T05:25:00.000Z,
twitter,"Ya itu kan masalah sosial. Kalau pemerintah menghimbau cowo vasektomi itu gak masalah. Kaal mewajibkan itu yang jadi masalah.

saya juga gak suka sama yang gak mau kerja, tapi sekali lagi itu bukan yang saya permasalahkan. Mau cewe cowo kalau malas juga masalah.",2025-05-02T05:24:34.000Z,
twitter,"Sbnrnya ga maksa sih, cuma kerja samanya tolong. Klo ga mau vasektomi ya minimal nafsu nya di minimaliir kek. 

Apa vasektomi buat miskin doang yah? Yg kaya apakah ada?",2025-05-02T05:23:12.000Z,
twitter,"""Ketika temenku melakukan penyuluhan gratis sebagai bentuk testi yg mendapatkan keuntungan dari gerakan vasektomi gratis dari BKKBN, kalian ngamuk.""

May I have any proof of said claim, please?",2025-05-02T05:22:59.000Z,
twitter,Kementerian Kependudukan Ikut Fatwa MUI soal Vasektomi Syarat Bansos,2025-05-02T05:22:58.000Z,
twitter,"Semua kb selain vasektomi, tubektomi",2025-05-02T05:22:54.000Z,
twitter,"red flag emg kebijakan vasektomi buat syarat bansos, tapi.. aktivis~ mestinya sadar jg, ""bonus demografi"" itu bom waktu yg nyata bakal kejadian

question ish: tu aktivis~dah siap blom klo anaknya-cucunya (bhkan sendirinya di masa tuwir) ngalamin efek jele populasi kebanyakan? #eh",2025-05-02T05:22:03.000Z,
twitter,"ga benci nder, tapi klo di lihat dari permasalahan di atas sampai bahas vasektomi itu, semisal memang tidak mampu secara finansial alangkah baiknya membatasi angka kelahiran di dalam keluarga, apalagi di negara kita yang masih berflower ini",2025-05-02T05:21:07.000Z,
twitter,"Padahal kan vasektomi tuh kb, biar anak2 yg lahir dalam kemiskinan menurun. Bukan org miskin di round up ke kamp trus di gas. Kyk berasa mau dibinasakan aj. Sakit aj mungkin nggak, org di anestesi",2025-05-02T05:20:38.000Z,
twitter,kalau miskin ya jangan beranak Mulu . Nanti anak Lo sekolahnya dimana ? Makan apa? Jadi lingkaran setan . Ente beruntung aja keputus dari Rante itu . Lagian vasektomi kalau udah anak 1/2 kan ? Itu cukup .  china aja begitu . Kalau gak mau ya gausah ambil bansos .,2025-05-02T05:20:15.000Z,
twitter,Pedofilia disuruh vasektomi??? ,2025-05-02T05:19:52.000Z,
twitter,"Hal yang saya sepakat ttg  kebijakan vasektomi KDM.
1. Dibebankan pada suami
2. Syarat bansos bagi yg sudah banyak anak (bayangin anak udah lima masih mau bikin anak dan ngarep bansos terus)",2025-05-02T05:19:23.000Z,
twitter,pahamin dulu vasektomi itu kayak gimana sebelum ngetik sterilisasi sterilisasi kocak bgt,2025-05-02T05:19:17.000Z,
twitter,lagian daritadi lu kenapa deh bawa bawa sterilisasi? gausah berlebihan. vasektomi itu cuma diiket yang suatu saat kalo mau punya anak lagi bisa dilepas iketannya. kecuali kalo kontolnya dicopot atau yg perempuan rahimnya diangkat itu baru namanya sterilisasi.,2025-05-02T05:18:58.000Z,
twitter,tau vasektomi itu apa ga?,2025-05-02T05:17:54.000Z,
twitter,See? Setelah baca komen bs dsimpulkan org indonesia itu sbnrnya pada gak tau bedanya vasektomi dqn kebiri tp merasa pling tau di dunia,2025-05-02T05:16:24.000Z,
twitter,makannya gw setuju banget sama kebijakan KDM yg suruh vasektomi itu,2025-05-02T05:14:29.000Z,
twitter,"Hubungannya dama genosida apa? Genosida kan pembunuhan, menghabisi nyawa 1 kaum sampe habis. Vasektomi itu kb, pun itu dilakukan dengan syarat minimal sudah punya 2 anak. So ga nyambung samasekali",2025-05-02T05:13:49.000Z,
twitter,"Kalau lu berpandangan itu atas nama penghargaan thd istri its ok...
Tapi jika cara pandang lu sampai bikin lupa diri, seolah olah lu benar melakukan apapun demi istri itu masalah, apalagi ini gubernur sampai seolah olah mengancam mencabut bansos kalau g vasektomi!!!
ITU BAHAYA!!!",2025-05-02T05:13:05.000Z,
twitter,"2.1 ini kan dihitung seindonesia, sementara yg jd konteks vasektomi itu jawa barat aja yang memang birth ratenya paling tinggi yaitu 164 rb kelahiran selama 6 bln dibandingkan provinsi lain yang angkanya 10-20 rb per 6 bulan. -",2025-05-02T05:12:22.000Z,
twitter,Lu ceramah orang miskin jgn vasektomi paksa tapi pake survivorship bias..,2025-05-02T05:12:01.000Z,
twitter,"Bener. Dri pov penguasa malah bukan hal yg bagus klo pada vasektomi. Cheap labor, suara yg bisa dibeli, buzzer, dapet dri mana klo bukan dri org susah? Justru tumben2an nih ad jalan bagus yg ditawarkan org pemerintah",2025-05-02T05:11:08.000Z,
twitter,"Berarti premisnya sama kalo begini ya kak. Jika A anak dr keluarga bodoh dan sudah punya kakak/adik, si A akan paksa orang tuanya untuk vasektomi. Biar tidak melahirkan kebodohan lebih banyak",2025-05-02T05:10:54.000Z,
twitter,"Vasektomi masih bisa ngaceng, cuman ga bisa hamil aja",2025-05-02T05:09:44.000Z,
twitter,"Ya, vasektomi bisa dikembalikan melalui prosedur bedah mikro seperti vasovasostomi atau vasoepididimostomi. Tingkat keberhasilan bervariasi (60-95%), tergantung waktu sejak vasektomi (lebih baik dalam 10 tahun), keahlian dokter, dan faktor seperti usia pasangan. Kehamilan mungkin",2025-05-02T05:08:42.000Z,
twitter,"bukan strelisisasi massal ya jangan dilebih-lebihin, dariawal emg kalo miskin gausah punya anak banyak2. kalo udah mampu mental dan finansial, baru mereka bisa lepas tuh vasektomi. disini kan diharapkan supaya mereka tuh mampu dulu dgn fokus ke anak yg udh ada",2025-05-02T05:07:40.000Z,
twitter,"@grok
 apa vasektomi bisa dikembalikan?",2025-05-02T05:07:14.000Z,
twitter,"Iya itu pendidikan dulu dibenahi, usulan kayak dedi gabakal ngerubah apapun, malah nambah kemiskinan, karna paradigma yang lu sebutin udah menjadi hukum, dengan sdm yang sekarang gua yakin bakal lebih memilih kehilangan bansos daripada harus vasektomi.",2025-05-02T05:07:02.000Z,
twitter,"wkwkkwkkwkw, tanpa sadar lu ngakuin bahwa ini semuanya salah pemerintah dan vasektomi itu kebijakan yg dongo, rakyat miskin juga ga salah. thanks yah ",2025-05-02T05:05:04.000Z,
twitter,"KB buat perempuan aja gaada paksaan dan gak jadi syarat bansos, kenapa vasektomi malah dijadiin syarat bansos?",2025-05-02T05:04:08.000Z,
twitter,"Padahal KB, IUD, pil, suntik untuk cewek juga sama loh kerjanya sama vasektomi di pria. Kalo gitu selama ini program KB buat cewek juga haram kah?",2025-05-02T05:03:32.000Z,
twitter,"Lu udah baca berita aja masih gk ngerti masalahnya dimana, gua udah nunjukin kalo maksa vasektomi untuk dapet bansos itu nabrak konstitusi dan uu tpks dan ngelanggar ham. Gimana?",2025-05-02T05:03:30.000Z,
twitter,"Jadi engga setipa orang mikin ""harus"" vasektomi biar dpet banson, karna org miskin yg belum punya anak masa harus vasektomi?

Kebijakan ini muncul berawal dari temuan ada orang miskin di majalengka ounya 10 anak, dan sedang hamil yang ke 11, dan di beberapa tempat juga ada..",2025-05-02T05:02:37.000Z,
twitter,Loh ngapain kalo ga butuh bansos vasektomi. Cowo2 yang udah vasektomi biar mampu berhak dapet bansos dong wkwk,2025-05-02T04:59:56.000Z,
twitter,"KB untuk cwe di dukung, waktu laki laki di vasektomi ngamukk, anehhhh",2025-05-02T04:59:54.000Z,
twitter,"orang ekstrim setelah baca ini:
""vasektomi orang miskin dan orang bodoh!!!"" ",2025-05-02T04:59:51.000Z,
twitter,"gua udah kirimin referensi berita nya loh ketimbang elu yang cuma ngetik ngetik gajelas tanpa bukti wahai jenius, mana beritanya? mau liat dong kalo kdm secara spesifik bilang kb vasektomi bukan kb kb yang lain?",2025-05-02T04:58:34.000Z,
twitter,idk man vasektomi itu bukan memberantas. Bahasa twittard ini berlebihan banget. Itu kontrol kelahiran dibilang memberantas... kecuali org miskin dibom.,2025-05-02T04:58:18.000Z,
twitter,"Untuk KB, tetap harus persuasif, karena resikonya akan di tanggung oleh keluarga tersbut. Bukan mewajibkan. Contoh dikasih uang kalau mau vasektomi. Program seperti ini jalan kok pas orde baru.",2025-05-02T04:57:56.000Z,
twitter,"Oh ya, terus harus vasektomi juga mereka? Silahkan suruh mereka vasektomi wkwk",2025-05-02T04:57:30.000Z,
twitter,"Kalau nolak vasektomi, ya sudah, biarin aja. Nanti kalau pusing gak punya biaya buat mbesarin anak, tanggung sendiri. Gue sih nggak peduli",2025-05-02T04:56:47.000Z,
twitter,"Negara ngasih makan juga kaga ngatur vasektomi orang, aneh gk sih. Klo di negara lain ada tunjangan anak dll, sekolah dll. Jgn ngatur sih klo belum bisa menjamin atau meringankan hidup mereka. Bansos dan zakat aja yg harusnya di salurin mlh di pake, mlh di tilep. Skrg mau ngatur",2025-05-02T04:56:15.000Z,
twitter,Sender minta jawaban jujur knp ga mau vasektomi.. skrg dah dikasih jawaban jujur malah mencak2.. tolol apa gmn sih lu? Klo ga suka sama jawabannya ga usah nanya!,2025-05-02T04:55:52.000Z,
twitter,Pemalsu ijazah dan pembohong sdh menurunkan ke anak anak mereka..sebaiknya di Vasektomi juga..,2025-05-02T04:55:52.000Z,
twitter,kasisan cowok2 ternak mulyono mesti mau di vasektomi demi antri ,2025-05-02T04:55:03.000Z,
twitter,Biarin saja nggak vasektomi. Gue sih gak peduli.,2025-05-02T04:53:50.000Z,
twitter,"vasektomi bisa permanen loh dan pun bisa ga permanen, lu tetep aja intervensi tubuh orang gila. lagian seberapa persen jaminan itu penyakit kemiskinan di keluarga itu ilang.",2025-05-02T04:53:07.000Z,
twitter,"Lah malah bawa konteks ini, kan gue ga menafikan masalah jumlah anak, orang gue dari dulu pro Vasektomi juga, cuman kan dalam hal jangan dipaksa. Artinya situ ga paham bahwa ada masalah struktural yang belum diselesaikan kenapa kok ini bisa terulang2 terus2an.",2025-05-02T04:52:59.000Z,
twitter,"Efek vasektomi itu apa ke gak puas hubungan badan? Bukannya makin bebas?

ya kalau solusi saya cukup gak udah di kasih bansos kalau pemalas. Karena kan ini Karena bansos kan.",2025-05-02T04:52:30.000Z,
twitter,"gini bang itu orangtua yang nelantarin anaknya goblok gasih? bagi lu engga ya? makanya gapapa ya mereka punya anak terus ya? rasain dulu jadi anak anak dari orang kayak mereka.

buat vasektomi itu di bpjs juga ada aturannya, minimal 35 tahun, 2 anak.",2025-05-02T04:52:07.000Z,
twitter,Yg terhormat bapak Gilang. Mohon sebelum komentar silahkan cari tau dulu materi yg akan di jadikan komentar anda. Malu Indonesia darurat baca njir. Masa vasektomi di samain kaya kebiri. Kocak lu.,2025-05-02T04:51:58.000Z,
twitter,MUI Haramkan Vasektomi Jadi Syarat Penerima Bansos,2025-05-02T04:51:28.000Z,
twitter,Langsung aja dikebiri vasektomi,2025-05-02T04:51:04.000Z,
twitter,"Apa itu satu2nya cara, ya big No. Tapi sangat2 naif kalo bilang kebijakan vasektomi atau KB g berdampak. Pake common sense aja, ketika loe kekurangan, ya g mungkin nambah keturunan.",2025-05-02T04:51:01.000Z,
twitter,"Masa dapet bansos harus vasektomi...nanti warga miskin habis semua,gimana dapet suara lagi buat pemilu pemilu selanjutnya??",2025-05-02T04:50:56.000Z,
twitter,MUI Haramkan Vasektomi Jadi Syarat Penerima Bansos,2025-05-02T04:49:59.000Z,
twitter,"Emang efek vasektomi jadi gak bisa berhubungan badan? Tetap bisa kok, justru lebih bebas kan main celup.

tapi bukan itu yang case ditakutkan, casenya adalah bagiamana kalau dia berubah dan mau Punya anak lagi.",2025-05-02T04:48:52.000Z,
twitter,Bawa-bawa Allaah tapi menghalalkan vasektomi,2025-05-02T04:48:32.000Z,
twitter,"Ngga ada yang maksa kok. Kalo ga mau vasektomi juga gpp, berarti dianggap mampu dan ga perlu bansos. Kalo maksa, itu lu sampe disamperin ke rumah dan dibawa secara paksa, diikat dan diculik. Please deh, masa ga bisa bedain antara maksa dengan pilihan sendiri.",2025-05-02T04:48:23.000Z,
twitter,"(1) bansos itu memang untuk untuk miskin dan rentan miskin - untuk kelompok di desil terendah, bansos memang hanya akan meringankan beban

(2) ""orang yang lapar tidak bisa berpikir merdeka"" - ilusi vasektomi sukarela itu kacau dan paradigmanya 'kelompok marjinal harap tau diri'",2025-05-02T04:48:19.000Z,
twitter,"vasektomi bukan pemandulan permanen, kalo emang mau tinggal buka ikatannya lagi. gitu ae koq repot .",2025-05-02T04:48:17.000Z,
twitter,"cari tau dl mas vasektomi itu apa, maluuu sendiri kan",2025-05-02T04:48:06.000Z,
twitter,"Vasektomi gak permanen.

Genosida itu ga batasin 2 anak cukup.",2025-05-02T04:48:02.000Z,
twitter,Malah seneng klo di vasektomi,2025-05-02T04:45:58.000Z,
twitter,"penerima bansos wajib vasektomi
pemberi bansos wajib poligami",2025-05-02T04:45:56.000Z,
twitter,"lariii ada opini jelek
giliran kb cewe lu ga blg tuh mengatur otoritas tubuh lolllll. lemah bgt pdhl cmn vasektomi doang msh bs ejakulasi. kb di cewe efeknya lebih banyak, gausah merasa paling tersakiti dah",2025-05-02T04:45:48.000Z,
twitter,"Pemerintah fokus ke efek, bukan ke akar masalah. Pembatasan kelahiran lewat vasektomi/KB memang bisa bantu dalam jangka pendek, tapi kalau ekonomi dan pendidikan tetap carut-marut, dampak jangka panjangnya tetap akan menyakitkan.",2025-05-02T04:44:50.000Z,
twitter,"lah lu mau keluar dari 3rd world country tapi penyakit kemiskinan aja kudu dipaksa vasektomi? yang bener mah benerin grassroot nya, provide them pendidikan,kesehatan, sama pekerjaan. masalah struktural lu hantem nya kesamping",2025-05-02T04:44:35.000Z,
twitter,mereka nih ngerti ga sih PERBEDAAN VASEKTOMI DAN KEBIRI??,2025-05-02T04:44:29.000Z,
twitter,"Bahkan secara otomatis pun jika kondisinya tidak memungkinkan lo sendiri akan memilih hal2 menahan jumlah anak tersebut tanpa harus dipaksa, ada kesadaran diri untuk vasektomi dan sebagainya.",2025-05-02T04:44:26.000Z,
twitter,MUI Haramkan Vasektomi Jadi Syarat Penerima Bansos #BNetwork,2025-05-02T04:44:01.000Z,
twitter,"Kalau ngerugiin perempuan gue juga teriak kenceng banget sih. Tapi disini kan suaminya di Vasek, dan vasektomi tetap bisa berhubungan kok. Dan kalau suaminya gak mau? Lah dulu mau jadi suami istri komunikasinya gimana coba?",2025-05-02T04:43:41.000Z,
twitter,"Apakah saya setuju dengan vasektomi bagi orang miskin? Kita bicara realita saja, realitanya gak ada anak yang mau terlahir miskin, dan berusaha keluar dari kemiskinan itu bukan hal yang mudah, harus jadi penipu dulu, jadi penjahat dulu",2025-05-02T04:43:37.000Z,
twitter,"emang ga ada tpi ya itu analogi aja bahwa kebijakan macem vasektomi tuh full of shit dan bukan nya cara ini  persis yang dipake hitler buat eugenika paksa buat non arya, so apa yg ngebuat beda antar hal ini sama genosida?",2025-05-02T04:42:15.000Z,
twitter,"buset, lu gak ngerti vasektomi?
astagaaaaa predator mah bagusnya di kebiri atau suntik mati ",2025-05-02T04:42:11.000Z,
twitter,"iya nih, masa iya usulan kebijakan vasektomi gaada S&K nya, pasti harus punya anak dulu baru berlaku kebijakan itu",2025-05-02T04:41:16.000Z,
twitter,"gw gak ngomongin programnya sih ya di sini. gw cuman bahas orang orang yang againts vasektomi terhadap rakyat miskin, masalah bagaimana pengaplikasian program ya emang terkesan kurang tepat. 

dan kalau kamu gak ngerasa you have mentioned it, coba baca screenshot mu sendiri.",2025-05-02T04:38:32.000Z,
twitter,Lah itu kan yg salah laki²nya krna gamau vasektomi. Malah nyalahin cewe lg,2025-05-02T04:38:02.000Z,
twitter,Belajar dulu deh vasektomi itu apa. Ada teknologi namanya google.,2025-05-02T04:38:01.000Z,
twitter,"baca, lu nyuruh mereka untuk vasektomi yang dimana itu bagian hak dari mereka untuk reproduksi dan mereka juga layak buat dapetin bansos tanpa persyarataan",2025-05-02T04:37:45.000Z,
twitter,"Mentang-mentang tau artinya vasektomi, patriarki, langsung gasss setuju tanpa paham sebenernya yang diperjuangkan itu keadilan seperti apa. Brain damage  emang kalo base ini lewat ",2025-05-02T04:37:23.000Z,
twitter,"yang karena mereka gak ngerti. gak diedukasi. Makanya pemerintah kudu edukasi. Dari ASI, gizi, dll. Bukan divasektomi. Tuh kan, banyak yang bisa kita lakukan selain vasektomi untuk bikin mereka sejahtera dan tidak menelantarkan anaknya",2025-05-02T04:37:20.000Z,
twitter,"Ya harusnya tetap gak bisa menghilangkan hak orang untuk selamanya.

kalau seandainya dia laki laki tapi menjadi ayah rumah tangga beneran. Sibuk mengurus rumah, masak dll tapi miskin. Kan gak harus di vasektomi juga.",2025-05-02T04:37:04.000Z,
twitter,"Heyy.. bodohhh vasektomi itu semacam kb untuk para lelaki woii… predator kya gini sih mending di hukum rajam, sebelum di rajam, di arak dlu keliling kampung, trs kasih madu sebadan badan dia biar di kerumunin semut merah trs baru di rajam!!",2025-05-02T04:36:38.000Z,
twitter,"Kalau sudah punya anak 2 atau lebih, kalau memang masih butuh belaskasihan atau bansos, apa salahnya ikut vasektomi",2025-05-02T04:36:24.000Z,
twitter,"Menurut gue vasektomi gaperlu adanya paksaan, cukup kasih edukasi gembor-gemboran ke masyarakat layaknya penyuluhan KB buat perempuan",2025-05-02T04:36:18.000Z,
twitter,ini iklan vasektomi,2025-05-02T04:34:50.000Z,
twitter,Inimah cuma buat nakut²in cewe aja biar gasetuju sm vasektomi,2025-05-02T04:33:06.000Z,
twitter,"Dikebiri lah, vasektomi mah untung di dia",2025-05-02T04:33:03.000Z,
twitter,vasektomi masih bisa bernafsu. potong aja semua organ kelaminnya!,2025-05-02T04:32:59.000Z,
twitter,"Paling juga kalo ini jadi, nanti muncul calo vasektomi / ordal buat bypass persyaratan vasektomi ",2025-05-02T04:32:36.000Z,
twitter,"Inget ya guys, bukan berarti gua kontra sama vasektomi. Of course gua setuju banget sama vasektomi, tapi kalo langkah ini duluan yg dia ambil gua si harus ngaku ini agak aneh",2025-05-02T04:31:55.000Z,
twitter,"Klo di Jabar, syarat kucing liar bisa dikasih street feeding (Nerima bansos) harus di vasektomi dulu.
Awokwokwok",2025-05-02T04:31:49.000Z,
twitter,"Bansos itu hak orang susah. Itu kewajiban negara karena gak berhasil mensejahterakan mereka. Makanya fokus bukan vasektomi tapi mensejahterakan mereka dengna pendidikan, pekerjaan layak. Itu doang. Vasektomi itu cara yang salah dan gak boleh dipilih.",2025-05-02T04:31:10.000Z,
twitter,"ya gitu lah orang gak berakal dan gak punya iman. menikah kalau tujuannya ibadah mana mungkin kepikiran selingkuh. tau keluarga susah ekonomi malah selingkuh udah dobel dobel tololnya. vasektomi biar dapet bansos dan bisa selingkuh, waw kayak orang gak berakal",2025-05-02T04:30:37.000Z,
twitter,"lu yang goblok, klo orangnya uda ga miskin trus mau nambah anak gimana? mikir kedepan lah, vasektomi tu ga jamin bisa balik 100%",2025-05-02T04:30:32.000Z,
twitter,kamu kira vasektomi tititnya dipotong? yeee Googling dulu sebelum komen,2025-05-02T04:30:20.000Z,
twitter,"Ga ada duit, anak ga bisa sekolah, walopun si vasektomi gratis, orang2 ga berpendidikan semakin banyak, ga akan bisa ngelamar kerja, yg ada bisa ganggu hidup orang lain lagi. Ini lingkaran setan sbnrnya",2025-05-02T04:30:11.000Z,
twitter,Apakah orang yg kena target vasektomi juga dulunya pemilih si gub?,2025-05-02T04:30:03.000Z,
twitter,Kemendukbangga berpedoman pada fatwa MUI tahun 2012 tentang vasektomi,2025-05-02T04:29:32.000Z,
twitter,MUI: Vasektomi Tidak Diperbolehkan Alias Haram,2025-05-02T04:29:32.000Z,
twitter,"Anaknya meninggal karena kecelakaan kan bisa, bukan Hanya malnutrisi dll.

Kalau seandainya vasektomi itu tidak permanen, maka saya setuju. Masalahnya ini permanen. Asumsi bahwa orang gak bisa berubah sama sekali ini juga salah. data memang menunjukkan mayoritas tidak berubah.",2025-05-02T04:29:27.000Z,
twitter,"Jadi ini asal mula twit ribut-ribut vasektomi .
Positif thinking aja gan, ini baru lempar isu cek ombak aja.
Kalau saya ngebayanginnya, untuk orang Indo yang pinter cari loophole, bisa-bisa malah banyak suami yang ga mau tanggung jawab, biar bisa tetep nerima bansos.",2025-05-02T04:28:57.000Z,
twitter,"Aturan itu bkn buat ngatur pilihan hidup org, tp buat ngatur bgmna kita bisa mengelola sumber daya yg terbatas. Vasektomi dlm konteks syarat bansos bkn soal maksa, tp soal tanggung jawab. Gada  yg ngancem, cuma ngasih pilihan supaya ada konsekuensi dari setiap keputusan.",2025-05-02T04:28:40.000Z,
twitter,Orang2 nih pd komen suruh vasektomi. KALIAN TUH NGERTI GAK SIH VASEKTOMI ITU APAAA!?,2025-05-02T04:28:32.000Z,
twitter,Yg ributin soal vasektomi pasti Pencinta Bansos tapi tdk mau KB. Kl yg tdk butuh bansos kenapa harus ribut?,2025-05-02T04:28:22.000Z,
twitter,Waduh...nanti 58 persen di vasektomi dong,2025-05-02T04:27:54.000Z,
twitter,Sedangkal ilmu saya vasektomi ini ada 2 pendapat. Haram dan mubah. Dimana keadaan mubah sendiri ketika vasektomi dilakukan untuk kesejahteraan keluarga. Jd gimana persepsi masing2.,2025-05-02T04:27:43.000Z,
twitter,guys bansos cuman buat orang yg mau vasektomi itu serangan ke kelas bawah… jgn dirayakan,2025-05-02T04:27:39.000Z,
twitter,"kl kata kombudkor semua org bakal resisten sama perubahan yang mempengaruhi zona nyaman mereka ( disini kan kebiasa cewe yang kb), meskipun sebenernya it's a good thing (konteks vasektomi)",2025-05-02T04:27:22.000Z,
twitter,NGAPAIN MEREKA DAFTAR VASEKTOMI YG DMN CM DPT REWARD? toh udh dibackup sm bansos? heran gw otaknya ga nyampe jir,2025-05-02T04:26:47.000Z,
twitter,"vasektomi pun ga menghilangkan patriarki kalo emang lakinya brengsek, yang dibenerin itu vasilitas pendidikan biar orang miskin yang tidak teredukasi dengan baik bisa sekolah dan nanti akan mengedukasi keturunannya, kemiskinannya tidak terulang",2025-05-02T04:26:26.000Z,
twitter,"lu tuh paham konteksnya ga sih? lu bilang bansos sifatnya wajib buat org miskin, smntr org miskin nih kebanyakan beranak terus MAKANYA DIADAKAN VASEKTOMI. ngerti syarat VASEKTOMI GA? klo mksd lu dikasih bansos krn sifatnya wajib buat org miskin,",2025-05-02T04:26:09.000Z,
twitter,"Gua bingung awalnya bagaimana berlogika yang benar untuk bisa menolak kebijakan vasektomi karena opini orang2 liar banget dan kalau kita kurang kritis bakal iya2 aja. Untung ada mas qahnaf ini, Makasih mas jadi lumayan lurus jalan pikir dan logika saya tentang salahnya vasektomi.",2025-05-02T04:25:39.000Z,
twitter,"Karena gamau vasektomi, akhirnya anaknya nambah terus dan ga nerima bansos karena gamau vasektomi dan akhirnya Miskin terus. Kebijakan cerdas",2025-05-02T04:25:28.000Z,
twitter,Lah ya ga vasektomi dong! Kebiriiii baru benerrrr! Predator kok divasektomi.,2025-05-02T04:24:47.000Z,
twitter,"sebenernya udah paham dari lama kali, tapi karena hubungannya dengan syarat penerimaan bansos jadi pada koar koar. kalo KB bukannya dari dulu bebas ya siapa yang pengen ngelakuin, udah diedukasi juga kalo vasektomi aman, dll.",2025-05-02T04:24:46.000Z,
twitter,"Iya, masalah utama adlaah lakiknya malas.

Ya ini dikasih case kalau dia berubah bagaimana? hak nya dia hilang selamanya, padahal dia bisa benar benar berubah.

saya tanya karena menurut saya, jika vasektomi dilakukan , case ini karena memang gak ada solusinya.",2025-05-02T04:24:36.000Z,
twitter,"Vasektomi itu dikaitkan dgn bansos... Apakah bansos memberantas kemiskinan? 

P1 udah failed. Gagal mendefinisikan masalah.",2025-05-02T04:23:05.000Z,
twitter,"loh, gw si gak fasis, gw kan menyetarakan pemikiran gw kaya lu, orang miskin beranak pinak itu obat nya cuma vasektomi, bukan negara yg perbaiki sistem pendidikan dan kesehatan, bukan opsi lainnya, the only option cuma vasektomi gitu? eww sempit amat pola pikir lu wkwkwk",2025-05-02T04:22:16.000Z,
twitter,"Siapapun yg bingung. Inti masalahnya bukan di vasektomi atau kb, tp kewajiban dikasih bansos harus vasektomi. Ini bukan soal progres if karena kb dari sisi pria, tp soal fasisme yg mengharuskan kb untuk bansos. Selama ini pun gaada kewajiban kb utk wanita kl mau nerima bansos",2025-05-02T04:22:00.000Z,
twitter,"ya untuk masalah itu pun saya setuju, lebih sedikit anak lebih baik. yang dipermasalahkan ini pendekatannya, yg cenderung pemaksaan dikarenakan bantuan sosial itu hak konstitusional orang2 miskin. kalau yg vasektomi dpt insentif saya setuju, bukan pengambilan atau haknya ditahan.",2025-05-02T04:21:38.000Z,
twitter,INI DIAAAA. ini alasan laki2 belegug kontra dengan vasektomi,2025-05-02T04:20:20.000Z,
twitter,"Masalah yang vasektomi ini ruwet sekali, udah pasti ada pro & kontra. Postingannya Pak Anies ini membuka mata sih (tapi memahami bukan berarti membenarkan) dan juga hanya memberikan perspektif di sini.
Idealnya memang anak itu maksimal 3 aja sih (menurutku)
Utk semua kalangan",2025-05-02T04:19:57.000Z,
twitter,"Mecima 2 Mei Good MornLy Libur Morning Hojlund Vasektomi

#tolakintoleransi #tolakradikalisme",2025-05-02T04:19:22.000Z,
twitter,awkwkw oh vasektomi bukan steril ya? lu mikir nya steril tu cuma kebiri total gitu? ,2025-05-02T04:19:19.000Z,
twitter,"Mecima 2 Mei Good MornLy Libur Morning Hojlund Vasektomi

#tolakintoleransi #tolakradikalisme",2025-05-02T04:18:58.000Z,
twitter,"Mecima 2 Mei Good MornLy Libur Morning Hojlund Vasektomi

#tolakintoleransi #tolakradikalisme",2025-05-02T04:18:53.000Z,
twitter,"Buat yang pro KDM soal kewajiban vasektomi sebagai syarat bansos, kalian harus memahami:
1. Vasektomi atau KB itu HAK INDIVIDU, negara ga boleh ikut campur ke dalam urusan privat.
2. Kemiskinan itu problem struktural. Solusi: Perangi kemiskinan, bukan perangi orang miskin.",2025-05-02T04:13:39.000Z,
twitter,"lagi dan lagi, gue ga kontra pada vasektomi

tapi untuk ""program vasektomi kepada masyarakat miskin penerima bansos,"" gue akan tetap kontra apapun alasan baiknya

our govt punya ilmuwan dan praktisi, kita ga kurang orang pinter. Coba bikin riset, seberpengaruh apa, baru sampaikan",2025-05-02T04:13:32.000Z,
twitter,"Yg di vasektomi kl di KTP nya islam, secepatnya ganti KTP",2025-05-02T04:13:24.000Z,
twitter,Bisa di liat banyak yg gapaham mksd vasektomi ,2025-05-02T04:13:08.000Z,
twitter,sabar kak... inilah hebat nya negara demokrasi. saya jg sering tdk setuju sama beberapa program pemerintah tp yg  KB Vasektomi ini saya setuju. dan heran nya banyak Orang2 pintar sini malah ke trigger HAHAHAH,2025-05-02T04:12:42.000Z,
twitter,"https://x.com/byeveryonesorry/status/1917649914206773329?t=o_P-Ddyc-ZaO7TaMWqUs9A&s=19… 

Perasaan lu bahas overpopulasi. Terus argumenku tentang birth rate yang rendah. Menurut data dan statistika, ini bakal terjadi hal buruk. 

Kalo nerima bansos harus vasektomi dulu artinya pemaksaan ya dek. 

Iq mu berapa? Di bawah 78 ya?
Cont-",2025-05-02T04:12:34.000Z,
twitter,"Bener. Jadinya ga kaget pas kebijakan vasektomi itu naik, dan orang-orang pada dukung.

Karna kebijakannya untuk 2 hal yg paling dibenci. Laki-laki dan miskin.",2025-05-02T04:12:31.000Z,
twitter,Harus di vasektomi supaya gak ugal ugalan,2025-05-02T04:12:05.000Z,
twitter,Justru cewe2 gak bakalan trauma klo yg memperkosa mereka itu sudah vasektomi.,2025-05-02T04:11:28.000Z,
twitter,"Aneh banget gua rasa yang mulai dukung program vasektomi KDM ini, bayangin hak warga untuk mendapatkan bansos harus dibatasi dengan kewajiban untuk vasektomi. Kemiskinan tidak sebatas hanya karena mereka punya banyak anak.",2025-05-02T04:10:47.000Z,
twitter,"Padahal kalo di kebiri dulu baru dikasih bantuan makan harusnya bisa mengurangi overpopulasi ya.

Kayak usulan dari DM ini bisa diterapkan ke kucing.

Biar dapet makan (bantuan), vasektomi dulu hehehe.",2025-05-02T04:09:09.000Z,
twitter,"Mulyono jilid 3, kerjaan nya ngonteeen mulu. Gak mampu menaikkan standard ekonomi rakyat nya, eh disuruh vasektomi… knp yg miskin gak disuruh transmigrasi aja biar jabar bagus statistik nya?",2025-05-02T04:09:03.000Z,
twitter,Jangan diwajibkan tapi diberikan insentif khusus buat kalangan menengah ke bawah yang udah vasektomi,2025-05-02T04:08:56.000Z,
twitter,"Mau dipikir beribu kali jg tetep aneh. Kalo emang dia takut nurun ke anaknya, pertama gak usah nikah, kedua dr awal sblm nikah aturan nyari yg mau childfree, ketiga dia vasektomi sblm menikah",2025-05-02T04:08:36.000Z,
twitter,"pertanyaan serupa,

seberapa besar dampak yg didapatkan jika 'rakyat miskin' divasektomi biar dapat bansos?

ingat, vasektomi hanya berlaku pada FISIK nya, bukan pada AKAL dan PERILAKU.",2025-05-02T04:07:41.000Z,
twitter,Kasih bansos tanpa syarat vasektomi,2025-05-02T04:07:28.000Z,
twitter,"MUI mengharamkan vasektomi untuk syarat bansos. Banyak mudaratnya.

Via: 
@detikHikmah",2025-05-02T04:07:00.000Z,
twitter,"Mau Vasektomi di Samarinda? Ini Lokasi, Syarat dan Prosedurnya",2025-05-02T04:06:38.000Z,
twitter,"Oh iya hak gua g sih punya anak/bukan. Kok lu fasis sih? Lagian gua nyuruh vasektomi bukan steril. Gua masih biasa aja sama orang miskin punya anak, tpi gua kontranya kan yg g tau diri beranak banyak. See lu overreacting & bahas vasektomi berasa dikebiri/digenosida. Get some help",2025-05-02T04:06:38.000Z,
twitter,ga usah vasektomi.. keluarin di luar aja atau pake kondom..,2025-05-02T04:06:09.000Z,
twitter,"maksud dari statement gw ""orang bodoh tapi gamiskin gimana?"" itu lebih ke, dapet reward apa si goblok-goblok ini kalo misal udah vasektomi? bansos? wah ga tepat sasaran dong, wong mereka sejahtera. Dibikinin sekolah/kursus khusus? boleh aja, atau ada ide lain?",2025-05-02T04:05:03.000Z,
twitter,"Program nya sudah ada, namun menurut saya sosialisasi nya yang kurang gencar, saya pernah baca di X ini kalau vasektomi tuh masih ada kok yg keluar, bedanya tidak ada sperma nya saja, mungkin harus segamblang itu diberitahu nya.",2025-05-02T04:04:48.000Z,
twitter,Kebiri lah bang keenakam dia vasektomi mah,2025-05-02T04:04:01.000Z,
twitter,"Gubernur Jabar Dedi Mulyadi kembali mencuri perhatian publik dengan rencananya yang kontroversial. Ia menyarankan agar vasektomi, metode kontrasepsi permanen bagi pria, menjadi syarat utama bagi keluarga yang ingin menerima beasiswa dan bantuan sosial.",2025-05-02T04:03:44.000Z,
twitter,"Ini tidak bisa di biarkan.. Tumpas napa sihh??? 

---
Pagiii Mecima Viral Libur Maguire Melani Yamal Bilbao Tikom Ki Hajar Dewantara kapolda wakapolda Jumat Vasektomi",2025-05-02T04:02:15.000Z,
twitter,"kasian banget dah orang miskin di indo, udah mah miskin terus di gaslight sesama warga... vasektomi dipaksa negara itu termasuk pelanggaran HAM ya anjirrr plisss cukup edukasi aja terus serahin pilihan ke mereka masing-masing.... JANGAN DIPAKSA ALLAHUAKBAR",2025-05-02T04:00:52.000Z,
twitter,MUI: Vasektomi Tidak Diperbolehkan Alias Haram,2025-05-02T04:00:16.000Z,
twitter,"Makanya banyak yg salah nangkap kalo org yg ngekritik kebijakan si KDM itu kontra vasektomi padahalkan ""pemaksaannya"" itu yg dipermasalahkan.

Padahal alih² bansos yg merupakan hak org miskin itu yg diotak/ik padahal bisa pakai sistem pemberian insentif untuk yg mau vasektomi",2025-05-02T04:00:11.000Z,
twitter,"masalah nya bukan d vasektomi nya kak, masalahnya negara pake vasektomi utk alat utk menekan rakyat, bansos itu kewajiban dasar negara, tapi kalo udah bersyarat, itu udah beda perkara, kebijakan fasis nama nya",2025-05-02T04:00:04.000Z,
twitter,"Rencana Dedi Vasektomi Dikritik MUI: Islam Melarang, tak Usah Daftar Bansos

https://bit.ly/3EQdXOz",2025-05-02T03:59:39.000Z,
twitter,"MUI Nyatakan Vasektomi Haram, Polemik Gagasan Dedi Mulyadi terkait Syarat Bansos",2025-05-02T03:59:38.000Z,
twitter,"Gak mau vasektomi bukan berarti dia gak mau menerima Bansos.

Saya gak bahas kemiskinan struktural juga.

coba fokus ke case saya, bagaimana solusinya.
keluarga miskin pemalas 2 anak, dikasih kerjaan gak mau, akhirnya perlu bansos dan wajib vasektomi. Eh anaknya meninggal semua.",2025-05-02T03:58:40.000Z,
twitter,"yang baru buka usaha tapi masih bingung sama pembukuan yuk marii

Sarapan | Pagiii | Vasektomi | Morninggg | Mecima | Day6 to Jakarta | PRICELESS OUT NOW | #HariPendidikanNasional | #Hardiknas2025 | #zonauang | #DebutAlbumRonyParulina | #Akuntansi",2025-05-02T03:58:37.000Z,
twitter,"Keputusan Gubernur Jawa Barat, Dedi Mulyadi, untuk mewajibkan vasektomi sebagai syarat untuk menerima bantuan sosial dan beasiswa telah menuai kontroversi.",2025-05-02T03:56:52.000Z,
twitter,"Berarti solusinya di pendidikan ya, bukan vasektomi?",2025-05-02T03:56:31.000Z,
twitter,vasektomi kok di kntl,2025-05-02T03:56:18.000Z,
twitter,"Dongo vasektomi mah mereka masi bisa ngaceng sama cum, cuma gabisa bikin hamil aja. Kalo di vasek malah tambah kaya binatang ntar kelakuan nya karna tau gabisa 'bikin hamil'",2025-05-02T03:55:29.000Z,
twitter,Lu mikirnya vasektomi tuh diapain sih? Kesannya kaya menderita banget di Vasktomi. Itu pemerintah udah coba kasih solusi loh. Kalo terus terusan dikasih bantuan tp mereka beranak banyak mah gk nyelesain masalah. Lagian kan yang di vasektomi yg udah punya anak kan.,2025-05-02T03:54:30.000Z,
twitter,"Koruptor jangan di vasektomi, harusnya eksekusi ",2025-05-02T03:54:00.000Z,
twitter,Kalo kata gua mending lu pd cari tau dlu deh vasektomi tuh kek gmn drpd nyap” aja. Cape bat yg sliweran soal itu mulu,2025-05-02T03:53:40.000Z,
twitter,"Vasektomi yang bodoh ? Sure lets do it, but how do you measure ""kebodohan"" ?. Apakah jika satu orang good at math tapi dia bodoh at art history maka dia di cap ""bodoh"" secara umum ?. Apakah orang yang iq dibawah 90 wajib vasektomi ?. Vasektomi kebodohan sounds like a good idea...",2025-05-02T03:53:14.000Z,
twitter,"Sebenarnya kebijakan vasektomi ini masalahnya di mewajibkannya. Pertanggungjawaban pemerintah kalau seandainya ada case yang “menjadi berubah” atau “menjadi mampu” belum jelas.

kecuali kalau persuasif KB, ini yang menanggung resiko kan mereka sendiri.",2025-05-02T03:52:17.000Z,
twitter,"coba dibaca lagi konteksnya, ini bentuk sindiran buat mereka yang pro kebijakan kdm terkait vasektomi, yang merasa orang miskin beranak itu hanya jadi beban bagi negara dan masyarakat lain.",2025-05-02T03:52:03.000Z,
twitter,"Serba salah nyampe disetiap aku org nya, bagi yg mau bansos ya silahkan ikuti prosedur vasektomi itu, soalnya yg beranak pinak harusnya bagus secara finansial. Berani berbuat berani bertanggung jawab lah jgn ngandelin bansos",2025-05-02T03:51:33.000Z,
twitter,"Kebijakan vasektomi, itu di Jawa Barat, bukan seluruh indonesia beban penduduknya berat, jangan ditambah yang miskin lagi yang bergantung sama pemerintah..",2025-05-02T03:51:20.000Z,
twitter,"Wrapped nothing, bridged nothing, trusted nobody. That’s my $MOTO swap story on 
@motoswapBTC
.

Thanks 
@opnetbtc
  GRIB Sarapan Perjanjian Kerja  Vasektomi",2025-05-02T03:51:05.000Z,
twitter,Malah ngurusin vasektomi bukannya bikin transum,2025-05-02T03:49:23.000Z,
twitter,"Betul, menurut Islam vasektomi haram, MUI juga tak setuju.
Klo mau ngasih bansos BG rakyat miskin tolong jangan disyaratkan itu ini, hrs ikhlas.
Negara mlh mewajibkan pemerintah mengurus fakir miskin.",2025-05-02T03:48:43.000Z,
twitter,"Kalo negara ga bisa gitu, ngapain punya negara? 
Setuju orang begi kaya lw vasektomi.
Milih pejabat bodoh, mendukung kebijakan bodoh pejabat bodoh...
Wajar orang-orang kaya lw cuma dianggap rumput ama pejabat. 
Berpikirlah, dan punya harga dirilah, atau nilai lw cuma ""vasektomi""",2025-05-02T03:48:38.000Z,
twitter,"Overthinking + seblak = combo ampuh buat meredam pikiran liar.  Btw, ini vibes Jumat berkah tapi endingnya plot twist vasektomi, ngakak sih! ",2025-05-02T03:48:35.000Z,
twitter,"Bisa jd. Soalnya isu vasektomi ini kan lg ngetren emg. Goreng isu agama uda ga gitu mempan, skrg yg digoreng isu gender. Sialan.",2025-05-02T03:47:14.000Z,
twitter,"Yg ini ane gak setuju bang. Utk orang"" seperti mereka, anak"" tak berdosa itu acapkali lahir akibat nafsu syahwat belaka. Ini sekedar ego memenuhi kepuasan sesaat tanpa mikir tanggungjawab sebagai orangtua ke depannya. Solusinya cuma satu: vasektomi ala KDM.",2025-05-02T03:47:07.000Z,
twitter,"Gini, kalaupun sedikit persen yang berubah, dia jadi mampu ekonominya, mau mengurus keluarga, bagaimana tanggungjawab pemerintah kalau dia sudah terlanjur diwajibkan vasektomi dan ingin punya anak lagi?

Saya setuju dengan tujuan nya, tapi metodenya yang tidak tepat.",2025-05-02T03:47:00.000Z,
twitter,"Pada teriak2 kan org miskin hrs vasektomi. Padahal yg di vasek hrsnya org-org kayak gini.
Ga ada hubungannya miskin pasti jd manusia gagal.
Simply emg pada ga mau aja uang pajaknya buat bantu org lain.",2025-05-02T03:46:44.000Z,
twitter,"di keriuhan n keributan2 twitter akhir2 ini sebetulnya ada satu sosok yg dirindukan, yaitu 
@SoundOfYogi
 
isu2 vasektomi apalagi paling demen pasti dia nimbrung
sayang, ybs masih mendem di goa gara2 disomasi",2025-05-02T03:46:40.000Z,
twitter,"KDM vs Hercules
netijen twitter bingung mau belain siapa 
belain KDM udah kadung anggap dia JKW 2.0, isu sunda wiwitan, terbaru isu vasektomi yg ngelanggar HAM katanya
belain Hercules takut disangka pro premanisme, plus pendukung 02 jg dia
choose your side wisely ",2025-05-02T03:45:09.000Z,
twitter,Padahal gw juga anak keempat dari 6 bersaudara dan gak enak banget kelaparan bareng kakak adik gw. Atas dasar itu sekarang gue maunya cukup 1 anak aja. Dan sedang berusaha nabung agar bisa vasektomi biar gak jadi anak kedua,2025-05-02T03:44:51.000Z,
twitter,Gub Jabar keren bgt mendukung vasektomi,2025-05-02T03:44:23.000Z,
twitter,Bener kata KDM vasektomi  cocok utk laki2 indonesah,2025-05-02T03:44:02.000Z,
twitter,Koruptor mah bukan vasektomi tapi perlu di lobotomi.,2025-05-02T03:43:37.000Z,
twitter,"Diplomatis bgt ya pak, pake bawa2 POV org miskin 
Saya jg bergaul sama org miskin kok, mereka punya banyak anak juga bukan karena mau tapi SERING KEBOBOLAN, harusnya KB kyk vasektomi bisa jd solusi",2025-05-02T03:43:03.000Z,
twitter,"Lah lebih bebas ni orang perkosa sana sini tanpa takut ngehamilin, kocakkkk. Bedain vasektomi sama kebiri bro",2025-05-02T03:42:41.000Z,
twitter,"Iya, di satu sisi saya juga paham bahwa bansos adalah hak nya warga prasejahtera, mewajibkan vasektomi sebagai syarat bansos adalah hal yg salah karena kesannya di paksa untuk menukar haknya, padahal memang seharusnya bansos itu untuk mereka.",2025-05-02T03:42:03.000Z,
twitter,"Iya, di satu sisi saya juga paham bahwa bansos adalah hak nya warga prasejahtera, mewajibkan vasektomi sebagai syarat bansos adalah hal yg salah karena kesannya di paksa untuk menukar haknya, padahal memang seharusnya bansos itu untuk mereka.",2025-05-02T03:42:03.000Z,
twitter,"yg heboh masalah vasektomi dan ngedukung kebijakan ini tuh kebanyakan cewe yg mohon maaf mukanya agak jelek, kalo yg cantik mah tetep santuy karena gk relate untuk mereka, udah pasti dapet suami orang kaya. -",2025-05-02T03:41:57.000Z,
twitter,"enak bgt baca opini bagus gini, efek abis kesel baca opini jelek mutual ig yg dukung wajib vasektomi buat rakyat miskin kali yaa",2025-05-02T03:40:10.000Z,
twitter,"Jadi menurutmu vasektomi itu cara pengentasan kemiskinankah?

Dan kalo org yg tdnya miskin dah diwajibkan negara vasektomi tiba² nih jd gak miskin lagi nih apa negara juga akan menanggung operasi pengembalian dari vasektomi balik ke normal gak?",2025-05-02T03:39:36.000Z,
twitter,"Coba tanya penyuluh-penyuluh Puskesmas itu susahnya gimana edukasi mereka, diedukasi ga mau? Ya vasektomi la jalan keluar nya",2025-05-02T03:39:20.000Z,
twitter,"Orang miskin di vasektomi, kucing kagak...?",2025-05-02T03:39:07.000Z,
twitter,"Bansos itu dari uang pajak rakyat yah inget, rakyat untuk rakyat, 2 anak cukup berlaku untuk semua org udah dari dulu wanita yg dianjurkan untuk KB skrg untuk cowo yaitu vasektomi udah itu ajasih biar ga hamil hamil terus dan ga tanggung jawab sm anaknya, kesadaran diri saja :)",2025-05-02T03:38:52.000Z,
twitter,Ini yang bikin Gubernur Jawa Barat (Jabar) Dedi Mulyadi “kepikiran” mengusulkan vasektomi sebagai syarat penerimaan bantuan sosial (bansos).,2025-05-02T03:37:43.000Z,
twitter,"Edukasi seksual itu hak warga. Akses pendidikan itu hak warga. Jangan cuman karena gub gak punya ide, warga miskin dikorbanin dong. Makanya penting punya gubernur yg cerdas. Alih alih vasektomi, mendingan bikin kebijakan hilirisasi pertanian tuh.",2025-05-02T03:37:31.000Z,
twitter,"Cobain dulu itu vasektomi, kmudian pahami hakekat islam maaf klau anda seorg islam sdah pasti bertentangan.",2025-05-02T03:37:14.000Z,
twitter,"Saya memahami klarifikasi Anda. Dalam konteks ini, fungsi organ reproduksi memang merujuk pada berkembang biak, bukan hubungan seksual. Menurut ajaran Islam, vasektomi umumnya dianggap haram karena mencegah prokreasi secara permanen, yang merupakan tujuan utama pernikahan. Sumber",2025-05-02T03:36:20.000Z,
twitter,"Hak tubuh gak bisa diatur pemerintah, ngewajibin kb dalam bentuk apapun melanggar uu tpks loh  Menganjurkan vasektomi itu oke, tapi mewajibkan sebagai syarat dapet bantuan (padahal itu kewajiban pemerintah dan hak rakyat yg gak mampu) itu gak bgt.",2025-05-02T03:33:44.000Z,
twitter,"ga menentang, setuju harus ada vasektomi untuk cowo. tpppp apalah itu hal terbaik yg bisa pemerintah lakuin sbg pemangku jabatan, sebagai org pembuat kebijakan dalam mengatasi masalah?",2025-05-02T03:33:35.000Z,
twitter,"Ini lebih ke pilihan rakyat sendiri, mau dapat bansos ya harus punya anak dulu 2 dan terima di vasektomi, kalau maunya anak yang banyak ya jangan harap dapat bansos",2025-05-02T03:31:12.000Z,
twitter,"Lagipula ada ketentuan bagi penerima bansos yang harus di vasektomi, salah satunya harus punya 2 anak, bukan nyuruh orang miskin yang belum punya anak terus di vasektomi biar gak punya anak",2025-05-02T03:29:07.000Z,
twitter,"Diatas sudah diprotes pak dan sudah dijawab 
Sekedar ""menyandingkan ada point ga bisa punya anak laginya (permanen).

Biar dapat point ""permanenya, ini yg saya protes kebijakan vasektomi sebagai syarat dapat bantuan
 
Jangan protes lagi ya, ngedumel bolehlah",2025-05-02T03:29:07.000Z,
twitter,"Dimasalahin itu bukan vasektominya tapi ""pemaksaan vasektomi""nya",2025-05-02T03:27:53.000Z,
twitter,"Bedanya? Kan pilihan vaksin dan vasektomi ada di individu, bagus dong.",2025-05-02T03:27:34.000Z,
twitter,seru banget ngikutin program vasektomi vs pengamat sosial >< bnr2 belajar banyakk,2025-05-02T03:27:08.000Z,
twitter,"sebagai seseorg yg hadir dalam keluarga dalam jumlah anak banyak, gua gabisa sepenuhnya setuju sm vasektomi, tp ga menentang kebijakan itu.

setuju, sebagai org yg belum settle in economy baiknya gapunya banyak anak",2025-05-02T03:26:42.000Z,
twitter,"Karena komen ini, gw jadi ngerti kenapa laki-laki Indonesia anti banget sama yg namanya vasektomi.

Ternyata karena mereka pikir itu sama dengan KEBIRI. ",2025-05-02T03:25:39.000Z,
twitter,"Ketika negara tak mampu mensejahterakan rakyatnya, maka vasektomi jalan keluarnya.. kocak",2025-05-02T03:25:07.000Z,
twitter,"Ke enakan dialah klo d vasektomi, bisa makin gila dia klo udah bebas krna klo ngsex ga takut cewenya hamil",2025-05-02T03:24:46.000Z,
twitter,"Kalo mau ngomongin kebijakan yang cepet dan konkret mungkin bisa dibalik, kalo ikut vasektomi ntar dapet insentif, bukan jadiin vasektomi sebagai syarat untuk dapet bantuan. Bikin akses ke alat kontrasepsi mudah, kasih edukasi seks buat orang tua.",2025-05-02T03:23:38.000Z,
twitter,"gak lah vasektomi itu kan semacam KB ,klo predator gini yah cocoknya dikebiri trus penjara seumur hidup",2025-05-02T03:22:54.000Z,
twitter,"Cholil Nafis Semprot Dedi Mulyadi Soal Usulan Vasektomi Jadi Syarat Bansos, Begini Alasannya
#cholilnafis #dedimulyadi #vasektomi #bansos",2025-05-02T03:22:05.000Z,
twitter,"""Mending vasektomi daripada ngajak anak hidup di dunia yang isinya utang, cicilan, dan minyak goreng mahal. #DarkButTrue
Btw, ini alat kontrasepsi cowok diskon 70% di Shopee, biar nggak salah masuk terus!
https://s.shopee.co.id/5pvIQbtow9",2025-05-02T03:21:34.000Z,
twitter,"Brlom kelar vasektomi, dah ada lagi topik baru dari kdm ",2025-05-02T03:14:08.000Z,
twitter,"Hal ini yang membuat banyak orang setuju orang miskin dapat dikenakan kebijakan konyol seperti vasektomi yang menyasar ke orang miskin. Seakan-akan, misal kita pakai perspektif kapitalistik, kegagalan kemampuan mereka itu melekat di pribadinya dan di dalam nilai moral mereka.",2025-05-02T03:13:51.000Z,
twitter,"setuju sih, jadi nanti sebelum umur 18 diadakan test iq, kalo dibawah 78 wajib vasektomi.

jebule pada ngewe sebelum umur 18 wkwkwk",2025-05-02T03:13:38.000Z,
twitter,"Orang kaya dari dulu selalu bilang ""orang miskin itu miskin karena mereka bodoh, dan orang-orang kaya bisa jadi kaya karena kepintarannya"", terus kenapa sekarang orang-orang kaya gak setuju sama vasektomi bagi orang miskin? Bukannya itu sejalan dgn anggapan mereka selama ini?",2025-05-02T03:12:55.000Z,
twitter,"ASTAGAAAAAAAA pahamiiii yang dikasih reward itu siapaaa?? Gimana caranya beranak pinak kalo lagi kalo udah divasektomi? Yang dapet reward kan kalo udah vasektomi. Jadi simpelnya bansos yang udah hak rakyat itu tetep diberi tanpa syarat, nah yang mah vasektomi itu dpt reward.",2025-05-02T03:12:20.000Z,
twitter,"debat vasektomi ini udah ajaib-ajaib gue liat. gmn kalo seluruh warga negara aja diwajibin vasektomi dan tubektomi? biar gak usah reproduksi, dan gak ada diskriminasi? biar aja masa depan Indonesia ada di tangan para remaja sekarang yang katanya generasi emas itu",2025-05-02T03:11:41.000Z,
twitter,"Pengangguran, ngerokok dan suka tantrum = org miskin.
Org miskin suka seks bebas, pasti punya anak dan ga keurus, trs pasti jd beban rakyat.
Org miskin hrs vasektomi krn ga pantes pny keturunan, yg pantes pny keturunan org kaya doang.
Gitu kan? Pait bener jd org miskin disini.",2025-05-02T03:09:48.000Z,
twitter,"vasektomi masih bisa ngewe, mending kebiri!",2025-05-02T03:09:09.000Z,
twitter,"Nah gitu dong lanjut pake data
Saya juga ada screenshoot gogel.

Kalo sepakat vasektomi ""permanen apa yg dimasalahkan?",2025-05-02T03:08:21.000Z,
twitter,"Wkwk salah. Harusnya kebiri, kalau vasektomi yang ada dia bebas ngewe sama sini.",2025-05-02T03:08:16.000Z,
twitter,Dikira vasektomi motong kontol kah ? Kebiri lah anjir vasektomi masi bisa Celap celup dia,2025-05-02T03:07:29.000Z,
twitter,Paham vasektomi ga?,2025-05-02T03:07:15.000Z,
twitter,"klo vasektomi terlalu baik sih buat pemerkosa, potong titit/kebiri aja hrsnya",2025-05-02T03:07:07.000Z,
twitter,"Kayaknya sengaja digiring ke sono nih. Yg satu bilang gini, satu lg mo vasektomi.",2025-05-02T03:03:39.000Z,
twitter,"Vasektomi ada plus dan minusnya, minus jd bebas, tp plus nya ga bikin hamil, kasian anak yg di lecehin sampe hamil, anaknya ga salah apa apa harus nanggung beban seumur hidup, dilecehin trs hamil. padahal di umur belia anak2 belum sanggup buat hamil apalagi jadi ibu",2025-05-02T03:02:35.000Z,
twitter,"padahal mereka yang cocotnya kebanyakan tuh cuman marah karena vasektomi urusannya sama burung laki-laki. gua yakin kalau tu kebijakan diganti jadi KB untuk wanita, mereka semua pasti bakal setuju tanpa babibu. ga bakal ada yang bilang pelanggaran ham, dsb. emang anjing.",2025-05-02T03:02:29.000Z,
twitter,Bukan vasektomi poto g titt aja sekalian ga berguna soalnya,2025-05-02T03:02:13.000Z,
twitter,"Yok mas berkontribusi untuk sterilisasi kucing liar biar jumlahnya ga semakin banyak dan terus berkembang biak, jangan cma berharap sama pemerintah dan komunitas cat lovers, yuk galakkam vasektomi/tubektomi kucing liar, walaupun mreka ga nrima bantuan pemerintah",2025-05-02T03:02:03.000Z,
twitter,"pasti bisa mikir banyak anak repot ama butuh biaya tinggi
ga perlu vasektomi bs kb segala macem tapi ya gmn bs mikir klo akses pendidikan aja.susah",2025-05-02T03:00:14.000Z,
twitter,"Pengen tau banget dari pov cowo, kenapa sebagian dari kalian takut banget sama vasektomi, while selama ini cewe yg kb udah massive, i mean gaada program bansos wajib vasektomi aja, sudah sewajarnya untuk mengurangi populasi itu yg lebih efektif dengan cowo yg vasektomi.",2025-05-02T02:59:25.000Z,
twitter,"Lah situ juga nyuruh gue tutup mulut kok nyolot waktu dikatain serupa? 
Lagian nih yah vasektomi bisa dikampanyekan dengan cara edukasi dan insentif bagi yang melakukan. Bukan dengan menjadikan itu syarat bansos, itu namanya fasis.",2025-05-02T02:58:52.000Z,
twitter,Gubernur Jawa Barat (Jabar) Dedi Mulyadi mengusulkan vasektomi sebagai syarat penerimaan bantuan sosial (bansos).,2025-05-02T02:58:52.000Z,
twitter,bener. vasektomi harus selaras dengan program pendidikan nya yg harus ditingkatin,2025-05-02T02:58:16.000Z,
twitter,"Betul, banyak yang kena Vasektomi dong kalau gitu",2025-05-02T02:57:18.000Z,
twitter,"awkwkw lah kenapa ga boleh d bawa? lu gatau dari kemiskinan struktural? dan kenapa malah d pelihara negara? bukan nya ngurus kebijakan yg lain, malah ngurus bansos wajib KB, dan elu? buzzer vasektomi, kek ny lu dulu deh yg harus mulai d steril, galak banget k orang miskin soalnya",2025-05-02T02:57:15.000Z,
twitter,bawel bener orang2 disuruh vasektomi anjing dr dulu perempuan disuruh KB segala bentuk dgn dampak negatif yang banyak ke tubuh jg ga seberisik lu pada anjing,2025-05-02T02:55:12.000Z,
twitter,"Koruptor juga vasektomi, atas dasar memberantas korupsi",2025-05-02T02:55:00.000Z,
twitter,"Ya terus pusat angkat tangan gt? Bertahun2 pemda nya ga amanah didiemin aja? Lagian KDM pun bagian pemda kan, yaudah meding urus pendidikan gratis sebelum buat kebijakan vasektomi.",2025-05-02T02:54:52.000Z,
twitter,"beside hal yang lagi hype sekarang tentang vasektomi terhadap kepala keluarga miskin, menurut gue gaada alasan itu pun lebih baik laki-laki  yg vasektomi daripada perempuan yg harus selalu kb kalau ga ingin punya anak lagi",2025-05-02T02:54:27.000Z,
twitter,seru juga bacain pro & kontra ttg vasektomi,2025-05-02T02:54:07.000Z,
twitter,"vasektomi bisa dikembalikan koq..

klo uda kaya, baru balikin..

lagian sudah ada anak 2 masa ga cukup ??

miskin harap sadar diri ya..",2025-05-02T02:53:56.000Z,
twitter,"Dari semua perdebatan soal syarat vasektomi sebagai syarat vasektomi yang paling nyebelin adalah, ini isu yang nyumet pemerentah jing. Terus akibatnya yang gelut ya warganya sendiri, artinya apaa.. yaa lagi lagi isu horizontal",2025-05-02T02:52:31.000Z,
twitter,"Orang miskin banyak anak karena mereka emang gk ada yg dikerjakan, jadinya otaknya cuma ngewe. Apalagi kalo lakinya pengangguran total, yg kasian emang si wanita yg tersiksa lahir, batin dan pikiran. Udah bener emang KB pria/vasektomi diberlakukan",2025-05-02T02:52:11.000Z,
twitter,"Vasektomi buat yg udh punya 2 anak, kalo misalkan lu nih miskin udh punya 2 anak pengen bansos ya vasektomi dulu, kalo tiba2 lu kaya raya, ya bagus dong 2 anak lu berkecukupan, berkualitas hidupnya, ga cukup punya 2 anak? Dari dulu pemerintah udh gembor2 2 anak cukup yeee",2025-05-02T02:52:04.000Z,
twitter,"Kenapa sih laki-laki kayak takut banget sama vasektomi, not to mention point yg lain, tapi takut banget tuh kenapa while selama ini cewe kb santai aja",2025-05-02T02:51:15.000Z,
twitter,"Aku yg against dg pemaksaan vasektomi aja ga setuju sm twit dia. Mempertimbangkan gelar yg dia punya, omongannya sama sekali ga bermutu. Dia ngomong cuma buat memuaskan fans/sekte pemujanya, bukan buat menjelaskan untuk memberi pemahaman terkait isunya",2025-05-02T02:51:07.000Z,
twitter,"keknya kejahatan luar biasa boleh deh di vasektomi, biar nggak menghasilkan keturunan begitu juga...",2025-05-02T02:50:29.000Z,
twitter,"kan yang dipikirin selalu urusan selangkangan, kak. jadi cara counternya ya harus pake bahasa yang ngebahas itu juga. (lelah)

apalagi katanya sekarang vasektomi udah ada yang reversibel (walaupun success rate-nya ga 100%).",2025-05-02T02:50:23.000Z,
twitter,"3. Jadi gak ada yang kontra dengan pemakaian vasektomi. Tapi kontra terhadap PEMAKSAAN vasektomi KE MASYARAKAT MISKIN.
Kalau masih gak ngerti berarti emang lo bebal aja ",2025-05-02T02:50:01.000Z,
twitter,"Tapi di sini udah overpopulasi, orang2 dengan pemikiran kolot bakal kesentil egonya kalo disuruh vasektomi. Nah kalo dia ngarep bansos, anaknya harus dibatasi gak boleh banyak2 malah ngebebanin negara",2025-05-02T02:47:05.000Z,
twitter,"Wkwk menurut lu vasektomi itu titit nya dipotong habis kali ya ? 
Justru predator dikasih vasektomi makin menjadi bajingannya",2025-05-02T02:47:05.000Z,
twitter,"bansos itu dari duit pajak, bukan dari kantong pribadi, jadi gak boleh dikasih syarat aneh aneh kek vasektomi

kalau dari kantong pribadi lu, suka suka lu mau kasih ke siapa, mau yg satu agama kek, mau yg satu pilihan politik kek, terserah",2025-05-02T02:46:29.000Z,
twitter,"NGATUR SEBELAH MANA? MAKSA SEBELAH MANA? ORG ATURANNY ITULHO PILIHAN! 

KL GA VASEKTOMI JG GPP KOK ASAL JGN AMBIL BANSOS LG AJA, KAN NIAT NAMBAH ANAK >3 BERARTI UDH MIKIR MATENG2 HRSNYA GMN CARA NGIDUPIN SMPE DEWASA NNT PAKE HARTA SNDIRI",2025-05-02T02:45:32.000Z,
twitter,"Mau tanya dong, kalo bapaknya gamau vasektomi dan malah milih nolak bansos. Apa pantes anak istrinya kena imbas juga? 

Semua variabel kan harus dipertimbangkan.",2025-05-02T02:45:20.000Z,
twitter,"Kocak emang kebijakan nya, apa hubungannya bansos sama vasektomi ya?",2025-05-02T02:45:01.000Z,
twitter,"Orang kaya ga dapet bansos itu dah termasuk diskriminatif loh... Lah, vasektomi diberi bansos udah bener, masih ngarepin duit lebih lagi?",2025-05-02T02:44:32.000Z,
twitter,"Tp skrg permasalahannya, gimana kalo bapaknya bener2 gamau vasektomi? Pake dalih agama lah apa lah.. kita tau kan, seberapa stubborn-nya mereka. Nah, kalo kayak gitu casenya, apa pantas kalo anak2 dan istrinya ga dapet bansos? 

Gitu aja",2025-05-02T02:43:49.000Z,
twitter,Kalau masalah masih banyak KB yg lebih fokus ke wanita maka yg diperlukan itu makin gencar edukasi. Sy sendiri yg minta istri engga usah KB karena siklus haidnya menjadi rusak dan dianya sering engga enak badan. Jadinya sebagai suami saya yg mesti berperan. Tp bukan Vasektomi.,2025-05-02T02:43:42.000Z,
twitter,"YAUDA TINGGAL GAUSA VASEKTOMI AJA, KAN GADA YG MAKSA.

YA KL GAMAU VASEKTOMI YA JGN JAHAT TTP MAKSA MINTA BANSOS LAH KOCAK, LU MUTUSIN NAMBAH ANAK LGI YA HRSNY LU UDH SIAPIN BUAT ANAK LU SMPE DEWASA, KRN ITU TANGGUNG JWB LU SBG ORTUNY YG MAU NAMBAH ANAK!",2025-05-02T02:43:16.000Z,
twitter,Ada gw bilang gw setuju pemaksaan KB/Vasektomi di tweet itu? Masnya bilang mau ngajarin saya tapi malah masnya yg kayaknya mesti diajar membaca ,2025-05-02T02:43:08.000Z,
twitter,Tapi emgnya kenapa pada gamau vasektomi sih,2025-05-02T02:42:54.000Z,
twitter,"Dan g usah bawa"" kebijakan yg lain ya anj. Kita lagi bahas vasektomi. G usah gede""in pembahasan. Makin ngelantur aja lo , mending tingkatin kualitas hidup lo yg miskin daripada jadi sjw bansos miskin g tau diri berfetish beranak banyak",2025-05-02T02:42:50.000Z,
twitter,Terus dengan maksa mereka jadi solusi? Apa gak makin ngeyel tuh masyarakat sama himbauan pemerintah? Apa gak makin gede stigma buruknya ke program vasektomi? Sejarah dah membuktikan kalau kebijakan fasis itu endingnya gak baik kok masih mau dijalanin ,2025-05-02T02:41:33.000Z,
twitter,"Lucu, liat cowok kejang2 pas bahas vasektomi",2025-05-02T02:41:31.000Z,
twitter,"GINI YA, JELASIN DL PEMAKSAANNY DRI SEBELAH MANANYA?!!

ATURANNY MAU VASEKTOMI BOLE GA JG GPP, CMN TIAP PILIHAN ADA KONSEKUENSI YG MENGIKUTI AJA. NAMANY JG IDUP,AGAMA AJA JG DIAJARIN GT KL HIDUP ADL PILIHAN, TIAP PILIHAN AKAN ADA KONSEKUENSI YG MENGIKUTI, MAKANY MNS ADA OTAK+HATI",2025-05-02T02:41:20.000Z,
twitter,"Ya karna itu diskriminatif terutama karna melibatkan bansos, beda cerita kalo ""vasektomi diberi tunjangan atau insentif diluar bansos"" ini ga bakal jd masalah",2025-05-02T02:41:19.000Z,
twitter,Itulah... pantesan program Pak Gub Jabar dikritisi habis2an sama kaum Adam. Lahh pd goblok gak paham vasektomi itu apa... ,2025-05-02T02:40:47.000Z,
twitter,"Nah kan, yang setuju vasektomi sebagai syarat bansos emang pure benci dan jahat aja ke orang miskin.",2025-05-02T02:40:13.000Z,
twitter,Dia mahh harus dikebiri sampai buntung total. Enak bener vasektomi doang. ,2025-05-02T02:39:14.000Z,
twitter,"ini tujuan KDM orang miskin penerima bansos harus di vasektomi, biar gak beranak pinak melahirkan kemiskinan lagi",2025-05-02T02:38:24.000Z,
twitter,koruptor di vasektomi atas dasar memberantas.......,2025-05-02T02:38:13.000Z,
twitter,"SDA melimpah di kuasai segelintir pemilik modal, rakyat butuh sesuap nasi saja harus vasektomi. 
Cara berpikir miskin seorang pemimpin.",2025-05-02T02:37:53.000Z,
twitter,Terus pede banget bilang gak berhasil karena edukasinya udah gencar. Lo liat dong datanya berapa banyak laki-laki yang enggan ikutan penyuluhan KB. Evaluasi tuh kenapa banyak yang malas bahkan sampe nolak buat di vasektomi padajal manfaatnya lebih banyak serta minim risiko,2025-05-02T02:37:53.000Z,
twitter,"Halah ngeles mulu, pengajar Inten lu?? Kalo Hakim udah menetapkan kerugian segitu di Putusannya ya berarti kerugian negara ya memang segitu. That's legal reality.

Lagian ngapain u quote tweet gw yg itu? Ada gw membenarkan pemaksaan KB/vasektomi di situ? ",2025-05-02T02:37:44.000Z,
twitter,Yah gak gitu dong. Bansos itu tanggung jawab/kewajiban pemerintah. Kalo aturannya harus divasektomi biar dapat bansos yah artinya itu pemaksaan. Beda cerita kalo KB wajibnya pake vasektomi.,2025-05-02T02:37:29.000Z,
twitter,"Tidak disuruh vasektomi pun,laki laki paling susah disuruh komitmen KB,ujung ujungnya perempuan yang di KB kan,mana ada Kyai laki2 yg isi ceramahnya pengaturan jarak kelahiran,KB laki2,kasihan perempuan,melayani laki,hamil,melahirkan,menyusui,urus anak,rumah,berbakti ke laki trus",2025-05-02T02:36:05.000Z,
twitter,"Maka, menjadikan vasektomi sebagai syarat untuk menerima bantuan sosial bertentangan langsung dengan prinsip ini, karena memberi ""pilihan palsu"": antara hak ekonomi atau hak reproduksi.",2025-05-02T02:35:48.000Z,
twitter,"harga Rp199.000. Dapatkan di Shopee sekarang! https://s.shopee.co.id/BGvd0XmKQ?share_channel_code=7…

Mecima Pagiii Sarapan Refund vasektomi",2025-05-02T02:35:22.000Z,
twitter,Pasl 5 dan 8 UU TPKS jelas bertentangan dgn ide KB buat Bansos. Karena org yg vasektomi bakal dimanipulasi untuk menjalankan operasi 11 juta buat terima bansos.,2025-05-02T02:33:22.000Z,
twitter,Nah ini. Banyak banget kemarin yg dukung vasektomi untuk ORANG MISKIN. Orang2 kok pada jahat dan benci orang miskin segitunya heran,2025-05-02T02:33:02.000Z,
twitter,"Ngerti vasektomi ga sih? Justru untung dia, seharusnya kebiri anjirr",2025-05-02T02:32:34.000Z,
twitter,"Kebijakan yang mensyaratkan fakir miskin untuk menjalani vasektomi setelah memiliki dua anak agar bisa terus menerima bantuan sosial, tidak secara eksplisit melarang orang miskin memiliki anak lebih dari dua.",2025-05-02T02:32:29.000Z,
twitter,semua debat tentang vasektomi dan kemiskinan ini bisa selesai kalau dari dulu negara sudah menyediakan pendidikan yang layak dan ilmu tentang pentingnya mengatur keuangan.,2025-05-02T02:31:58.000Z,
twitter,Lu tau kebiri ga sih?? Kucing nya vasektomi bang,2025-05-02T02:31:27.000Z,
twitter,"""Baru aja ngobrol panjang sama ChatGPT soal kebijakan bansos yang dikaitkan dengan vasektomi. Dari diskusi itu, lahirlah tulisan ini sebagai bahan refleksi. Silakan dibaca!""

Mengendalikan Tubuh Rakyat Miskin: Kebijakan Vasektomi Bersyarat dan Bahaya Fasisme Sosial.

A Thread...",2025-05-02T02:31:26.000Z,
twitter,karena problemnya  struktural maka pendekatan solusinya harus sistemik seperti pemerataan ekonomi dan pendidikan bukan sporadis seperti bansos dan vasektomi seperti ini dan iya emang perlu kesabaran dan waktu untuk memetik hasilnya.,2025-05-02T02:30:40.000Z,
twitter,"Harusnya laki-laki yg udah punya anak setuju dong di vasektomi, apalagi yg doyan selingkuh krn klu kalian selingkuh kalian bisa bebas berzina tanpa harus khawatir hamilin wanita lain, klu ada maslah tinggal balik ke istri pertama wkwkwkw",2025-05-02T02:30:25.000Z,
twitter,"siapa yg mau binasakan btw? ini vasektomi doang bukan pemusnahan masal, aneh lu",2025-05-02T02:29:27.000Z,
twitter,Lebih baik baca dulu tentang vasektomi,2025-05-02T02:29:19.000Z,
twitter,"wdym? kalo butuh dana pemerintah ya vasektomi
 DOK SAYA DIPAKSA PEMERINTAH UNTUK VASEKTOMI, SAYA BUTUH BANSOS TERSEBUT
hmmm yaudah gausa ambil bansos. jadi bapa gaperlu vasektomi.",2025-05-02T02:27:00.000Z,
twitter,"Misal : si bapaq org kaya, diliat umur dan dkk masih usia produktif, ya gak masuk kategori program vasektomi.
Tp ada yg buruh lepas, umur udh 50+, anak 3 bahkan 4, ya vasektomi aja emg punya cita2 vasektomi lg(?).
Yg umurnya lbh muda jg bs ikut dgn syarat “keinginan sendiri”.",2025-05-02T02:26:44.000Z,
twitter,"Dimana kondom gratis? Indomaret terdekat paling murah 16rb. Uang 16rb buat mereka lebih baik beli beras.
Sadar vasektomi bagian dari pendidikan, kalo prianya well educated, gw yakin mau-mau aja vasektomi.",2025-05-02T02:26:20.000Z,
twitter,"3. Vasektomi klo dibilang melawan takdir tuhan, apakabar dengan kb perempuan yg banyak mudharatnya seperti dari segi kesehatan, emosional, dll. Vasektomi tidak memberikan efek buruk. Para pria masih bisa melakukan HB tanpa kehilangan esensi dari HB tersebut.",2025-05-02T02:25:55.000Z,
twitter,"lucu ya perkara vasektomi ini.. cowo emg gapernah boleh sakit ya? harus cewe semua yg nanggung. gatau lg pdhl di neraka katanya penghuni terbanyak cewe, padahal bagi cewe, dunia juga neraka terus kapan cewe2 gw ini bahagia wkwkw kasian amat kek ga disayang",2025-05-02T02:25:27.000Z,
twitter,"it’s not about feminism, klo pemerintah maksa vasektomi, besar kemungkinan jg perempuan bakal dipaksa kb..",2025-05-02T02:25:23.000Z,
twitter,"Retxrd lib talking points: 
""Nggak bro, kita memang setuju rakyatnya goblok, tapi kan kalo kita vasektomi paksa melanggar HAM. Nah lebih baik mereka kita maki2, jadiin kambing hitam kekalahan pemilu, kalo bisa gimana caranya orang pintar kaya kita ini yg pegang kendali.""",2025-05-02T02:24:26.000Z,
twitter,"Pro, pria juga kudu KB kali yakali wanita doang
Gerah banget disuruh vasektomi, bilangnya ga adil dan sok ngatur tubuh mereka, giliran KB buat cewe koar-koar sekencang-kencangnya ",2025-05-02T02:23:21.000Z,
twitter,Lahh klo d vasektomi malah lebih leluasa ngewe sana sini tanpa khawatir korbannya hamil,2025-05-02T02:23:11.000Z,
twitter,ngerti vasektomi gak?,2025-05-02T02:22:46.000Z,
twitter,"akwkwk dari bansos—vasektomi
trus vasektomi—pemerkosaan

jelas beda",2025-05-02T02:22:38.000Z,
twitter,"Kalau tiba-tiba jatuh miskin, apakah syarat masuk DTKS adalah vasektomi dulu, atau DTKS dulu lalu verifikasi sertifikat vasektomi? (yang ini agak mudah jawabannya, mungkin yang kedua)",2025-05-02T02:22:30.000Z,
twitter,"Fokus sama vasektomi haram mulu, padahal nikah dan gak bisa menafkahi keluarga juga haram ",2025-05-02T02:22:24.000Z,
twitter,"loh bukannya tujuan vasektomi laki-laki dan KB perempuan itu sama sama untuk sebuah keluarga CUKUP punya anak ya? slogan KB kan dua anak lebih baik.  kalo ngomongin bantai-bantaian, kenapa diem ajaa perempuan disuruh KB dari dulu? dari dulu udah hunger games dong kita.",2025-05-02T02:21:00.000Z,
twitter,Mau bikin vasektomi lebih acceptable nggak gini caranya.,2025-05-02T02:20:24.000Z,
twitter, berarti kamu masih GOBLOK vasektomi kamu dikebiri.kamu sama Nafis sama GOBLOKnya.,2025-05-02T02:20:16.000Z,
twitter,"ya allah… lebay bgt bahasa nya. 
demi bansos? kalo gabutuh yaudah gausah vasektomi. 
kalo lu merasa mampu atas kehidupan pribadi lu silakan cukup dengan 1 anak. 

bansos dr pemerintah
vasektomi jg di cover pemerintah
lu tinggal dtg ikutin alur.",2025-05-02T02:19:43.000Z,
twitter,"You reap what you sow.

Setelah sekian lama narasi ""SDM rendah"", ""IQ 78"", ""penikmat bansos"" ditanam dan tumbuh subur, sekarang terkaget-kaget wacana vasektomi, sterilisasi, eksklusi ""SDM rendah"" tersebut mulai mencuat.",2025-05-02T02:19:32.000Z,
twitter,"Dude, g ada yg paksa mereka buat vasektomi.
Itu pilihan mereka, kl gmau vasektomi y ok tp y g usah minta bansos², go get some job then. 
Punya anak aja pilihan mereka, y mmg sdh seharusnya mereka bertanggung jawab buat ngehidupin anak itu. Kl gmau dan gabisa y tunda anak dulu lah",2025-05-02T02:19:25.000Z,
twitter,Ini patut dijadiin duta vasektomi,2025-05-02T02:19:24.000Z,
twitter,"ini yang pro sama program KDM tentang vasektomi, beneran ga tau, ga paham, atau ga mau tau dan paham sama apa yang diresahkan sama orang² yg kontra deh? (bertanya dgn nada dering.)",2025-05-02T02:18:56.000Z,
twitter,"Jangankan soal KB dan vasektomi, kontrol kehamilan dan imunisasi anak aja masih suka-suka mereka, wkwkw. Yah jadi kalo emang mau melanggar kebebasan, sekalian aja dua-duanya diwajibkan. Vasektomi wajib, KB juga wajib. Vasektomi dan KB keduanya jadi syarat bansos, dan sebagainya.",2025-05-02T02:18:42.000Z,
twitter,"—gak akan nyelesain isu struktural kemiskinan. Edukasi itu percuma kalau orangnya juga gak mau usaha. Itu yang ngebuat orang-orang yg terbiasa hidup dengan masyarakat miskin lebih setuju vasektomi diwajibkan, karena tau KEBANYAKAN diantaranya batu banget kalau diedukasi.",2025-05-02T02:18:41.000Z,
twitter,"Vasektomi sakit, emang. Tapi hamil dan melahirkan juga sakit kan? KB itu pilihan, tapi jadi dorongan yang lama kelamaan mulai jadi keharusan. Melanggar kebebasan juga kan? Menurut gue ya baiknya sih semua dikembalikan kepada masing-masing pasangan, tapi balik lagi, emang—",2025-05-02T02:18:39.000Z,
twitter,I wont say its dumb. Warga x ini terlalu sibuk mempertahankan argumen sendiri tanpa memahami kalau sebenernya alasan pro kontra itu semuanya valid. Mewajibkan vasektomi melanggar human rights itu benar. Orang-orang bebal meski sudah diedukasi juga benar.,2025-05-02T02:18:38.000Z,
twitter,"Betul, vasektomi bukan hukuman. Ga ada sakit & ga ada efek samping.
Potong tangan kaki aja nih orang, itu baru hukuman",2025-05-02T02:18:28.000Z,
twitter,"Gimana kalo semua anggota ormas setelah di bubarin, terus diwajibkan Vasektomi ",2025-05-02T02:18:03.000Z,
twitter,"Emang ada jaminan tuh setelah vasektomi jadi kaya, atau minimal naik ke kelas menengah, lapangan kerja makin susah, pabrik2 pada tutup pindah ke luar, investor banyak yang gak berani buka pabrik karena banyak ormas, dibagian mana yang berubah ???",2025-05-02T02:17:23.000Z,
twitter,Justru kamu yg TOLOL. FTR indonesia sdh 2.1. Terus masih menyalhkan masalah populasi karena kegagalan pemerintah menjalankan perannya dalam menjamin lapangan kerja dan masalah ekonomi. Pakar Islam bicara dlm konteks syariat islam. Orang TOLOL dan FASIS yg dukung vasektomi bansos.,2025-05-02T02:16:41.000Z,
twitter,Vasektomi masih bisa ngeceng bang. Sunat ulang potong tytyd langsung selesai,2025-05-02T02:16:09.000Z,
twitter,"klw trnyata di data sdh punya anak 2 di pernikahan, lalu dilihat dr penghasilan, umur, dsb, bisa jg jd syarat buat ikut program vasektomi. Itu kalo si bapaq mmg syg ma keluarga.
ASN aja cuma dikasi tunjangan untuk 2 anak (jmn soeharto bs 3 skrg cm 2). Yg bkn ASN anakny mlh bnyk",2025-05-02T02:15:55.000Z,
twitter,"Lu mau tau gak? To be fair gue juga mantau akun-akun itu dari QRT yg nuding 
@fmuchtaar_
 anti-vasektomi ",2025-05-02T02:15:51.000Z,
twitter,Klo menurut gw mendingan vasektomi diberlakukan buat kriminal kasus asusila,2025-05-02T02:15:19.000Z,
twitter,"Si timnya DM pinter bgt anjim... kemaren blunder belom bayar pajak kealih sama debat dgn bocah yg ternyata aktris, habis itu kealih lg sama asbun vasektomi.

Hari-hari TL gue isinya bacotin dia mulu. Bener kata nyokap, dia seleb bgt muncul mulu",2025-05-02T02:14:37.000Z,
twitter,"dulu koar koar KB di cewe. laki pada diem aja, skrg pas vasektomi digembor2kan. 
“HAK MANUSIA”
“EMANG MAU RAHIM LO DIANGKAT?”
“otoritas tubuh”
“area privasi”
KONTOL LO SEMUA LAKI LAKI INDO

PAKE KONDOM GAMAU, KERJAAN NYA NGEWE DOANG. tolol lo mpreg",2025-05-02T02:13:48.000Z,
twitter,Ingat ada kata 'paksa' dengan menjadikan vasektomi sebagai persayaratan menerima bansos. Kalau memang landasan pada keputusan pribadi setiap individu entar vasektomi atau tubktomi ya terserah. Itu hak masing-masing individu.,2025-05-02T02:13:09.000Z,
twitter,"STop.. melebar dari konteks.!
""Aturan ISLAM , MELARANG VASEKTOMI / PEMANDULAN PERMANEN, bukan mencegah atau mengatur kehamilan.
#Indahnya ISLAM dgn aturannya yg solutif utk kehidupan",2025-05-02T02:13:08.000Z,
twitter,"Masalahnya orang yg punya pemikiran yg sama kek gini cuma sedikit. Km tadi bahas proyek vaksin covid, orang masih denial klo itu proyek namanya proyek ya harus ada untung.

Ini proyek vasektomi ya simpulin sendiri dah. Awalnya program bagus bgt malah ending jadi pemaksaan.",2025-05-02T02:13:03.000Z,
twitter,Knp pemerkosa ga dapet hukuman vasektomi? This always lingers around in my head nd i think its not fair for them to roam around freely,2025-05-02T02:12:37.000Z,
twitter,"pro, bagus buat menekan angka kelahiran, papa selalu bilang better 2 anak apalagi kalau kekurangan finansial, kondom exist but kebanyakan yang sah ga pake kondom, ya kalau gua nanti nikah oke aja vasektomi soalnya kasian juga liat istri gua hamil mulu, melahirkan itu beresiko bgt",2025-05-02T02:11:45.000Z,
twitter,"Soal vasektomi ini..nanya dulu.
Emang program KB udh gak ada kah?
Kalau ada, coba dijalankan yg baik dan bener dulu. Klw engga, ya adain lagi. Tapi misal udh di data punya anak, bisa kasi opsi vasektomi dengan syarat trtentu, mis : anak sdh 2, usia sudah 50th+, dll dll—",2025-05-02T02:11:01.000Z,
twitter,"Again, false dilemma, seakan2 ga setuju pemaksaan vasektomi = mendukung perempuan menderita hamil dalam kemiskinan
Padahal udah skripsian, tapi masih terjebak dalam logical fallacy seperti ini ",2025-05-02T02:10:21.000Z,
twitter,"MUI Jabar: Vasektomi Usulan Gubernur Dedi Mulyadi Hukumnya Haram

https://bit.ly/3S5PCYd",2025-05-02T02:09:51.000Z,
twitter,"Pemerintah hanya bisa mendorong vasektomi dalam bentuk kampanye, sosialisasi, edukasi ttg pentingnya vasektomi, atau program vasektomi yang lain tanpa adanya unsur pemaksaan. Tujuannya adalah supaya individu memilih melakukan vasektomi secara bebas tanpa paksaan.",2025-05-02T02:09:29.000Z,
twitter,"Di saat rame2 soal vasektomi, KDM mulai memasukan ""anak nakal"" ke barak TNI XD 

Di sisi ini, rasanya kebijakannya gak tepat deh, ""anak nakal"" sebaiknya ditangani psikolog profesional sih.. bisa jadi karena ortunya juga itu...",2025-05-02T02:07:46.000Z,
twitter,"Vasektomi itu bukan solusi. Solusinya bukan pada rahim dan testis rakyat, tapi pada keberanian pemerintah mereformasi sistem ekonomi dan sosial yang timpang. Kita butuh keadilan struktural, bukan kontrol terhadap tubuh rakyat kecil.",2025-05-02T02:07:32.000Z,
twitter,ucap istigfar 3x setiap nemu diskursus laki2 gamau vasektomi di timeline,2025-05-02T02:06:37.000Z,
twitter,"Dan lu kira kalo tuh orang miskin pada vasektomi langsung otomatis jadi kaya atau naik level ke kelas menengah gitu.. kalo korupsi kalangan pejabatnya tetep, lapangan kerja dikit plus susah, dan Pabrik2 pada pindah ke negara lain ya sama ajah bohong, cuma cari sensasi doang itu..",2025-05-02T02:05:27.000Z,
twitter,Gak nyambung dengan persoalan kasus vasektomi dan budaya kemiskinan yg minta2 bansos,2025-05-02T02:05:19.000Z,
twitter,"selama ini lu kira gaada penyuluhan kb y? liat aja noh kenyataannya masih pada beranak 
ini lagi vasektomi disamain sama ngebunuh anak yang udah lahir gblg",2025-05-02T02:04:00.000Z,
twitter,"tpi perihal disini sbnernya tricky nya adalah
setauku ya prosedur vasektomi ini boleh dilakukan pria kalau anak udah 2 deh",2025-05-02T02:03:02.000Z,
twitter,"Ya apalagi vasektomi sama kemiskinan itu gak ada sangkut pautnya, dimana2 yang diberesin itu pendidikannya, lapangan kerjanya, pembrantasan korupsinya, itu baru langkah yang benar untuk memberantas kemiskinan, bukan bagi2 bansos dan vasektomi.. solusi sampah ajah itu..",2025-05-02T02:02:46.000Z,
twitter,Emang seberapa besar sih bansos yg dikasih sampe lo bilang gitu? Yg tebar bansos tuh sape? Fakir miskin diurus negara itu amanat UUD'45 Pasal 34. Menjadikan vasektomi syarat dapetin bansos aja salah. Dicari akar masalah kemiskinan itu karna apa aja.,2025-05-02T02:01:46.000Z,
twitter,"ya kalo gamau di vasektomi jangan bikin anak mulu tapi anak terlantar, kasarnya lo pada miskin tapi anak banyak dikira ga dosa lu tanggungan lu berat di akhirat",2025-05-02T02:01:31.000Z,
twitter,"Vasektomi tdk melanggar HAM. Tapi yg dilakukan Dedi Mulyadi memaksakan vasektomi kpd calon penerima bansos, itu yg melanggar HAM. Vasektomi adalah ranah privat, otoritas dan otonomi individu sehingga hanya individu tersebut yang berhak untuk memutuskan mau vasektomi atau tidak.",2025-05-02T02:00:57.000Z,
twitter,"ga sama

miskin parameternya cukup jelas, penghasilan (Rp)

bodoh parameternya rancu, jenis kecerdasan aja macem2 bgt, apa bisa klo bakat olahraga dinilai pake IQ? jelas engga

jadi gada justifikasi P2 perlu vasektomi

sebenernya ini mirip ajasih sama KB, bedanya skrg yg laki",2025-05-02T02:00:11.000Z,
twitter,"Kalo kata Soe Hok Gie, nasib terbaik adalah tidak dilahirkan, yang kedua dilahirkan tapi mati muda, dan yang tersial adalah umur tua.
Setuju banget sama progam Kang dedi mulyadi yg mengusulkan vasektomi…",2025-05-02T01:59:54.000Z,
twitter,"Resisten dalam kondisi phk ugal""an, terus disambut program vasektomi. Waahhhh apikk. Terus alasannya, kenapa miskin? Males sih~~",2025-05-02T01:58:42.000Z,
twitter,Ya secara tdk langsung ide vasektomi itu blunder lah  kpd kalangan lemah spt menyalahkan mrk krn banyak anak sehingga jd beban pdahal negara aja cuma bisa ngasi bansos dan KIS kaga menanggung kehidupan mrk seluruhnya.,2025-05-02T01:58:27.000Z,
twitter,Ngidupin istrinya saja minta bantuan pemerintah malah mau nambah anak banyak. Yg bener aja. Ngga mau vasektomi yang jangan daftar bansos. As Simple as that,2025-05-02T01:56:24.000Z,
twitter,"Lah apa hubungannya? Vasektomi kan beda sama kebiri. Laki divasektomi mah nafsunya tetap jalan, gimana sih",2025-05-02T01:55:53.000Z,
twitter,"Ngawur ini bu gulu, bansos dan be siswa itu hak masyarakat yg telah memenuhi kreteria/syarat utk mendapatkannya tanpa ditambahkan syarat Vasektomi untuk mendapatkan bansos dan bea siswa yg menurut aku itu melanggar HAM, tanya 
@RaniKancana",2025-05-02T01:54:43.000Z,
twitter,Pasang vasektomi yg temporary.,2025-05-02T01:53:18.000Z,
twitter,"tapi kalo sama kb gimana, mending vasektomi atau kb?",2025-05-02T01:52:32.000Z,
twitter,"ah ya ternyata kebijakan vasektomi ga sepenuhnya benar malah keliru, i forgot to see the bigger picture.

tapi in this economy, baiknya jangan keseringan cetak anak, karna sulit ngurus nya dan kasian anaknya kalau ga dpt gizi yang dibutuhkan.",2025-05-02T01:52:04.000Z,
twitter,"Very well explained dari pov orang miskin karena kemiskinan struktural, ketidakmampuan dia untuk berpikir panjang sering kali membuat keputusan berdasarkan hal yang disebut di atas, memang masih jadi dilema antara vasektomi menjadi syarat bansos ini",2025-05-02T01:49:56.000Z,
twitter,Kalo misal si miskin diwajibin vasektomi apa gak makin rame itu pms,2025-05-02T01:49:44.000Z,
twitter,"Bukan berarti pemerintah bisa maksa orang buat vasektomi, pemerintah lebih bisa buat kebijakan yg membuat masyarakat miskin naik derajatnya. Kaya pendidikan gratis, basic needs terjangkau tapi mana mau  orang mereka seneng pake orang miskin buat milih mereka di pemilu/pilkada.",2025-05-02T01:47:49.000Z,
twitter,Vasektomi buat koruptor ada nggak bang? Biar nggak melahirkan koruptor2 lainnya,2025-05-02T01:44:19.000Z,
twitter,"Habib Hanif kecam 
@DediMulyadi71
 soal syarat KB vasektomi bagi laki-laki penerima bansos.",2025-05-02T01:43:56.000Z,
twitter,"Koruptor juga harus di vasektomi karena beban negara juga dan bisa jadi nanti anak keturunannya jadi koruptor juga. 
Pokoknya yang jadi beban negara vasektomi ajalah semuanya. Biar yang punya anak nantinya hanya orang2 yang baik, mapan, cerdas, dan tampan.",2025-05-02T01:42:58.000Z,
twitter,dedi mulyadi #jabar #bansos #vasektomi,2025-05-02T01:42:44.000Z,
twitter,"Kemiskinan struktural emang ga selalu salah rakyat. I mean, kita lihat sekitar deh. Lapangan pekerjaan seminim itu dengan jumlah penduduk yang lagi mateng-matengnya. 

Tapi, serius… Vasektomi itu langkah pertama yang cukup berani.",2025-05-02T01:42:02.000Z,
twitter,"Saya blm baca berita lengkapnya dan ga tau yg dimaksud bansos ini apakah:
1. Bansos terkait dgn kebutuhan anak kayak gizi dan pendidikannya, artinya sebuah sdh memiliki anak.
2. Bansos utk support kehidupan keluarga no matter dia sdh punya anak atau blm.

Kalo wacana vasektomi",2025-05-02T01:40:45.000Z,
twitter,"MUI Haramkan Vasektomi Jadi Syarat Penerima Bansos, Tanggapi Usulan Gubernur Jabar
https://bitvonline.com/nasional/32616/mui-haramkan-vasektomi-jadi-syarat-penerima-bansos-tanggapi-usulan-gubernur-jabar/…
#MUI #FatwaVasektomi #VasektomiHaram #Bansos #KontrasepsiIslam #Bitvonline",2025-05-02T01:40:04.000Z,
twitter,Hanya karena bela vasektomi untuk bansos org sampai buta adab bilang tolol. Ya ampun betapa menderitanya bangsa ini..,2025-05-02T01:39:43.000Z,
twitter,"Bentar, lo paham ga apa yang gue maksud? Jangan pake perasaan, coba dicerna dulu tweet gue
Tau ga kenapa orang2 pada protes sama kebijakan ini, termasuk para feminis yg selama ini menyuarakan vasektomi? 
Jangan pake perasaan bacanya, pake logikanya",2025-05-02T01:38:40.000Z,
twitter,Ko mati tanpa anak? Vasektomi kan yang udh punya 2 anak,2025-05-02T01:35:26.000Z,
twitter,"Kami bukan golongan penerima bansos. Tapi, gua setuju dengan ini. Laki gua gak setuju dengan ini. Wkwk berdebat gak kelar2 jadi skip tema ini ke laki gua. Bukan karena dia patriaki, tapi dia merasa banyak efek samping dari vasektomi yg merugikan",2025-05-02T01:34:25.000Z,
twitter,"mungkin punya banyak anak jadi salah satu penyebab kemiskinan, tapi ada aspek lain yang lebih² dominan menjadi penyebab kemiskinan. percumah ada kebijakan KB 2 anak cukup bpknya vasektomi tapi kalo kemiskinan dari aspek lain ngga diberantas. namanya jg kemiskinan struktural.",2025-05-02T01:33:41.000Z,
twitter,"3 kata lucu. Orang miskin diedukasi. Diedukasi. Gw mah wkwkwk aja. Kalo org miskin bisa diedukaso, program pemerintah 2 anak cukup udh berhasil dari dulu, dan gaakan ada pembahasan vasektomi ini. Nalar dikit kek",2025-05-02T01:33:24.000Z,
twitter,"MUI mengharamkan vasektomi, ini mereka gak tau kalau banyak orang di Otogakure yang lebih baik gk punya anak!",2025-05-02T01:33:12.000Z,
twitter,Klo udh vasektomi habis itu bikin pingin punya anak lgi masih bisa nggk kak?,2025-05-02T01:32:48.000Z,
twitter,Wkwk siapa yang koar-koar merasa paling tersakiti cuma karena ada peraturan Vasektomi untuk penerima bansos? Lawak,2025-05-02T01:32:32.000Z,
twitter,Reasoning lu gimana sih? Emang vasektomi ngasih solusi untuk keluarga yang dah terlanjur punya anak banyak? Mikir pake otak dong,2025-05-02T01:32:04.000Z,
twitter,"Serius, ga ada kanan islamis bereaksi sama isu vasektomi ini? 

Padahal ini udah nyenggol fitrah mereka loh. Dulu soal KB dan childfree lumayan kenceng penolakannya.

Surah Al-Baqarah 187 + Al-Isra 31, anyone?",2025-05-02T01:30:59.000Z,
twitter,"Anda boleh membela orang miskin sesuai dgn perspektif Anda, tapi apakah itu menyelesaikan masalah yg sedang dihadapi? 

Vasektomi yg diwacanakan KDM berbeda dgn yg dilakukan di India & sekarang juga sudah banyak informasi ttng Vasektomi. 

Mohon maaf, tulisan Anda kurang relevan.",2025-05-02T01:30:40.000Z,
twitter,"2. Potensi pelanggaran hak asasi manusia
Menjadikan vasektomi sebagai syarat menerima bantuan sosial dapat dianggap sebagai bentuk pemaksaan dan melanggar hak individu dalam menentukan pilihan reproduksi.",2025-05-02T01:29:22.000Z,
twitter,"Vasektomi lalu tidak perlu khawatir puasa 9 bulanan, dapat bansos pula. Mau ngga miskin? ya kerja.

Gak vasektomi ya hidup seperti sebelumnya aja. Mau ngga miskin? ya kerja.

Kalau kerja tidak kunjung kaya, kerja 10x lebih keras, belum juga 100x.

Coba bagaimana argumen anda?",2025-05-02T01:28:50.000Z,
twitter,"Contoh kasus..
U tlah nikah dan pnya 3 anak .
Qodarullah.. krn suatu sebab anak2 mu meninggal semua.
& u tlah mnjalankan perintah utk vasektomi/pemandulan permanen, sedang usiamu masih muda.
Sungguh betapa menyesalnya kamu..
#Indahnya ISLAM dgn aturannya yg solutif utk kehidupan",2025-05-02T01:27:23.000Z,
twitter,"Orang indo itu lucu, ada yang childfree dikatain liberal, woke dan aneh, sedang vasektomi orang miskin pada setuju",2025-05-02T01:26:26.000Z,
twitter,"Bansos tanpa pemberdayaan = candu.
Vasektomi tanpa keadilan = kontrol populasi ala kolonial.

Ini bukan strategi pembangunan.
Ini cara licik mengurangi jumlah korban,
tanpa menyentuh pelaku sebenarnya: ketimpangan struktural.",2025-05-02T01:26:26.000Z,
twitter,"Bayangkan ini:
Negaramu memberi bansos agar rakyat miskin bisa makan hari ini,
Dengan mendorong vasektomi supaya mereka tak lagi punya anak.

Bagi yang menolak vasektomi, silahkan tetap miskin, selamat tinggal bansos.

Selamat datang di era pembangunan:
lebih murah sterilkan",2025-05-02T01:26:24.000Z,
twitter,"kak, i truly understand your opinion. tapi untuk yang mau vasektomi juga udah diberi reward kan? keluarga yang miskin dan mau vasek, akan diberi bansos dan layanan lainnya. kalau yang hamil dapat reward, yang ada negara ini makin berantakan. cmiiw:p",2025-05-02T01:24:24.000Z,
twitter,Yang darurat hrs vasektomi sebetulnya stray cat sih,2025-05-02T01:24:14.000Z,
twitter,"Kaaaak, aku mikir jg gini :((
Pemerintah harusnya EDUKASI, bukan MEMAKSA apalagi pake BANSOS yg mana itu ada di AD/ART. 
Aku ga kontra vasektomi, tp plis ini uda masuk ranah pemaksaan. Dan itu ga boleh dilakukan pemerintah.",2025-05-02T01:23:59.000Z,
twitter,"gue prnh tnya sm cowo gue ""nanti klo nikah, kamu mau kb vasektomi?"", dia blg mau, tp ntah klo nnti liat ilustrasinya",2025-05-02T01:23:10.000Z,
twitter,MUI Jawa Barat Tegaskan Hukum Vasektomi Haram,2025-05-02T01:23:00.000Z,
twitter,"nah ini baru setuju, yg mau diangkat jadi kepala dinas atau pejabat di bawah gubernur juga harus vasektomi dulu",2025-05-02T01:22:56.000Z,
twitter,"Udah miskin, tolol. Masih mending disuruh vasektomi tuh dontol, harusnya dimatiin aja lu. Anak lu juga nggak ada tuh yg mau terlahir dari orang tua miskin, tolol,egois kek kau",2025-05-02T01:22:42.000Z,
twitter,"Bersama kita Kawal dan Sukseskan PSU Pilkada Papua dengan damai

Mowning Jumat Pagiii 2 Mei Hari Pendidikan Nasional Selamat Hari Buruh Mecima Melani Libur suara pekerja damai Lanjutkan MBG Tikom Vasektomi GRIB #PastiAdaJalan #Hardiknas2025 #MayDay",2025-05-02T01:22:20.000Z,
twitter,"buat yang belum tau, vasektomi permanen itu haram hukumnya. aturan pemerintah tidak boleh menyalahi aturan agama yang sudah ada sebelumnya, karena agama termasuk salah satu pilar bernegara.",2025-05-02T01:21:37.000Z,
twitter,"PJ Gubernur Papua Mengajak Masyarakat untuk bersama-sama menyukseskan PSU di Papua

Mowning Jumat Pagiii 2 Mei Hari Pendidikan Nasional Selamat Hari Buruh Mecima Melani Libur suara pekerja damai Lanjutkan MBG Tikom Vasektomi GRIB #PastiAdaJalan #Hardiknas2025 #MayDay",2025-05-02T01:21:00.000Z,
twitter,kondom sama vasektomi mahalan mana ya,2025-05-02T01:20:54.000Z,
twitter,"Tokoh Pendeta Papua mengajak masyarakat papua untuk mendukung program Makan Bergizi Gratis

Mowning Jumat Pagiii 2 Mei Hari Pendidikan Nasional Selamat Hari Buruh Mecima Melani Libur suara pekerja damai Lanjutkan MBG Tikom Vasektomi GRIB #PastiAdaJalan #Hardiknas2025 #MayDay",2025-05-02T01:15:20.000Z,
twitter,"Iud katanya juga sakit, bayangin aja masangnya harus kek gitu. Itupun masih berisiko iudnya pindah tempat, bisa bikin pendarahan dsb. Sementara vasektomi cuma perlu operasi kecil, habis itu udah beres.

Yg hamil perempuan, yg kb juga harus perempuan, ga kasian kah Pak, tolong lah",2025-05-02T01:14:41.000Z,
twitter,"Ada bbrp ide beliau yg bagus ada jg yg kurang sih, salah duanya program ini sm program kb vasektomi, utk program yg ini menurut saya 2 mata pedang sih, kl emg anakny bisa dan mau di didik itu  bagus bgt, tpi kl emg anaknya susah di didik ? Yg ada dia malah cari tmn TNI nnti ",2025-05-02T01:14:09.000Z,
twitter,"Kalau orang bodoh di vasektomi, fufufafa duluan kwkwk",2025-05-02T01:13:55.000Z,
twitter,"Tokoh Pendeta Papua mengajak masyarakat papua untuk mendukung program Makan Bergizi Gratis

Mowning Jumat Pagiii 2 Mei Hari Pendidikan Nasional Selamat Hari Buruh Mecima Melani Libur suara pekerja damai Lanjutkan MBG Tikom Vasektomi GRIB #PastiAdaJalan #Hardiknas2025 #MayDay",2025-05-02T01:13:26.000Z,
twitter,"baca berita soal vasektomi - bantuan sosial. komentar gua cuman ""seperti biasa, pejabat kita hobi bgt melompati tangga alih-alih menaiki tangga.""",2025-05-02T01:13:08.000Z,
twitter,"Program Makan Bergizi Gratis langkah tepat untuk meningkatkan kualitas hidup anak-anak Papua

Mowning Jumat Pagiii 2 Mei Hari Pendidikan Nasional Selamat Hari Buruh Mecima Melani Libur suara pekerja damai Lanjutkan MBG Tikom Vasektomi GRIB #PastiAdaJalan #Hardiknas2025 #MayDay",2025-05-02T01:10:57.000Z,
twitter,"Program Makan Bergizi Gratis langkah tepat untuk meningkatkan kualitas hidup anak-anak Papua

Mowning Jumat Pagiii 2 Mei Hari Pendidikan Nasional Selamat Hari Buruh Mecima Melani Libur suara pekerja damai Lanjutkan MBG Tikom Vasektomi GRIB #PastiAdaJalan #Hardiknas2025 #MayDay",2025-05-02T01:10:44.000Z,
twitter,"JOHN SIPETUALANG by BALAK7
#balak7

2 Mei Mecima Pagiii Morningg GRIB Libur suara pekerja damai Vasektomi Mowning Semua Jumat fattah zara belom makan 150 Rahasia Pertama Siap Dibongkar Hari Pendidikan Nasional SKYNANI WITH ROYAL CANIN HAPPY ONE MONTHSARY suara pekerja damai Yamal",2025-05-02T01:06:30.000Z,
twitter,"Mereka ini gerombolan yang sama dgn 
@DediMulyadi71
 otak mereka error.
Mau beri bansos orang disuruh vasektomi ? Sinting !
China dan India tdk sejahat itu.
Coba kondisi ini dibalik mau mereka ?",2025-05-02T01:04:19.000Z,
twitter,"nah ini sih, gue bingung kenapa dianggepnya yang miskin yang vasektomi, padahal di situ ada requirement: 1. mau terima bansos, 2. sudah punya anak 2

rasanya penjelasan panjang terkait persamaan premis orang miskin dan orang bodoh ini gak align dengan requirement",2025-05-02T01:03:40.000Z,
twitter,"Biasanya yg gini2 berangkat dari anggapan bhw miskin = males. Di sini yg problematik itu ide KDM yg wajibkan vasektomi sbg prasyarat bansos, bukan orang yg dapet bansosnya. 

Emg ga kepikiran knp KDM lebih milih ngatur hak tubuh si miskin daripada isi dompet si super kaya?",2025-05-02T01:02:38.000Z,
twitter,"stereotip pemalas itu mungkin memang mayoritas pemalas. tapi kalau ada sedikit yang mau berubah, itu gimana solusinya? karena sudah terlanjur vasektomi.",2025-05-02T01:01:04.000Z,
twitter,"Kesannya kayak vasektomi ini dikira potong titit kah? Heboh bat, padahal enak anjir mereka bisa segs tanpa cooldown 9 bulan.",2025-05-02T01:00:50.000Z,
twitter,"simpel sih.... disini kondisi miskin adalah (penerima bantuan)....
dan ide bagus jg orang bodoh di vasektomi... cm ide ini pasti menuai banyak hujatan dan celaan.",2025-05-02T01:00:26.000Z,
twitter,"Pas vasektomi pada koar² gini, klo pas cewek tolak KB pada nolak seakan² takdir wanita yg menikah itu WAJIB KB AHAHAHAHAHAHAHAHAHAHAHAHAHAHAHAHHAHAAHHAAHHAAHAHAHAHHAHAHAHAHAHAHAHAHAHAHAAHHAHAHAHAHAHAHAHAHAAH",2025-05-02T01:00:06.000Z,
twitter,"Ya namanya keimanan kan beda2 pak kyai, masy awam gak bisa dibilang rejeki ad yg atur..Bgini saja, coba njenengan kontak langsung saja KDM..utarakan saja kekurangan dari idenya itu. Dalam hal ini saya sepakat dengan pak kyai,vasektomi haram krena permanen+tdk ada urgensinya.",2025-05-02T00:59:25.000Z,
twitter,"Kenapa ya laki2 giliran disuruh vasektomi langsung pada mencak2 trs keluar lah tuh embel2 'my body, my choice' sementara perempuan seakan DI PAKSA yg harus berkorban? Can we also say 'our/my body, our/my choice' just like you guys did?",2025-05-02T00:58:46.000Z,
twitter,"KB itu anjuran, bukan pemaksaan.
KB perempuan itu bisa non permanen.
Vasektomi itu permanen bedain gini aja gak bisa",2025-05-02T00:58:39.000Z,
twitter,"Emang. Tapi menurut gw tetep aja vasektomi ga boleh dipaksa. Alternatifnya, dibanding yg miskin diancam ga dikasih bansos, kenapa ga ngasih benefit ke siapapun yg mau vasektomi? Bansos itu bukan benefit kan, tapi hak orang miskin. Harusnya sasaran vasektomi tuh lebih universal.",2025-05-02T00:57:45.000Z,
twitter,"Awal yang baik itu bagus, tapi lebih bagus lagi berakhir dengan baik.

Semangat Pagi Indonesia 
---
Mecima 2 Mei Good MornLy Libur Morning Hojlund Vasektomi",2025-05-02T00:57:43.000Z,
twitter,"Wkwk sempit bgt pikirannya asli.

Iya gw ga ngarep bansos, gak pernah dapet jg, berarti gw mampu.

Poinnya bkn disitu. 

Vasektomi ini mega proyek, potensi cuannya gede yg masuk kantong pejabat! 

Saama kayak mega proyek vaksinasi covid kmaren.

Itu yg gw tekankan..",2025-05-02T00:57:04.000Z,
twitter,Cewek puluhan tahun disuruh KB padahal resikonya dari gangguan hormon sampai kanker. Cowok baru ada WACANA wajib vasektomi dengan tnc aja udah banyak bacot.,2025-05-02T00:56:58.000Z,
twitter,"Mahal, buat persyaratan kucing yang mau dapat makanan kucing gratis kudu menjalani vasektomi dulu ",2025-05-02T00:55:53.000Z,
twitter,"giliran vasektomi pada heboh, padahal udah puluhan tahun istri selalu disuruh KB pada biasa aja tuh wkwk heran",2025-05-02T00:55:22.000Z,
twitter,"Pemerintah bebenah, bukan maksain orang miskin vasektomi.
Orang kayak loe ini yg bikin Jokowi berkuasa 10 tahun dan ngelanjutin pake anaknya.
Asal bisa bikin viral loe dukung.
Tolol loe.",2025-05-02T00:54:58.000Z,
twitter,Vasektomi yg diwajibkan yg dipotong atau diikat saja?,2025-05-02T00:54:42.000Z,
twitter,"PSN Food Estate Merauke Wujudkan ketahanan pangan Papua melalui Swasembada Pangan

Mowning Jumat Pagiii 2 Mei Hari Pendidikan Nasional Selamat Hari Buruh Mecima Melani Libur suara pekerja damai Lanjutkan MBG Tikom Vasektomi Moreen GRIB #PastiAdaJalan #Hardiknas2025 #MayDay",2025-05-02T00:54:02.000Z,
twitter,"Vasektomi dalam fiqih islam memang haram, karena permanen, beda denan alat KB yg laen yg gak permanen, gak usah didebat ya, kecuali alasan kesehatan. Kalo soal kontrasepsi laki/perempuan ya itu relatif..pilih yg resiko kecil. Ini beda lagi dialognya, gak pake fiqih.",2025-05-02T00:53:53.000Z,
twitter,vasektomi beda sama sterilisasi ya bambang. minimal belajar dulu apa itu vasektomi,2025-05-02T00:53:35.000Z,
twitter,"Kalau logika itu diteruskan, maka akan banyak kondisi orang (jelek, cacat, pelakor, koruptor, dsb) yg harus divasektomi. Harus lihat konteksnya: vasektomi itu mencegah orang menghamili. Vasektomi tidak membuat orang jadi pintar atau mencegah orang bodoh melahirkan keturunan bodoh",2025-05-02T00:53:21.000Z,
twitter,"Jumat pagiii pagii Melani mecima 
mantul vasektomi 2 mei ready vcs",2025-05-02T00:51:39.000Z,
twitter,"Gue cuma nerusin logikanya penguasa aja btw, prinsip yang gue pegang mah vasektomi tetep haram kalo gak ada kedaruratannya.",2025-05-02T00:46:14.000Z,
twitter,"Selama itu kalo gk sambil diterapkan vasektomi ya sia"" aja, jadi disamping perbaikin lapangan kerja & pendidikan diterapin juga tuh vasektomi, klo mereka dpt kerja yg lebih bagus dan anak hanya sedikit mereka juga yg enak gk kelabakan menuhin kebutuhan hidup keluarganya",2025-05-02T00:46:03.000Z,
twitter,"Ughty masih keluarr asi udah berani selingkuh sama tetangga

Chella Dini Terbaru

Pagii Gura Messi Libur Nyetrika Vasektomi 1 JUTA Kamis",2025-05-02T00:45:54.000Z,
twitter,"Semua wajib vasektomi, kaya atau miskin. Lebih simpel ini",2025-05-02T00:45:23.000Z,
twitter,"Rak troli plastik serbaguna

https://s.shopee.co.id/8fFTctaa4n

#KitaSemuaPekerja #BONCHONVOYAGExGF
#Panas #MayDay #MyGoldenBloodEP8
#libur #Vasektomi #RoyalCaninTHxSkyNani
#PekerjaPahlawan #lakers #DebutAlbumRonyParulian #Hardiknas2025
#Tikom",2025-05-02T00:45:01.000Z,
twitter,"Vasektomi tidak memberantas tapi mencegah pertumbuhan

Gampang banget loh memahami ""memberantas""

Mengurangi, tidak sama dengan mencegah pertumbuhan",2025-05-02T00:44:55.000Z,
twitter,"Ya itu cara mengendalikannya. Itu cara tanggung jawab pemerintah. Kalo gak mau ambil vasektomi, jangan ambil bansosnya, kerja yang bener nyari uang sebanyak2nya biar gak usah berharap bansos",2025-05-02T00:44:28.000Z,
twitter,"Laki-laki dewasa ber-IQ di bawah 100 wajib vasektomi, who say no?",2025-05-02T00:42:10.000Z,
twitter,"Rejeki tdk ada hub nya dengan kerja keras, tp bukan berarti harus jd kaum rebahan.. Apalagi solusi ny bansos syarat vasektomi! 
Solusi nya bagi muslim itu adalah Takwa kpd allah jalla wa alla !!! 
Ga ada 1 pun mkhluk di bumi yg tdk dijamin rejeki nya.. Kunci nya bertakwa..",2025-05-02T00:41:57.000Z,
twitter,"ye sape lu manggil gue dak dek kok ngamuk disuruh vasektomi? konteksnya kan orang miskin yg dikasih bantuan tapi malah gatau diri minta mulu, lagian vasektomi juga buat nekan orang miskin biar kaga beranak mulu, udah tau miskin susah malah beranak mulu ya situ otak dipake",2025-05-02T00:40:08.000Z,
twitter,Kalau pun dapet. Seperti yang sudah-sudah. Bansos di sini banyak yang salah sasaran. Harusnya yang dibenerin ini. Jadi program vasektomi untuk nerima bansos di daerahku (Jabar) bukan solusi yang tepat.,2025-05-02T00:40:02.000Z,
twitter,apakah vasektomi bisa menyelesaikan masalah konsumsi rokok?,2025-05-02T00:39:45.000Z,
twitter,"Program ini bagi yang mau bansos, gak ada pemaksaan . Kalo gak mau vasektomi, ya kerja yg bener gblk, biar gak usah terima bansosnya",2025-05-02T00:31:58.000Z,
twitter,"Jumlah miskin bertambah karena PHK, terus untuk yg miskin pemerintahnya nyuruh vasektomi karena alasan bansos jadi ga rata",2025-05-02T00:31:51.000Z,
twitter,"again you are the one need to get educated, lepas kerudung aja mba soalnya Nabi Muhammad klo bantuin orang miskin ga pernah ngasih syarat kudu vasektomi",2025-05-02T00:31:13.000Z,
twitter,"Lampu panel studio lighting live/konten video dll

https://s.shopee.co.id/3fqneHymFl

#KitaSemuaPekerja #BONCHONVOYAGExGF
#Panas #MayDay #MyGoldenBloodEP8
#libur #Vasektomi #RoyalCaninTHxSkyNani
#PekerjaPahlawan #lakers #DebutAlbumRonyParulian #Hardiknas2025
#Tikom",2025-05-02T00:30:06.000Z,
twitter,"Realistis
Orng waras pasti mikirny bgitu
Tu program 
@DediMulyadi71
 
Vasektomi tdk nymabung dengn akr permsalahn yg ada
Apa2 yg jdi objek derita tu rkyt
Bp aing
Coba tarif pam d turunin di daerah tuh mahal2 pdhl pedesaan
Air kebutuhn pkok",2025-05-02T00:30:04.000Z,
twitter,Apa bedanya vasektomi dan kb yang diterapkan pada pria?,2025-05-02T00:29:49.000Z,
twitter,"Siapa yang bilang warga miskin auto kaya?
Itu program vasektomi kan di Jabar. Saya orang Jabar. Dan masalah kemiskinan di tempatku bukan karena banyak anak. Udah bilang juga kan UMR tempatku kecil banget.",2025-05-02T00:29:23.000Z,
twitter,"Gue ulangin ya. Orang miskin kan butuh lapangan pekerjaan dan pendidikan yang layak, kenapa vasektomi? Kunyah pelan2 biar gak gagal paham.",2025-05-02T00:29:14.000Z,
twitter,"mereka buat makan aja susah, gmn bayar kb? sementara vasektomi itu bisa gratis dan cuma sekali aja kan ga perlu rutin tiap bulan  itu knp gw setuju mereka vasektomi sihhh. bahkan bbrp dr mereka memilih beli rokok drpd makan loh ",2025-05-02T00:28:32.000Z,
twitter,aku juga mikirnya kenapa banyak yang gasetuju karena vasektomi itu gragra sama laki2 kebanyakan yang gasetuju juga laki2,2025-05-02T00:28:25.000Z,
twitter,"bansos itu wajib bagi pemerintah karena gagal kasih ekonomi yang baik, jangan dibalik2 ini salah pemerintah karena gagal dalam peran ekonomi, vasektomi bagus jika hanya bersifat anjuran, karena di indonesia bansos bagi sebagian orang udah jadi hak asasi",2025-05-02T00:27:30.000Z,
twitter,"bansos aja msh banyak yg dikorup, emg rada kurang sihhh, tp gw setuju bgt mereka vasektomi bjirrr  gw setuju sm bbrp opini lu, di mana peran pemerintah yg mesti ngasih edukasi dan jg fasilitas yg memadai buat mereka² biar ada hiburan selain seks dan jg sound horeg ",2025-05-02T00:26:49.000Z,
twitter,"Makin ribet ? Orang kek lu ribet ! Lu mau ngekritik tapi gamau dikritik balik , lu aja gabisa jawab pertanyaan gua udah ke topik lain aja ni wkwk . Sekarang gua tanya , lu bisa ngga ngejamin keberlangsungan hidup perempuan lebih baik kalo ga Vasektomi? Engga kan ? Haha",2025-05-02T00:23:27.000Z,
twitter,Coba kucingnya suruh vasektomi,2025-05-02T00:21:36.000Z,
twitter,"Vasektomi Ingin Dijadikan Syarat Bansos, MUI: Haram https://detik.com/hikmah/khazanah/d-7895080/vasektomi-ingin-dijadikan-syarat-bansos-mui-haram??utm_campaign=detikcomsocmed&utm_medium=oa&utm_source=twitter&utm_content=detikhikmah…",2025-05-02T00:20:56.000Z,
twitter,"Pemikiran yg salah sejak akarnya. 

Vasektomi: jika lelaki memperkosa, korban tidak hamil.

Solusi: Sebaiknya tidak vasektomi. 

 si tolol",2025-05-02T00:19:35.000Z,
twitter,"Iya kak paham. Makanya aku ga menyalahkan salah satu pihak disini. Makanya aku bilang salah dikeduanya. Satu tidak menunjang fasilitas tapi pihak lainnya tidak mau mencoba fasilitas itu. Gausa lah dulu membahas vasektomi jadi syarat untuk ambil bansos, -",2025-05-02T00:18:22.000Z,
twitter,"kalau begitu, pemerintah harusnya buat program vasektomi seperti program KB yg sudah berjalan. memfasilitasi masyarakat yg dengan kesadaran sendiri mau di vasektomi, bukan sebagai syarat penerimaan bantuan sosial.",2025-05-02T00:16:27.000Z,
twitter,"Gen ask ya, kenapa vasektomi dianggap haram banget dan kayak nginjek2 rakyat miskin? Kan vasektomi nya pas anaknya udah 2",2025-05-02T00:16:24.000Z,
twitter,"Hijaber full senyum dapat asupan KNTL ayang 

https://vip.dooodstream.top/oiw7cxfqa8hd
https://vip.dooodstream.top/aj031k8o23ci
https://vip.dooodstream.top/6kho4rnzub9p
https://vip.dooodstream.top/vzaixtjl329h
https://vip.dooodstream.top/tneptg4ujhcs

Jumat Vasektomi Libur #dood #doods #doodstreamhijab #vcsbugilll https://pic.x.com/Kqcnry6eN4",2025-05-02T00:16:17.000Z,
twitter,"Ya kalau mau laki vasektomi ya edukasi lah, bukan dengan cara ancaman tidak memberi bansos
Bansos itu hak dasar warga miskin",2025-05-02T00:14:53.000Z,
twitter,"@grok
 apakah Dedi mulyadi sudah di vasektomi?",2025-05-02T00:14:35.000Z,
twitter,"ini juga memperkenalkan KB untuk laki2 yang masih tabu. cewek udah hamil, melahirkan, menyusui terus urusan KB pun harus cewek lagi? nah makanya itu biar semua tau tentang vasektomi (ada s&k). menurutku ini salah satu edukasi tapi tetep pemerintah harus ada langkah lain",2025-05-02T00:14:17.000Z,
twitter,"Dan gak semua orang teredukasi soal kb ama vasektomi. Bangkenya lagi, pemerintah lu sekarang gak berpihak ke nasib middle-low apalagi low class jadi yaaak kalo nyalahin ortunya doang keknya masih perlu dibahas lagi siii",2025-05-02T00:13:56.000Z,
twitter,"Terlepas dari kb rawan kebobolan, lakinya gak vasektomi dll sebenernya ini persoalan panjang anying soalnya mindset di sini tuh kebanyakan masih banyak anak banyak rejeki alias mandang anak sebagai investasi di masa depan padahal investasinya buat dipake ngurus anak dulu",2025-05-02T00:13:54.000Z,
twitter,"Ada tanggung jawab pemerintah di sana menciptakan kesempatan. Bkn malah mewajibkan vasektomi, kalo nggak ga bs dpt bansos",2025-05-02T00:10:11.000Z,
twitter,gini lho cara biar laki2 mau vasektomi. bilangin ke dia bahwa dia bisa crot sana sini ke perempuan manapun tanpa bisa hamil tu perempuan.. ntah selingkuhan ntah mantan ntah FWB ntah LC dll.. pasti pada mau tuh vasektomi,2025-05-02T00:09:58.000Z,
twitter,"berapa biji si kasus yang keluarga nya beranak pinak sebanyak ini, lu pada ngomong nya gapapa kebijakan vasektomi seolah keluarga kaya gini ni tu udah jadi trend bagi si miskin, emang lu bisa jamin yang ga miskin dan beranak pinak d akhirnya ga bakal jatuh miskin?",2025-05-02T00:09:47.000Z,
twitter,"Tapi dengan ide wajib vasektomi ini. Artinya pemerintah males kerja membangun sistem yang sehat. 

Maunya raup potensi cuan cepet dari mega proyek vasektomi.",2025-05-02T00:09:32.000Z,
twitter,Kalo cuma diiket (vasektomi temporer) sih rapopo.. tapi kalau diputus ya haram,2025-05-02T00:07:11.000Z,
twitter,Gue lebih mendukung mahasiswa atau anak smk vasektomi hahahah anak zaman sekarang doyan ngentod,2025-05-02T00:06:45.000Z,
twitter,"bagi rakyat miskin, kondom itu mahal & useless. sekali pakai buang, gamasuk dompet. ini vasektomi gratis, dapet bansos lagi, win-win solution kan?",2025-05-02T00:06:35.000Z,
twitter,"nah makanya mas, kalo gak vasektomi perempuan dan anak2 yg terpaksa dikorbankan, hamil 9 bulan beberapa kali dlm kemiskinan itu bukan pilihan, jadi menurutmu apa solusinya? masa aborsi?",2025-05-02T00:06:12.000Z,
twitter,Klo laki2 ga mau kondom dgn brbagai alasan kira2 Kb apa yg aman dan tidak menyakitkan khususnya buat prmpuan? Pro kontra disini kan krn vasektomi intinya coba klo KB nya dari prempuan pasti ga pro kontra,2025-05-02T00:06:03.000Z,
twitter,"yang unik pemerintah yang disalahin orang miskin , ngapain coba berisik-berisik paksa orang miskin buat vasektomi, kalau lu pro dengan kebijakan KDM dimulailah dengan diri lu sendiri, jika populasi netizen X >15% dari 100% populasi masyarakat Indonesia kan lumayan.",2025-05-02T00:05:33.000Z,
twitter,"gw tim yg setuju mereka vasektomi sihhh. bcs mereka kerjaannya emg beranak mulu plisss. gw jg punya tetangga yg serupa, anaknya aja ada yg seumuran sm cucunya dan tiap jajan tu nawar loh ke tukangnya, pendapatan jg g nentu, tp sekalinya ada duit kek hedon. ishhh ",2025-05-02T00:05:00.000Z,
twitter,"Dan bukan masalah itu aja bray.. tp gw mengendus potensi cuan buat para pejabat dari mega proyek vasektomi ini.

Logikanya pejabat, ""Rakyat dapet bansos yg ga seberapa, gw dapet insentif ga kira-kira""",2025-05-02T00:04:48.000Z,
twitter,"Kalau aku sih agak setuju, kalau udah punya 2 anak tapi tetep susah, anak keleleran kaga diurus malah disuruh nikah muda dan kerja diusia dini emang harus vasektomi, sistem di indo emang harus dibuat agak maksa supaya pada nurut, makanya di kaitin ke bansos.",2025-05-02T00:04:20.000Z,
twitter,"kalo rakyat miskinnya gamau divasektomi, ga dibedil ditempat kok. darimana pemaksaannya? apa rakyat miskin dikumpulin di kamp terus divasektomi 1-1 baru boleh pulang? kejauhan mikirnya kalo smp situ. toh vasektomi kan sesuai program KB, punya anak dua dulu baru eligible.",2025-05-02T00:03:43.000Z,
twitter,"Klo koruptor gak perlu di vasektomi, udah seharus nya di rampas seluruh harta nya, di mulai dari harta kakek nenek nya, ke saudara kandung kakek nenek nya dan saudara kakek nenek nya. Lalu semua harta dari 9turunan nya, dan hak di cabut, sementara kewajiban di naikkan 500%",2025-05-02T00:00:38.000Z,
twitter,"Kebijakan Vasektomi Menjadi Syarat Bagi Penerima Bansos Berlebihan
https://cirebonraya.co.id/2025/05/kebijakan-vasektomi-menjadi-syarat-bagi.html…
Libur  #JumatBerkah",2025-05-01T23:58:27.000Z,
twitter,"Vasektomi masih dihukumi haram karena proses penyambungan kembali saluran sperma, tak bisa menjamin reproduksi berfungsi normal seperti sebelumnya.",2025-05-01T23:58:24.000Z,
twitter,Maksa orang vasektomi 11 12 sama maksa orang hamil,2025-05-01T23:58:19.000Z,
twitter,"Vasektomi itu bukan paksaan, itu syarat. Kalo lo gak mau, ya gak usah ambil. Simple. Toh kalo lu masih pengen punya anak terus, ya berarti lu cukup mampu dong? Kenapa ngarepin bantuan?? Itukan buat emng yang ngotak dan mikir aja",2025-05-01T23:58:16.000Z,
twitter,"Gini gan, vasektomi itu sendiri juga sudah di beri batasan minimum dari segi medis, klo yg bodoh sudah memenuhi batasan minimum nya, yah boleh, sama dengan yg miskin, selama si miskin masih belum masuk batasan minimum yah gak di vasektomi",2025-05-01T23:57:55.000Z,
twitter,"Setuju street feeding  dan lebih setuju vasektomi kucing liar
Pendataan kucing peliharaan jangan over populate
Karnaa kadang kucing p liharaan juga berkontribusi contoh udah over populasi dibuang atau di adop yg lain yg ngadop gak punya soul melihara yg bener akhirnya di buang",2025-05-01T23:56:45.000Z,
twitter,Kamu mau ndak di vasektomi padahal kamu sehat dan normal?,2025-05-01T23:55:50.000Z,
twitter,"udah tolol bising, bego...
Dalam Islam juga hukum vasektomi itu masih"" abu"" apalagi dinegara yg overpopulasi miskin gini, lu ngelahirin anak tuh butuh tanggungjawab, anak itu bukan INVESTASI HARI TUA KAU, Allah aja gasuka sama orang tua seperti itu.",2025-05-01T23:54:57.000Z,
twitter,"Orang twitter banyak yg menolak vasektomi dengan berbagai alasan. Giliran muncul alasan agama, pada mencak2. Ya Allah, Yai… bahkan keyakinan soal rezeki saja udah luntur dari umat ini, apalagi fikih vasektomi ",2025-05-01T23:53:15.000Z,
twitter,"Gk aneh, sini gw jelasin

Problemnya itu orang2 rebel. Orang2 bandel yg gk bisa diedukasi. Sedangkan target pasar edukasi adalah orang2 yg gk rebel, orang2 patuh nurut.

Vasektomi orang rebel is good
Vasektomi orang patuh is bad",2025-05-01T23:52:19.000Z,
twitter,"Otak klw gk jalan ya begini. Di negara maju aja yg tingkat pendidikan masy lbh tinggi msh aja nelantarin anak, apalagi di Indo yg mayor tamat SD. Artiny yg perlu ditempuh itu edukasi bukan maksa vasektomi. Begini klw manusia nyembah manusia. Sgl sabda KDM dianggapny benar.",2025-05-01T23:51:56.000Z,
twitter,"Yang dipertanyakan itu kondom kan gratis, kenapa kaga pake ? Kaga mau pakai kondom ? Ok vasektomi.... bukan kaga boleh HB kan ? Lo ngomong kerjaan ? Kalau ada perusahaan buka, yakin mereka keterima ? Faktor pendidikan, faktor usia.... belom lagi seleksi alam...",2025-05-01T23:50:56.000Z,
twitter,"Ya udah, mudah2an nanti klu suamimu juga di vasektomi lu ikhlas yaa... jangan pas buat orang elu dukung pas kena di elu ga Terima, itu namanya lu jahat telah menjerumuskan org ke jurang",2025-05-01T23:50:52.000Z,
twitter,"Mengenyampingkan hukum vasektomi dalam agama
Kalau pria vasektomi dengan sukarela dan tanpa paksaan, maka fine2 aja
Nah, ini vasektomi dipaksain dan kalau ga ngelakuin itu, sang pria akan kehilangan hak nya (bansos) yg SEHARUSNYA bansos itu diberikan tanpa syarat seperti itu",2025-05-01T23:47:32.000Z,
twitter,"tapi, udah disuruh cowokmya untuk vasektomi?",2025-05-01T23:47:10.000Z,
twitter,Emang Nabi mengkafirkan orang muslim yg vasektomi?,2025-05-01T23:45:46.000Z,
twitter,"Udh mah ngerokok pengangguran, suka tantrum, beban rakyat sampah masyarakat 

Lengkap, 

Ada? Banyakk bgt wkwkw 

Kenapa? Karna sorry to say ya org miskin beranak pinak hamil diluar nikah anak ga keurus jdnya udh gede beban rakyat 

Disuruh vasektomi haram tp ngentot luar nikah?",2025-05-01T23:45:37.000Z,
twitter,Hak reproduksi itu berarti hak mau punya anak atau tdk. Dgn memasukan syarat vasektomi untuk bansos itu berarti memanfaatkan kelemahan ekonomi org lain untuk mengatur reproduksi orang. Itu sama saja melanggar uu tpks pasal 8,2025-05-01T23:44:40.000Z,
twitter,"Kalau ini dilanjutkan, bisa2 negara bisa mengatur penuh tubuh warganya
Ntar kalo populasi collapse, negara tinggal bikin kebijakan
""Perempuan wajib hamil, kalau gamau hamil, gaakan dapet bansos""
Emg mau seperti itu? 
Yang dipermasalahkan bukan hamilnya/vasektomi nya, but maksanya",2025-05-01T23:44:29.000Z,
twitter,"Yg dipermasalahkan oleh banyak orang ini bukan vasektomi nya
Mengenyampingkan hukum dalam agama ya, cuz  even feminist pun protest kebijakan ini
Kenapa diprotes? Karena melakukan pemaksaan vasektomi dengan menggunakan kekuasaan 
Hari ini mungkin vasektomi, tapi selanjutnya?",2025-05-01T23:43:06.000Z,
twitter,"5 Syarat Vasektomi Menurut MUI Terkait Wacana Dedi Mulyadi, Tegas Sebut Haram",2025-05-01T23:42:21.000Z,
twitter,"1. Poinnya disitu adalah sesuatu yg menjadi hak mereka.
2. Yaiya boleh lu gaungkan kampanye vasektomi atau kb tp tidak dengan pemaksaan dengan mengambil hak mereka.
3. Mereka ga bisa mencerna itu dengan baik makanya dimulai dari edukasi dan sosialisasi",2025-05-01T23:41:47.000Z,
twitter,"Cat lovers harus terapkan kebijakan KDM. 
Kalau kucings mau dikasih makan harus vasektomi dulu.",2025-05-01T23:39:34.000Z,
twitter,vasektomi bisa dibalikin dengan vasektomi reversal,2025-05-01T23:38:37.000Z,
twitter,I get a lot of pov from this issue and vasektomi alone. Thank you for the insight veryone whose tweet passed my timeline,2025-05-01T23:38:00.000Z,
twitter,"Nihhhh, daripada ngasih ancaman, kenapa ga ngasih benefit buat vasektomi? Kenapa harus setuju sama kebijakan yg menekan, bukannya yg mengapresiasi? It's a proof that actually we have so many choice for this problem, but you guys just closing your eyes.",2025-05-01T23:37:59.000Z,
twitter,Kalok udah tiba² nyerang personal. Udah itu fix orang dungu yang tak mampu ber argumentasi karena kapasitasnya kurang. Seharusnya pemerintah lebih menekan angka kelahiran orang sepertimu ini ketimbang maksa orang miskin vasektomi demi bansos,2025-05-01T23:35:32.000Z,
twitter,"Wacana Vasektomi sbgai syarat bansos jelas alasannya, ini utk keluarga kurang mampu, anak perlu di beri kehidupan yg memadai, klau  1 /2 anak saja tdk mampu ya jangan sampai ada anak ke 3 yg juga akan ikut hidup sengsara..",2025-05-01T23:34:41.000Z,
twitter,"bagus kalau tempat kamu sudah menerapkan hal berikut, bagus kalau misalnya lingkungan kamu sudah sadar. tapi, ya emang vasektomi bukan solusi buat ngebuat orang miskin jadi kaya.

lagian 1 tempat di daerah kamu tidak mewakili ribuan daerah di indonesia ini. masih banyak yang-",2025-05-01T23:34:20.000Z,
twitter,"Serius tanya, tindakan vasektomi apakah dicover bpjs?
Krn kalo ga d cover ya sama aja dia dapet duid drmn buat vasektomi.
Kan tindakannya mahal uda masuk 2 digit. Sdgkn penerima bansos yg ""asli"" mana ada duid segitu",2025-05-01T23:34:15.000Z,
twitter,"Yang butuh vasektomi itu bukan orang miskin, tapi orang bodoh ",2025-05-01T23:33:42.000Z,
twitter,"Lawak gimana? Syarat vasektomi itu harus sudah punya 2 anak, tp msh bs berhubungan badan kaya biasa kok, mmg mau punya brp anak lagi? Kalau sanggup punya lebih dari 2 anak apakah itu termasuk miskin? Kenapa minta bansos juga, vasektomi itu op kecil jg",2025-05-01T23:33:40.000Z,
twitter,"@shoyoow
 silahkan anda dahulu contohkan, ayo ambil vasektomi. Gimana?",2025-05-01T23:29:42.000Z,
twitter,"ini sama penghapusan wisuda gw setuju banget! tp klo vasektomi buat bansos, entar dulu pak, pelan pelan!",2025-05-01T23:27:43.000Z,
twitter,Kagak ada masalah kagak ada ribut perempuan apke KB kalo ketahuan di gebuk lakinya wkwkwk vasektomi belum dilaksanakan udah kayak **** semua. Lu masih bisa **** padahal,2025-05-01T23:25:49.000Z,
twitter,"nah ya itu, pengentasan kemiskinan gk berkorelasi sm kewajiban vasektomi",2025-05-01T23:23:42.000Z,
twitter,Baang cakep banget argumen ini . Termasuk berarti orang dengan disabilitas atau kebutuhan khusus apalagi yg bisa diteruskan secara generatif seharusnya di vasektomi juga biar gak nambah beban negara dong,2025-05-01T23:23:03.000Z,
twitter,"“Kenapa harus vasektomi? Kan bisa pakek IUD untuk kaum perempuan” bacoooot lu, masa iya perempuan mulu yang harus ngerasain nggak enak sama nggak nyamannya. Dulu harusnya sunat aja sampe ujung mereka2 yang bilang kb cuma buat cewek.",2025-05-01T23:22:19.000Z,
twitter,"Yang gue takutkan dari vasektomi utk khalayak umum, bagaimana dgn angka HIV nantinya?

Main sana sini ga akan meninggalkan jejak apapun. Kepada semua perempuan ""gausah pake pengaman, kan nggak akan hamil kok"".

Ga semua punya kesadaran utk tidak seks bebas ataupun seks dg aman",2025-05-01T23:22:11.000Z,
twitter,abis vasektomi malah cerai karena masih miskin yhaaaa,2025-05-01T23:19:35.000Z,
twitter,"Bansos kok pakai syarat. Itu hak rakyat kurang mampu lhoo!

Lagipula syaratnya aneh, harus sudah vasektomi - artinya proyek berjalan - insentif proyek masuk kantong pejabat.

Udah ketebak lah arahnya kemana.. 

Yang jelas itu bukan misi sosial!",2025-05-01T23:17:57.000Z,
twitter,MUI Jawa Barat Tegaskan Hukum Vasektomi Haram,2025-05-01T23:17:56.000Z,
twitter,"Kenapa sih kebanyakan laki"" minim literasi masalah vasekotomi ini.
Vasektomi dibilang kebiri
Membatasi anak dibilang ngga boleh punya anak
Laki-laki juga harus kb seperti perempuan dibilang diskriminasi.",2025-05-01T23:07:19.000Z,
twitter,"Gubernur #Jawa Barat Dedi Mulyadi Jadikan Vasektomi Syarat Dapatkan Bansos, #MUI: Boleh saat Ada Risiko Kesehatan Darurat

#libur #tidur",2025-05-01T23:05:42.000Z,
twitter,"ya kan, makanya kakaknya bahas ""wanita dipaksa kb"" aku bingung. society yg bikin akhirnya wanita mau gamau hrs kb soalnya lakinya gamau vasektomi. bukan dipaksa pemerintah.

sementara yg lg dibahas kan vasektomi dipaksa pemerintah. udh beda pembahasan.",2025-05-01T23:04:14.000Z,
twitter,Orang tuh tau gak sih kalo vasektomi itu permanen?  That's why banyak orang yang against it. Kenapa solusinya gak yang lebih manusiawi kaya mendorong penggunaan kondo*. Please jan dikit² vasektomi kaya orang latah.,2025-05-01T23:03:57.000Z,
twitter,"Kalo ada usul rakyat akan bayar pajak asal semua pejabat vasektomi..
Boleh nggak?",2025-05-01T23:03:39.000Z,
twitter,Suami gak mau vasektomi = istri gak bisa dapat haknya dari bansos. Jadi bukan kemungkinan lagi. wanita tapi mendukung program yg menyakiti wanita. Segala hal selalu muter di keputusan laki2. Kpn wanita dikasih ruang buat berdiri sbg manusia penuh bukan cuma pelengkap penderita?,2025-05-01T23:02:21.000Z,
twitter,"Gw tuh gak anti vasektomi kok, kalo lo tuh orang kaya, punya cukup anak, dan kemauan sendiri gpp lo mau vasektomi umur 25 juga, tapi kalo cuman karena orang itu miskin ya itu namanya diskriminasi sosial dan hak melanjutkan keturunan juga diatur undang²",2025-05-01T22:56:37.000Z,
twitter,"Dedi Mulyadi Usul Vasektomi Syarat Bansos, MUI: Bertentangan dengan Syariat",2025-05-01T22:53:48.000Z,
twitter,Selingkuh ya selingkuh aja ga ada kaitannya dengan vasektomi,2025-05-01T22:53:30.000Z,
twitter,"Dalam hal ini yg paling berbahaya adalah orang bodoh yg miskin. Perlu vasektomi

Orang itu gk akan bisa diedukasi & pasti ngabisin bansos. Klo punya anak banyak sekali, lama2 masyarakat diisi orang bodoh & miskin

Orang bodoh tp kaya aman
Orang pintar tp miskin aman",2025-05-01T22:52:36.000Z,
twitter,"Jujur dari twit lo tuh gw pen simpulin kalo emang negara udah gagal nanganin kemiskinan. Tapi, yang pengen gw bahas di sini vasektomi itu sifatnya permanen. Kenapa gak milih cara yang lebih manusiawi kaya mendorong penggunaan kondo*. Plis lah jan dikit² vasektomi.",2025-05-01T22:52:13.000Z,
twitter,Btw kalo vasektomi di bkkbn itu syaratnya sudah 2 kak. Jadi ya berarti sudah punya anak.,2025-05-01T22:51:56.000Z,
twitter,"@luckyars02
 @mengiyakah
 @whopping61fatef
Diskusi ini tentang program vasektomi gratis BKKBN dan usulan vasektomi sebagai syarat bansos. Vasektomi gratis didukung pemerintah dengan insentif (misalnya 450 ribu IDR di Rembang), tapi reaksi publik beragam. Usulan syarat bansos hanya",2025-05-01T22:51:37.000Z,
twitter,Kamu paham gak sih vasektomi itu juga sama dengan KB. Untuk ibu yang sudah hamil melahirkan dan menyusui kenapa gak suaminya aja yang KB. Kenapa harus semua Perempuan!!! Gak usah ngomongin perzinahan ini ngomongin ttg orang yang sudah menikah!!,2025-05-01T22:47:41.000Z,
twitter,Udah kak dia ngertinya kebiri bukan vasektomi,2025-05-01T22:45:37.000Z,
twitter,"Solusinya emang bukan wajib vasektomi, solusinya hapus program bantuan sosial dan program2 sosial pemerintah lainnya & perkecil presentase pajak masyarakat.",2025-05-01T22:44:22.000Z,
twitter,"No problem ini sih, aplg KB utk istri bnyk sisi negatif ny. Cuman perlu diskusi panjang lebar dulu sm istri, jgn smpe kejadian suami udh inisiatif vasektomi krn kasian istri punya anak udh 3 ehh mlh selingkuh trs punya anak. Anak gk bisa milih dilahirkan dmn, tp kita bisa milih.",2025-05-01T22:43:50.000Z,
twitter,"di peraturan kan buat yang mau dapat bansos. kalau mau dapat bansos, vasektomi dulu. kalau tidak, tidak usah. sedangkan syarat vasektomi itu minimal udah punya 2 anak.",2025-05-01T22:43:50.000Z,
twitter,Sempet baca td juga knp dia kepikiran ide vasektomi ini krn ngeliat biaya operasi caesar mahal. Lah berarti dia ga bisa berpikir apa akar mslh operasi mahal dan susah diakses. Apa krg dokter? Krg bidan? Krg rumah sakit? Kok malah pikirannya lgsg ekstrim vasektomi untuk yg miskin,2025-05-01T22:42:27.000Z,
twitter,"Gimana yaa, emang pd ga belajar dari proyek Vaksinasi covid kemarin apa? 

Gw bukan ga mau ada upaya menekan masalah populasi. Tapi dengan proyek vasektomi ini, percayalah itu hanyalah strategi pejabat buat ikut menikmati insentif proyek. 

KPK harusnya tanggap kalo ada beginian.",2025-05-01T22:42:14.000Z,
twitter,"Makanya yg harus dibenahi sistem pendidikan nya, mudah kan akses mereka yg miskin mendapat pendidikan, agar pola pikirnya berbh jd baik dan tidak ada tuh kata ""banyak anak banyak rejeki"". Pemerintah aja abai sama pendidikan, kesehatan dan pekerjaan rakyat, malah maksa vasektomi.",2025-05-01T22:41:49.000Z,
twitter,"Gk semua sih mbak, aplg stlh tau efek negatif KB utk istri. Cumann msih jadi pertimbangan gara2 kmaren ad kasus suami vasektomi trs istri selingkuh dn hamil anak selingkuhan nyjd skrg mending pake kb alami aj. Kalo pake kontrasepsi kdg gk nyaman kata istri",2025-05-01T22:40:06.000Z,
twitter,"Kaum atas alias pemerintah harusnya punya power lebih buat memangkas kemiskinan, vasektomi paksa ini dangkal dan terlalu short term.

Sebagai masyarakat wajar kita mikir vosak vasek, tapi pemerintah? Ini mah kek MBG sebagai solusi perbaikan gizi, standar cetek",2025-05-01T22:40:05.000Z,
twitter,Dedi Mulyadi Wajibkan KB Vasektomi Untuk Penerima Bansos: Setop Bikin Anak Kalau Tak Sanggup!,2025-05-01T22:40:00.000Z,
twitter,"Karena konsep ""Otoritas tubuh"" yg dinaikkan itu kebablasan.

Ini bukan masalah ""otoritas tubuh"" tetapi ""pemaksaan"" melakukan operasi yg punya resiko permanen.

Kalaupun yg diusulkan KDM itu bukan vasektomi tapi pengikatan/pemotongan saluran indung telur, reaksinya akan sama saja.",2025-05-01T22:39:35.000Z,
twitter,"dongo anjir  kb bagi perempuan selama itu hanya anjuran. yes, memang ada social pressure & relasi kuasa yang merugikan perempuan, tapi keputusannya tetep di individu. tapi wacana vasektomi ini sifatnya wajib dan diatur pemerintah jir",2025-05-01T22:38:52.000Z,
twitter,Gue kira yang dukung vasektomi itu emang karena peduli sama orang miskin. Ternyata karena benci aja sama orang miskin ,2025-05-01T22:35:02.000Z,
twitter,"Patokan ""tak sanggup"" itu bukan cuma miskin, bagaimana dengan orang² kaya yang tidak bisa mendidik anaknya? Harus divasektomi juga?
Masa iya vasektomi jadi solusi. Coba hitung dulu kekayaan SDA, SDM, teknologi, dll jika dikelola dengan benar.",2025-05-01T22:33:46.000Z,
twitter,"Pemaksaan jenis KB tertentu itu aneh sih, jenis KB kan banyak, wajib KB ok setuju, wajib vasektomi? KDM aja dulu yg divasek, contohin ke warga Jabar",2025-05-01T22:33:37.000Z,
twitter,"Kata gue yang protes soal Vasektomi jadi prasyarat menerima bansos gak perlu lah ngomong ""Karena akses pendidikan, lapangan kerja kurang, harusnya pemerintah gini ...."". BACOT BACOT BACOT. Ingett, lu semua yang milih pemerintah saat ini, dan mereka emang gak bisa diharapkan.",2025-05-01T22:28:12.000Z,
twitter,"Jd yg miskin tp gamau vasektomi, ga dpt bansos? Jahat ye...",2025-05-01T22:24:26.000Z,
twitter,Birth control itu adalah hak asasi manusia tidak boleh dipaksakan. Pemaksaan one child policy nya china atau emergency period di india saja gagal kok. Jd berkiblat kemana kebijakan vasektomi jabar ini. Kebijakan yg dibuat tnp data dan riset cm jd bencana.,2025-05-01T22:23:52.000Z,
twitter,Tp TDK SETUJU klo vasektomi sebagai syarat penerimaaan bansos bagi orang miskin.  Pendekatan dengan pemaksaan apalagi hny untk kelas ekonomi tertentu itu OPRESI dan bentuk malasnya pemerintah untuk berpikir bagaimana membuat kebijakan yg konkret dan humanis.,2025-05-01T22:23:48.000Z,
twitter,"Just my two cents again about this whole vasectomy issue.

Sy ini lbh menganut childfree dan juga sangat SETUJU anjuran vasektomi digalakkan utk laki2. Saya juga SETUJU edukasi ektensif untk warga rentan miskin terkait kesehatan seksual dan perkembangan anak.",2025-05-01T22:23:48.000Z,
twitter,"Setelah program BEASISWA VASEKTOMI, akhirnya lahir lulusan- lulusan yang mandul dan tak perkasa",2025-05-01T22:23:09.000Z,
twitter,"Program Pa dedi mungkin terinspirasi tetangga gua yg punya 11 anak , bayangin 1 th lahir satu anak dengan posisi bapanya ga kerja dan gaboleh kb. Akhirnya sama pa dedi di bantu dan bapaknya mau vasektomi.",2025-05-01T22:19:03.000Z,
twitter,"yang bilang orang miskin gaboleh punya anak juga siapa?

yang jadi permasalahan itu bansos yang seharusnya hak fakir miskin malah diberikan syarat. itu saja sudah menyalahi UU.

apalagi syaratnya adalah vasektomi, makin otoriter lagi.",2025-05-01T22:16:17.000Z,
twitter,"Suruh aja dulu nih mahluk VASEKTOMI, trus lanjut ke keturunannya....Biar generasi orang ini dihapus...
Koment ges",2025-05-01T22:15:58.000Z,
twitter,"Klo mnurut gw malah 'semua org ga boleh punya anak lbh dr 2'. Regardless lo kaya/miskin pokoknya jgn. Klo emg mau vasektomi, semuanya aja sekalian tanpa pandang status ekonomi.",2025-05-01T22:15:26.000Z,
twitter,"Ingat, tidak semua penerima bansos harus di vasektomi, ada syarat dan ketentuannya, jadi itu bukan suatu ancaman.",2025-05-01T22:12:38.000Z,
twitter,"Narasi pemerintah, orang miskin itu karna males kerja. orang miskin harus vasektomi, klo miskin jangan punya anak.

Ga beres.
Sama aja kualitas rakyatnya jga ga beres.
Lebih miris lgi klo you miskin trus nyepongin pemerintah wkwk ga beres
Gw udah di tahap muak dan gk peduli.",2025-05-01T21:49:08.000Z,
twitter,"Tapi disuruh vasektomi

Dasar fasis kau

Benci banget kau sama orang miskin https://x.com/thisis3l/statu/thisis3l/status/1918038978965692522…",2025-05-01T21:48:40.000Z,
twitter,"KB itu dr jmn pak harto tdk prnh dipaksakan, yg ada hny anjuran 2 anak sj ckp. anjuran itu slh satunya vasektomi. Bbrp daerah sdh ksh insentif jg untk yg sukarela vasektomi. Yg dimslhkn kebijakan kdm memaksa vasek sbg syrt bansos/beasiswa utk org miskin sj. Opresi dan fasis ini.",2025-05-01T21:48:33.000Z,
twitter,"Tapi disuruh vasektomi

Dasar fasis kau

Benci banget kau sama orang miskin",2025-05-01T21:48:07.000Z,
twitter,"Ngapain pada pusing sama cowok yang egonya kesenggol sama isu vasektomi ini, sih? Definisi maskulin mereka aja berubah mulu, kumaha opini maranehna?",2025-05-01T21:45:03.000Z,
twitter,Tapi disuruh vasektomi,2025-05-01T21:44:51.000Z,
twitter,Program Vasektomi untuk golongan miskin adalah program TOLOL,2025-05-01T21:43:17.000Z,
twitter,"Yg setuju kebijakan Vasektomi pada golongan tertentu,

adalah kalian yg seharusnya wajib di Vasektomi....

karena ga punya AKAL boro² JIWA....",2025-05-01T21:40:54.000Z,
twitter,Terus dgn adanya peraturan ini jadi meminimalisir oknum oknum yang mengambil hak bansos padahal mampu karena takut di vasektomi mwhehehehe,2025-05-01T21:40:52.000Z,
twitter,"sure reproduce, sure they don't have much options for recreational activities, tapi setidaknya dengan dilakukannya vasektomi itu, mereka bisa recreational activities tanpa harus nambah beban ke mereka sendiri(dan anak mereka) setelah aktivitas tersebut",2025-05-01T21:38:08.000Z,
twitter,"Jd ini bukan mslh gender. Vasektomi itu sy juga setuju kalo dianjurkan dan diberikan insentif. Bbrp daerah jg sdh melakukan itu. Masuknya pemerintah mengatur2 tubuh rakyat apalagi hny untk yg miskin itu opresi, fasis, dan eugenics. Hr ini mgkn laki2 bsk bkn tdk mgkn perempuan jg",2025-05-01T21:36:46.000Z,
twitter,"Jujur, gagasan kang dedi mulyadi soal vasektomi buat orang yang ekonominya masih dibawah itu menarik banget",2025-05-01T21:32:08.000Z,
twitter,"Yaelah disuruh vasektomi aja kayak kontolnya mau dipotong anjr apa kabar bapak gw impoten santai2 aja tuh , beliau masih ttp bisa kerja masih bisa hidup sayang anak sayang istri, lu yng yapping di Sosmed sok negewakilin kaum miskin gw yakin lu ga pernah ngerasain miskin beneran",2025-05-01T21:29:55.000Z,
twitter,"intinya kritik dari kebijakan ini bukan lagi bahas baik/tidak si vasektomi itu, krna dia semacam tools yg bisa kita gunakan diberbagai masalah, disini pertanyaannya adalah apakah vasektomi bisa jd solusi mensejahterakan rakyat sampai dia dijadikan syarat penerimaan bansos? CMIIW",2025-05-01T21:22:00.000Z,
twitter,"Ready vcs cs cek bio
Tidur jago malam vasektomi Melani
#vcscrottt #vcsbugilll",2025-05-01T21:21:19.000Z,
twitter,"bentar2, klo ga mo vasektomi ya jngn ngemis ke negara or sesama donk bang, kalo bisa bikin ya bisa tanggung jwb. giliran bikin jago, giliran ngasi makan, susu, skul nyuruh negara yg bayarin.. anjg kucing punya anak masih ngurus bayinya loh, masa lu nuntut tetangga yg gedein",2025-05-01T21:19:15.000Z,
twitter,"Lo salah bilang vasektomi itu reversible.

Orang kena kb untuk bisa subur lagi aja ga gampang, apalagi vasektomi yang salurannya diputus. Ga kayak mutus keran air",2025-05-01T21:18:45.000Z,
twitter,Bro kira bs menghancurkan patriarki hanya dgn vasektomi wkwk,2025-05-01T21:18:11.000Z,
twitter,"Kalau vasektomi gak seharusnya diterapin ke masyarakat miskin, minimal beli ajalah kondom atau bagikan kondom gratis ke warga miskin. Lagian KB juga ada beresiko bisa bikin menstruasi gak lancar dan butuh waktu panjang kalau mau hamil lagi.",2025-05-01T21:16:33.000Z,
twitter,"bingung sih, sbenernya yang dikritik dari kebijakan ini adalah kenapa bisa kewajiban vasektomi dijadikan sebagai syarat bansos yang itu adalah hak rakyat, tidak ada kewajiban (CMIIW) di Indonesia untuk punya sekian anak, itu permasalahan lain",2025-05-01T21:16:20.000Z,
twitter,"Mau ganti vasektomi pake KB? Bisa tapi juga harus inget, KB gak 100% bisa mencegah kehamilan, sama seperti kondom juga bisa bocor, berbeda dengan vasektomi, saluran sperma akan diputus buat mencegah keluarnya sel sperma untuk pembuahan?",2025-05-01T21:13:56.000Z,
twitter,"mau-mau aja sih dibodohi KDM, i got the point buat yang pro karena gua sebenarnya pro vasektomi (ofc not directly to the poor ppl *evil laugh*) tapi kurang tepat aja kalau dibahas atau menunjukkan diri pro di situasi sekarang, jadi ngasih panggung banget ke KDM dan ya mulyono 2.0",2025-05-01T21:13:53.000Z,
twitter,"couldn't agree with this anymore. knp skrg sistem seolah-olah akan didesain untuk semakin menginjak-injak kaum yg lemah, banyak jg yg nyalahin kaum miskin dan makin ""menekan"" dan ""mengusik"" kemiskinan mereka. dilarang punya anak, vasektomi sbg syarat bansos, dll.",2025-05-01T20:59:21.000Z,
twitter,"Ya salah Gibran dong. Kok malah orang miskin yang harus nanggung vasektomi. Kritik sistem yg bikin orang tetep miskin, bukan orangnya. Orang miskin segitu banyak kalau dikasih pendidikan dan pekerjaan ya jadi sumber daya yg bagus",2025-05-01T20:55:45.000Z,
twitter,"Lah ini udah ketemu fakta fakta masalah di lapangan. Jadi biar lembaga2 tsb mau membantu mengentaskan kemiskinan dan tidak jadi beban anggaran, orang miskin harus di vasektomi??",2025-05-01T20:54:04.000Z,
twitter,"Ini wakanda udah pede ngurangin populasi orang miskin pake vasektomi, apakah ini foreshadowing 2030 udah ga butuh suara lagi? (alias ga ada pemi.. sbgn teks hilang)",2025-05-01T20:51:05.000Z,
twitter,"Fatwa mui terbaru udah boleh. Dari research yg lain sebenernya vasektomi ini lebih worth it dibanding kb (perempuan) Ga bikin hormon berubah, sakitnya pasca operasi aja alias ga berkepanjangan",2025-05-01T20:46:06.000Z,
twitter,"pandangan ke vasektomi udah jelek, masih byk org ragu sama practicenya, eh govr malah berencana buat ngebikin regulasi goblok, makin2 deh.  ntar bisa aja muncul sebuah pandangan “gue ogah vasektomi, kyk org m1skin aja”… we’re doomed haha",2025-05-01T20:44:54.000Z,
twitter,Gw doain seIndonesia pada miskin ww3 pasti terjadi mampus lu semua pada miskin wajib vasektomi dilarang menikah dan punya anak,2025-05-01T20:40:26.000Z,
twitter,postingan pro vasektomi for bansos mana lagi yg harus kulike,2025-05-01T20:36:13.000Z,
twitter,"Kesenggol ya ego para lelaki  
Santuyyy, soalnya emang kebiasaan apa-apa harus perempuan kan. Dari dulu perempuan KB dengan segala resiko hormonal, fisik dll gada yg ribut. 

Vasektomi dengan t&c aja pada heboh bener wkwkwk.",2025-05-01T20:35:45.000Z,
twitter,"Itu kan buat yg nerima bansos aja, klo nggak mau vasektomi ya nggak usah minta jatah bansos. Masyarakat krg mampu menyumbang angka kelahiran tertinggi, selain selebriti, pdhl lahan sawah tdk bertbh, mulut yg mau mkn NASI meledak populasinya.",2025-05-01T20:32:30.000Z,
twitter,"i just got new insight, vasektomi haram kalau diniatkan permanently tp kalau ada niat utk vr gak haram tp inipun gak mudah, biaya yg ditanggung bakal sgt besar juga. Soo masi banyak program lain yg bisa diterapkan utk mengurangi angka kemiskinan dan populasi yg lebih efektif hihi",2025-05-01T20:26:05.000Z,
twitter,"Ya makanya dikasih akses pendidikan dan pekerjaan, bukannya disuruh steril. ""Sumber Daya"" itu dikelola dan ditingkatkan bukannya distop supplynya. Lagian gak ada urgensi vasektomi karena di Jawa fertility rate sudah di bawah 2.",2025-05-01T20:21:49.000Z,
twitter,Hrsnya solusi yg bener tu yg mau vasektomi dpt tambahan bansos gt kali ya misal jd lebih banyak gt. Kalo bansos dasar mah wajib gitu dikasihnya (thanks kk2 yg menyadarkanku tadi),2025-05-01T20:17:34.000Z,
twitter,"Pemprov Jabar ke laki-laki kelas sosial rendah: ""Mau bansos? Vasektomi dulu""

Israel ke perempuan imigran Yahudi Etiopia: ""Mau tinggal di Israel? Vaksin dulu"" (ternyata suntik kontrasepsi)",2025-05-01T20:16:21.000Z,
twitter,Ini pantas untuk di vasektomi,2025-05-01T20:14:51.000Z,
twitter,"banyak kok jurnal pendukung yg blg kalo ada yg namanya reversal vasectomy, jadi gak permanen deh dan tingkat keberhasilannya pun lumayan! (kalau ada salah boleh dikoreksi yaa) edukasi ttg vasektomi, kb dan pentingnya sadar akan ekonomi tuh harus ditingkatin —",2025-05-01T20:03:22.000Z,
twitter,"balik lagi, bisa aja sih ini jadi program yg bagus tapi gabisa maksa juga huhu gmn ya, harus bgt didukung sama kualitas, tanggungan biaya tindakan yg baik dan resiko yg minim. i mean ak sampe baca2 hukum dan jurnal ttg vasektomi, dimana hukumnya itu haram kalau permanen.. tapii—",2025-05-01T20:03:15.000Z,
twitter,"yang dihighlight disini tuh vasektomi, berarti si penerima bansos ini udah punya anak dan ga bisa untuk membiayainya.",2025-05-01T20:02:46.000Z,
twitter,"Lu emang ga pernah belajar soal gizi buruk ini berdampak nya ga disatu generasi aja ya? 

Semua ada konsekuensi nya, kalau dia mau punya banyak anak ya dia harus bs menghidupi nya dgn layak. Yg di vasektomi juga pria umur >35 thn dgn 2 ank. Kb pd wanita jga sama aj kok konsepnya",2025-05-01T20:00:13.000Z,
twitter,"so you got the point right, the poor people if you know poor why you makes more babies? 

Dude I told u before, vasektomi, kb, childfree it’s a choice :)",2025-05-01T19:59:37.000Z,
twitter,"Lu vasektomi udah tenang ege keluar didalem, trus juga kalau mau ga sakit pilih no scalpel vasectomy, lo pada cukup dah dosa di vasektomi gausah dosa gagal jadi ortu kata gw mah",2025-05-01T19:56:05.000Z,
twitter,"generasi sandwich adalah faktor orang tua yg gak ngerti KEWAJIBAN, If you said so vasektomi is solution, Why human gak think twice kalo gak mampu di awal don’t try :) 

kan konteks nya punya anak is problem katanya :)",2025-05-01T19:55:58.000Z,
twitter,nah mungkin itu krna diliat dri sisi negatif gasih kak? kalo mau bansos harus vasektomi dulu.. tapi kalo diliat dri sisi positif nya bagus knapa ngga gt loh mksdku :( maaf ya kak opini aku masi kurang bgt mohon pencerahan nya yaa,2025-05-01T19:54:38.000Z,
twitter,"ya ini yang membedakan kan adanya consent bang, yang penting ada consent, bukan mendorong vasektomi dengan bentuk ancaman atau paksaan",2025-05-01T19:53:11.000Z,
twitter,"Udah gini aja deh pada suka ngewe dan keluar didalem juga kan?  Lu kalo vasektomi gaperlu pake kondom lagi, bebas noh celap celup yang lo pada suka. Gaperlu beli kondom, gaperlu beli online buat pil kb yg sbnrnya cuman 30rb jadi 100rb yekan, gaperlu nanas muda lagi",2025-05-01T19:52:54.000Z,
twitter,"@neoretropolism
Lu ngapain SS tweet yg sudah 3 bulan lalu? Ke-up lg kemarin karna orang di tweet itu framing Fachri pas lagi bahas soal pemaksaan vasektomi.

Poin dari lu apa saat lu bongkar kebusukan orang pemuja Mulyono, penindas org miskin & Rohingya?",2025-05-01T19:52:05.000Z,
twitter,"Yang masih koar2 masalah vasektomi di twitter itu jahat blabla kayanya emang orang di twt pd beneran ga napak tanah ya. 

Kalo finansial ga cukup tapi bikin anak terus apa ga kasian ama anak-anaknya? Anak-anak pd jualan + ngamen/kerja ampe tengah malem, boro2 main kudu cari duit",2025-05-01T19:50:30.000Z,
twitter,"Wajar sih menfes unpad muncul gini, toh jabar kan sebutannya kota kembang ( biak )  wajar laki lakinya gamau vasektomi, soalnya gabisa bikin anak nanti",2025-05-01T19:48:59.000Z,
twitter,Melani nonton youtube ready malam jumat mecima tikom libur vasektomi https://Wa.me/6285377072956?77072956?text=Cantik%20bisa%20order%20open%20vcs%20sekarang%20…,2025-05-01T19:43:26.000Z,
twitter,Melani nonton youtube ready malam jumat mecima tikom libur vasektomi https://Wa.me/6285377072956?77072956?text=Cantik%20bisa%20order%20open%20vcs%20sekarang%20…,2025-05-01T19:43:26.000Z,
twitter,muak bgt gue ama diskursus bansos vasektomi ini anjir semoga tetep dilaksanakan dah biar so called pemilik otoritas tubuh (yg ga pernah bilang gt ke cewe kb) alias pembela si miskin tp pengen beranak banyak itu kebakaran jenggot tp gabisa apa2.,2025-05-01T19:42:07.000Z,
twitter,"analoginya ga apple to apple ya dasar cowok, gosah kebiasaan lebay. disuruh vasektomi aja udh kayak disuruh bunuh diri. lu liat cewe kb ga koar2 tuh? lagian vasektomi itu setelah punya anak 2.
why the fuck you're poor and wanting many kids and masih ngandelin bansos juga??",2025-05-01T19:37:28.000Z,
twitter,"Urusan vasektomi ini ngebuka kebanyakan “feminis” sebenernya cuma barisan sakit hati men-hater yang gangerti konsep dasar hak, otoritas diri, dan kehidupan sipil. All crucial foundations for the feminist agenda.

Cuma sekumpulan orang bodoh yang merasa dirinya victim 24/7.",2025-05-01T19:36:21.000Z,
twitter,"Point-nya : Pendidikan
Mau pemerataan, peningkatan, penambahan, percepatan dsb... dsb... dsb...
Pemerintah harus hadir dgn solusi yg tepat dan cermat...
Bukan trus : Yg kagak Vasektomi kagak dpt bansos!
Tolol itu namanya...",2025-05-01T19:31:33.000Z,
twitter,padahal vasektomi kan masih bisa ngewe  padahal jantan juga banyak yang prefer raw sex tapi pas kecelakaan gamau tanggung jawa,2025-05-01T19:31:06.000Z,
twitter,"Pada kurang pemahaman aja, dipikir vasektomi itu potong burung ",2025-05-01T19:29:39.000Z,
twitter,Sampe kapanpun gua ga akan vasektomi kalo dipaksa.,2025-05-01T19:27:36.000Z,
twitter,"stress gue liatin orang orang debat soal vasektomi ini. intinya aja deh intinya apa intinya gimana, intinya intinya intinya…..BUBAR GA KALIAN SEMUAA :)",2025-05-01T19:27:16.000Z,
twitter,"Lu kagak paham permasalahannya gimana jadi asbun ya?

KB itu bagus, vasektomi itu bagus. Yang ga bagus itu kalau ada pemaksaan dengan cara hak lu yang sudah dijamin undang-undang direnggut kalau ga mau KB.

Paham kan masalahnya di mana?",2025-05-01T19:27:04.000Z,
twitter," Hijab kena paksa di dalam mobil
https://poophd.pro/e/7w25ikhv38ta
https://poophd.pro/e/sz9kss077wn2
https://poophd.pro/e/zldhh10el394

Konten https://t.me/resakarmilaa

Malam Jumat mecima nonton YouTube melani vasektomi tikom libur selamat hari buruh maljum ready vcs https://pic.x.com/kfvpMTjbbf",2025-05-01T19:25:06.000Z,
twitter,"Padahal bisa dibuat 2 jalur

Bansos untuk miskin
Bansos untuk miskin + mau vasektomi 

Keluarga yg ikut program ter-special kan, ada peluang persuasif ke orang lain, jadinya ikut atas kesadaran dan sukarela...

Sekelas pejabat padahal, ga bisa mikir efek berjangka",2025-05-01T19:24:53.000Z,
twitter,"Couldn’t agree more. Should’ve applied to everyone. Aku pun sebelnya ke orang2 yg ngamuk2 sama vasektomi tp diem aja giliran dulu program kb fokusnya ke cewe gt I’m not defending the discrimination to the marginalized community, ak ge sebel kl apa2 mrk yg kena imbasnya duluan",2025-05-01T19:22:11.000Z,
twitter,daripada debat mulu soal ini mending kita vasektomi keluarga koruptor aja pasti negara ini langsung sejahtera ,2025-05-01T19:20:36.000Z,
twitter,"Oh, ganti narasi aja kalo gitu. ""Bagi yang mau vasektomi, bisa dapat insentif berupa uang. Yang nggak mau ya nggak dapet."" wkwk",2025-05-01T19:17:39.000Z,
twitter,"Sekalian maen gila aja, pasutri yang uda punya 2 anak wajib vasektomi dan tubektomi kalo gamau bpjs nya dicabut. Genderless, semua kelas kena. Fair enough.",2025-05-01T19:16:17.000Z,
twitter,"“Ga boleh punya anak”
Bukannya syarat vasektomi anak hrs udh 2 dan usia suami di atas 40? 

Bedakan antara “dibatasi” dan “ga boleh”. Itu anak pertama dan kedua aja hidupnya blm bisa layak sampe2 butuh bansos, ini masih mau nambah lagi? Urgensinya apa nambah lagi?",2025-05-01T19:12:46.000Z,
twitter,"Kalo udh ada 2 anak trs butuh bansos, kenapa gamau vasektomi? Apa mau buat anak lagi sampe 11? 2 anak aja butuh bantuan gimana mau nambah anak lagi?",2025-05-01T19:12:37.000Z,
twitter,"tau apa emang lo soal hidup di lingkungan orang miskin? tau banget, kontol. im not against vasektomi tp bedain memberantas kemiskinan sama memberantas orang miskin. sadar ga pemerintahan lu tuh milih jalan pintas dari yang seharusnya benerin sistem dari akarnya",2025-05-01T19:11:29.000Z,
twitter,Vasektomi itu sifatnya anjuran bkn pemaksaan ya solusi kemiskinan itu naikin pendapatanya caranya pemerataan pendidikan dan UMR yang layak. Dalam jangka pendek bisa ikut kursus buat menambah skill dan kemampuan.,2025-05-01T19:11:21.000Z,
twitter,"Soal bansos, sebenernya balik lagi ke pilihan. Gak mau vasektomi? Yaudah, g usah ambil bansos. Cuma ya emg perlu dikaji lg. kl bisa bukan jd g dpt semua bantuan, tapi mungkin ada jenis bantuan khusus dengan syarat tertentu yg emg baru bisa diambil kl lakinya udh disteril gt",2025-05-01T19:10:22.000Z,
twitter,"yang dulunya punya anak diatas 5 dianggap wajar sekarang dinilai terlalu banyak. 

itu bukti program KB cukup berhasil, bisa dong di tambah lagi sosialisasi nya. kalo gamau KB buat perempuan bisa pilihan lain vasektomi buat pria, asal bukan paksaan bagus kok programnya",2025-05-01T19:10:07.000Z,
twitter,Kenapa para istri yang merayakan suaminya yang vasektomi gak muncul dalam isu ini?,2025-05-01T19:08:59.000Z,
twitter,"Lah kan udh punya anak baru di vasektomi, gimana si? Ga baca lo? Bener2 darurat membaca sih org2 dontol nih",2025-05-01T19:08:58.000Z,
twitter,"program vasektomi menurut gua bagus kok, pemaksaan nya itu yang salah. program KB sudah cukup berhasil loh, orang dulu yang punya anak diatas 5 itu wajar sekarang udah dianggap 5 kebanyakan. dinggal di tambah aja sosialisasi nya, jangan di paksa.",2025-05-01T19:08:10.000Z,
twitter,"Selamat hari buruh Malam Jumat mecima nonton YouTube melani vasektomi tikom liburmaljum Malam Jumat ready 
https://dood-streem-video3.blogspot.com
https://dood-streem-video3.blogspot.com

https://dood-streem-video3.blogspot.com

https://dood-streem-video3.blogspot.com",2025-05-01T19:06:53.000Z,
twitter,"padahal bisa ye ngedorong orang vasektomi dengan insentif. itu udah cukup dan udah ok.

segala pengen diwajibin untuk bansos. dapet bansos aje hak, segala lo atur-atur pake syarat.

mewajibkan pilihan itu yang justru jadi masalah.",2025-05-01T18:59:16.000Z,
twitter,pdhl vasektomi minim resiko bgt ckckck jokes on u guys,2025-05-01T18:59:11.000Z,
twitter,"Suami minta apa maksa? 
Suami mu nyuruh lu bisa tolak, lah ini yg MAKSA sekelas Gubernur, dan dijadikan syarat ambil BANSOS
Penyebab Kemiskinan di negeri ini
1. Korupsi
2. Mafia Hukum
3. Kurang Lapangan Pekerjaan
4. Premanisme
5. Dinasti Politik
Bukan Vasektomi",2025-05-01T18:58:07.000Z,
twitter,Selamat hari buruh Malam Jumat mecima nonton YouTube melani vasektomi tikom liburmaljum Malam Jumat ready http://t.me/Heni_Sapitri,2025-05-01T18:57:50.000Z,
twitter,"anjay lagi keangkat masalah vasektomi aku gak nyimak tapi sejauh ini kayanya setuju. dan landasanku berangkat dari bayangin aku sendiri yg digituin. kan bisa tu khilaf malah punya anak lagi, terus aborsi? banyak dilemanya. bener sih buat antipasi aku mending vasektomi diriku",2025-05-01T18:56:26.000Z,
twitter,Melani nonton youtube ready malam jumat mecima tikom libur vasektomi http://t.me/wulangemoy2,2025-05-01T18:55:25.000Z,
twitter,Bukan itu poinnya mbak. Topik yang dimasalahin adalah kewajiban vasektomi buat dapet bansos.,2025-05-01T18:54:23.000Z,
twitter,"diputar dijilat dicelupin

http://doods.pro/e/e4q748z10lrq

http://doods.pro/e/1rckz7mnhzfd

http://doods.pro/e/c30gk6nuui90

http://doods.pro/e/c54wahj9sxjt

http://doods.pro/e/0c33n1dw0k1i

http://doods.pro/e/5n6az8truuf8

VVIP : http://t.me/+YN_Jt8ymxzs3OGJl…

maljum malam jumat pagii melani mecima nonton youtube vasektomi libur https://pic.x.com/fmGvgFDEHg",2025-05-01T18:54:03.000Z,
twitter,"masalah dong sayang, kaya hanya di kategorikan mampu, miskin di kategorikan tidak mampu, beranak pinak gak ada kata mampu dan gamampu kan? vasektomi adalah hak personal bukan peraturan, zona kemiskinan berputar bukan dari berapa banyak anak",2025-05-01T18:51:55.000Z,
twitter,"Vasektomi di jadikan opsi KB yang di support govt, bukan mandatory yang harus di lakuin buat dapetin hak yang seharusnya punya mereka.",2025-05-01T18:51:13.000Z,
twitter,"gemes banget sama mslh vasektomi yang sekarang lg viral itu.. kan sama aja ky KB bjir malah dampaknya lebih besar kb loh tapi ibu"" gapada protes disuru kb meskipun efekny ke badan tp knp pas para suami disuru vasektomi pd gamau  mohon pencerahan nya ya knp laki"" gamau vasektomi",2025-05-01T18:43:01.000Z,
twitter,"Pertama, tidak ada paksaan perempuan di indonesia utk berkontrasepsi, yg ada penyuluhan KB
Kedua silahkan lakukan penyuluhan vasektomi kpd laki2, jgn MEMAKSA dengan dalih miskin jgn banyak anak, 
Korupsi, mafia hukum, premanisme, dinasti politik, 
Itu yg sebabkan kemiskinan",2025-05-01T18:41:25.000Z,
twitter,Vasektomi merupakan tindakan sterilisasi pada laki-laki yang dilakukan dengan cara memotong dan mengikat saluran sperma kiri dan kanan. #Humaniora #AdadiKompas,2025-05-01T18:41:18.000Z,
twitter,"ga apple to apple, yang satu cuma kb tapi yang satu operasi vasektomi",2025-05-01T18:41:03.000Z,
twitter,"jujur kepikiran juga. dengan cowok vasektomi, keluarga yg kurang, bisa jadi makin gak harmonis. bakal muncul pernyataan ""kan aku udah berkorban buat kamu dan keluarga, skrg lakuin semua yg aku mau!"" atau sejenisnya",2025-05-01T18:39:55.000Z,
twitter,"Udah deh bodo amat, lagian gua pro depopulasi juga sekalian. Kebanyakan orang sumpek banget indon, rusak semua sda+sdm susah banget ngontrolnya. Disuruh vasektomi karena miskin berasa dikebiri dan g boleh beranak dan digenosida. Alay lo kontol",2025-05-01T18:38:11.000Z,
twitter,"tetep aja itu pemaksaan, kalo emang peduli ya sosialisasi kan saja dan fasilitasi vasektomi gratis bagi yang mau",2025-05-01T18:31:49.000Z,
twitter,Emang yang miskin mau punya brapa anak si? Pada kontra gini. Lagian di vasektomi tetep bisa ngaceng kok,2025-05-01T18:30:52.000Z,
twitter,Vasektomi merupakan tindakan sterilisasi pada laki-laki yang dilakukan dengan cara memotong dan mengikat saluran sperma kiri dan kanan. #Humaniora #AdadiKompas,2025-05-01T18:24:47.000Z,
twitter,Vasektomi merupakan tindakan sterilisasi pada laki-laki yang dilakukan dengan cara memotong dan mengikat saluran sperma kiri dan kanan. #Humaniora #AdadiKompas,2025-05-01T18:24:37.000Z,
twitter,"Ribet ya ngurus Indonesia ini. Udahlah mayoritas msh miskin, diatur lebih baik gak mau. Soal vasektomi aja bahasnya ky mau perang. Di negara maju laki2 vasektomi gak seribet ini. Pdhl secara finansial mreka bs aja py byk anak krn sistem negara tanggung jwb. Lah di Indonesia?",2025-05-01T18:23:19.000Z,
twitter,"suaminya kerja,, ehh istrinya malah di uhh ahhh tetangga

Kamis pagiii siang vasektomi malam Jumat libur 1 juta ready",2025-05-01T18:19:36.000Z,
twitter,Vasektomi merupakan tindakan sterilisasi pada laki-laki yang dilakukan dengan cara memotong dan mengikat saluran sperma kiri dan kanan. #Humaniora #AdadiKompas,2025-05-01T18:24:37.000Z,
twitter,"Ribet ya ngurus Indonesia ini. Udahlah mayoritas msh miskin, diatur lebih baik gak mau. Soal vasektomi aja bahasnya ky mau perang. Di negara maju laki2 vasektomi gak seribet ini. Pdhl secara finansial mreka bs aja py byk anak krn sistem negara tanggung jwb. Lah di Indonesia?",2025-05-01T18:23:19.000Z,
twitter,"suaminya kerja,, ehh istrinya malah di uhh ahhh tetangga

Kamis pagiii siang vasektomi malam Jumat libur 1 juta ready",2025-05-01T18:19:36.000Z,
twitter,"Masalah korupsi bansos ama syarat vasektomi buat penerima bansos menurut gw gaada sangkut pautnya ga sih? Kalo masalah korupsi semua balik lagi ke sistem, sedangkan kalo persyaratan penerima bansos itu demi sdm kita pada mikir ga sih? Cmiiw",2025-05-01T18:18:22.000Z,
twitter,Gue tanya yeee yg di rugikan dari segi ape!! Ga ada vasektomi merugikan orang ya salam!! Yang ada bersyukur anak dilahirkan tidak di lingkungan yg miskin!,2025-05-01T18:18:19.000Z,
twitter," tetangga minta tolong 
https://poophd.pro/e/we4nqqodwzjf
 Tetangga sebelah
https://poophd.pro/f/rhyl2kujlvn

Konten https://t.me/resakarmilaa

Malam Jumat mecima nonton YouTube melani vasektomi tikom libur selamat hari buruh maljum ready vcs",2025-05-01T18:17:16.000Z,
twitter,"Basic bgt lho ini. Padahal logika yang mendasarinya aja udh berbahaya. 

Klo orang miskin boleh ""dipaksa"" vasektomi atas dasar kebodohan, kemiskinan, dll. 

Banyak argumen yang ekuivalen semacam itu yang justru sangat berbahaya.",2025-05-01T18:16:15.000Z,
twitter,"Bayangin aja betapa menderitanya orang miskin yang dipaksa untuk vasektomi. Udah kehilangan kemampuan untuk bereproduksi, kemiskinannya dipelihara pula.",2025-05-01T18:13:47.000Z,
twitter,"Klu kgk mau vasektomi ya buang di luar wktu HBnya or beli kondom untuk mencegah istrinya hamil, kdng dgn cara ini jga srng kebobolan  ahhh lier ",2025-05-01T18:13:17.000Z,
twitter,"Krena efek vasektomi itu jdi mandul. Orang gak mau lah. Sama seperti wanita juga jika harus disteril. Kalau dijarak orang mungkin masih mau. Tapi kalau dibuat mandul, sulit sih. Ini bukan masalah patriarki tapi efek dari kekurangan teknologi",2025-05-01T18:12:44.000Z,
twitter,"Saya lebih berfikir, Jadi Pejabat koq gitu banget ya, Oke Anda Pejabat punya privileged Bagi2 Bansos, bahkan Penerima Bansos ada yg saking miskin nya bakal ngikutin syarat dari Anda, mau suruh Vasektomi juga Oke yang penting dapet Bansos, yg mereka tidak mengerti akibat Vasektomi",2025-05-01T18:12:10.000Z,
twitter,"Betapa semengerikannya kondisi anak2 ini. Kayak gini masih gaterima ada syarat vasektomi utk penerima bansos? Woy, ngurus anak ga segampang itu. Butuh biaya dan perhatian yang tercukupi dari orang tua. Ya kurang lebih hasilnya kyk beginilah kalo diurus dengan keterbatasan ekonomi",2025-05-01T18:06:24.000Z,
twitter,Kalo udh vasektomi ngapain mau punya anak lagi dah gak kasihan apa sama si wanita,2025-05-01T18:04:24.000Z,
twitter,"kemaren mikir gini juga, tpi klo penentuan menerima/engganya bansos itu dihitung dari jumlah tanggungan, pengaruhnya di masa mendatang. cuma syarat vasektomi ini apakah akan ngaruh untuk masalah existing karna udah kadung punya anak dan nambah anakpun ga mengubah status penerima",2025-05-01T18:03:57.000Z,
twitter,"suaminya kerja,, ehh istrinya malah di uhh ahhh tetangga

Kamis pagiii siang vasektomi malam Jumat libur 1 juta ready",2025-05-01T18:03:49.000Z,
twitter,Malam jumat maljum tikom melani nonton youtube mecima libur darah vasektomi gta sa iyaa pagii pagiii tidur siang http://t.me/eshafaradhiba,2025-05-01T18:02:33.000Z,
twitter,"Bagus itu. Alhamdulillah punya ortu yg pekerja keras. Namun, ada juga orang2 yg miskin karena sistem. G ada akses pendidikan, gak ada akses info. Makanya alih2 vasektomi, mendingan bikin seluruh akses terbuka sehingga kaum marginal bisa merasakan hal yang sama seperti ortu kakak",2025-05-01T18:00:21.000Z,
twitter,"suaminya kerja,, ehh istrinya malah di uhh ahhh tetangga

Kamis pagiii siang vasektomi malam Jumat libur 1 juta ready",2025-05-01T17:59:56.000Z,
twitter,Malam jumat melani tikom mecima ready maljum libur nonton youtube darah vasektomi gta sa http://t.me/eshafaradhib,2025-05-01T17:59:20.000Z,
twitter,"Ready vcs cs cek bio

Melani nonton youtube tikom gta sa suara pekerja damai malam jumat libur vasektomi darah refund sn qn",2025-05-01T17:53:17.000Z,
twitter,"mikir belakangannya tuh gimana?

kan yang divasektomi yang miskin punya 2 anak dan mau dapet bansos. gak miskin? terserah mau vasektomi apa nggak. miskin punya dua anak? terserah mau punya anak lagi nambah biaya hidup lagi atau vasektomi dan dikasih subsidi. pilihan",2025-05-01T17:52:32.000Z,
twitter,"Pria yang mengusulkan vasektomi adalah pria yang diam saat efisiensi pendidikan, RUU TNI kebijakan aneh lainnya di buat, positif thinking saja   mungkin kritisnya mendadak hilang jika menyangkut kawannya sendiri",2025-05-01T17:49:16.000Z,
twitter,Vasektomi yang ginian gua setuju,2025-05-01T17:48:57.000Z,
twitter,otw minta sylus vasektomi,2025-05-01T17:46:22.000Z,
twitter,Vasektomi emang bikin mandul sama seperti steril pda wanita. Gw juga gak setuju sama KB suntik ini itu ke perempuan. Kasihan juga. Masalahnya kaum marginal gak ada akses info untuk hal hal demikian.,2025-05-01T17:46:21.000Z,
twitter,"Siapeee yg maksa. Lu liat noh syarat vasektomi gimana. Ya lu juga ngotak kalo pemerintah ngebansos seKK isinya 10 anak, yg lain g kebagian gimane? Emang apbd segede apa??",2025-05-01T17:44:43.000Z,
twitter,Emg vasektomi angkat titid? Beda bambang,2025-05-01T17:44:28.000Z,
twitter,"suaminya kerja,, ehh istrinya malah di uhh ahhh tetangga

Kamis pagiii siang vasektomi malam Jumat libur 1 juta ready",2025-05-01T17:43:13.000Z,
twitter,yauda si tinggal kaga usah vasektomi dan kaga ush dapat bantuan. selesai,2025-05-01T17:40:50.000Z,
twitter,"persetan lah bansos2 tai. udah tau rakyatnya miskin masih aja dipersulit syaratnya. omong kosong mengentaskan kemiskinan. 
vasektomi itu pilihan, bukan kewajiban. merampas otoritas tubuh dengan kedok bansos adalah salah satu pelanggaran hak asasi manusia!",2025-05-01T17:40:31.000Z,
twitter,"Tapi gua paham sih kenapa ada yang pro vasektomi, kurang lebih mereka menuntut peran pria agar punya andil lebih banyak dalam hubungan keluarga, dan juga karena seringnya KB ditargetkan ke perempuan, jumlah KB pria vs wanita juga jauhnya sangat masif.",2025-05-01T17:40:26.000Z,
twitter,"Keren banget mas anies, sangat memahamin banget persoalan kemiskinan struktural, bukan kayak pemimpin populis yang sok-sokan mau wajib vasektomi buat penerima bansos",2025-05-01T17:39:47.000Z,
twitter,"diukur juga dari kontribusi dan produktivitas. kalo kontribusinya dirasa nihil, kita seakan-akan punya hak buat nentuin mereka masih layak hidup atau enggak.

teriak soal ham dari jaman pemilu kemarin, liat kebijakan vasektomi yang dipaksain langsung berubah semua. gile.",2025-05-01T17:37:31.000Z,
twitter,Keknya topik vasektomi seru bgt nih,2025-05-01T17:36:48.000Z,
twitter,"harusnya vasektomi dilakukan secara sadar dan niat 100% sih ya, bukan dipaksa gini. MASALAHNYA, banyak juga yang gak sadar dan susah sadarnya ‍",2025-05-01T17:36:30.000Z,
twitter,"loh vasektomi itu juga ada syaratnya kakak ga sembarangan orang bisa vasektomi
KIPK itu buat orang kurang finansial buat bantu sekolah mereka
bansos buat orang kurang finansial YANG HARUS DIBANTU pemerintah supaya tanggungan mereka ga banyak
ya KB jawabannnya",2025-05-01T17:36:10.000Z,
twitter,"Tegas terhadap faktor eksternal, loyo sama faktor internal mau gmn lagi inilah Indonesia,  gw ngga nolak program vasektomi tapi kalau cuma itu doang ya ngga bakal kemana2 ",2025-05-01T17:35:29.000Z,
twitter,Malam jumat maljum tikom melani nonton youtube mecima libur darah vasektomi gta sa iyaa pagii pagiii tidur siang http://t.me/lexsyaagirl,2025-05-01T17:35:03.000Z,
twitter,malam jumat melani maljum mecima nonton youtube vasektomi tikom libur ciaonara  http://wa.me/6282379177509,2025-05-01T17:34:57.000Z,
twitter,Vasektomi bisa direverse. Ada tindakannya. A quick google search will tell you.,2025-05-01T17:34:46.000Z,
twitter,"Setuju.
Mungkin bansos ini jadi semacam screening sih. Tapi narasinya bisa “kalau bersedia vasektomi, bakal dikasih reward lebih.”

Gitu kan lebih enak",2025-05-01T17:33:30.000Z,
twitter,Jika dijadikan solusi satu-satunya jelas tidak. Tapi vasektomi juga bisa menjadi salah satunya. Memberantas kemiskinan tidak hanya dari satu solusi aja. Percuma juga orang tuanya punya gaji perbulan 30 juta kalo anaknya ada 10. Biar ga bocor kita harus tambal lubangnya dulu,2025-05-01T17:33:10.000Z,
twitter,"Dan lagian ya, vasektomi buat org yg butuh bansos. Klo ga ya bgapain. Org butuh bansos kan org miskin",2025-05-01T17:32:46.000Z,
twitter,Kan gw bilang kb yg paling aman itu adalah kb alami. Salah satunya memanfaatkan siklus menstruasi. KB selain alami punya resiko masing masing termasuk vasektomi. Cuman kan yg jadi isu adalah bukan kb-nya tapi orang dipaksa vasektomi karena dia miskin.,2025-05-01T17:32:10.000Z,
twitter,malam jumat mecima melani libur nonton youtube vasektomi ready vcs,2025-05-01T17:28:10.000Z,
twitter,"Ini sepertinya opsi yang better untuk berita viral vasektomi.

Atau mungkin kalau berdasarkan obrolan dgn Luqman Abdan, bisa jg dgn cara, kl ga vasektomi hny terima 10% dr nilai bansos (atau rasio lain) kl sudah vasektomi baru terima 100%

Semoga implementasinya bagus",2025-05-01T17:27:32.000Z,
twitter,"Yg kagak ngomongin siapa dah gw tanya? Ini vasektomi bisa sampe lumayan tenar kek skrg akhir2 ini juga krn justru orang2 pada menggalakkan alternatif lain selain KB yg banyak efek sampingnya. Masalahnya, tu vasek kagak perlu diiket sama bansos. Buat aja kebijakan terpisah",2025-05-01T17:27:26.000Z,
twitter,Bilang aja gamau di vasektomi wowkwkwk,2025-05-01T17:26:47.000Z,
twitter,"Lagi-lagi diskursusnya belok, awalnya soal ""knp penerima bansos harus vasektomi?"" Malah sampe merembet ke patriarki. Gua salah satu yang setuju sama vasektomi tapi kalo snknya kaya wacana itu mah",2025-05-01T17:26:24.000Z,
twitter,"cara memutuskan rantai kemiskinan itu ya emg vasektomi biar ga asal crot dan jadi pula anaknya. makin byk lah beban di indo...

kan uda ada 2 anak, trus lu mau apa lagi? masih bisa ngentot kok, ga merubah fisik lu juga, vasektomi kan buat matiin sperma lu doang",2025-05-01T17:26:16.000Z,
twitter,"Pemaksaan vasektomi, KB buat orang miskin jatuhnya jadi eugenics. Eugenika, memperbaiki ras manusia dengan membuang orang-orang berpenyakit dan cacat serta memperbanyak individu sehat yang berpuncak pada pemurnian ras oleh hitler. Dalam hal ini membuang hak reproduksi si miskin",2025-05-01T17:26:15.000Z,
twitter,"Lagian kocak bgt pak. Giliran kb boleh, kalau vasektomi langsung kebakaran jenggot  terlihat ingin dapat enaknya sendiri. Sehat2 deh kaum patriarki",2025-05-01T17:26:01.000Z,
twitter,Bagus nih. Artinya pendidikan dan iklim usaha positif lebih penting daripada vasektomi. Coba bayangkan kalau kaum marginal dijadikan pekerja terampil dan investor mau datang karena Jabar bebas pungli dan KKN? Indonesia benar2 dapat bonus demografi seperti Cina dan India.,2025-05-01T17:25:49.000Z,
twitter," molla adu banteng

https://poophd.pro/e/ua5vxwyhv9l5

 Full Koleksi
https://poophd.pro/f/e5y7mjlniwx

Malam jumat tikom mecima feni melani refund tiket nonton youtube SN QN libur vasektomi tidur ready",2025-05-01T17:24:30.000Z,
twitter,"Trowback felinen cantik ngangenin

https://dood.to/e/c0sl372p4imx

https://dood.to/e/f1y187m5xe1y

https://dood.to/e/zg2d8qpfrzwj

https://dood.to/e/tqby3u3p9oak

https://dood.to/e/00fne4caqwa3

https://dood.to/e/y7vt4od5cjnt

malam jumat mecima melani libur nonton youtube vasektomi https://pic.x.com/s0Qo85vjt3",2025-05-01T17:24:25.000Z,
twitter,"Kenapa Warga Miskin Harus Disunat Haknya? Menyoal Gagasan Kontroversial Vasektomi Wajib demi Bansos

selengkapnya >> https://go.niadi.net/HhYo0W",2025-05-01T17:22:47.000Z,
twitter,malam jumat mecima melani libur nonton youtube vasektomi ready http://t.me/realsyalifaa,2025-05-01T17:22:22.000Z,
twitter,"Gak pernah lewat diskursus vasektomi sebelumnya ya, Ka? ",2025-05-01T17:22:14.000Z,
twitter,"Vasektomi Jadi Syarat Bansos, Simak Penjelasan dan Efektivitasnya",2025-05-01T17:22:03.000Z,
twitter,"Gua sebelumnya udah coba ngobrol sama grok terkait program vasektomi ini, dan mau share buat tahu pendapat kalian?",2025-05-01T17:21:30.000Z,
twitter,"Gak pernah sebingung ini buat take side yg mana di diskursus vasektomi

Negara gak seharusnya masuk ke ranah privat is true
But anak punya hak utk hidup yg layak dan pemerintah hrs intervensi karena edukasi aja gak mempan is also true",2025-05-01T17:21:27.000Z,
twitter," tetangga minta tolong 
https://poophd.pro/e/we4nqqodwzjf
 Tetangga sebelah
https://poophd.pro/f/rhyl2kujlvn

VIP - https://t.me/resakarmilaa

Malam Jumat mecima nonton YouTube melani vasektomi tikom libur selamat hari buruh maljum ready vcs",2025-05-01T17:20:57.000Z,
twitter,seharusnya vasektomi dan KB bisa dipandang sebagai keputusan yang bebas mereka ambil pra perkawinan bukan sebagai hukum absolut (fasis tadi) demi mendapatkan bansos. entah mereka jawab diberi fasilitas edukasi kah atau yang lain,2025-05-01T17:20:47.000Z,
twitter,"Ya ga vasektomi ga apa2 sih… tapi yang penting gimana caranya biar ga nambah anaknya.

Kadang orang2 gini udah dikasih penyuluhan dan edukasi juga bebalnya setengah mati.",2025-05-01T17:20:41.000Z,
twitter,"Kenapa banyak yang salty ya? Pdhl bagus kok, lagian di vasektomi juga kalo udh banyak anak+miskin (butuh bansos) kalo tidak merasa begitu, dan dirasa mampu punya anak banyak tanpa bansos yaudah, gausah vasektomi 

Sesimpel itu‍",2025-05-01T17:17:15.000Z,
twitter,"Ketika seseorang vasektomi, dia gak akan bisa punya anak lagi. Hak reproduksi seseorang dicabut. Lah, emang pemerintahnya salah. Masa kita dipajakin tapi ide pemerintah ngaco didiemin aja.",2025-05-01T17:17:02.000Z,
twitter,"Makanya menurut gua Vasektomi buat yang mau nerima bansos ini lebih feasible buat sekarang. Korupsi kalo pemerintah di pusat masih kaya gitu, bakalan sulit banget buat diberantas.",2025-05-01T17:16:15.000Z,
twitter,"Gua mau respon “ada ya laki begini”, tapi ya liat kelompotan yang kemaren nyerang kak nonik karena suaminya vasektomi, ya, emang ada",2025-05-01T17:16:07.000Z,
twitter,Papah ku dulu mutusin vasektomi alasannya sederhana kasian mamah ....,2025-05-01T17:16:04.000Z,
twitter," TWK Di3nt*t Majikan Sampe Nangis
http://poophd.pro/f/4el4tyb0nzt
 Ng3u3 SPG Pdhal Udh Ada Suami
http://poophd.pro/f/qn85tcqlvan
 Skandal SPG Cantikkk
http://poophd.pro/f/yv0tu9h2j9k

Mecima malam jumat melani nonton youtube vasektomi pagiii tikom libur pesona sederhana STARLINK pagii",2025-05-01T17:15:24.000Z,
twitter,"ya, kalian yang pro vasektomi, segera vasektomi dan jadi kan konten di sosmed , jangan bacot aja bisanya",2025-05-01T17:15:04.000Z,
twitter," TWK Di3nt*t Majikan Sampe Nangis
http://poophd.pro/f/4el4tyb0nzt
 Ng3u3 SPG Pdhal Udh Ada Suami
http://poophd.pro/f/qn85tcqlvan
 Skandal SPG Cantikkk
http://poophd.pro/f/yv0tu9h2j9k

Mecima malam jumat melani nonton youtube vasektomi pagiii tikom libur pesona sederhana STARLINK pagii",2025-05-01T17:14:56.000Z,
twitter,Maklum bang orang yang teriak begitu kagak ngerti pungsi vasektomi apa ,2025-05-01T17:14:48.000Z,
twitter," Temenin bos lembur biar naik gaji 
https://poophd.pro/e/v7w3oc7ud3f1
https://poophd.pro/f/qs9cyb006sv

Malam Jumat mecima nonton YouTube melani vasektomi tikom libur selamat hari buruh maljum ready vcs",2025-05-01T17:14:16.000Z,
twitter," TWK Di3nt*t Majikan Sampe Nangis
http://poophd.pro/f/4el4tyb0nzt
 Ng3u3 SPG Pdhal Udh Ada Suami
http://poophd.pro/f/qn85tcqlvan
 Skandal SPG Cantikkk
http://poophd.pro/f/yv0tu9h2j9k

Mecima malam jumat melani nonton youtube vasektomi pagiii tikom libur pesona sederhana STARLINK pagii",2025-05-01T17:14:00.000Z,
twitter,"Anak 2 dengan umur minimal 30 tahun untum prosedur vasektomi itu gk cukup kah bikin dia ngerasa ""wah kayaknya aku boleh deh vasektomi biar anak2ku ttp dapat bansos dan pendidikan yg layak""",2025-05-01T17:13:48.000Z,
twitter,"kalian terlalu fokus sama vasektominya. I'm pretty sure they chose vasektomi karena murah, cepet, permanen. it has nothing to do with gender at all.",2025-05-01T17:13:47.000Z,
twitter,"Miss amel toblut

https://doodweb.com/s/1Q2tynwxqNnOr0pkuchNrYg…

https://doodweb.com/s/1xVs4rYmOZO0bhJtsr9nKCw…

https://doodweb.com/s/1eCF6Sp-j-iHrDfW7Iz1D8w…

https://doodweb.com/s/1VQFTsiWY2Lx3e5LVoKHD_g…

https://doodweb.com/s/1cT3hONzLCXI2-Y4t1ofXlw…

https://t.me/BioskopPemersatuPremium…

Malam Jumat mecima nonton YouTube melani vasektomi tikom libur selamat hari buruh maljum",2025-05-01T17:10:04.000Z,
twitter,"Point yg lain , lapangan kerja sempit, keluar dari mental bansos, ga ada pemaksaan vasektomi... 
Terbuka untuk ditambahkan",2025-05-01T17:09:50.000Z,
twitter,"Om ampun om 

https://doodstream.co/e/dpscc9hb7gy9

https://doodstream.co/e/1pdunsc3onar

https://doodstream.co/e/ebr6itzik8x8

https://doodstream.co/e/kyql6xh7d7v7

https://doodstream.co/e/7t02vfscjfum

Gc vvip https://t.me/+1ZLmOMYkvadkZWE9…

Malam jumat maljum mecima 1 juta sn qn melani tikom libur nonton youtube vasektomi tidur https://pic.x.com/prCZitFC4S",2025-05-01T17:09:23.000Z,
twitter,Gua capek bgt liat TL isinya pro & kontra masalah vasektomi mulu hadehh.,2025-05-01T17:09:23.000Z,
twitter," TWK Di3nt*t Majikan Sampe Nangis
https://poophd.pro/f/4el4tyb0nzt
 Ng3u3 SPG Pdhal Udh Ada Suami
https://poophd.pro/f/qn85tcqlvan
 Skandal SPG Cantikkk
https://poophd.pro/f/yv0tu9h2j9k

Malam Jumat mecima nonton YouTube melani vasektomi tikom libur selamat hari buruh maljum ready",2025-05-01T17:09:14.000Z,
twitter,"/genq, penasaran, Kalo vasektomi bagi orang miskin dikasih Bansos sebagai ""reward"", Kira-kira apa ""reward"" vasektomi bagi orang bodoh? Apakah rewardnya berupa Sekolah gratis atau Beasiswa?",2025-05-01T17:08:24.000Z,
twitter,"lah ini kan sebenernya awalnya mah emang tujuannya melaksanakan program KB pemerintah kan, nah tapi karena perempuan udah menyusu melahirkan mengandung makanya vasektomi toh yang menjadi opsi, kalo laki laki sudah mengandung melahirkan dan menyusui saya yang KB kak",2025-05-01T17:07:00.000Z,
twitter,Vasektomi itu bisa di reverse fyi. Agak tolol sih opininya.,2025-05-01T17:06:35.000Z,
twitter,"Kata siapa permanen? Ipar2 saya sudah vasektomi tuh, bisa reversible kalo mau. Skrg hidup aman dan happy. Besarin 2 anaknya dan bs hidup lebih nyaman.",2025-05-01T17:04:29.000Z,
twitter,"Apa urusan sama overpopulasi? Ini vasektomi buat ngendaliin orang miskin.
Ini ide, misal dari 10.000 orang miskin 1 jadi milarder, apa solusi dari gubernur kesayangan lo itu untuk dia mau punya anak lagi. Coba jawab itu aja. Malah nanya presentase.",2025-05-01T17:02:39.000Z,
twitter,Org bodoh di vasektomi lebih masuk akal drpd org miskin. Banyak org miskin yg pinter tp kendala biaya dan kesempatan gbs berkembang.  Org indo butuh banyak org pintar.,2025-05-01T17:02:34.000Z,
twitter,"Vasektomi Kan cuma boleh buat pria yg sudah Punya anak, Seinget gw peraturan negara begitu. Cmiiw",2025-05-01T17:02:17.000Z,
twitter,"eh tolol ini tuh bukan di kebiri,cuman sperma lu gak keluar dan gak bikin lu gak bisa ngaceng terus ngewe tolol minimal baca dulu lah vasektomi tuh gimana, bacot gede literasi tolol bisanya cuman nyalahin pemerintah lagian emang gak cukup 2 anak?",2025-05-01T17:01:54.000Z,
twitter,"malam Jumat Feni vasektomi Iyaa 
darah melani ready vcs mecima",2025-05-01T17:01:46.000Z,
twitter,"Sat set dan benar. Sat set doang tapi ngawur buat apa?
Lo ga bisa baca dek? Kebijakan publik itu harus logis, masuk akal, jangka panjang, dan berguna. Mau dipake pendek apa panjang ya terserah.
Vasektomi kalo jangka panjang, gabisa lo balik.",2025-05-01T17:00:54.000Z,
twitter,"Trs kalo misal yg vasektomi, ekonominya naik level, apakah si bapak vasektomi yg dulunya miskin tiba2 akan muncul gairah ""wah aku ingin ngewe dan punya anak""? Di umur sesenja dia setelah berhasil naik level? Soalnya melihat tren ekonomi negara, agak sulit naik level",2025-05-01T17:00:40.000Z,
twitter,"eh itu yg disuruh vasektomi min. umur 35, punya anak 2-3. gamungkin lo mahasiswa lajang disuruh vasektomi jing",2025-05-01T17:00:11.000Z,
twitter,"Boleh punya anak, maksimal 2. Vasektomi bukan berarti ngelarang punya anak sama sekali",2025-05-01T16:59:48.000Z,
twitter,"Sy setuju kalau solusi seperti dicabutnya bansos atau mungkin urus administrasi dibatasi atau pemerintah buka lapangan pekerja dan diperbanyak utk para laki2 yg sudah menikah. Coba tanyakan kpd pakar. Tapi mohon maaf kalau solusi vasektomi, sya mnentang kerena haram.",2025-05-01T16:57:31.000Z,
twitter,"Lagi rame silang sengketa soal syarat bansos adalah vasektomi

Seolah menghapus kemiskinan itu sama dengan menghabisi orang miskin

Segitu banyak pendukungnya karena kemiskinan dilihat hanya dari kacamata ""kebencian"" kepada orang miskin bukan kepada kemiskinan itu sendiri",2025-05-01T16:56:29.000Z,
twitter,"Karena vasektomi itu setahuku semi permanen ya, meskipun bisa disambung lagi, tapi kemungkinan bisa berfungsi normal dan suburnya lagi itu belum 100% terjamin. Apalagi kalau permanen, sama aja melanggar syari'at Islam. Wallahua'lam",2025-05-01T16:56:15.000Z,
twitter,"logikanya kalo gamau vasektomi berarti ""mampu "" dan ga butuh bantuan siapa2 dan mampu juga kasih hak kepada anak. kemiskinan tidak permanen tapi apakah dari banyaknya orang miskin ""mampu"" untuk tidak miskin dalam 2 tahun ke depan?",2025-05-01T16:55:56.000Z,
twitter,"DAN MUNGKIN… mungkin… pemaksaan vasektomi mungkin bisa menekan angka kelahiran orang miskin, tapi apa bisa menyelesaikan permasalahan lain yang disebabkan dari golongan orang miskin? 

masalah dari golongan miskin itu gak sekedar beranak dan berujung menelantarkan, lho. ",2025-05-01T16:55:46.000Z,
twitter,"Pak, tau gk syarat vasektomi itu apa? Minimal punya 2 anak loh dgn minimal umur 30 tahun. Bukan bujang umur 20an yg blm nikah

Gubernur itu menjabat cuman 5 tahun, kalo kebijakan dia kebanyakan rapat2, gagasan, kapan mau realisasinya? Provinsi yg dia pegang udh overpopulasi",2025-05-01T16:55:39.000Z,
twitter,si KDM itu jg aslinya udh ada program insentif untuk vasektomi. dikasih 500rb buat yg mau dan ya gue dukung. gue kontra ketika dia mau jadiin itu syarat wajib. gue yakin banyak kok yg mau vasektomi klo ada insentif menarik dan edukasi yg sesuai,2025-05-01T16:55:11.000Z,
twitter,"gak menentang vasektomi, cuma ya gak di paksa juga, minimal sosialisasi dulu lah, yang pro dan mengusulkan vasektomi juga biar fair, sekalian promosi",2025-05-01T16:54:57.000Z,
twitter,"reward gmn kak maunya? dikasi bansos malah jd beranak pinak, keenakan dibantu. disaranin vasektomi dblg pemaksaan. bansos tuh jg reward buat orang-orang yg mau vasektomi, org-org yg mau berubah buat ""GA BERANAK TERUS KL EMG GA MAMPU"". masa gt aja gapaham?",2025-05-01T16:53:15.000Z,
twitter,"sebuah solusi dri manusia cerdas. Cara untuk stabilikan ekonomi, vasektomi rakyat miskin, penjarakan rakyat miskin, buang rakyat miskin. yaa semuanya kalau mau bersih langsung, genosida aja sekalian mbakk ",2025-05-01T16:52:37.000Z,
twitter,"Loohh? Bapak gapernah baca jurnal yaa? KB kalo salah pasang bisa berakibat kematian bahkan yang bentuk pil itu di kemasannya dijelasin semua efek samping yang banyak itu, sedangkan efek samping vasektomi ga seberbahaya itu. Tolongg sebelum komen rajin rajin baca",2025-05-01T16:52:30.000Z,
twitter,Maljum selamat hari buruh melani starlink mini vasektomi ready malam jumat mecima libur nonton youtube http://t.me/eshafaradhiba,2025-05-01T16:52:08.000Z,
twitter,"literasi apaan? yg mendukung pemaksaan warga nya yg miskin untuk vasektomi? jahat nya manusia manusia yg menilai dri sudut pandangnya sendiri ya gini. Dibilang ga runut jga ga bakal paham lu kan.
- Bersihkan pemerintah dri korupsi, bangun perekonomia 
- Vasektomi org miskin ",2025-05-01T16:49:58.000Z,
twitter,Padahal vasektomi ga permanen,2025-05-01T16:49:28.000Z,
twitter,"Ide vasektomi itu harus diuji di dalam ide, bukan fakta, karna masih sebatas ide. Makanya gue suruh lo bayangin pake metose what if. Malah dibilang halu. Kaga nyampe apa gmn sih?",2025-05-01T16:49:13.000Z,
twitter,"orang yang udah bebal ngeliat kebijakan begitu juga gak semerta-merta bakal langsung manut buat vasektomi. 

solusinya gak cuma sekedar mewajibkan vasektomi, lalu masalah selesai. kemiskinan struktural ini yang harus dikerjakan secara konsisten sembari menuju ke arah vasektomi.",2025-05-01T16:48:50.000Z,
twitter,i just don’t think nerapin vasektomi bakal semerta-merta mengurangi angka kemiskinan dan mengendalikan populasi kalo mentalitas dan pola pikirnya bahkan gak dibentuk agar vasektomi bisa diterima secara meluas tanpa harus melakukan pemaksaan.,2025-05-01T16:48:49.000Z,
twitter,"ya justru karena bebal, makannya sosialisasi dan edukasi dalam waktu jangka panjang itu memang seharusnya diperlukan.

sekedar memaksa vasektomi nggak akan mengubah pola pikir dan mentalitas mereka yang sudah berantakan dari sananya.",2025-05-01T16:48:48.000Z,
twitter,malam jumat 1 juta SN QN cantika mecima melani maljum libur vasektomi selamat hari buruh tidur tikom ready vcs http://wa.me//6282185581292,2025-05-01T16:48:33.000Z,
twitter,"Klo anaknya ud ada ywd. Ini suruh vasektomi yg anak udh 2. Masa mau nunggu anak 4++. Gw kenal org anaknya 3 miskin jdi istri kedua ga ada yg sekolah, anaknya umur 8 thn blm bsa baca. Masya Allah gw dulu KKN ngajarin dia baca. Bodoh bgt krn mungkin nutrisi kurang.",2025-05-01T16:47:29.000Z,
twitter,"santriwati dilecehkan guru agamanya, kok mui adem2 saja? kasus serupa sudah sering terjadi, akhirnya cuma dilapor ke polisi? dimana peran mengajar akhlak nya? disatu sisi keras dgn agama disisi lain spt masa bodo, kalau urusan vasektomi kencang tapi pelecehan ke santriwati, nihil",2025-05-01T16:47:26.000Z,
twitter,"Lagian gue cmn suruh bayangin untuk contoh implementasi kebijakan publik.
Kebijakan publik itu harus logis, masuk akal, jangka panjang, dan berguna.
Vasektomi untuk jangka panjang jelek, jadi mending kaji lagi.",2025-05-01T16:47:24.000Z,
twitter,"mungkin kakanya susah kah untuk baca, orang yang bansos itu kan berati orang yang secara finansial kurang, mereka yang seperti ini untuk dapat bansos disyaratkan untuk vasektomi, supaya apa? biar ga beranak banyak karena ngurus diri mereka aja udah kewalahan",2025-05-01T16:47:10.000Z,
twitter,"gembar gembor soal kemiskinan struktural, begitu ada pejabat konten kreator bikin kebijakan vasektomi langsung mendadak lupa semuanya soal kemiskinan struktural dan faktor apa yang membuat pertanyaan kita semua terhadap orang miskin itu terjadi. ",2025-05-01T16:45:07.000Z,
twitter,"lagian kan dari awal udah jelas kalau gamau vasektomi yaudah gaakan dapet bansos, putus dulu rantai orang tua yang mikir dengan dapat anak banyak mereka bisa dijadiin investasi masa tua mereka, gen sandwich itu asal mulanya juga dari situ kak",2025-05-01T16:44:54.000Z,
twitter,"Dari kemarin bacain berita ini banyak sekali orang yang kontra ala-ala SJW. Seperti biasa SJW tersebut memaki-maki orang yang ga sependapat sama dia. Padahal menurut gua ini kebijakan sederhana, ""Lu mau bansos yaa vasektomi"" lu gamau, gausah bansos. Ga ada pemaksaan.",2025-05-01T16:44:20.000Z,
twitter,emg yg gak vasektomi dipenjara?,2025-05-01T16:43:14.000Z,
twitter,libur mecima malam jumat tiket vasektomi melani maljum ready nonton youtube http://t.me/ahirinawulandari1…,2025-05-01T16:43:06.000Z,
twitter,"list masalah di tl
1. promotor tai
2. monetisasi au idol
3. masalah vasektomi (harus dibahas)",2025-05-01T16:42:45.000Z,
twitter,"Vasektomi bukan keburi, lebay bgt sih. NANTI KALO UDAH GAK MISKIN BISA BERANAK LAGI. Kalo masih minta bansos ikut aturan. Lu nyari engagement aja kan? Semoga segera dapet rejeki halal.",2025-05-01T16:42:33.000Z,
twitter,"semoga ini bantu lo ya kak, kenapa alasan vasektomi menjadi syarat untuk bansos, poin pertama gue ga bilang orang miskin gaboleh punya anak, boleh tapi untuk orang orang yang hidupnya aja masih membutuhkan basos kebayang ga anak anak yang bisa ditelantarkan karena kondisi ekonomi",2025-05-01T16:42:10.000Z,
twitter,tapi kan nanti kalau vasektomi lelaki bebas mahu berhubungan dengan sesiapa pun tanpa ada consequences. this could go really bad and i don't think they will step up and be more responsible. this is not it.,2025-05-01T16:41:58.000Z,
twitter,"Program slh satunya lagi digarap seorang gubernur di Indo yaitu vasektomi dlm mencegah kemiskinan berlarut2, ""byk anak byk rejeki"" pola pikir ini emng ktngaln zmn hrsnya, tnp disadarkan pun harusnya pd sadar diri lah. Pendekatan ini emang agak sensitif jgn digas rem bloong dulu.",2025-05-01T16:41:53.000Z,
twitter,"Bisa bisanya di hutan lohh
https://dood.is/d/2f3y0wfq3ero
https://dood.is/d/4udy9wbptus6
https://dood.is/d/993oazoko202
https://dood.is/d/sxiwrimek8er
https://dood.is/d/nngoupirejqp

Alasan Ade kakak selalu akrab
https://1024terabox.com/s/1phFM32N7yz1vq9_m7cEIfg…

Terabox asupan viral doodstream may libur nonton mecima melani vasektomi https://pic.x.com/8NoNj6WT92",2025-05-01T16:40:32.000Z,
twitter,"Tuhkan sebenernya ini orang gue curiga emang aneh gerak geriknya. Kek kebijakan vasektomi lu berhasil membelah warga ampe konflik horizontal.

LAH INI? 100% BEGO menghambat edukasi sex ed yg jelas2 darurat bgt di negara ini :)",2025-05-01T16:40:09.000Z,
twitter,Banyak org miskin di kampung2 sebenernya ga mau punya anak sampe 4-5 orang. Mereka kesulitan punya akses KB dari puskesmas. Kalo dapet vasektomi gratis ya itu mengurangi beban mereka,2025-05-01T16:40:07.000Z,
twitter,Org indo jelek banget ajg jalan pikirnya just because lu ga setuju =/= penyepong laki laki. Retarded. Gw sendiri sih setuju soalnya mslhnya bukan di kb yg kurang. Capaian kb nasional udh 56% mayan. Di puskesmas gw 76%. Jd mslhnya ya emg lakinya aja males vasektomi wkwkwk,2025-05-01T16:39:44.000Z,
twitter,"Hak apa yg diambil dari mrk?
Masih boleh punya anak, maksimal 2 baru vasektomi.",2025-05-01T16:39:24.000Z,
twitter,"Bang vasektomi itu bukan untuk sementara, tapi untuk selamanya. Kalau mau sementara pake kondom.",2025-05-01T16:39:15.000Z,
twitter,"idup susah tapi malah nambah anak itu satu hal goblok, tp ngatasin kemiskinan dg vasektomi itu hal goblok lain...2 hal berbeda lu tumbuk buat cari pembenaran, namanya lojikel felasi, aelah bisa aja luuu keong balap ",2025-05-01T16:38:38.000Z,
twitter,"g ada urgensinya, sama kayak g ada urgensinya pjabat nyelesaiin KESENJANGAN EKONOMI pakai cara instan VASEKTOMI",2025-05-01T16:38:37.000Z,
twitter,"Sorry, kekerasan seksual dari segi mn ya? Krn vasektomi itu bentuk KB dengan efektivitas tertinggi. Pengertian kekerasan seksual itu ada elemen menyebabkan penderitaan fisik/psikis yg mengganggu kesehatan. If vasektomi kekerasan seksual, berarti semua bentuk kb kekerasan seksual",2025-05-01T16:38:14.000Z,
twitter,"I stand on my point. Kalaupun anaknya di edukasi, kemungkinan besar bakal jadi sandwich gen, makanya kalau bisa bapak ibunya ditekankan jangan tambah anak lagi, dan vasektomi ga sama dengan bikin mandul, mandul itu infertilitas",2025-05-01T16:38:07.000Z,
twitter,"Lah padahal enak bgt vasektomi, sekali potong langsung steril. Bisa ngewe tiap hari tanpa harus pil, kondom, bisa crot di dalem. Lu bergaul ama org miskin ga sih? Sok2an bela hak org miskin, org miskin jg banyak yg ga mau punya banyak anak, mereka beli kondom aja ga mampu",2025-05-01T16:37:36.000Z,
twitter,"Sy di menfess hnya menjelaskan status keharaman vasektomi, habis saya dihujat. Bnyk yg jengah n bilang ""dikit2 bawa agama"" lah, kita Islam semuanya di atur, dari pke sendal, masuk wc, hingga liang lahat.",2025-05-01T16:37:28.000Z,
twitter,"Cek JERSEY BOLA RETRO MU MAN UNITED AWAY THIRD 2001 2002 CENTENARY 100TH BOLAK BALIK VINTAGE RETRO 2001 2002 JERSEY MAN UNITED AWAY 01 02 

Mecina Melani nonton youtube Vasektomi #Kick_Out_Flip_Now
#TWS11thWin #ODSD
Suara Pekerja Damai Libur #NONAisHere
 https://s.shopee.co.id/8KccgrYU0D?share_channel_code=1…",2025-05-01T16:37:00.000Z,
twitter,"Cek JERSEY BOLA RETRO MU SHARP TREBLE WINNER RED/BLACK PENDEK dan PANJANG [S-5XL] PREMIUM GRADE ORI IMPRT dengan harga Rp164.000. 

Mecina Melani nonton youtube Vasektomi #Kick_Out_Flip_Now
#TWS11thWin #ODSD
Suara Pekerja Damai Libur #NONAisHere
 https://s.shopee.co.id/8KccgjTG6c?share_channel_code=1…",2025-05-01T16:35:04.000Z,
twitter,Malam jumat maljum melani mecima libur nonton youtube tikom vasektomi pesona sederhana selamat hari buru feni gila refund tiket pagii pagiii siang darah http://t.me/salsamiraa00,2025-05-01T16:34:35.000Z,
twitter,Bukan gitu sih poin nya orang-orang bukan kontra terhadap vasektomi nya tapi kontra pada pemaksaannya dan itu bisa bertentangan sama UU TPKS. Vasektomi sebagai alternatif program KB bagus tapi bukan dipaksakan tapi lebih ke ranah edukasi.,2025-05-01T16:33:48.000Z,
twitter,"comparenya sma KB dong. baru apple to apple kalo smaa angkat rahim mah kejauhan. perempuan disuruh KB dari dulu, bahkan tanpa diiming"" bansos, banyak yg lakuin. malah kb rata"" harus diupdate atau minum pil tiap hari yg dampaknya ke tubuh macem"", beda JAUH dampaknya sm vasektomi",2025-05-01T16:32:57.000Z,
twitter,"oke ijin menjawab, untuk vasektomi itu semua permanen, tapi ada suntik kb hormon yang bersifat sementara, waktu itu aku salah baca, karena dalam 1 artikel, kukira hal itu salah satu jenis dari vasektomi, maaf salah informasi",2025-05-01T16:31:43.000Z,
twitter,seru banget baca argumen pro kontra vasektomi ,2025-05-01T16:31:21.000Z,
twitter,"Cek Celana Pria Sam Celana Pria Chinos Panjang  Dewasa dengan harga Rp80.750. Dapatkan di Shopee sekarang!

Mecina Melani nonton youtube Vasektomi #Kick_Out_Flip_Now
#TWS11thWin #ODSD
Suara Pekerja Damai Libur #NONAisHere

 https://s.shopee.co.id/1B9S9KVT3j?share_channel_code=1…",2025-05-01T16:31:07.000Z,
twitter,"Kalo poinnya KB suami, ga perlu sampe harus stripping hak atas bansos. Narasinya ga perlu “vasektomi atau bansos”, karena vasektomi pun di beberapa daerah emang ada insentifnya. Cukup gerakkan insentif utk KB pria. Bukan stripping dr bansos.",2025-05-01T16:31:01.000Z,
twitter,Ooh jd oknum ini ngerasa TERSAKITI kl disuruh vasektomi karena gabisa bikin cewe HAMIL,2025-05-01T16:30:53.000Z,
twitter,"Plis bansos itu udh ribet,udh bnyak di korup skrg mesti dituker vasektomi. Mahal bgt harga yg hrus di bayar org miskin di NEGERI KAYA ini.",2025-05-01T16:30:53.000Z,
twitter,"Yup, gue jg bukanny setuju sama KDM, tp kebijakannya tuh dikaitkan sama hak org miskin. Bansos itu kan emg hak mereka. Kalo mau bikin kebijakan vasektomi atau semacamnya ya pertama tingkatin edukasi seks dulu dan gimana menyadarkan dampak pny anak tanpa finansial kuat--",2025-05-01T16:30:35.000Z,
twitter,"Sebenernya cara promosiin vasektomi tuh ga gini njir, ini mah kesannya kayak maksa. Vasektomi bagus memang, tapi tuh ya ttp harus ada kesepakatan antar orang yg berkaitan dgn keluarganya juga. Bagus sebenernya krn angka kelahiran dan jumlah penduduk seharusnya makin teratasi",2025-05-01T16:25:10.000Z,
twitter,"Yg paling miris sama pendapat org yg menyamakan vasektomi dgn pengangkatan rahim wkwkwkwkwk
Duh tidak habis pikirrr",2025-05-01T16:24:53.000Z,
twitter,"Terbaik lah man
https://doodss.lat/e/pwnzet033uhb
https://doodss.lat/e/m2mdugdf4mfu
https://doodss.lat/e/n8gmojrqr7a7
https://doodsz.lat/e/WqhdS4ru61Do
https://doodss.lat/e/u73i8gnubban
https://doodss.lat/e/8uvls6myggmd
https://doodss.lat/e/91gsq9ma9uk0

Telegram  
https://t.me/+h46AOzizGEMxMmZl…

Malam jumat mecima libur  melani 1 juta vasektomi maljum https://pic.x.com/BVE0mDQgXr",2025-05-01T16:24:31.000Z,
twitter,"Makanya kalo merasa miskin, jangan punya anak. Apalagi sampai lebih dari 2. Woy kasian anak2 itu perlu hidup berkecukupan juga, berhak bahagia! setuju vasektomi kalo kamu miskin!",2025-05-01T16:23:47.000Z,
twitter,Org² ga setuju karna apa sih?? Lagian dari dulu juga program kb udah digalakkan oleh pemerintah. Cuma bedanya program kb hanya condong ke perempuan. Pas lelaki disuruh vasektomi atau disuruh pake kondom kok pada kontra sih?? Ga adil bgt.,2025-05-01T16:23:46.000Z,
twitter,KB ga berhasil karena sejak era reformasi kampanye KB ga pernah ada lagi. Banyak LSM sibuk cari uang hibah buat memperkaya diri. Pejabat sibuk sana sini memperkaya diri. Jaman orde baru kampanye masif. Di TV dan media. Sekarang krn gagal lalu mau tempuh cara instan. Vasektomi. ,2025-05-01T16:23:35.000Z,
twitter,Allah sebaik baik pemberi rezeki.. Kl dedi mulyadi bikin kebijakan aneh org miskin mesti vasektomi bukan itu solusinya justru pemerintah gmn cara nya ngentasin kemiskinan dgn buka lapangan kerja.. Ini org hak berkembang biak dikebiri,2025-05-01T16:23:31.000Z,
twitter,"ga pemaksaan sih kak itu jatuhnya berati kan lu dikasi pilihan dua, mau vasektomi terus dapet bansos, atau mau ga vasektomi tapi ga dapet bansos yang berati harus lebih kuat dalam nyari nafkah. sejak awal ini kebijakan cuma bagi yang ingin dapet bansos aja",2025-05-01T16:23:15.000Z,
twitter,"Sebenarnya sah sah aja mau Vasektomi cuma karena di barengi bansos maka itu yg jadi problem dlm kebijakannya.. KB dalam segala bentuk itu GK boleh ada unsur paksaan termasuk dr pemerintah (uu tpks),. Terus bansos itu memang suatu keharusan dr pemerintah tanpa syarat mengikat.",2025-05-01T16:22:15.000Z,
twitter,"Main nya gak modal
https://doodss.lat/e/8c2euw5ovvy0
https://doodss.lat/e/fr3gkf847i31
https://doodss.lat/e/flsiowmdpf5c
https://doodss.lat/e/0mpzux3dokqz
https://doodss.lat/e/urq7szkugc1h
https://doodss.lat/e/91gsq9ma9uk0

Telegram  
https://t.me/+h46AOzizGEMxMmZl…

Malam jumat mecima libur  melani 1 juta vasektomi maljum selamat hari buruh",2025-05-01T16:18:51.000Z,
twitter,"Vasektomi Syarat Terima Bansos, Rujak Center: Pemaksaan Bagi Warga Miskin https://youtu.be/80T4ejuN3ZQ?si=uP7YFZnJIUIYNUvH… lewat 
@YouTube",2025-05-01T16:18:02.000Z,
twitter,"Tuh ada yg punya 8 anak di Depok, bayinya makan kertas saking ortunya ga mampu, menurut lu solusinya nambah anak? Vasektomi tuh laki, 8 anak udh dilahirin istrinya, disusuin, masih disuruh KB jg, apa ga gilaa? Ya giliran laki lah sekali² berkorban. Berisik amat",2025-05-01T16:18:01.000Z,
twitter,"Itu benar, saya sangat setuju. Kejadian bahkan di lingkungan saya. Intinya yg seperti ini harus diedukasi, silahkan KB tapi jngn vasektomi karena itu haram.",2025-05-01T16:17:49.000Z,
twitter," Lagi VCS Hampir Ketauan
http://poophd.pro/f/q5pj114b8i6
 Jilbobs Tobrut Pramuka
http://poophd.pro/f/512mrqbyak9
 TB ( Tobrut Brutal )
http://poophd.pro/f/k330448h654

kamis malam jumat maljum libur tiket 1 juta mecima vasektomi nonton youtube melani",2025-05-01T16:17:36.000Z,
twitter,"Basic hidup paling indah adalah bersyukur.

.

#DebutAlbumRonyParulian Mecima Malam Jumat Lavani Papah Melani nonton youtube Vasektomi Darah Thailand Feni Gila Refund Pesona Sederhana",2025-05-01T16:17:12.000Z,
twitter,"hduh kalau hidup aja masih butuh bansos itu kan secara finansial berati belum cukup, makanya kalo mau nerima bantuan pemerintah si laki kudu di vasektomi dlu. kalo lu kaya mah terserah aja anying mau buat sebanyak gen halilintar juga gak ap",2025-05-01T16:17:11.000Z,
twitter,"Vasektomi, kb pil, iud, dll itu memang termasuk ranah pribadi namun jika tidak dikenalkan ke masyarakat, maka itu akan membuat adanya ketidakseimbangan bagi masyarakat. Dan ujung²nya apa??? Ujung²nya jika tidak sejahtera atau tidak mendapatkan bantuan malah menyalahkan pemerintah",2025-05-01T16:16:50.000Z,
twitter,"Yg bilang jgn punya anak siapa?? Punya anak cukup 2 klw  ga mampu, kan syarat vasektomi minimal udh pnya 2 anak. Trs bagian mananya yg ga boleh pnya anak? Vasektomi pun jg bisa disambung lgi. Heran berisik bgt para laki ini dari kemaren. Giliran perempuan yg kena pada diem² bae",2025-05-01T16:15:53.000Z,
twitter,"waaaw padahal tinggal dibaca baik baik,  KAN INTINYA KALO GAMAU VASEKTOMI YAA GABISA NERIMA BANSOS ITU AJA. orang orang aneh dah terserah anying mau buat berapa anak yang penting kalo lu mau bansos laki lu kudu vasektomi",2025-05-01T16:15:36.000Z,
twitter,"Nah, daripada resource nya dipake buat vasektomi masal dengan paksaan...",2025-05-01T16:14:58.000Z,
twitter,"https://x.com/pembacabudiman_/status/1917594686962950470?t=x5zvS-a68k_NAkSuE1u8TQ&s=19…

Hobi lu lari kemana2 ya? I using the term of certain case, not overall. Gue dah terjun ke lapangan langsung, dan banyak yg ga bisa di kasih edukasi doang, harus di beri pemahaman lebih lanjut ttg vasektomi karna masyarakat masih banyak yg salah kaprah",2025-05-01T16:14:35.000Z,
twitter,sepakat..mo beli rumah subsidi? vasektomi..mo beli mobil listrik subsidi? vasektomi..mo daftar beasiswa? vasektomi..mo dapet insentif umkm? vasektomi,2025-05-01T16:13:57.000Z,
twitter,"Padahal dia gk merekomendasikan, dia blg pil kb itu juga mencacatkan diri, sama kayak pendapat lu soal kb vasektomi",2025-05-01T16:12:37.000Z,
twitter,Istri saya ga keberatan KB suntik. Tapi ketika saya bahas vasektomi dia juga biasa aja. Malah bilang mewajibkan vasektomi itu ngaco. Kenapa?because I'm still doing my job to feed her&our children. Ga ada bawa -bawa patriarki.,2025-05-01T16:11:12.000Z,
twitter,"gak gitu cara baca situasi dan mencerna informasinya anjir. mana pake dibilang “ketauan siapa yang bakal KB blablabla” 

plis lah gue dukung vasektomi, tapi bukan untuk dipolitisir oleh otoritarian. woy bangun woy! orang miskin cuma jadi komoditas politik lima tahun sekali.",2025-05-01T16:10:50.000Z,
twitter,"Pdhl yg sy mksud adlh silahkan KB utk membtasi keturunan sesuaikan dgn kemampuan. Sy jg tdk setuju dgn banyak anak, tapi malah ditelantarkan itu dzolim. Yg sy tidak setuju adlh dgn cara vasektomi, karena itu haram. Seandainya pun klian ttp ngelakuin vasektomi, itu terserah.",2025-05-01T16:10:35.000Z,
twitter," Lagi VCS Hampir Ketauan
https://poophd.pro/f/q5pj114b8i6
 Jilbobs Tobrut Pramuka
https://poophd.pro/f/512mrqbyak9
 TB ( Tobrut Brutal )
https://poophd.pro/f/k330448h654

Malam jumat maljum mecima libur Hercules gila selamat hari buruh tiket melani vasektomi refund pagii pagiii siang STARLINK MINI",2025-05-01T16:09:19.000Z,
twitter," Jilbobs Tobrut Pramuka
https://poophd.pro/f/512mrqbyak9
 TB ( Tobrut Brutal )
https://poophd.pro/f/k330448h654
 Lagi VCS Hampir Ketauan
https://poophd.pro/f/q5pj114b8i6

Malam jumat maljum mecima libur Hercules gila selamat hari buruh tiket melani vasektomi refund pagii pagiii siang STARLINK MINI",2025-05-01T16:08:00.000Z,
twitter,"Eh tolol, vasektomi ngga pernah diperintahkan ALLAH

Goblog",2025-05-01T16:07:26.000Z,
twitter," Jilbobs Tobrut Pramuka
https://poophd.pro/f/512mrqbyak9
 TB ( Tobrut Brutal )
https://poophd.pro/f/k330448h654
 Lagi VCS Hampir Ketauan
https://poophd.pro/f/q5pj114b8i6

Malam jumat maljum mecima libur Hercules gila selamat hari buruh tiket melani vasektomi refund pagii pagiii siang STARLINK MINI",2025-05-01T16:08:00.000Z,
twitter,"Eh tolol, vasektomi ngga pernah diperintahkan ALLAH

Goblog",2025-05-01T16:07:26.000Z,
twitter,"Itu penting nya vasektomi, biar tidak melahirkan Sampah",2025-05-01T16:06:38.000Z,
twitter,"Makanya gue bilang lu keluar konteks, dari awal ada ketikan gue yg dukung ga dibolehin beri bansos? Baca lagi Sono, baru ngetik. Point gue, gue g dukung vasektomi paksaan, tapi ada certain case yg bisa jadi pengecualian, kaya yg anaknya dah 8, tapi miskin, dan KB ga berhasil.",2025-05-01T16:06:37.000Z,
twitter,Bukan masalah vasektomi nya lont! Pakai otak makanya fasis gblk,2025-05-01T16:06:25.000Z,
twitter," Babydoll Mancur
https://teraboxlink.com/s/13jkFW4vl89fCI2eMMAD9uw…

 Eskyperry
https://teraboxlink.com/s/1X-UE6lkAzk59rC0WzIHowQ…

 Cherry Liveshow Berdua
https://terafileshare.com/s/1TIwc5rlGYATaNTRujVsZ6A…

 Ukhti Nina 
https://terafileshare.com/s/1jin9aOJbS6bY2Wpyc5SKiw…


https://t.me/+-PUHtTDy7qoyNWM1…

Pagii Malming Malam Minggu vcs  Onana Vasektomi",2025-05-01T16:05:58.000Z,
twitter,capeek batin baca2 opini orang terkait discourse vasektomi,2025-05-01T16:05:51.000Z,
twitter,Bedanya sama mereka gak vasektomi tp dua anak cukup itu apa? Kenapa WAJIB vasek kalo mau dpt bansos? Kalo mereka cuma punya anak 1 tanpa harus vasek emg ga cukup?,2025-05-01T16:05:23.000Z,
twitter,"Tapi menghalalkan vasektomi tanpa uzur syari, juga jelas jelas kafir",2025-05-01T16:03:13.000Z,
twitter,"Gado gado indo 

https://doodstream.com/e/70g666wmace6

https://doodstream.com/e/vyhq041qy744

https://doodstream.com/e/rp0cd2kacg8g

https://doodstream.com/e/8h15b0k5bzev

https://doodstream.com/e/cfu7vdd16vy1

Gc vvip  https://t.me/+1ZLmOMYkvadkZWE9…

Malam jumat maljum mecima 1 juta sn qn melani tikom libur nonton youtube vasektomi",2025-05-01T16:02:48.000Z,
twitter,Tapi menghalalkan vasektomi juga jelas jelas kafir,2025-05-01T16:02:26.000Z,
twitter,"Berusaha ya berusaha aja, ngga perlu melakukan vasektomi yang jelas jelas haram",2025-05-01T16:02:06.000Z,
twitter,"Tapi menghalalkan vasektomi tanpa uzur syari, juga jelas jelas kafir",2025-05-01T16:03:13.000Z,
twitter,"Gado gado indo 

https://doodstream.com/e/70g666wmace6

https://doodstream.com/e/vyhq041qy744

https://doodstream.com/e/rp0cd2kacg8g

https://doodstream.com/e/8h15b0k5bzev

https://doodstream.com/e/cfu7vdd16vy1

Gc vvip  https://t.me/+1ZLmOMYkvadkZWE9…

Malam jumat maljum mecima 1 juta sn qn melani tikom libur nonton youtube vasektomi",2025-05-01T16:02:48.000Z,
twitter,Tapi menghalalkan vasektomi juga jelas jelas kafir,2025-05-01T16:02:26.000Z,
twitter,"Berusaha ya berusaha aja, ngga perlu melakukan vasektomi yang jelas jelas haram",2025-05-01T16:02:06.000Z,
twitter,"lah kalo udh tabiat selingkuh mah mau vasektomi atau engga ya bakalan selingkuh,, hubungannya vasektomi sama selingkuh apaan kocak",2025-05-01T16:01:00.000Z,
twitter,"Jadikan Vasektomi untuk Syarat Penerima Bansos, Dedi Mulyadi Dinilai Langgar HAM -  https://joglosemarnews.com/2025/05/jadikan-vasektomi-untuk-syarat-penerima-bansos-dedi-mulyadi-dinilai-langgar-ham/…",2025-05-01T16:00:38.000Z,
twitter,Trus kalo vasektomi auto kaya???,2025-05-01T16:00:37.000Z,
twitter,"Itu yg gak dibolehin di dalam Islam, setelah 2 anak tetiba udah boleh vasektomi. Mau dia punya 2 pun tetap gak boleh, kalau hanya sifatnya menunda, silahkan cukup KB. Tapi kalau niatnya menghentikan itu dilarang. Btw ini dalam konsep agama, kalau tetap dilakuin ya terserah.",2025-05-01T16:00:32.000Z,
twitter,"When issue perbedaan kelas dan ketidakbecusan pembuat sistem, dibenturkan dengan issue gender.

Yak, konflik horizontal sesama rakyat lg

Vasektomi is good, tp negara masuk ke ranah privat, ga good itu.

Kalau ini approve, jgn kaget ada kebijakan ""ajaib"" lg dari negara utk rakyat",2025-05-01T15:59:36.000Z,
twitter,"Pls terapin se indo aja, paling bener emang udh vasektomi",2025-05-01T15:58:29.000Z,
twitter,"Ngga usah ngatur orang

Kau dulu yang vasektomi kalo mau",2025-05-01T15:58:25.000Z,
twitter,Vasektomi libur mecima tiket ready malam jumat melani http://t.me/wulangemoy2,2025-05-01T15:57:52.000Z,
twitter,Libur Mecima Malam Jumat Tiket vasektomi Melani ready http://t.me/Mawar_Semok,2025-05-01T15:57:42.000Z,
twitter,"Lhaiya berarti betul Pak Kyai, bukan dengan cara vasektomi. Nggak satu dua orang yang berangkat dari keluarga miskin, tp anaknya sukses di akademis, jd doktor, engineer, dokter, ekonom, dsb. Banyak! Tinggal peka aja sama anomali ini, dan tugasnya pemerintah mereplikasi & …",2025-05-01T15:57:24.000Z,
twitter,Vasektomi,2025-05-01T15:56:56.000Z,
twitter,"Padahal manis cantik tapi penurut

https://dood.to/e/s82vi6r9koaq

https://dood.to/e/i0g98zqmx52d

https://dood.to/e/baw0kgm2wunh

https://dood.to/e/pe7hcvcysm3d

https://dood.to/e/yw8a882yp8he

Maljum Mecima vasektomi cantika Malam Jumat https://pic.x.com/wdA7dQDvEI",2025-05-01T15:56:38.000Z,
twitter,"Padahal manis cantik tapi penurut

https://dood.to/e/s82vi6r9koaq

https://dood.to/e/i0g98zqmx52d

https://dood.to/e/baw0kgm2wunh

https://dood.to/e/pe7hcvcysm3d

https://dood.to/e/yw8a882yp8he

Maljum Mecima vasektomi cantika Malam Jumat https://pic.x.com/wdA7dQDvEI",2025-05-01T15:56:38.000Z,
twitter,Tengok aja pembicaraan soal vasektomi. Sampai ada loh yg dukung mati-matian. Persis kek fasis pembenci orang miskin,2025-05-01T15:56:28.000Z,
twitter,"Ya karna klo aturanya kayak cina 2015 kebawah yg punya anak lbih dr 1 hrus bayar denda yg miskin gk mampu juga tar bayar dendanya jd paksa aja vasektomi, itu juga buat yg mau dpet bansos",2025-05-01T15:54:44.000Z,
twitter," Gadis Jilbobs WOT Nympe Klimaks
https://poophd.pro/f/gt5k7wyl8uv
 WOT Ada Percakapannya
https://poophd.pro/f/fsnlqrmzqdl

Cantika Malam jumat maljum mecima 1 juta sn qn melani tiket ready vcs ticom tidur pagiii vasektomi",2025-05-01T15:51:58.000Z,
twitter,"Berhasil kak, karena wanita pakai perasaan & mikir juga. Digencet kanan kiri atas bawah, memang nggak dipaksa tapi TERPAKSA. Perubahan tubuh dan hormon setelah fase hamil melahirkan menyusui bikin wanita jadi mikir. 
Kira-kira apa yg bikin laki miskin mau melakukan vasektomi?",2025-05-01T15:51:50.000Z,
twitter," Morning S*x Binor WOT
https://poophd.pro/f/24z2rdyt08h
 Perawat cantik jago WOT
https://poophd.pro/f/2p2app6jqwv

kamis malam jumat maljum libur tiket 1 juta mecima vasektomi nonton youtube melani",2025-05-01T15:51:16.000Z,
twitter,"ribut bgt soal vasektomi, pil kb dari taun jebot diem aje lu pada banjingan. ngelahirin anak tanpa persiapn itu emang dzalim ya njir, klo secara finansial sama mental belom stabil ya kontrol dulu, tahan dulu. udah pada gede gitu aja pada ga bisa mikir anjirr",2025-05-01T15:51:03.000Z,
twitter," Gadis Jilbobs WOT Nympe Klimaks
https://poophd.pro/f/gt5k7wyl8uv
 WOT Ada Percakapannya
https://poophd.pro/f/fsnlqrmzqdl

Cantika Malam jumat maljum mecima 1 juta sn qn melani tiket ready vcs ticom tidur pagiii vasektomi",2025-05-01T15:50:17.000Z,
twitter,"tanggunan si laki ke 2 anak itu ttp sama mskipun udh cere, ini lho udah miskin, masih ada tanggunan 2 anak (mskipun dbwa ibuny), klo si ayah nikah lgi, otomatis yg dberikan ke 2 anak ini akan brkurang krn ayahnya pnya anak dr istri baru. vasektomi itu demi 2 anak yg dah lahir ini",2025-05-01T15:47:33.000Z,
twitter,"kenapa harus kb buat cewe atau vasektomi buat cowo sih, kenapa ga kondoman aja deh, gua beneran bingung kenapa org ga kepikiran kondom kah?",2025-05-01T15:45:41.000Z,
twitter,Maljum malam jumat melani vasektomi mecima libur nonton youtube selamat hari buruh tiket starlink mini pagii pagiii tidur siang http://t.me/salsamiraa00,2025-05-01T15:45:40.000Z,
twitter,Maljum malam jumat melani vasektomi mecima libur nonton youtube selamat hari buruh tiket starlink mini pagii pagiii tidur siang http://t.me/salsamiraa00,2025-05-01T15:45:40.000Z,
twitter,"Org miskin itu mostly gamau disuruh pake kondom, sedangkan kb perempuan itu ga semua perempuan cocok. Lagian ini cmn syarat buat dapet bansos sama beasiswa, klu ngerasa ga butuh bansos ya ga perlu vasektomi",2025-05-01T15:44:28.000Z,
twitter,"Vasektomi ini tp emg paling bener sih, chancenya kecil bgt setelah pulih dr operasi bakal jadi anak. Terus jg yg belain cowo2 ini dr vasektomi jg banyak perempuan jg anjing yg laki mah marah2 doang wkwk sekali disenggol OTONOMI tubuh lu udah ribut, gimana cewe coba dari dulu wkwk",2025-05-01T15:44:11.000Z,
twitter," Gadis Jilbobs WOT Nympe Klimaks
https://poophd.pro/f/gt5k7wyl8uv
 Morning S*x Binor WOT
https://poophd.pro/f/24z2rdyt08h

kamis malam jumat maljum libur tiket 1 juta mecima vasektomi nonton youtube melani",2025-05-01T15:43:49.000Z,
twitter,ciri ciri orang yang mau disuntik kb vasektomi,2025-05-01T15:43:46.000Z,
twitter," Perawat cantik jago WOT
https://poophd.pro/f/2p2app6jqwv
 WOT Ada Percakapannya
https://poophd.pro/f/fsnlqrmzqdl

kamis malam jumat maljum libur tiket 1 juta mecima vasektomi nonton youtube melani",2025-05-01T15:43:02.000Z,
twitter,"Kalo ga salah, vasektomi tuh emang ada insentif, entah udah lama atau baru-baru ini. Nah tinggal dipikirin aja gimana caranya edukasi dan sosialisasi masyatakat yang udah terlanjut miskonsepsi soal vasektomi. PR-nya di situ sebenernya :/",2025-05-01T15:42:51.000Z,
twitter,Mecima vasektomi cantika Malam Jumat SN QN ready http://t.me/Kiaa_avail,2025-05-01T15:42:37.000Z,
twitter,"karena dipaksa vasektomi biar dapet bansos. Gue jg dateng dr ibu beranak banyak, kesini2 dgn pendidikan & realitas yg gue terima, gue merasa punya banyak anak is not for me. Jd kunci utamanya di pendidikan, bukan ujug2 lo maksa orang KB.",2025-05-01T15:42:24.000Z,
twitter,Ntar pada nanya lah trs spermanya kemana dong? Diserap lg ke tubuh lah mayan bro tambahan protein ke tubuh drpd tu protein jd bayi wkwkwk vasektomi ini gaada ruginya buat siapapun ya pepek ga kaya KB lain untuk perempuan wkwkwkw vasektomi aja bisa gratis kok,2025-05-01T15:42:06.000Z,
twitter," Apa apaan giliran sadam vasektomi bebas cum inside malah gak ada pvt lagi
 ""Dua pvt di draft"" yg aku mention di tello sebelumnya tuh ini salah satunya tauu (satunya lagi proses pembuatan Cakra) aku udah ada alurnya, outlinenya, bahkan ud... #telloree",2025-05-01T15:40:25.000Z,
twitter,Hanya karena KB  vasektomi yang kurang familiar jadi pada kontra padahal KB diindonesia sudah biasa dilakukan dari zaman suharto baik oleh keluarga miskin menegah bahkan yg kaya raya.,2025-05-01T15:40:20.000Z,
twitter,"yang udah punya anak, vasektomi tuh masih bisa ngentot, vasektomi bukan kontolnya yg dipotong anjingg",2025-05-01T15:37:47.000Z,
twitter,Malam jumat mecima libur nonton youtube ready maljum selamat hari buruh melani starlink mini vasektomi http://t.me/eshafaradhiba,2025-05-01T15:37:47.000Z,
twitter,"Bener wkwkwk bahasanya jg lebih gampang dimengerti. Orang liat kata vasektomi dag dig dug dluan dikira dikebiri, udah tau org Indon males baca wkwkwkwk",2025-05-01T15:37:19.000Z,
twitter,"Giliran cowok yang disuruh KB lu koar koarr gilaakk. Baru yang dapet bansos, gimane kalo diwajibin semua cowok vasektomi???",2025-05-01T15:36:07.000Z,
twitter,"Waah iya, misal si bpk tiri merkosa anak tiri. Krna bpk tiri udah di vasektomi, anak tiri ini ga bakalan hamil.",2025-05-01T15:35:54.000Z,
twitter,Miskin = banyak anak terus harus vasektomi. Antik wae negara batur mah selalu masyarakat anu salah. Padahal mah poekk,2025-05-01T15:35:41.000Z,
twitter,"Hari ini pemerintah bisa bikin peraturan wajib vasektomi, besok-besok jangan kaget kalau ada peraturan yuruh menggugurkan bayi perempuan karena bikin peluang overpopulation",2025-05-01T15:35:18.000Z,
twitter,Islam tidak mewajibkan mengambil bansos. Jadi tidak perlu dilakukan vasektomi kalau dirasa tidak butuh bansos,2025-05-01T15:33:20.000Z,
twitter,"Ya makanyaaa yang penting itu pendidikan, edukasi. Vasektomi juga gak akan merubah orang miskin dari kebodohan.",2025-05-01T15:32:06.000Z,
twitter,"Kalo itu bukan vasektomi lagi, tapi kudu dikebiri",2025-05-01T15:31:25.000Z,
twitter,"Prt jujur gw tau isu vasektomi dan miskin ini dari akun author day6 pas ngecek akunnya ada cerita baru atau gk malah nemu dia banyak repost orang-orang yg nyalahin ortu miskin kenapa melahirkan terusand I was like, ""Ini kesalahan pemerintah kenapa dibebanin ke individu""",2025-05-01T15:31:11.000Z,
twitter,KB vasektomi dibuat seakan-akan solusi yang tepat. Padahal baru keluar berita Indonesia jadi negara dengan angka pengangguran terbanyak di Indonesia. Mendukung anggapan bahwa akan ada ayah dan ibu yang mau bekerja yang mau berusaha dengan keras tapi lowongan terlalu sempit.,2025-05-01T15:30:06.000Z,
twitter,"Betul kalo emang gamau vasektomi/kb ya silakan. Juga gak ada yg larang punya anak, tapi ya sadar dong sanggup ga ngurus. Drpd anak bejibun mending punya ternak bejibun bisa dijual dimakan",2025-05-01T15:29:36.000Z,
twitter," Gadis Jilbobs WOT Nympe Klimaks
https://dood.boo/f/gt5k7wyl8uv
 Perawat cantik jago WOT
https://dood.boo/f/2p2app6jqwv

kamis malam jumat maljum libur tiket 1 juta mecima vasektomi nonton youtube melani",2025-05-01T15:28:52.000Z,
twitter,"Vasektomi tidak sama dengan angkat rahim ya. Vasektomi itu proses bedah kecil yang dilakukan untuk memotong atau menyumbat vas deverens pada laki-laki, Kalau di perempuan namanya tubektomi yaitu memotong tuba falopi. Jadi beda sekali ya dengan angkat rahim.",2025-05-01T15:28:42.000Z,
twitter,"Vasektomi tidak sama dengan angkat rahim ya. Vasektomi itu proses bedah kecil yang dilakukan untuk memotong atau menyumbat vas deverens pada laki-laki, Kalau di perempuan namanya tubektomi yaitu memotong tuba falopi. Jadi beda sekali ya dengan angkat rahim.",2025-05-01T15:28:42.000Z,
twitter,Lagian vasektomi lu masi bisa ngewe wkakaka masih bisa ngaceng masih bisa crot bahkan infiniti crot jg ga kebikin tuh buah bayi,2025-05-01T15:28:27.000Z,
twitter,"Wkwkwk awalnya gue ga setuju jg sih krn ada ape pemerintah ngurusin selangkangan orang? Kan pepek. Tp kl dipikir2 lg ya mungkin sudah saatnya ada aturan kaya gini. Lagipula bener, kalo udah punya udah 2 anak dan gamau vasektomi, artinya kan mampu secara finansial ga butuh bansos?",2025-05-01T15:28:25.000Z,
twitter," Gadis Jilbobs WOT Nympe Klimaks
https://doodf.com/f/gt5k7wyl8uv
 WOT Ada Percakapannya
https://doodf.com/f/fsnlqrmzqdl

Cantika Malam jumat maljum mecima 1 juta sn qn melani tiket ready vcs ticom tidur pagiii vasektomi",2025-05-01T15:28:06.000Z,
twitter,"Pake lah kondom, makanya sekolah biar gak pake birahi. Kasih pendidikan yg tinggi buat anak. Biar keluarga keluar dari kemiskinan dan naik derajat. Kan gw bilang vasektomi itu semi permanen, kalo mau dibalikin kesemula ya pasti bisa.",2025-05-01T15:27:11.000Z,
twitter," Morning S*x Binor WOT
https://doodf.com/f/24z2rdyt08h
 Perawat cantik jago WOT
https://doodf.com/f/2p2app6jqwv

kamis malam jumat maljum libur tiket 1 juta mecima vasektomi nonton youtube melani",2025-05-01T15:26:58.000Z,
twitter,"Setuju, lebih baik dikasih penyuluhan + dikaryakan biar mereka bisa hidup layak dan punya keluarga idaman (kalo mau) daripada tetap miskin trs dipaksa vasektomi buat claim bansos :((  

Manusia bukan sekedar angka",2025-05-01T15:26:21.000Z,
twitter,Vasektomi bisa direverse. Tidak bisa jadi argumen.,2025-05-01T15:26:04.000Z,
twitter,"miskin bang? kan yg disuruh vasektomi yg miskin, udah pnya 2 anak, pgn bansos. kalo ga miskin ya lo ga perlu vasektomi krn lo ga butuh bansos kan? kok kaya ketakutan gtu deh? udah siap siap ya nnti klo nikah dan pnya anak mau jdi org miskin?",2025-05-01T15:26:03.000Z,
twitter,Tapi vasektomi kan bukan pemandulan Pak.,2025-05-01T15:24:06.000Z,
twitter,"Sebenernya serba salah ya. Kalo gada paksaan, masyarakat indonesia pastinya ga bakalan mau. Banyak yg masih percaya banyak anak banyak rezeki. Padahal buat ekonomi sekarang frasa itu udah ga berlaku.

Kalo ga vasektomi juga bakal banyak anak yg jadi korban.",2025-05-01T15:23:41.000Z,
twitter,vasektomi,2025-05-01T15:23:38.000Z,
twitter,"gen ask, yg wajib vasektomi bukannya utk syarat buat yg mau dapet bansos aja? dan kyknya rakyat kita udh way past pencegahan bodoh n miskin (looking back to the people during the election last year)",2025-05-01T15:22:41.000Z,
twitter,"maaf bgt nyusahinnya dlm artian sering minjem duit. kalo misalkan belum siap finansial utk punya anak/nambah anak, harusnya bisa nunda dulu gituloh jgn malah ngerepotin org lain. klo pemerintah sampe mewajibkan vasektomi, brarti emg udah bobrok aja kesadaran rakyatnya sendiri",2025-05-01T15:22:18.000Z,
twitter," Gadis Jilbobs WOT Nympe Klimaks
https://do7od.com/f/gt5k7wyl8uv
 Morning S*x Binor WOT
https://do7od.com/f/24z2rdyt08h

Cantika Malam jumat maljum mecima 1 juta sn qn melani tiket ready vcs ticom tidur pagiii vasektomi",2025-05-01T15:20:10.000Z,
twitter,"dari kemarin menahan diri untuk beropini tentang gagasan vasektomi itu karena di twt ini banuak yang pro, jadi takut dirujak SKSKSKSK. tapi tadi lewat lagi n i think i need to speak bout my opinion tho.",2025-05-01T15:20:00.000Z,
twitter,"Gausah ngatain aneh blok, gua gaada ngomong kasar elu dari tadi yg gabisa diskusi sehat. Lampirin data elu bkn hasil tatapan depan mata. Gua dukung vasektomi tpi cara kdm salah krn jgn pake itu utk alat transaksional, ngerti gk? Ngomongin miskin struktural aja masih gk paham.",2025-05-01T15:19:18.000Z,
twitter,Ready malam jumat 1 juta SN QN cantika mecima melani maljum libur vasektomi http://t.me/tarisareall,2025-05-01T15:18:39.000Z,
twitter,"Waah iya malah enak ya, seumpama udah punya 2 anak trus vasektomi. Trus bosen sama istri sendiri, selingkuh sama tetangga. Enak ga bakalan hamil.",2025-05-01T15:17:32.000Z,
twitter,"DeMul nya juga tolol. Doi mao riding the wave soal vasektomi yg udah mulai banyak pendukungnya, sekarang malah digoreng kanan kiri gini.",2025-05-01T15:17:25.000Z,
twitter,"bener sudah 2thn jalan gua dan istri sepakat untuk KB cabut singkong dan sampai saat ini masalah ranjang sama sama enak dan terpenuhi. 

pengen vasektomi masih belum siap mungkin 1-2 thn lagi siap, istri Alhmdllah dari anak pertama sama anak kedua gapernah KB",2025-05-01T15:15:44.000Z,
twitter,pertemukan hamba dengan pria yang tepat ya Allah  (habis liat debat vasektomi),2025-05-01T15:15:41.000Z,
twitter,"Gak, gw minta yang spesifik dimulai dari aturan vasektomi buat dapet bantuan pemerintah. Kalo gak ada berarti lo ngebohong.",2025-05-01T15:15:39.000Z,
twitter,"Itu kan kemarin, nanti? siapa yg menjamin? Hak dasar untuk dapatin bansos yg notabene dari uang rakyat pake diancam dulu harus vasektomi",2025-05-01T15:15:21.000Z,
twitter,"Setelah muak dg L*BT , kini aku jg muak dg Vasektomi.
Depopulation is near ",2025-05-01T15:13:28.000Z,
twitter,"ngilu sebulan katanya, padahal cewe kalo kb harus rutin tiap 2/3 bulan sedangkan cowo di vasektomi cuma sekali, lemah banget duh kaya boti. dari pada lu cowo cowo nanam benih seenaknya mending bool lu gw mainin pake sex toy bgsd lu pada mau enaknya doang.",2025-05-01T15:12:54.000Z,
twitter,otoritas individu terhadap tubuhnya. Pemaksaan IUD/spiral/tubektomi/kontrasepsi lain untuk perempuan dan vasektomi untuk laki-laki itu menyalahi HAM mereka. Keputusan untuk pada akhirnya menggunakan sistem kontraseptif tersebut harus terjadi tanpa paksaan (yang sayangnya di (8/?),2025-05-01T15:12:51.000Z,
twitter,"Urusan membuahi itu udh ranah privasi, apa mau lu lagi berhubungan di larang ² ? Paling dari pemerintah cuma bisa support pake alat bantu KB. Kalau urusan vasektomi itu udh masuk ke bagian tubuh lu yg di rubah semi permanen itu. Sekarang gw balikin apa mau lu di steril?",2025-05-01T15:12:25.000Z,
twitter,"Apa kamu mikir? Laki-laki yang ga mau vasektomi dengan jumlah anak lebih dari 5 itu dan dengan kemiskinannya masih bisa punya anak sampai dia mati? Coba hitung berapa banyak anak yang mungkin lahir dari orang2 seperti itu dan stunting, dijadikan pengemis segala macam?",2025-05-01T15:11:18.000Z,
twitter,vasektomi ngebunuh otonomi tubuh? sorry aku pernah baca itu bisa dikembaliin kok dan bener nih kata Ai. yg lebih ngebunuh otonomi tubuh tuh KB buat perempuan krn efek sampingnya banyak bgt dan lebih bahaya :(,2025-05-01T15:10:13.000Z,
twitter,"MUI Tegaskan Hukum Vasektomi Haram, Tak Layak Jadi Syarat Bansos",2025-05-01T15:08:24.000Z,
twitter,Ulama mana? Ada ayat alquran terkait ga yang ngeharamin vasektomi?,2025-05-01T15:05:48.000Z,
twitter,"Gue setuju vasektomi di enforce untuk  solusi kemiskinan di hilir 
Tapi apakah solusi lainnya udah dijalanin? 
Edukasi seksnya
Solusi biaya Pendidikannya
Kesehataany udah proper blom?
Kebijakan ketenagakerjaanya 

Jangan nyari solusi gampang doang nanganin kemiskinan",2025-05-01T15:05:10.000Z,
twitter,"Kok bukan stop korupsi saja,, yg perlu d vasektomi itu korupsi pungli dan Ormas karna itu yg menghancurkan negara, bukan angka kelahiran",2025-05-01T15:03:14.000Z,
twitter,"Amin = Aman
Amiin = Jujur
Aamin = minta perlindungan
Aamiin = kabulkanlah 

mandul atau ifertilitas itu kondisi kelainan pasangan s cwo atau cwe untuk memiliki anak..
klo vasektomi prosedur bedah kecil cwo untuk mencegah kehamilan.

jd...belajar lg ya..",2025-05-01T15:03:11.000Z,
twitter,"Tergantung kerangka etik moral yang dipake sih. Vasektomi atau KB lain ada yang nganggep morally good/bad

Realistis scr ekonomi nya org miskin ga layak besarin anak banyak2.
Sounds evil tapi faktanya kriminalitas & inkompetensi cenderung lahir dr ketidakmampuan finansial",2025-05-01T15:03:02.000Z,
twitter,"Sangar bisa dimengerti si, dan akupun sbg yg kontra dgn rencana vasektomi pun ga menafikan klo emg buk anak tu skrg udh bkn buk rejeki lg, tp repot cuy ngurusnya. Cuma mnurutku solusi yg tepat tu bkn vasektomi. Ada cara lain, cuma emg lbh ribet & makan waktu.",2025-05-01T15:02:12.000Z,
twitter,"Kelihatannya itu murni kesalahan si bapak bukan negara. Dengan kata lain si bapak ini sedang ""menyandera"" bansos melalui anak dan istrinya. Dia seolah berteriak : Kasih saya bansos tanpa vasektomi atau saya telantarkan anak dan istri saya!. Mau hidup di negara harus ikut aturan.",2025-05-01T15:02:07.000Z,
twitter,Kalo vasektomi tuh tetep bs ngewe yh?,2025-05-01T15:01:24.000Z,
twitter,"emang edukasi d posyandu dan puskesmas itu tentang vasektomi utk para laki laki? edukasi masi jauh dr cukup kok

lah, gada yg masalah sama bantuan d cabut, malah bagus biar negara lu ga pelihara orang miskin utk pemilu nanti

tetap, negara gak berhak mengatur ranah privasi,",2025-05-01T14:58:09.000Z,
twitter,"right idk how people dont get that, bayangin aja ga pernah bantuin rakyat miskin trus tiba2 dipaksa vasektomi yg ga murah itu 
bantuin secara dana aja kagak",2025-05-01T14:57:56.000Z,
twitter,Gubernur segala urusan. Sampai vasektomi yg diharamkan MUI diurusin juga. ,2025-05-01T14:56:39.000Z,
twitter,Bahkan sekecil itu aja dijamin UU kok. Fakir miskin & anak terlantar memang harusnya dipelihara negara ini. Kebijakan vasektomi paksa cuma biar negara kabur dr tanggungjawabnya.,2025-05-01T14:56:35.000Z,
twitter,coba bayangkan ke depannya gimana kalau kalangan seperti itu dipaksa vasektomi?? dengan mimdset yanh seperti itu apa ga takut mereka ngeseks bebas tanpa pakai pengaman karena ga takut yang cewe ga bakal hamil??? tanpa mereka mikir konsekuensi lainnya apa such as hiv dll.,2025-05-01T14:55:55.000Z,
twitter,"Jadi iya, menjadikan vasektomi syarat buat menerima bansos mah violation of human rights. Negara jelas gak boleh memaksa rakyat atas otoritas tubuhnya. Memberikan rakyat edukasi yang cukup sehingga mereka mampu buat berpikir dan membuat pilihan secara paham itu juga tugas negara.",2025-05-01T14:54:51.000Z,
twitter,"yah, just in short, im agree with kb vasektomi",2025-05-01T14:54:49.000Z,
twitter,"w pernah baca pernyataan ekonom realistis ""kebijakan ekonomi yang semakin mengikuti asas moral akan semakin ga efektif""
Eh lewat diskursus orang miskin harusnya vasektomi",2025-05-01T14:54:10.000Z,
twitter,"Bansos itu uang rakyat utk rakyat, jgn lu pake buat propaganda program lu. Silahkam kampanye vasektomi kek, mandulisasi kek, terserah, selama masih legal. Tp jgn pake duit rakyat buat ngepush rakyat, menyandera apa yg memang jadi hak mereka.",2025-05-01T14:53:39.000Z,
twitter,"Sekedar opini dan cuman mau meluruskan aja. Emang benar vasektomi ga permanen dan bisa dibalikin ke situasi awal, tapi kemungkinan gagal nya tinggi dan harganya mahal. Jadi, gw rasa ada cara lain yang bisa dicoba terlebih dulu. Klo salah mungkin bisa dikoreksi.",2025-05-01T14:53:31.000Z,
twitter,"tapi masalah vasektomi ini bukan lagi soal laki-laki dan perempuan, tapi soal kebijakan pemerintah yang lagi-lagi ngawur dan ga solutif.",2025-05-01T14:53:22.000Z,
twitter,"""Gue jg ga sepenuhnya pro dgn syarat jd bansos""

NAH, UDEH KAN KITE AKHIRNYA ON THE SAME PAGE 

paham kan kalo permasalahan utamanya tuh penggunaan vasektomi sbg syarat bansos??????? 

knp ga pake pendekatan persuasif, itu justru lebih acceptable ketimbang dipaksa negara",2025-05-01T14:53:22.000Z,
twitter,"""Gue jg ga sepenuhnya pro dgn syarat jd bansos""

NAH, UDEH KAN KITE AKHIRNYA ON THE SAME PAGE 

paham kan kalo permasalahan utamanya tuh penggunaan vasektomi sbg syarat bansos??????? 

knp ga pake pendekatan persuasif, itu justru lebih acceptable ketimbang dipaksa negara",2025-05-01T14:53:22.000Z,
twitter,dikira vasektomi potong titit kali yak sampe pada marah gitu,2025-05-01T14:52:51.000Z,
twitter,"ya bener kalo jadi kebijakan umum
kalo disini mah jatohnya fasis, yang suruh vasektomi yang miskin doang.. awokwokwok",2025-05-01T14:52:17.000Z,
twitter,"Salah lu berfikir begitu, mana ada yg mau org terlahir miskin. Coba kalo nasib lu di balik seperti mereka yg kurang beruntung. Gimana ? Miskin itu bisa dirubah kok. Tinggal mindset & effort mereka aja yg di rubah, tapi untuk urusan vasektomi itu hak privasi. Beda jalur..",2025-05-01T14:51:55.000Z,
twitter,"ga ngmgin selangkangan tp lo ngomongin ngewe kocakkkk, andai gaada vasektomi at least buat yg selingkuh trs kebobolan malah bikin sengsara bayi yg lahir krn kekurangan hak2 yg seharusnya dipunya dr hasil penikahan dan dpt pandangan negatif dr masyarakat. tabiat selingkuh susah",2025-05-01T14:51:36.000Z,
twitter,"Eh maksudku kan td blg adalah pemerintah maksa perempuan untuk kb. Nah dulu sblm ada vasektomi, dua anak cukup kan sama aja maksa kb ke perempuan? (NANYA YAA)",2025-05-01T14:50:59.000Z,
twitter,alah ada wacana vasektomi buat bansos aja koar koar ham ham sosoan nyaranin buat tembak mati awikwok,2025-05-01T14:50:53.000Z,
twitter,Maljum malam jumat 1 juta mecima cantika ready vasektomi sn qn nonton youtube http://t.me/realsyalifaa,2025-05-01T14:50:51.000Z,
twitter,"Ga jadi komentar karena sudah dijelaskan di twit ini wkwkwk bener! Tiba2 aja banyak laki2 yang berisik vasektomi merugikan lalala.. KALO GA TAU APA2 DIEM AJA EGE.. atau minimal tanya gitu, bukan komentar lgsg menolak mentah2",2025-05-01T14:49:52.000Z,
twitter,Malam jumat 1 juta mecima cantika ready vasektomi sn qn http://t.me/ibelprivate,2025-05-01T14:48:23.000Z,
twitter,"gue sama sekali ngga against sama vasektomi loh, justru yg jadi concern adalah penggunaan vasektomi sbg syarat dpt bansos tuh jatuhnya sbg pemaksaan

https://x.com/hypergengsi/status/1917812000987701410?t=bkmgZB7GLkBSHQbC7mQTPA&s=19…

hari ini mungkin negara cm maksa rakyat miskin, tp siapa tau besok² kepentingan elu yg dipaksa sm negara",2025-05-01T14:48:03.000Z,
twitter,Ready malam jumat 1 juta SN QN cantika mecima vasektomi http://t.me/cckbohay,2025-05-01T14:47:38.000Z,
twitter,"Tetep ga nyambung. Orang merkosa jangankan hamil, ceweknya menderita aja gakan peduli. Apalagi soal hamil. Gak nyambung neng. Lagian mana ada pemerkosa mau vasektomi? Yg ada mereka takut gabisa ngewe lagi",2025-05-01T14:41:37.000Z,
twitter,"Gue salah satu perempuan yg gak setuju, bansos itu haknya orang miskin dari pemerintah gak pake syarat. Kalo mau program berjalan lancar ya lu paling engga kasih intensif buat yang mau melakukan (mau itu KB perempuan ataupun KB vasektomi laki-laki) secara suka rela.",2025-05-01T14:40:40.000Z,
twitter,"I think orang cuma terfokus ke kata vasektomi buat orang miskinnya. Tanpa mikir konteks lebih besar klo ini aneh bgtt. Like i fully support vasectomy, but i don’t think it should be the requirement for basic needs such as welfare.",2025-05-01T14:40:26.000Z,
twitter,"Bila terlanjur banyak anak, bapaknya di vasektomi aja!

Sama² gemblung!",2025-05-01T14:40:07.000Z,
twitter,"Bansos
Kek tepat sasaran aja bansosnya dr tahun sebelumnya juga ga tepat sasaran
Vasektomi?kenapa malah rakyat yg digencet bukan pemerintah sendiri yg memperbaiki diri?klo gaada koruptor gabakalan tuh Indonesia jadi miskin banget",2025-05-01T14:39:03.000Z,
twitter,"Goyang aja sayang jangan direkam

https://pay4fans.com/videoShare?surl=eOPYSBegWPUlv2wthzj88w…
https://pay4fans.com/videoShare?surl=8YoJMyNK0t7YzNR4z4Uh7g…
https://pay4fans.com/videoShare?surl=vQzRCrNftby--nZ3cu7mQg…
https://pay4fans.com/videoShare?surl=aI2vWBVym4EabVcAGah31g…

edisi kamis malam jumat maljum 1 juta big voucher mecima vasektomi libur Bag Bad Back #RoyalCaninTHxSkyNani #GalaxyA36xMPLIDS15",2025-05-01T14:38:57.000Z,
twitter,"Yg dipermasalahkan itu bukan KB vasektominya, toh sebenarnya gpp kalau pemerintah mau ngasih edukasi dan penyuluhan serta anjuran agar banyak keluarga yg mau KB vasektomi, tapi yg jadi masalah tuh vasektomi jadi syarat buat dapet bansos dan beasiswa",2025-05-01T14:38:27.000Z,
twitter,"Mang yakin lu semua laki-laki yg nanti di vasektomi itu ga punya pemikiran kek gw??? Ga di vasektomi aja udah selingkuh apalagi klu udah di vasektomi, bisa menggila nafsu selingkuh nya  krn bebannya ga ada",2025-05-01T14:38:27.000Z,
twitter,"Perasaan syarat vasektomi kalo selain ijin istri, dah punya 2 anak",2025-05-01T14:38:12.000Z,
twitter,"yg saya tangkap, ini bansos tambahan bagi yg vasektomi",2025-05-01T14:37:56.000Z,
twitter,"pake sabuk pengaman nya ya

https://doodstream.com/e/gc698vl8ul7t

https://doodstream.com/e/45521v9t0y7n

https://doodstream.com/e/k04jk4pnasel

https://doodstream.com/e/yedjubtvalah

https://doodstream.com/e/sr0mgayww70h

nonton YouTube 1 juta vasektomi libur kamis malam jumat pagii #MayDay https://pic.x.com/HhW9XwKKNe",2025-05-01T14:35:26.000Z,
twitter,"Vasektomi juga ada chance gagalnya kak. Semuanya ada. Maksudnya tuh kalo mau mensejahterakan bangsa tuh KB bukan satu²nya cara. Apalagi dengan memaksa & melanggar otonomi pribadi, sama seperti vaksin. Ini hak asasi manusia.",2025-05-01T14:35:14.000Z,
twitter,"""pemerintah mungkin gedeg sama masyarakat""

HARUSNYA TUH PEMERINTAH YG GEDEG SAMA DIRINYA SENDIRI, PEMERINTAH TOLOL GA BECUS NGURUS RAKYAT AKHIRNYA NGAMBIL JALAN PINTAS DGN WACANA KEBIJAKA FASIS YAITU VASEKTOMI ALA KDM SBG SYARAT DAPET BANSOS",2025-05-01T14:34:51.000Z,
twitter,"gara gara masuk jadi keluar 

https://doodstream.com/e/tnxce62ocgpm

https://doodstream.com/e/oezy24v4jrjq

https://doodstream.com/e/zy3qb61iw7ub

https://doodstream.com/e/ddsjyqkl5ju1

https://doodstream.com/e/tqjjdygyontu

nonton YouTube 1 juta vasektomi libur kamis malam jumat pagii #MayDay https://pic.x.com/dJmraaF7cL",2025-05-01T14:34:31.000Z,
twitter,"Salah. Kata kuncinya tu ""miskin"". Alih-alih membenahi kemiskinan agar bisa menghidupi anak dengan layak tanpa bansos, KDM justru pikir pendek ambil jalan pintas mewajibkan vasektomi. Segamampu itu kah ngatasin kemiskinan? atau enggan aja?",2025-05-01T14:34:08.000Z,
twitter,"Mantan temen kantor (gue dah resign) anaknya 5, cewe umurnya 30. Ekonomi maaf pas2an tp istrinya yang rahimnya harus dibelek biar dia ga hamil lg. Cowonya ngojol pemasukan ga tentu, istrinya admin (baru tau skrg dah resign juga) gara2 pinjol. Wajar g klo cowonya hrs vasektomi?",2025-05-01T14:33:26.000Z,
twitter,"Jujur gue ga milih dedi , tp pas org miskin harus vasektomi gue si setuju. Karena ini joke dark kita di tongkrongan yg bersenggolan dgn merekawkwk

Jawa barat pemerintahnya emg sampah dari ujung ke ujung ,kita akuin itu. 
Tp kita liat sebgitu parah nya jabar ya gue sih setuju.",2025-05-01T14:30:43.000Z,
twitter,"Pantes kementerian HAM gk jalan. Buktinya pada bebal kok, gk bisa bedain yg mana hak privasi & kewajiban. Org yg mau di Vasektomi itu harus atas kesadaran individual bkn pemaksaan/iming² bansos. Klo dibalikin semisal km bakal dapet bansos tp harus di steril MOV? Pasti teriak² HAM",2025-05-01T14:30:30.000Z,
twitter,"Bukan sebagai syarat bansos dan beasiswa juga. Tetep menyalahi HAM, vasektomi pilihan bukan kewajiban. Beda sama bansos dan beasiswa yang kewajiban negara.",2025-05-01T14:29:56.000Z,
twitter,nyatanya banyak orang miskin di kampung2 yg nambah anak supaya dapet bansos. gue orang kabupaten tetangga gue punya 6 anak dan masih pada kecil2 itu anaknya banyak yg gak keurus. gue sih kasian ngeliat anaknya makanya gue setuju sama program vasektomi,2025-05-01T14:29:09.000Z,
twitter,"vasektomi haram, sementara istri lu IUD

dongonya udah kebangetan ",2025-05-01T14:28:40.000Z,
twitter,"Wkwkw betul. Karena yg dirugikan bukan mereka, jadi diem aja. Giliran soal vasektomi aja baru ngomong",2025-05-01T14:28:33.000Z,
twitter,"baru sekarang gua liat cowo narsistik akut
Belajar soal vasektomi gih, biar gak dongo, bro pikir vasektomi itu titiwnya dipotongkah? jadi banyak kaum lu yg ketakutan? ",2025-05-01T14:27:22.000Z,
twitter,"Ya udah, klu misalnya nanti giliran kmu yg terima bansos dgn syarat suamimu harus di vasektomi, kmu ikhlasin aja yaaa.. Jgn pas giliran kmu ditolak pas giliran orang kmu dukung, jahat itu namanya",2025-05-01T14:27:10.000Z,
twitter,"banyak cara buat kasih edukasi tentang vasektomi. walau banyak yang akan kontra awalnya, tapi ya itu proses. ga semuanya harus instan. dan gagasan blio ini kalau direalisasikan udah melanggar ham. negara ga berhak ngurus ke ranah privasi kaya gitu.",2025-05-01T14:26:29.000Z,
twitter,"Gua gamau diskusiin ttng knp warga miskin punya byk anak, entah krn itu cara mereka secure masa depan mereka ataupun rekreasi. Point disini adalah aku menekankan ttng miskin yg terstruktur & vasektomi yng terkesan menjadi alat transaksional. Jgn geser gawang ka.",2025-05-01T14:26:15.000Z,
twitter,Vasektomi merupakan tindakan sterilisasi pada laki-laki yang dilakukan dengan cara memotong dan mengikat saluran sperma kiri dan kanan. #Nusantara #AdadiKompas,2025-05-01T14:25:46.000Z,
twitter,"tapi fakta lapangannya sekarang banyak perempuan yg ngalah dengan tubektomi. ga cuma tubektomi, kb suntik, minum pil, kb iud. sekarang laki2 disuruh gantian berkorban kok gamau?? lagian bukan paksaan, kalo mau bansos ya vasektomi kalo gamau yaudah gausah",2025-05-01T14:25:42.000Z,
twitter,"cari situs gacor?
Join sekarang juga link hanya di BIO
Mecima Jamu SN QN 1 juta Cantika Vasektomi Top 3 refund",2025-05-01T14:23:01.000Z,
twitter,"Kalo misalkan elu yang dipaksa vasektomi buat dapet public goods yang emang seharusnya diprovide pemerintah gimana? Mau lu?

Pemerintah sih bisa bikin alesan ini itu buat membenarkan lu mesti divasektomi.

Gimana mau gak?

Kalo nggak mau lu pengecut tolol namanya, anjing.",2025-05-01T14:22:49.000Z,
twitter,"Jabar dah terlalu sempit, banyak pengangguran dan banyak yg miskin nya juga. Saatnya pemprov jabar lebih peduli dengan warganya. Yg bukan warlok bersuku sunda harus di vasektomi ini adalah sebuah solusi biar jumlahnya ga bertambah dulu kalo mereka masi mau tinggal di jabar",2025-05-01T14:22:47.000Z,
twitter,"hmmmm tbh aku ga setunu sama ide blio. vasektomi, iya ok setuju. pemaksaannya big no!",2025-05-01T14:21:49.000Z,
twitter,"""T-tapi kan dia gak dipaksa.""

Bagi sebagian orang, bansos itu lifeline. Pilihan mereka secara realistis itu antara MATI KELAPARAN atau vasektomi. Ini pemaksaan in everything but the name.",2025-05-01T14:20:30.000Z,
twitter,Vasektomi merupakan tindakan sterilisasi pada laki-laki yang dilakukan dengan cara memotong dan mengikat saluran sperma kiri dan kanan. #Nusantara #AdadiKompas,2025-05-01T14:19:41.000Z,
twitter,"Ya kan tujuan vasektomi kb. Kalo dah punya anak goal dari 1 2 3 4 5 anak terserah keluarga baru deh vasektomi, ngapain fasis. Growing up around middle lower class lihat banyak anak suffering itu udah jengah lihatnya",2025-05-01T14:19:33.000Z,
twitter,"Mjb, knp menurut mu itu termasuk menyakiti diri ya? Bukannya tujuannya jelas, manfaat secara medis nya juga jelas dan prosedur nya dilakukan sama tenaga profesional. Trs, kalau dibandingkan dgn efek KB, vasektomi cenderung lebih ringan efek sampingnya. *bertanya dgn nada lembut",2025-05-01T14:15:51.000Z,
twitter,Vasektomi= KB buat laki-laki,2025-05-01T14:15:48.000Z,
twitter,"Secara elektabilitas, sangat possible buat meraup kemenangan.
Selama Dedi mainnya gak jorok banget kayak masalah vasektomi kemaren udah sih bisa menang lagi.",2025-05-01T14:15:42.000Z,
twitter,udh vasektomi ya,2025-05-01T14:12:53.000Z,
twitter,Vasektomi merupakan tindakan sterilisasi pada laki-laki yang dilakukan dengan cara memotong dan mengikat saluran sperma kiri dan kanan. #Nusantara #AdadiKompas,2025-05-01T14:12:15.000Z,
twitter,"Vasektomi merupakan prosedur kontrasepsi (pengendalian kelahiran) permanen pada pria, yang dilakukan dengan cara memutus penyaluran sperma ke air mani.",2025-05-01T14:11:16.000Z,
twitter,Gua ga setuju dengan pemaksaan vasektomi. Tapi reaksi laki-laki terhadap vasektomi ini lumayan menarik dan sangat hipokrit.,2025-05-01T14:11:04.000Z,
twitter,Segitu takutnya vasektomi disetarain dengan KB. Double standard kalo urusannya udah keganggu. Padahal perempuan menanggung side effect dan pressure KB dari lama sekali.,2025-05-01T14:11:03.000Z,
twitter,"iya maaas tau, cuma mungkin pemerintah mengadakan vasektomi sebagai langkah paling awal, ini upaya memberantas kemiskinan aja kok bang bukan bikin punah",2025-05-01T14:09:47.000Z,
twitter,"Kau sendiri yg buat analogi Ferrari yg logical fallacy ini. Butuh 2 org utk buat anak. Butuh 2 org jg utk stop buat anak. Vasektomi TIDAK
membunuh otonomi badan spt yg kau blg. Hormone storm KB yg membunuh otonomi badan BEBERAPA perempuan.",2025-05-01T14:08:53.000Z,
twitter,"Udah lah ngga mau vasektomi, pake kondom pun ngga mau. Emang brengsek.",2025-05-01T14:07:18.000Z,
twitter,"Dari yg gue perhatiin banyak laki-laki yg mendadak jadi ""pejuang otoritas tubuh,"" bukan karena mereka sadar dan peduli, tapi karena egonya tersinggung. Mirisnya, yg kontra vasektomi ini mostly laki-laki patriarki yg masih nganggep KB itu kewajiban perempuan",2025-05-01T14:07:18.000Z,
twitter,"yg bilang gamau siapa cobak?

kan gua bilang di sini, gua jg pro sama vasektomi nyed, supaya KB tuh ga melulu dibebankan ke perempuan

tp plis tolong pake pendekatan yg PERSUASIF

h elah kalimat gue yg ini diskip mulu, dianggep gue nentang vasektomi ah tot",2025-05-01T14:05:19.000Z,
twitter,"Actually, aku kurang setuju sama ide wajib vasektomi buat penerima bansos. Ini bukan cuma soal tanggung jawab atau biar “semua mau vasek”, tapi lebih ke masalah hak asasi dan kebebasan tubuh setiap orang. Reproductive rights itu bukan cuma buat perempuan, tapi juga laki-laki.",2025-05-01T14:05:05.000Z,
twitter,"Thisss
Pada ngomong ngatur badan. Lu tuh wajib vasektomi kalau mau ambil beasiswa dan bansos. Jangan lu ngemis bansos tapi bikin anak mulu",2025-05-01T14:03:24.000Z,
twitter,"Tiongkok kalo ngga ada kebijakan 1 anak, mungkin berakhir seperti India juga kemiskinannya(?) lagipula syarat vasektomi minimal 2 anak",2025-05-01T14:02:19.000Z,
twitter,"Ada masa validnya gak tuh vasektomi, dok?",2025-05-01T14:01:58.000Z,
twitter,"akankah ada domino effect yang menimbulkan kebijakan nyeleneh lainnya? ini masalah sulit banget sih, fokusnya menurut aku tetep harus perbaiki pendidikan :// percuma vasektomi tapi pendidikan ga dibenerin malah berpotensi menimbulkan tindak kriminal lainnya dahh",2025-05-01T14:01:17.000Z,
twitter,"bahkan ada yang akhirnya ga kuliah dan ngerasa stuck hidupnya karena harus bantu ekonomi keluarga, jangankan kuliah bermimpi buat kuliah aja sampe ga berani, kalo diliat hitam putih emang kayanya vasektomi ini solusi instan sih, tapi konsekuensinya banyakan mudharat atau manfaat?",2025-05-01T14:01:16.000Z,
twitter,Vasektomi merupakan tindakan sterilisasi pada laki-laki yang dilakukan dengan cara memotong dan mengikat saluran sperma kiri dan kanan. #VideoBerita #AdadiKompas,2025-05-01T14:01:13.000Z,
twitter,Kasih tau gw dong wacana vasektomi KDM itu seperti apa? Apa aja ketentuan2nya?,2025-05-01T13:56:41.000Z,
twitter,"emg indo nih ga pemerintah ga warganya sama-sama kocak, pantes ga maju-maju. bisa ga sih org miskin stop beranak? gue dukung bgt program vasektomi buat org miskin yg hobi beranak. dan buat pemerintah, kerja yg bener lu pada sialan, atasi kemiskinan ini bkn memperkaya diri sendiri",2025-05-01T13:56:30.000Z,
twitter,"yaudah balik kesini, menurut lu anak2 ini harus membayar kesalahan bapaknya yg ga bener dan gamau vasektomi? atau kalo bahkan ada bapak yg bener nafkahin anaknya yg cuma 2 orang tapi takut operasi vasektomi tetep dihukum ga dapet bansos? is it justice?",2025-05-01T13:54:42.000Z,
twitter,"tahan dulu perkara vasektomi, kemiskinan struktural, apalagi ijasah

ayo bantuin twit2 demo aksi biar naik, minimal donasi like  di postingan #MayDay #KitaSemuaPekerja dsb

karena media sudah dibungkam gak akan terlalu ekspos berita",2025-05-01T13:54:29.000Z,
twitter,"Gila ya ada pula yang dukung pemaksaan vasektomi melalui bansos dengan alasan keluarga miskin gak pantas punya anak lebih dari dua, lu mikirin nasib anak2 yg lahir dikeluarga miskin dengan cara menghilangkan hak hidup, kemiskinan itu struktural selesaikan dari faktor penyebabnya!",2025-05-01T13:54:08.000Z,
twitter,"Untuk membantah argumentasi ku ini, kalian harus membantah P1; dan aku yakin, hampir semua argumentasi/alasan kalian untuk menolak vasektomi orang bodoh, juga berlaku untuk menolak vasektomi orang miskin sebab strukturnya mirip.",2025-05-01T13:53:56.000Z,
twitter,"Misal: bantuan pendidikan untuk orang dengan IQ < 85 (borderline intellectual functioning) harus vasektomi dulu. 

Rata-rata IQ orang Indonesia kan sekitar 78, mampus tuh rata-rata bakal kena vasektomi. Wkwk",2025-05-01T13:53:55.000Z,
twitter,"Klo masih ngotot vasektomi orang miskin, berarti konsekuensi dari P1 harus kalian terima lewat modus ponens: vasektomi juga orang bodoh. 

Well dengan gini aku yakin kebanyakan orang-orang kaya kalian yg mendukung kebijakan-vasektomi-orang-miskin juga bakal ikut kena vasektomi",2025-05-01T13:53:54.000Z,
twitter,"Seperti buat sistem yg kokoh perihal distribusi kekayaan dan social mobility, ciptakan lapangan kerja yg layak, perluas juga akses pekerjaan tersebut, dll.

Cukup jelas kan ya? Tapi klo ada yg masih ngotot untuk menerapkan kebijakan vasektomi orang miskin...",2025-05-01T13:53:53.000Z,
twitter,"Aku kasih argumentasi konkret untuk anti kebijakan vasektomi.

P1: Klo orang miskin boleh dikondisikan untuk divasektomi atas dasar memberantas kemiskinan, maka orang bodoh juga boleh dikondisikan untuk divasektomi atas dasar memberantas kebodohan.",2025-05-01T13:53:50.000Z,
twitter,"Solusi vasektomi emang baik, dari dulu udh di sosialisasi kalo 2 anak lebih baik. Cmn tolong dong gak cmn harus vasektomi tapi imbangin sama kasih lapangan pekerjaan kek. Bansos cmn jangka pendek, banyak yg gabisa muterin. Harus dibina kalau mau muterin duit buat jadi usaha.",2025-05-01T13:53:39.000Z,
twitter,“Orang Miskin kalau mau terima bansos harus vasektomi”,2025-05-01T13:53:18.000Z,
twitter,"Aku kasih argumentasi konkret untuk anti kebijakan vasektomi.

P1: Klo orang miskin boleh dikondisikan untuk divasektomi atas dasar memberantas kemiskinan, maka orang bodoh juga boleh dikondisikan untuk divasektomi atas dasar memberantas kebodohan.",2025-05-01T13:53:50.000Z,
twitter,"Solusi vasektomi emang baik, dari dulu udh di sosialisasi kalo 2 anak lebih baik. Cmn tolong dong gak cmn harus vasektomi tapi imbangin sama kasih lapangan pekerjaan kek. Bansos cmn jangka pendek, banyak yg gabisa muterin. Harus dibina kalau mau muterin duit buat jadi usaha.",2025-05-01T13:53:39.000Z,
twitter,“Orang Miskin kalau mau terima bansos harus vasektomi”,2025-05-01T13:53:18.000Z,
twitter,"iya kayake emg terstruktur ene, lha itu uu timah, pagar laut yg tersangkanya bebas, danantara yg dipegang tokoh2 korup semuanya amblas.. ini buzzer KDM malah menyalahkan rakyat yg  ga mau vasektomi..",2025-05-01T13:52:47.000Z,
twitter,"Vasektomi oke, tapi pemaksaan buat harus vasektomi yang gga baik, lebih baik ningkatin edukasi dan kesadaran masyarakat",2025-05-01T13:51:45.000Z,
twitter,"Yg dukung vasektomi adalah manusia tolol, dimana ke gobloknya memilih untuk mentsop apa yang di takdirkan Tuhan, itulah kegoblokan terdalam sebagai manusia, yg dangkal pikiran nya, dongo nya lebih tolol dari binatang yang terima takdir Tuhan, begitu kegoblokan nya mengakary",2025-05-01T13:50:50.000Z,
twitter,"Memang benar itu pilihan.
Tapi dalam konteks berita di atas, ada baiknya vasektomi. Karena anak sudah 8 juga kan.",2025-05-01T13:50:49.000Z,
twitter,"Contoh pria yang berhasil menjalani vasektomi lalu disambung kembali adalah kasus umum di klinik fertilitas, meski nama spesifik sulit diverifikasi tanpa data publik. Misalnya, banyak pria di AS (5% dari yang divasektomi) melakukan reversal untuk alasan seperti pernikahan baru,",2025-05-01T13:50:44.000Z,
twitter,Kalau vasektomi untuk manusia demi penghematan keluarga sederhana efektif kecil itu yg tak kusetuju dari pendapat anjuran Kang Dedi Mulyadi.Karena Islam tak pernah menyuruh vasektomi.Kalau menurutku masalah vasektomi melanggar sunnah kejantanan.Dan diskip hal itu,2025-05-01T13:50:29.000Z,
twitter,"Pertanyaan gue aja gak elu jawab, emg mau punya berapa anak lagi? Gak lu jawab. Di vasektomi, gak mau.",2025-05-01T13:49:57.000Z,
twitter,Vasektomi sebagai syarat dapat bansos buat orang miskin is so 1984 core ngl ,2025-05-01T13:49:02.000Z,
twitter,"Salah satu syarat vasektomi adalah punya anak 2 atau lebih.

Jadi menurutku ini bukan paksaan sih, karna boleh milih:
1. Punya 1 anak + dapat bansos
2. Punya 2 anak (atau lebih) + gak dapat bansos
3. Punya 2 anak (atau lebih) + vasektomi + dapat bansos",2025-05-01T13:47:17.000Z,
twitter,Beberaoa respon orang perihal vasektomi ini menunjukkan betapa pantasnya negeri ini dipimpin oleh PraGrib.,2025-05-01T13:47:00.000Z,
twitter,"Lu nya aja sensian ama perang gender, padahal gue masukin sama sama konteks kb.
Lu kali ga baca, vasektomi itu ada syarat nya, ya kalo lu punya anak banyak  ya siap lah vasektomi.
Kalau sudah vasektomi, baru deh dapat bansos dan lu fokus buat gedein anak yang banyak itu",2025-05-01T13:46:44.000Z,
twitter,Lagian cowo setelah vasektomi juga masih bsa crot. Ribet amat sih pada udah kyk tytydnya yg bakal dipotong aja,2025-05-01T13:46:42.000Z,
twitter,"Kontra belum tentu krn gak paham vasektomi reversible, lebih karena:
1. Classist: membuat kebijakan hanya menyasar kelas tertentu
2. Semi-mengancam (melanggar HAM): dijadikan syarat mendapat bantuan pemerintah, padahal pemenuhan kesejahteraan masy miskin wajib dan diatur di UU",2025-05-01T13:46:27.000Z,
twitter,"Aku ga bilang klo vasektomi itu solusi kak. justru aku takut klo vasek, si pemerkosa ini jd semena” karna tau dia gaakan bikin hamil korbannya jd makin berani gt loo ",2025-05-01T13:46:26.000Z,
twitter,"paham kok klo km mendukung kebijakan pemerintah untuk vasektomi orang yg butuh bansos dan punya anak lebih dari 2, tapi km percaya gitu aja sama kebijakan fasis ini, sementara pemerintah bisa mengentaskan kemiskinan dengan cara yg lebih bermoral",2025-05-01T13:46:18.000Z,
twitter,"Hari ini Laki"" dipaksa vasektomi, dan besok, lusa atau tahun depan giliran yg wanita yg dituntut ini itu oleh penguasa. dgan ""ancaman"" gak dapat bansos, bla..bla..bla...",2025-05-01T13:45:56.000Z,
twitter,"saat kuliah skitar 4 smster awal gua sambil ngamen di lampu merah. prnah tdr di parit kering, emper toko, hngga atap kampus. 
sedih dngar org dijanjiin bansos dgn syarat vasektomi. 
yg mau ngasih mrasa uang pribadi seenaknya ngasih syarat ini/itu.
klo ada yg nurut, sedih bgt sih.",2025-05-01T13:44:57.000Z,
twitter,"- satu, opini lu jelek
- dua, vasektomi yang dipaksakan apalagi oleh alat negara itu bisa dibilang mengarah ke fasisme",2025-05-01T13:44:40.000Z,
twitter,"At least ini bisa jd langkah to prevent oopulasi yg bludak.

Research gw soal vasektomi dan vasovasostomy",2025-05-01T13:43:11.000Z,
twitter,"suaminya kerja,, ehh istrinya malah di uhh ahhh tetangga

Kamis pagiii siang vasektomi malam Jumat libur 1 juta ready",2025-05-01T13:42:33.000Z,
twitter,"belum lagi kalo kita bicara anak2 dari bapak yg ga bener yg gamau vasektomi ini ga dapet bansos, untuk memenuhi kebutuhan hidup sehari2 bisa2 terpaksa ambil jalan kriminal, lalu ga dapet beasiswa yg berarti gaada perubahan pola pikir, alhasil mengulang lagi seperti bapaknya dulu",2025-05-01T13:42:25.000Z,
twitter,"discourse yang muncul dari kebijakan vasektomi itu menarik banget sih. seketika feminism, classism, fascism, dan isme isme yang lain langsung naik ke permukaan wkwkwk. cue manifesto by efek rumah kaca pls",2025-05-01T13:42:06.000Z,
twitter,Duh salah lagi maksudnya vasektomi kebiasaan salah dan ngetiknya emosi.,2025-05-01T13:41:47.000Z,
twitter,dari beberapa argumen vasektomi nih gua beneran jadi sadar pride cowo tuh sebatas bisa ngewe doang wkwkwkkwkaka disgusting.,2025-05-01T13:41:42.000Z,
twitter,"tolol anjir, ga ada yg bilang vasektomi=kebiri padahal ",2025-05-01T13:41:37.000Z,
twitter,"Jadi ironi karena KDM mencitrakan dirinya pro masyarakat adat (dlm hal ini Sunda), tp usulin ide vasektomi macam itu",2025-05-01T13:41:32.000Z,
twitter,"ini gmn ya dokter kok kurang open minded yaa.. pdhl dengan vasektomi membantu keluarga yg kekurangan dlm segi finansial agar hidup anaknya jg lebih baik, maaf dok menuruf sy vasektomi bkn hal bnr jg bkn hal yg salah ada sisi positif nya msng² dan keelbhnya",2025-05-01T13:41:04.000Z,
twitter,"Apakah keputusan itu salah? Menurut saya tdk. Karena keputusan itu mereka ambil secara sadar, sesuai kemampuan mereka sendiri.
Tapi jadi masalah kalau mereka ikut program KB karena terpaksa. Misalnya, kalau tidak ikut KB (seperti vasektomi), mereka tidak dapat bansos.",2025-05-01T13:40:56.000Z,
twitter,"Kalau gak mau vasektomi ya pake kondom lah, ntar ngeluh ke istrinya karna gak enak pake pengaman, ujung2nya istri suruh KB keliatannya sih gak dipaksa sama pemerintah tp dipaksa keluarga secara halus wkwk",2025-05-01T13:40:49.000Z,
twitter,"Oiya, gw mau dukung vasektomi si Hercules dan para tentara dan polisi cabul.",2025-05-01T13:40:48.000Z,
twitter,Pelaku tawuran wajib vasektomi biar ga menurunkan gen tawurannya ke anaknya,2025-05-01T13:40:34.000Z,
twitter,"Vasektomi Bisa Dibalikkan (Reversi), Tapi... tergantung teknik dan lama sejak vasektomi. Success rate-nya bervariasi antara 40-90%

Alternatif lainnya:
1 Penyedotan Sperma (PESA/TESE): Diambil langsung dari testis, lalu IVF/ICSI.
2. Bank Sperma Sebelum Vasektomi (sbg cadangan).",2025-05-01T13:40:17.000Z,
twitter,"Meysa boba jumbo pink padat

Siang Nyetrika Vasektomi Mimi HARI INI Sejarah Baila

#dood",2025-05-01T13:39:19.000Z,
twitter,"sekali lg, Vasektomi is a reversible act dengan kemungkinan berhasil sebanyak 90++% dan KALAU lu mau dpt bansos, saat lu punya anak diatas 2 dan ga sanggup secara ekonomi lu baru dpt bantuan.
Paksaan itu kalo lu ga vasectomy dipenjara itu baru paksaan.",2025-05-01T13:39:04.000Z,
twitter,"Berarti klo bener direalisasi, kecuali muslim semuaa bisa vasektomi wkwkwk",2025-05-01T13:38:36.000Z,
twitter,"also, try to fulfill the basic needs yang mana ekonomi baik itu jadi penopang kewarasan dan akal sehat. Baru kemudian pelan2 counter narasi kolot soal banyak anak banyak rezeki dan seabrek logika mistika lainnya. Ini semua root cause nya, bukan malah tbtb vasektomi.",2025-05-01T13:38:23.000Z,
twitter,"Ada satu temenku yg pas kebobolan hamil anak ketiga dia lgsg minta digugurin mumpung belum sebulan. Krn dia menolak buat punya anak lagi, untung suaminya oke. Tp gantinya dia pake KB yg bikin dia naudzubillah naik BB bgt sedangkan suaminya nolak vasektomi.",2025-05-01T13:38:04.000Z,
twitter,"Permasalahan pemerkosaan itu, bukan vasektomi solusinya sih kak. jadi menurutku ga akan saling berpengaruh satu sama lainnya..

tetep ada cairan yg bisa dideteksi kalo terjadi pemerkosaan kok. jadi bukan akan menjadi sebab akibat ya kak soal vasektomi dan pemerkosaan ini ",2025-05-01T13:37:17.000Z,
twitter,"hari buruh bukannya makin solid sesama kelas pekerja, malah jd pelanggar HAM dukung program vasektomi sbg syarat bansos ",2025-05-01T13:36:09.000Z,
twitter,suruh suaminya vasektomi kak,2025-05-01T13:35:00.000Z,
twitter,"asumsinya kalo diwajibkan artinya bakalan ada subsidi buat vasektomi. kenapa ga ditambah sama program² yang lebih bisa ngatasin sampe ke akar aja. ada teknologi baru namanya sosialisasi. vasektomi itu baik, tapi kalau dengan ancaman pemotongan bansos itu udh kelewatan.",2025-05-01T13:34:34.000Z,
twitter,"i know maksud dari tujuan twit ini, however di sisi lain juga jadi enabler/didukung para patriarkis yg anti vasektomi dan yg maunya semua dibebanin ke perempuan dan bilang ""nah ini bener ini!""",2025-05-01T13:34:02.000Z,
twitter,"lalu sekalipun ada bapak ga bener yg mau vasektomi, apa yg membuat mereka gaakan menggunakan tuh duit bansos buat judol, buat beli HP, atau apapun lagi? apakah ada jaminannya? sekali lagi jangan utopis seakan2 tuh duit bakal dipake bener",2025-05-01T13:33:53.000Z,
twitter,Peluang ekonomi terbuka lebar. Kapan saja kita bisa naik kelas atau turun kelas. Gak paten orang miskin akan selalu miskin. Vasektomi itu permanen. Mestinya tanpa paksaan. Ini negara demokrasi. Bahkan memilih Presiden pun tidak boleh dipaksa. Kok bisa vasektomi dipaksa.,2025-05-01T13:33:26.000Z,
twitter,"setelah meninjau lebih dalam, emang ide kebijakan vasektomi di jawa barat itu solusi MALES buat mengatasi kemiskinan. kalo mau mengatasi masalah ini harusnya investasi di edukasi jangka panjang, minimal² banget kasih insentif. lah ini malah motong hak dasar kaum proletar.",2025-05-01T13:32:37.000Z,
twitter,"Perempuan memang sering terbebani KB karena tekanan sosial atau relasi kuasa. Tapi by law, gak ada yang memaksa . Itu beda dengan wacana memaksa laki-laki vasektomi lewat aturan, karena di situ, pilihan diambil paksa.",2025-05-01T13:30:54.000Z,
twitter,Yang belum tau vasektomi coba simak,2025-05-01T13:30:45.000Z,
twitter,"Memang bagus kok kak, aku bertanya barangkali ada penjelasan lain tentang vasektomi ini yg bisa bikin aku gak takut lagii gituu ",2025-05-01T13:30:32.000Z,
twitter,apa yg membuat lu berpikir kalo bapak ga bener ini bakalan mau vasektomi cuma karena bansos? kalo menurut lu sedari awal nih bapak ga peduli dengan nafkah lahir batin apa yg bikin mereka tiba2 jadi peduli terus mau vasektomi? jangan utopis seakan2 bakalan langsung pada mau,2025-05-01T13:30:01.000Z,
twitter,"Pada lebih milih punya banyak anak yg jelas pengeluarannya lebih gede ketimbang vasektomi. Lagipula yg vasektomi kan dianjurkan yg udah punya anak sebelumnya. 

Efek sampingnya juga lebih kecil ketimbang selama ini cewe2 yang disuruh kb.",2025-05-01T13:29:44.000Z,
twitter,"Umumnya pasca vasektomi, kehidupan seks justru lebih baik! Karena tidak perlu khawatir kebobolan",2025-05-01T13:29:39.000Z,
twitter,"Iya mentok gak mampu ngatasi kemiskinan kasih solusi vasektomi, gitu ya ada yang dukung dan setuju ide spt itu.",2025-05-01T13:29:03.000Z,
twitter,"Kenapa loo pada ga setuju vasektomi. Kan bagus ngurangi anak, ngurangin biaya kondom + ramah lingkungan juga ketimbang kondom. Yang cowo habis vasektomi juga tetep bisa seks toh malah ga khawatir jadi bayi.",2025-05-01T13:28:29.000Z,
twitter,"HEHEHE... pd ga terima, pdhl simple program KDM ni klo lo mampu yauda lanjut aja gausa vasektomi, ini kan buat yang ga mampu ygy.",2025-05-01T13:28:28.000Z,
twitter,Baca dimana ya? Setau gw itu syarat dr bkkbn yang vasektomi.,2025-05-01T13:28:23.000Z,
twitter,"Alternatif agar tidak melanggar UU
Contoh bansos 500 rb
Bansos tetap tapi dikasih RP 1 rb aja
RP 499 rb insentif untuk vasektomi
Karena besaran bansos itu tidak disebut secara undang2

Skill issue aja sih",2025-05-01T13:28:09.000Z,
twitter,"lah iya tinggal bilang amin.

Kan menurut lu kalau orang miskin sebelum nerima bantuan di mandulin dulu pakai vasektomi.

Ya udah saya doain kamu / keturunanmu miskin untuk membuktikan perkataanmu itu, bahwa orang miskin sebelum dapet bantuan divasektomi dulu.",2025-05-01T13:26:28.000Z,
twitter,Lha vasektomi bisa ngecrot sepuasnya selama dengkul gak copot tanpa khawatir bakal hamil.,2025-05-01T13:25:51.000Z,
twitter,solusi yg kita mau adalah ngasi lapangan kerja. solusi yg dia mampu adalah vasektomi.,2025-05-01T13:25:41.000Z,
twitter,me begging myself to stop qrt-ing opini tolol yang ngebelokin penolakan pemaksaan vasektomi ke masalah women vs men,2025-05-01T13:25:28.000Z,
twitter,"tapi kayaknya pemerintah terlalu males (atau mungkin gamau) ngebikin rakyatnya jadi pinter, dan lebih memilih cara yg gampang yaitu vasektomi ala KDM ini

iya jg sih, lagipula kalo rakyatnya pada pinter, tiap 5 tahun ga akan bisa dimanfaatin lagi dong",2025-05-01T13:25:04.000Z,
twitter,"belom nyampe sana otak gua untuk berdebat terkait vasektomi ini, ada opini dikit gua kek ""iya juga sih..... tapi... ini juga bener sih... tapi... yang lain juga bener sih... "" bener-bener konflik horizontal yang sengit menurut gua",2025-05-01T13:24:29.000Z,
twitter,Orang2 pada sibuk bahas vasektomi tanpa ngeliat banyak faktor lain yang bikin orang miskin beranak pihak. Yang seharusnya lebih disalahkan ya borjuis yang bikin mereka miskin lah,2025-05-01T13:22:46.000Z,
twitter,"yep, karena KB juga bisa bocor. tapi kalo si cowok vasektomi terus si cewe juga KB kan aman?",2025-05-01T13:22:39.000Z,
twitter,+ vasektomi orang miskin,2025-05-01T13:22:37.000Z,
twitter,Nah. Harusnya disetarakan. Adakan juga subsidi bagi yg mau vasektomi. Jadikan ini pos anggaran lain yg sifatnya insentif. Sementara dana bansos yg sifatnya hak jangan dibatasi dengan syarat selain persyaratan masuk kategori miskin atau tidak.,2025-05-01T13:22:00.000Z,
twitter,"Klu mau bikin program vasektomi ya bilang vasektomi bukan syarat untuk mendapatkan bansos, bansos ya bansos syaratnya 1,kurang mampu
Bansos pake syarat lain itu ibarat orang yg butuh bantuan tapi di tukar dgn syarat itu namanya bukan bansos tapi transaksi atau upah",2025-05-01T13:21:02.000Z,
twitter,"Bentar, ini lagi ngomongin pemaksaan vasektomi loh.",2025-05-01T13:20:35.000Z,
twitter,"Ngerti bgt. Makanya pemerintah tu edukasi trs, dan jg permudah akses, bkn malah nyuruh vasektomi dgn embel2 dpt bantuan, itu si sbnrnya 'pemaksaan terselubung'.",2025-05-01T13:20:26.000Z,
twitter,Yg kaya sdh banyak yang vasektomi gaes,2025-05-01T13:20:17.000Z,
twitter,banyak juga kasus vasektomi yang nyambung sendiri tanpa operasi,2025-05-01T13:20:13.000Z,
twitter,Yg kaya saja banyak yang vasektomi gaes!,2025-05-01T13:19:51.000Z,
twitter,"Jujur gk paham sm mereka pdhl dg vasektomi kan mereka jd gk perlu khawatir punya anak malah bisa celup sana sini tanpa meninggalkan ""jejak"", gk punya anak = gk perlu ngasih nafkah. Gk ngerti bagian dirugikannya sebelah mana, kok takut bgt bukannya dlu pernah sunat?",2025-05-01T13:19:50.000Z,
twitter," diajak ke hutan juga langsung di gas
https://poophd.pro/e/dl0qdbllb7ru

edisi kamis malam jumat maljum 1 juta big voucher mecima vasektomi libur tikom",2025-05-01T13:18:37.000Z,
twitter,Benar2 laknat itu orang2 yg ngedukung vasektomi,2025-05-01T13:18:25.000Z,
twitter,"Orang miskin belagu kaya, ga cukup rizkinya punya anak lebih dari 2. Sadaaaar lah gaes.
Anak banyak, tanggungan ortu makin berat.
Jadi tujuan vasektomi agar 2 anak saja cukup sehingga ortu bisa membiayai hidup anak2 tsb dengan layak.",2025-05-01T13:17:39.000Z,
twitter,"oot anjay, vasektomi ga sama dengan kebiri, dah gitu orang korupsi ya tinggal korupsi jir mana ada hubungannya sama kebiri 

mending fokus bahas ini dahhh, bingung bet gua",2025-05-01T13:17:34.000Z,
twitter,Kenali Prosedur Vasektomi yang Diusulkan Gubernur Dedi Mulyadi sebagai Syarat Bansos,2025-05-01T13:16:10.000Z,
twitter,"kalo kagak mau vasektomi ya kagak usah minta bansos, kliatan bgt mental minta minta miskin nya",2025-05-01T13:15:50.000Z,
twitter,"kenapa yg miskin dan 'bergantung' bansos harus vasektomi? karena mayoritas orang miskin yang bergantung pada bansos+beranak terus tu udah pasti suaminya ngeyel. anak banyak, makan susah, ditegur jangan beranak mulu dibilangnya rezeki tuhan dikasihnya anak banyak",2025-05-01T13:15:11.000Z,
twitter,"Itu kan buat yang minta subsidi, syaratnya wajib vasektomi. Heran, ribet lu",2025-05-01T13:14:35.000Z,
twitter,"my point:

- pro to vasektomi in general.
- but in this case, itu mau digunakan sebagai kewajiban bagi keluarga yg kurang mampu kalo mau bansos.
- sementara bansos itu wajib diberikan dari pemerintah bagi yg kurang mampu.",2025-05-01T13:13:31.000Z,
twitter,"pada akhirnya program wajib vasektomi ini hanya akan memelihara kemiskinan. yg miskin akan tetap miskin sebagai penerima bansos, positifnya gak nambah anak.",2025-05-01T13:13:30.000Z,
twitter,Ga semua salah. Ada kebijakan yang menurut saya pribadi bagus seperti penyuluhan ke masyarakat dan berani untuk vasektomi itu hal yang baik. Tetapi tetap yang tidak baik pasti akan saya kritik dan kasih solusi. KDM saya akui bagus kinerjanya ga akan saya pungkiri itu.,2025-05-01T13:13:24.000Z,
twitter,Wtf..bansos..setiap org yg gk stuju sma vasektomi kamu kira miskin..kasian idup kamu dunia luas tapi pikiranmu sempit banget,2025-05-01T13:09:05.000Z,
twitter,kamis malam jumat maljum libur tiket 1 juta mecima vasektomi nonton youtube melani,2025-05-01T13:08:50.000Z,
twitter,nah bagi yang mampu membiayai anak dan ga butuh bansos ya ga perlu vasektomi lah,2025-05-01T13:08:39.000Z,
twitter,"RK pasif sampe kita aja gatau apa yg sebenarnya beliau lakuin, ini KDM menurut gua kebalikannya. mungkin yg dibilang ngawur itu bisa jadi efektif dan ga semuanya ngawur juga kok, contoh larangan pungutan wisuda dan study tour. masalah vasektomi okelah itu ngawur tp ya over all",2025-05-01T13:08:28.000Z,
twitter,"Namanya perumpamaan ya harus cari pembanding yang sesuai.
Bandingin vasektomi dengan pindah agama is not it.
Try again.",2025-05-01T13:08:23.000Z,
twitter,"Nah, salah satu regulasi itu adalah dengan mengurangi jumlah anak. Caranya? Vasektomi. Jgn mentang2 fakir miskin dibantu negara trs enak2an aja jd orh miakin tanpa ada usaha utk keluar dari kemiskinan.",2025-05-01T13:08:23.000Z,
twitter,Vasektomi bukannya nggak permanen pak?,2025-05-01T13:08:12.000Z,
twitter,dan akhirnya gaada perkembangan di mereka dan gaada pemahaman kenapa hal itu perlu untuk dilakuin. Apa ada yang bisa menjamin setelah di vasektomi laki-laki itu bisa jadi lebih bertanggung jawab?,2025-05-01T13:08:07.000Z,
twitter,"Emang perempuan dipaksa kb? Setauku itu program pemerintah bentuknya persuasi bukan keharusan. Dan ga salah kalo cowok mau vasektomi, atau pemerintah mau mempromosikan vasektomi. Tapi kebijakannya kurang pas. Seolah paksaan.",2025-05-01T13:07:36.000Z,
twitter,"Sebenernya kalo programnya matang, misal dibatesin setara 2 anak cukup diberi bantuan udah bisa. Dan pembatasan KB buat ibu yg mana ga bagus buat kesehatannya maka dianjurkan vasek. Vasektomi dan pembatasan bansos ga ada salahnya, tapi bagusnya dipisah ga jadi paket lengkap wkw",2025-05-01T13:07:27.000Z,
twitter,"mau vasektomi atau pun ga yaa kan dr individu sndiri2 klo kamuu ora setuju vasektomi ya wes oraa dapat bansos. kerja ajaa bangg hidup ngandelin bansos tp gamau ikuto aturan,  hidup kok di persulit",2025-05-01T13:07:16.000Z,
twitter,vasektomi itu bukan kebiri. gimana sih ini orang....,2025-05-01T13:07:02.000Z,
twitter,"Bukan ham laki bego ham manusia, misal ntar di papua banyak yg ngelawan ya vasektomi aja biar ga beranak lagi, jadinya genosida pelan2. Selesaiin kemiskinan itu yg dibenerin kemiskinannya, bukan ORANG miskinnya dibunuhin",2025-05-01T13:06:32.000Z,
twitter,"Program MBG dapat membantu menciptakan generasi anak-anak yang sehat dan berprestasi, sehingga Indonesia dapat menjadi lebih berjaya. Mari kita dukung program MBG untuk menciptakan masa depan yang cerah bagi Indonesia!

#MBGMembangunSDMUnggul

Mecima 1 juta Libur Melani Vasektomi",2025-05-01T13:06:18.000Z,
twitter,"Diskursus vasektomi naik lagi di X gara2 bapak ono. Udh capek2 para pakar ngadain ICPD 1994. Udah habis 3 dekade harusnya ke arah progresif, ini malah kemunduran. Coercive contraception is the worst option.",2025-05-01T12:57:55.000Z,
twitter,Siapa bilang vasektomi itu permanen?,2025-05-01T12:57:31.000Z,
twitter,"PNS TNI Polri yg ditanggung negara anak 2 istri 1, sisanya ga diurus
Sebenarnya vasektomi itu ruginya apa sih?
Bisa ngaceng? Bisa
Bisa muncrat? Bisa
Loyo ga setelah vasektomi? Kaga
Bisa disambung lg ga kl ntar kelak pengen punya anak lg? Bisa",2025-05-01T12:57:16.000Z,
twitter,"Benar Kiyai, tindakan vasektomi/Tubektomi  dilakukan berdasarkan pertimbangan medis ( dr.  Ahli Kandungan) dan atas persetujuan pasien dan keluarga.",2025-05-01T12:57:07.000Z,
twitter,"Lagipula kebijakan vasektomi bukan membantai tp membatasi, biasanya yg ignore mereka yg ga sadar, yg ga didalam zona dan yg ga merasakan.

Aplg klo cewek yg ga setuju itu udah aneh, vasektomi cowok itu KB paling aman dgn resiko kecil (50:50) bisa pnya anak lg tp msh bisa.",2025-05-01T12:56:52.000Z,
twitter,"additional info, dna itu nyangkutnya di air mani bukan sperma, sementara vasektomi cuman mutus saluran sperma-nya. jadi seharusnya mah org yg divasek dan rapes people masih ada traces of him.",2025-05-01T12:56:14.000Z,
twitter,"emang bener, belajar tentang soshum tuh gabisa diliat dari satu perspektif. meskipun gue setuju sama program vasektomi, tapi bukan berarti jadi ""jahat"" ke golongan ybs. at least gue jadi belajar gimana cara berpikir mereka. ya meskipun pada akhirnya, cara berpikir itu harus-",2025-05-01T12:55:57.000Z,
twitter,"vasektomi is great, tp bukan buat bahan trading",2025-05-01T12:55:29.000Z,
twitter,"Sekarang vasektomi pakai teknik ‘no-scalpel’:

- Tanpa pisau (cukup lubang kecil).

- Tanpa jahitan.

Pulang langsung jalan!
Dokter bilang: ‘Lebih cepat dari cabut gigi.’ ",2025-05-01T12:55:11.000Z,
twitter,"Setelah vasektomi, pria masih bisa ejakulasi (mengeluarkan air mani), hanya saja tanpa sperma di dalamnya.",2025-05-01T12:55:09.000Z,
twitter,"Vasektomi TIDAK pengaruhi:
 Produksi hormon testosteron.
 Ereksi & orgasme.
 Gairah seksual.
Yang ‘dipotong’ cuma saluran sperma, bukan ‘kejantanan’! ",2025-05-01T12:55:05.000Z,
twitter,"Vasektomi sering dikira bikin ‘nggak jantan’ atau sakitnya minta ampun.
FAKTANYA? 

Ini prosedur 15 menit, tanpa jahitan, dan libido tetap NORMAL!
Mau tahu buktinya? 

Simak faktanya",2025-05-01T12:55:04.000Z,
twitter,"sbg pemimpin daerah, sblmnya bupati. KDM pasti paham dgn dinamika permasalahan sosial kemiskinan. niatnya baik, mencegah terjadinya spiral kemiskinan berlanjut. dgn memutus terjadinya kelahiran tanpa perencanaan. lewat vasektomi, ttpi mjd kontroversi ktk dikaitkan dgn Bansos.",2025-05-01T12:44:36.000Z,
twitter,aku pro vasektomi tp ga buat yg diumbar disosmed wkwk yg penting pasangan aja yg tauuu deh,2025-05-01T12:44:32.000Z,
twitter,"Ya suruh aja belio ganti nama program wkwkwk
Vasektomi disamain pindah agama? Bruh",2025-05-01T12:44:28.000Z,
twitter,"Inilah fungsi pendekatan etnografi, dimana kita harus tau perspektif dari ""sih miskin"" itu gimana, biar edukasi yang diberikan sampe sama mereka. Gak menutup kemungkinan masalah vasektomi kalo diwajibkan juga akan berdampak ke yang lain",2025-05-01T12:44:27.000Z,
twitter,Kalau penjabatnya aja masih banyak yg korup mau semua orang miskin di vasektomi kemiskinan juga bakalan ttep ga akan hilang karena anggaran yg harusnya buat rakyat miskin tapi bnyak yg dinikmati sma penjabatnya sendiri,2025-05-01T12:44:23.000Z,
twitter,"Kenapa pemerintah lu bilang memberatkan? Kan cuman disuruh vasektomi biar dapet bansos. Apa susahnya vasektomi? Gak mau vasekkah? Tapi tetep mau bansos kah? Logikanya, kalo kamu mau bansos berarti kamu orang susah butuh bantuan, maka d hindari dulu untuk punya anak",2025-05-01T12:43:13.000Z,
twitter," Tempat Panti Pijat
https://poophd.pro/e/8dbopwf393st
https://poophd.pro/e/c8ts9y7g23jx
https://poophd.pro/e/er1fnolja63d
https://poophd.pro/e/ljhtwcnw3yf5

edisi kamis malam jumat maljum 1 juta big voucher mecima vasektomi libur tikom https://pic.x.com/WIViyr53yc",2025-05-01T12:42:20.000Z,
twitter,Pengen bansos? Vasektomi dulu! KEJAM!!,2025-05-01T12:42:08.000Z,
twitter,"Loh ya gamau vasektomi gaperlu bansos bang. Vasektomi ga ada efek samping, bisa reproduksi sepuas abang.. Kl KB yg lain, efek sampingnya banyaaakk, hormon wanita yg berubah, jd lebih gendut bisa, jerawatan bisa, lebih hitam bisa. Tp abang ky nya g phm y..",2025-05-01T12:40:22.000Z,
twitter,"gue gasuka banget sm org yang masih nyangkutpautin kebijakan kdm soal vasektomi wajib ke gender.. ky... GA NYAMBUNG CUY... 

yang dipermasalahkan itu KEWAJIBAN STERILISASI untuk mendapatkan BANSOS yang udah menjadi HAK buat masyarakat kurang mampu, aneh bgt",2025-05-01T12:40:07.000Z,
twitter,"Iya makanya. Apalagi sekarang aku jg udh jd ibu, rasanya sakit bgt liat badan sendiri. Suami disuruh vasektomi jg ga mau.",2025-05-01T12:40:00.000Z,
twitter,"My titid my choice. Fuck off

For the record, kami pro pilihan dan edukasi vasektomi, tapi tidak kalau dipaksakan.",2025-05-01T12:39:43.000Z,
twitter,"aku setuju dgn vasektomi, dan setuju juga kl miskin gausah punya banyak anak. aku jg setuju dgn pemerintah gabisa gt aja nyuruh gabanyak anak. u minta orang ga banyak anak ya u jg hrs ada ""aksi"" biar ""anak"" skg yg emang uda banyak ini terpenuhi segala kebutuhan melalui ortunya–",2025-05-01T12:39:27.000Z,
twitter,"menarik. tapi kita berbeda pendapat di bagian ""vasektomi dipaksakan oleh negara"". se yang saya baca sih udah banyak perdebatan di kolom komentar kamu sebelumnya, jadi saya ga akan jabarin lebih panjang lagi disini. makasih buat responnya ",2025-05-01T12:39:14.000Z,
twitter,kok bisa vasektomi dianggap kebijakan yg mengganggu ranah privat sedangkan KB yg biasa buat perempuan ga dianggap ranah privat?,2025-05-01T12:39:14.000Z,
twitter,emang vasektomi penis terancam?,2025-05-01T12:38:38.000Z,
twitter," eh tolol, lu baca undang undang nya. Fakir (MISKIN DIPELIHARA NEGARA) GOBLOH BNGT, emng lu kira dengan vasektomi bisa nyelesain kemiskinan, dongo sjw",2025-05-01T12:37:54.000Z,
twitter,"Sebenernya vasektomi bagus sih, tapi apakah sebanding? Soalnya bansos dinegara kita kabanyakan masih sering disunat sama penjabat & masih sering salah sasaran juga 
malah kadang orang yg beneran miskin malah ga dapet bansos",2025-05-01T12:37:14.000Z,
twitter,"Setuju. FYI kalo ga salah waktu periode tertentu, purwakarta pernah jadi daerah yang paling banyak melakukan vasektomi, soalnya dari pemerintah ngasih hadiah berupa dana buat orang yang mau vasektomi.",2025-05-01T12:37:10.000Z,
twitter,kemiskinan bisa diminimalisir salah satunya dgn perencanaan keluarga. mempertimbangkan kemampuan ekonomi dan keuangan. disesuaikan dgn jmlh anggota keluarga yg akan dibentuk. metodenya dgn pencegahan kelahiran. lewat cara seperti vasektomi yg  keefektivannya tinggi.,2025-05-01T12:36:53.000Z,
twitter,"Imo, laki2 yg udah tau hidupnya susah tapi mau anak banyak, artinya sense of responsibility nya rendah.

Tapi emang pusing sih untuk stop lingkaran setan ini. Ngasih kerjaan nanti mereka kebiasaan disuapin, ga dikasih tambah miskin. Mungkin ide vasektomi muncul dari situ.",2025-05-01T12:36:35.000Z,
twitter,edisi kamis malam jumat maljum 1 juta big voucher mecima vasektomi libur tikom,2025-05-01T12:36:26.000Z,
twitter,"jelas2 u reply ke pembahasan soal gmn ada kontradiksi antara vasektomi dgn anti pendidikan seks, masih aja ngotot ga nyambung. mau ngotot itu bukan hak maupun gmn itu jatuhnya penekanan juga udh terjawab di UU",2025-05-01T12:36:02.000Z,
twitter,"Sebenernya kalo ngomongin HAM, hak kita kan untuk beranak pinak ya, tp apakah kita punya hak untuk beranak sebanyak yang kita mau tanpa mempertimbangkan HAK calon anak kita? Soalnya vasektomi ini kan bukan usaha untuk melarang, tp membatas jumlah anak yang lahir di klrg miskin",2025-05-01T12:35:30.000Z,
twitter,"Kemaren2 kemana aja lo pada woi disaat cewe2 disuruh KB biar ga kebanyakan anak keknya ibu2 keep calm aja deh, kok cowo disuruh vasektomi malah pada kebakaran jenggot?",2025-05-01T12:34:41.000Z,
twitter,"Ini solusinya gimana? Bagaimana pemerintah tanggung jawab karena mewajibkan?

Kalau saya sukarela Vasektomi ya beda.

Makanya program ini harus jelas hulu hilir nya. kalau ada kasus gini, atau case lain.

Ini bisa terjadi di kamu juga. Harus jelas analisis nya.",2025-05-01T12:33:53.000Z,
twitter,"Malam Mecima Udah H-2 Cewe Gila Melani Djarum Selamat Hari Buruh MayDay AQEELA RUSH UNITED Alwi Tikom Libur 1juta Vasektomi
auracinta
https://doodauracintaviral.blogspot.com
kara9mnt
https://doodkaraviral.blogspot.com
elga5mnt
https://doodelgaviralterbaru.blogspot.com
blackmria
https://doodblackmarria.blogspot.com https://pic.x.com/J3xwlFmhV4",2025-05-01T12:33:32.000Z,
twitter,"vasektomi saja kalau mereka mah..
setuju gue",2025-05-01T12:32:54.000Z,
twitter,"Kemiskinan itu bukan kondisi permanen. Misalnya ada golongan menengah punya anak 3 tbtb jd golongan miskin. Apa org baru miskin ini wajib vasektomi utk mendapat bansos/beasiswa?

Miris bgt, melihat kaum miskin sbg beban. Disantunin guys disantunin, berlemah lembutlah",2025-05-01T12:32:30.000Z,
twitter,"Aku juga sudah baca opini pak Anies dari sudut pandang masyarakat miskin. Tapi opiniku tetap gak berubah. Untuk masyarakat yang berpotensi gak bertanggung jawab terhadap anak, himbauan tegas untuk vasektomi itu perlu. Sama aja kan dengan himbauan KB untuk perempuan",2025-05-01T12:32:29.000Z,
twitter,"Kok ada ya orang yang mendukung pemerintah memaksa warganya vasektomi?

Wkwkwkwk goblok banget.",2025-05-01T12:32:15.000Z,
twitter,"KDM ngadain vasektomi pada koar-koar, apalagi langsung kebir1 ya,",2025-05-01T12:32:03.000Z,
twitter,"Dedi mengusulkan agar pria prasejahtera yang ingin menerima bantuan sosial atau beasiswa diwajibkan menjalani vasektomi.

Tujuannya untuk menekan angka kelahiran, mencegah anak terlantar, dan memastikan bantuan lebih merata. Bahkan, warga yang bersedia akan diberi insentif Rp500",2025-05-01T12:31:56.000Z,
twitter,Anjir.jadi alasan borju tone deaf dukung KDM vasektomi supaya depopulasi org miskin krna dianggap mengotori blok m? Borju2 fasis sialan yg tone deaf memang hrus diberi pelajaran ttg perspektif kelas.,2025-05-01T12:31:55.000Z,
twitter,"And yet bansos adalah tanggung jawab pemerintah terhadap rakyatnya. Knp hrs ada kewajiban vasektomi dulu baru bisa dpt bansos? Trs yg bisa dpt bansos cuma yg udh punya anak 2? 

Agree with ur point abt hak anak buat hidup tho-",2025-05-01T12:31:51.000Z,
twitter,Seeing abt these vasektomi penerima bansos membuat gue bersyukur bapak gue dlu gamau nambah anak karna trauma liat mamak lahiran,2025-05-01T12:31:20.000Z,
twitter,"Saya gak ada concern tentang beli kondom lah dll lah. Alhamdulillah saya ada rezeki anak dan diberi rezeki cukup.

Tapi kalau seandainya saya jatuh miskin, lalu saya berkebutuhan bansos dan harus Vasektomi. Terus Alhamdulillah saya bisa makmur lagi, dan ada musibah anak meninggal",2025-05-01T12:30:58.000Z,
twitter,"Kalo ternyata dgn punya anak sebanyak banyak itu kita gk bisa menjamin kehidupan yang layak bukannya disini jdi kita yg melanggar HAM? Toh, vasektomi jga salah satu syaratnya kalo udh punya jumlah anak yg ideal, kan, jd apakah masih melanggar HAM? (Beneran tanya)",2025-05-01T12:30:36.000Z,
twitter,"Kok ga nyambung. Permasalahannya kan cm terima bansos ato ga terima
Bansos itu bukan hak kalian lho, itu pemberian, bukan hak.

Mau bansos? Ya jgn beranak banyak2, caranya? Vasektomi
Mau beranak banyak? Ya berarti mampu, ga perlu bansos",2025-05-01T12:30:07.000Z,
twitter,"@DediMulyadi71
 ini salah pak Gub.(vasektomi itu)",2025-05-01T12:29:50.000Z,
twitter,kalau laki2 dipaksa vasektomi berarti misandris dong?! ,2025-05-01T12:29:05.000Z,
twitter,"Semisal udah vasektomi setelah punya 2 anak, tetapi pendidikan dan lapangan kerja belum terjamin. Apakah 2 anak itu pemikiran dan ekonominya akan meningkat? Dari 2 anak itu nanti akan ada 4 anak baru yang serupa, bukan memberantas tapi cuma mengurangi laju kemiskinan",2025-05-01T12:28:54.000Z,
twitter,Seru x bacain perdebatan vasektomi,2025-05-01T12:28:47.000Z,
twitter,"Bukan, concern saya adalah gimana kalau ada kasus seperti itu? Apa gak kasihan sama yang kasus seperti itu?

Kecuali dia suka rela Vasektomi. Bukan kewajiban, gak masalah.",2025-05-01T12:28:18.000Z,
twitter,"not against the concept: siapkan diri sblm punya anak, jgn asal punya anak. BUT, utk menjadikan vasektomi sbg SYARAT terima bansos itu melanggar HAM + amanat UUD. Fakir miskin dan anak terlantar dipelihara oleh negara, itu amanat. Itu namanya 
@DediMulyadi71
  membangkang thd UUD",2025-05-01T12:28:17.000Z,
twitter,"oh hitler gonna loves you kid and India is our real example of ""vasektomi"" adalah kebijakan cacat, sampe skrng kemiskinan mereka masih tinggi dan mereka masih jadi negara terpopulasi paling banyak di dunia kan?",2025-05-01T12:27:47.000Z,
twitter,"1. Menurunkan jumlah penduduk dengan paksa tuh contoh nya seperti apa? 

Vasektomi sendiri diperbolehkan jika dalam keluarga sudah ada 2 anak.
Terus menurut lo nih.. anak- anak yang lahir dari keluarga miskin, yang di KDRT, dipukulin, disuruh kerja diusia dini, itu bukan termasuk",2025-05-01T12:27:43.000Z,
twitter,"Don't get me wrong, gw setuju setuju setuju banget kalau KB itu seharusnya laki-laki yang vasektomi, dengan catatan emang itu pilihan mereka. Kalau pemaksaan gini salah, akhirnya negara cuma bergantung kepada solusi jangka menengah gini.",2025-05-01T12:27:06.000Z,
twitter,"This isn't about gender tho, pemaksaan sterilisasi ini pelanggaran HAM, maksa vasektomi aja negara berani, kedepannya kemungkinannya perempuan malah diwajibkan KB kalau kebijakan ini dinilai tidak berhasil. Kalau negara udah melanggar, apa yang bisa buat mereka berhenti?",2025-05-01T12:27:05.000Z,
twitter,"Tapi bukannya ini cuman buat yg mau dpt bansos? Jdi klo gk mau dpt bansos, gk perlu vasektomi & kalau ngomongin HAM, kita memang punya hak untuk beranak, tp apakah kita punya hak untuk beranak sebanyak yg kita mau?",2025-05-01T12:26:38.000Z,
twitter,"this!
orang kurang mampu itu bukan harus vasektomi, tapi harus diangkat derajatnya biar :
- punya pekerjaan
- punya pendidikan
- pangan sandang papan terpenuhi

percayalah ketika semua itu dilakukan org akan vasektomi secara alami kok",2025-05-01T12:26:21.000Z,
twitter,"this!
orang kurang mampu itu bukan harus vasektomi, tapi harus diangkat derajatnya biar :
- punya pekerjaan
- punya pendidikan
- pangan sandang papan terpenuhi

percayalah ketika semua itu dilakukan org akan vasektomi secara alami kok",2025-05-01T12:26:21.000Z,
twitter,karena hidup di Majalengka kalo udah punya kerja pun ke itungnya cuma buat bertahan hidup sendiri. jadi harusnya orang sini udah pada ngerti karena keadaan. jadi sukses tuh vasektomi nya,2025-05-01T12:25:46.000Z,
twitter,"Bansos di cabut tidak berdampak apapun, beda dgn vasektomi dicabut apakah berdampak dgn kesehatan, tingkat kesuburan,kejantanan ...???",2025-05-01T12:25:26.000Z,
twitter,"eh ak setuju aja sama vasektomi kalo orangnya emg mau ya, tpi nggak setuju sama program KDM, makasih",2025-05-01T12:25:09.000Z,
twitter,"yaelah pemikiran kuno ajg, masalah vasektomi aja di permasalahin bangst. vasektomi gak bikin lu gak bisa ngaceng ya ajg, gak bikin mandul, gak bikin gagal ew3an. terus masalahnya dimana cok? malah enak bisa ngew tanpa pake pengaman. lagian itu kebijakan buat yang mau mau aja aja",2025-05-01T12:24:19.000Z,
twitter,"pdhl vasek tuh gabakal ganggu pas ngewe nanti, malah lbih enak tanpa mikirin harus di dlm apa luar, meskipun masih ada kasus dimn suami vasek ttp bisa menghamili, mknya cwo jgn my body my choice mulu klu vasektomi pun dianggap titit ny yg dipotong",2025-05-01T12:24:14.000Z,
twitter,"Atau mungkin ga perlu vasektomi, tapi dikasih sanksi tegas buat orangtua modelan begitu",2025-05-01T12:23:46.000Z,
twitter,"sekedar sosialisasi pentingnya vasektomi tuh udah ga mempan. krn mereka males repot, males ribet, ngerasa ga perlu dll",2025-05-01T12:23:38.000Z,
twitter,"jadi penasaran, wdyt about kb pills? kenapa orang2 baru mulai speak up tentang vasektomi padahal perempuan udah dari kapan tau harus minum pill kb?? yang everyone knows there's side effects we have to pay for that???",2025-05-01T12:23:32.000Z,
twitter,"Kalau emang masyarakat indo mau sukarela vasektomi yaa bagus kak. Tapi kalau tipikal bapak 7 anak yang bawa-bawa ""haram di agama"" tapi nelantarin anaknya, ini sepertinya perlu himbauan lebih tegas. Aku tau ini isu kompleks, tapi opiniku buat orang-orang bebal yang nelantarin anak",2025-05-01T12:23:15.000Z,
twitter,lu vasektomi ya,2025-05-01T12:22:53.000Z,
twitter,apakah kmu setuju dengan peryataan vasektomi melanggar ham?,2025-05-01T12:22:44.000Z,
twitter,"Lahhh??? Ati” aja penyakit kelamin, emg manusia gaada puasnya, pdhl dengan vasektomi bisa sepuasnya hs sama istri sendiri tnpa takut punya anak banyak",2025-05-01T12:22:40.000Z,
twitter,Ya ini masalah etis enggaknya sih. Kalau menurut gw alangkah lebih elok kalau orang miskin ikut vasektomi karena emang kemauan sendiri bukan gara2 biar dapet bansos.,2025-05-01T12:22:35.000Z,
twitter,"aku tim kontra sih kalo buat dijadiin syarat dapet bansos, meskipun edukasi ke masyarakat miskin soal vasektomi ngga mudah juga.

kalo menurut kamu gimana yaya?",2025-05-01T12:22:23.000Z,
twitter,"si KDM ini jg kocak lagi dri yg anak nakal masukin ke militer trs skrg vasektomi, pengen solusi cepat tpi tidak menyelesaikan akar masalah mah ngapain, nyabu lu",2025-05-01T12:22:10.000Z,
twitter,"cinta aura pernah viral mantan sales pinjol

http://doodgudangvidio.blogspot.com

Melani Libur Vasektomi 1 Juta Macima nonton youtube big voucher",2025-05-01T12:22:10.000Z,
twitter,"Jangan memaksakan vasektomi agar mendapatkan yg menjadi kewajiban negara.
Penggalakan vasektomi jangan dijadikan syarat untuk menerima bansos. Kan dari awal juga itu poinnya. Digeser terus.",2025-05-01T12:22:08.000Z,
twitter,"Gw ga lg menghinakan org miskin, gw menyayangkan keputusan² tidak benar yg dibikin ortu. Gw jg ga setuju soal vasektomi, daripada jadi peraturan, mending diubah jadi seminar ato org² itu kasih edukasi. Kasih sudut pandang biar logikanya kebuka, biar memantaskan diri sblm jd ortu",2025-05-01T12:21:35.000Z,
twitter,"Wah inimah dendam personal kali, bukan mslh aturan KDMnya si kocak, dr tadi jawabannya ""bukan itu poinnya, bukan bisa jadi, ranah privasi, kks"" lailah, pdhl lgsg poin lu apa? Kl ga setuju vasektomi jd cara menekan angka kemiskinan.",2025-05-01T12:20:59.000Z,
twitter,Goblok ni si anjing kata gue lo vasektomi aja tolol,2025-05-01T12:20:36.000Z,
twitter,"Laki2 banyak yang ngamuk karena program vasektomi Gubernur Jabar. Kalian laki2 miskin, malas dan bodoh lalu menikah kalian ga berpikir anak kalian makan apa, lalu kalian marah2 ke pemerintah tapi berharap bantuan. Satu hal, kalian harusnya memikirkan hak istri kalian untuk sehat",2025-05-01T12:20:03.000Z,
twitter,"Sedangkan mereka yang mendukung dan mengedukasi sudah telanjur jadi bahan olokan, vasektomi kembali dianggap tabu, perempuan kembali jadi korban.",2025-05-01T12:18:37.000Z,
twitter,"Padahal semuanya rakyat, bukan pemangku kebijakan. Sedang yang berwenang dapat mudah saja bilang, ""Oh, ya, programnya tidak jadi, suara kalian kami dengar,"" untuk meredakan situasi ini.

Lalu edukasi terkait vasektomi pun kembali mundur 10 tahun ke belakang.",2025-05-01T12:18:36.000Z,
twitter,"Padahal selama ini mereka mengedukasi vasektomi sebagai opsi lain yang lebih aman (kalau bukan yang paling aman) dari sebagian besar kontrasepsi perempuan, dengan menekankan akan pentingnya hak dan otoritas tubuh, baik dari perempuan maupun laki-laki itu sendiri.",2025-05-01T12:18:35.000Z,
twitter,"Tau apa yg sbenernya paling bikin sedih dari isu ini? 

Bahkan aku yg pro soal vasektomi pun merasa programnya KDM tuh cuma bikin para praktisi, edukator, dan aktivis yg selama ini berusaha mengedukasi masyarakat soal vasektomi sbg alternatif dari KB perempuan jadi bahan olokan.",2025-05-01T12:18:34.000Z,
twitter,"Lo pikir mandat wajib vasektomi bakal berefek jadi orang miskin ga bakal beranak pinak? Percaya gak efeknya palingan orang pada ""nembak"" surat vasektomi terus banyak bayi bakal digugurin atau dibuang u/ nutupin?",2025-05-01T12:18:31.000Z,
twitter,"Apalagi kalau vasektomi itu cukup sekali aja, jadi keluar duit sekali, jumlah anak terjamin. Beda ma KB untuk cewek, kemungkinan kebobolannya masih cukup gede dan penggunaannya itu terus serta bisa merusak tubuh wanitanya.",2025-05-01T12:17:57.000Z,
twitter,soal vasektomi ini pro kontranya lumayan seimbang ya,2025-05-01T12:17:45.000Z,
twitter,"Exactly, kenapa dulu nyotihin dulu. ga nyuruh ortu lu 
@DediMulyadi71
 sendiri: “bu elu tuh mbok ya tahu diri: udah miskin, beranak pinak mulu. Vasektomi kek biar dapat bansos”

Logika lu cacat parah, 
@DediMulyadi71",2025-05-01T12:16:22.000Z,
twitter,"pdhl program ini tu ga jauh beda sama MBG, mau ambil jalan pintas padahal ada banyak  potensi masalah baru yg timbul tanpa menyelesaikan masalah utama. cuma krn label vasektomi yg terdengar liberal aja makanya org2 pada sok setuju tanpa dipikir",2025-05-01T12:16:16.000Z,
twitter,Agama melarang vasektomi tapi agama juga nyuruh kalian pake akalnya,2025-05-01T12:15:31.000Z,
twitter,kalau murah emang kenapa? mereka tetep gk bakalan beli karena stigma dan kurangnya informasi soal itu. dari pada maksa orang buat vasektomi mending pemerintah perluas deh sosialisasi soal KBnya.,2025-05-01T12:14:43.000Z,
twitter,Suruh vasektomi nder..ato gak potong habis aja burung pipitnya,2025-05-01T12:14:21.000Z,
twitter,"Suruh suamiknya vasektomi ynk, mumpung gratis katanya",2025-05-01T12:13:49.000Z,
twitter,"gamau kan kalo ada yg jadi begal? sekarang bayangin kalo bapaknya ga setuju vasektomi, alhasil anaknya ga dapet bansos dan beasiswa, apa ga makin beresiko buat mereka ini jadi begal dibanding dengan keadaan sebelumnya?",2025-05-01T12:13:41.000Z,
twitter,"Maaf ya, anda sebagai lulusan UI tapi tidak bisa membaca point dari permasalahan kemiskinan, vasektomi, dan anak. Anda lebih ke pamer anda lulusan UI. Seandainya anda ga pamer, anda ga akan bilang anda lulusan UI. Pembuktian kalau orang miskin sukses akan menjadi suka pamer",2025-05-01T12:13:32.000Z,
twitter,Dengan isyu ini para lelaki sedang di pancing untuk tunduk.. Ayok jika vasektomi berjalan tintutan apa lagi buat kami? Kesetaraan? Apa lagi?,2025-05-01T12:13:29.000Z,
twitter,"nggak setuju dengan vasektomi, even sama bansos aja sometimes nggak setuju karena nggak akan menyelesaikan akar masalah kemiskinan dan terlantarnya anak-anak, yeah insentif might be a good idea tpi tau sendiri pemerintah indo kek tai",2025-05-01T12:11:42.000Z,
twitter,"Pemerintah nyediain lapangan kerja dan pendidikan lah bukan maksa si miskin vasektomi sebagai syarat dpt bansos. 

Klo rakyat miskin bisa mendapatkan pendidikan yg layak yah kemungkinan besar bisa lepas dari kemiskinan struktural",2025-05-01T12:10:19.000Z,
twitter,"gua sih pro program pengendalian populasi kayak biasa aja. terserah pake kb vasektomi dll. mau si kaya atau miskin, targetnya umum

Indonesia udah kebanyakan penduduk, udah sumpeek. Gak enak kan mau sekolah bersaing, mau kuliah bersaing, mau kerja bersaing sama puluhan juta org",2025-05-01T12:09:36.000Z,
twitter,"Partisipasi laki-laki dalam kontrasepsi itu penting sekali. Krn banyak pr yg masih menanggung ""kewajiban moral"" ini.

Tapi, sama spt perempuan, laki2 yg mau vasektomi jg harus dilakukan atas dasar sukarela, dgn pemberian informasi lengkap, & tanpa ada tekanan/iming2 ekonomi.",2025-05-01T12:08:48.000Z,
twitter,"Nggak menyentuh akar kemiskinan, Melanggar hak tubuh dan reproduksi, bansos hak warga bukan alat negosiasi, bisa menciptakan diskriminasi sistemik. 
Kemiskinan itu flexible, vasektomi permanen, bisa tapi tidak mejamin. Pahami dasar dasarnya dulu baru koar2, tolol banget.",2025-05-01T12:07:05.000Z,
twitter,"ga nyambung, org diksh tau kl org yg asal menggagas ide itu ga paham akar permasalahannya. percuma ngewajibin vasektomi tanpa ada pendidikan sex yg baik, yg ada malah menciptakan masalah baru. kl ga males juga udh byk studi kasus negara lain menerapkan itu, ga berhasil tuh",2025-05-01T12:06:48.000Z,
twitter,"Kalo ngomongin program vasektomi, persyaratannya harus udah punya 2 anak dulu. Lalu di mana ""ga boleh punya anak""nya. Apa bagi orang miskin punya 2 anak itu terlalu sedikit?",2025-05-01T12:06:45.000Z,
twitter,"vasektomi salah satu metode kontrasepsi yg efektif. tdk ada relevansinya dgn orang miskin/dhuafa ataupun tajir melintir. dampaknya minim pada fungsi seksual, kadar testosteron, jg kesehatan secara keseluruhan. pembalikan masih mungkin dilakukan, meskipun prosedurnya lebih rumit,",2025-05-01T12:06:20.000Z,
twitter,"Sok""an ngomong diskriminatif perkara vasektomi. Trus hak anak atas finansial sama mental gimana? kayak si miskin punya otak dan gampang diedukasi aja, banyak noh anak"" jalanan dijadiin pengemis/pengamen daripada dikasih pendidikan. Lagian lu masih bisa ngentot semau lu juga",2025-05-01T12:04:32.000Z,
twitter,"Intinya ya, vasektomi/kb apapun tuh akan jadi salah jika DIPAKSA. Harusnya udah jd tugas negara buat edukasi terkait kb ini jd masyarakat yg memang “merasa butuh” tuh atas KESADARAN sendiri buat kb. Kl gini seakan2 negara cuman mau shortcut aja ",2025-05-01T12:03:40.000Z,
twitter,Aduuh..justru vasektomi itu berakibat depopulasi dengan alsan takut miskin padahal tuhan lah yg sudah mengatur rizki mereka,2025-05-01T12:03:23.000Z,
twitter,"Klo KDM dalam 4th berhasil ngatasin banjir di dayeuhkolot & bekasi fix 2029 capres minimal wapres ! Siap2 bani kadrun akan serang lewat isu agama ! Skrg aja udh mulai muncul, soal isu vasektomi digiring ke agama !",2025-05-01T12:03:11.000Z,
twitter,"Ka, syarat vasektomi minimal sudah punya 2 anak.
1. Urgensinya keluarga miskin hidup ngarepin bansos nambah anak lbh dri 2 tuh apa?
2. Bansos memang bantuan dasar, tapi klo yg dibantu justru memanfaatkan, menambah makin banyak anak, supaya dapet jatah lbh banyak gimana?",2025-05-01T12:02:50.000Z,
twitter,kan udah di vasektomi bang. kalo dia pengin punya anak pas keluar dr kemiskinan chancenya kecil.,2025-05-01T12:02:01.000Z,
twitter,"lagian darimana biayanya vasektomi buat orang miskin
dari anggaran negara kah
hahahaha
negara ngga sanggup ngatasin kemiskinan orang orangnya disuruh mandul
udahlah lebih baik lu bunuh gw aja sekalian kalo gitu",2025-05-01T12:01:50.000Z,
twitter,"Selama ini yg terus 'dipaksa' utk ber-kontrasepsi itu PEREMPUAN..pdhl perempuan gak akan bisa hamil tanpa sperma laki2.
Jadi apa salahnya laki2 juga 'dipaksa' utk vasektomi?",2025-05-01T12:01:21.000Z,
twitter,banyak banget makannya dulu di one child policy. Berharap apa ke indo yg negqra berkembang dgn populasi besar & warga miskinnya ngeyel g mau 2 anak aja?? Kalo g mampu gak usah beranak byk2. Kasian anaknya. Justru bener diwajibin vasektomi buat yg miskin. 2 anak cukup!,2025-05-01T12:01:02.000Z,
twitter,lah vasektomi juga bisa ngewe kok? apa ngerubah keadaan ngentotnya kah? arent we all agree for those financially unstable to STOP creating children?,2025-05-01T12:00:15.000Z,
twitter,Kan kalo udh merasa layak dan tidak butuh bantuan pemerintah ya tinggal cabut vasektomi nya.,2025-05-01T12:00:14.000Z,
twitter,Kalo diwajibkan vasektomi utk nerima bansos sih kebijakan tolol.,2025-05-01T11:59:37.000Z,
twitter,"imho gue ga setuju sama opini sender mau pun wacananya si KDM. kenapa?

soalnya 

1. mengatasi kemiskinan tuh solusinya bukan bansos tapi lapangan pekerjaan
2. vasektomi boleh dilakukan asalkan bukan karena paksaan either dari pasangannya atau dalam kasus ini dari pemerintah",2025-05-01T11:59:29.000Z,
twitter,"Penerina Bansos di Jawa Barat Bakal Diwajibkan Vasektomi 

""Saya harapkan suaminya yang ber-KB, sebagai bentuk tanda tanggung jawab terhadap diri dan keluarganya,"" kata Gubernur Jawa Barat Dedi Mulyadi",2025-05-01T11:58:16.000Z,
twitter,"Ngeliat diskursus vasektomi, keliatan kalo ini platform yang so called ""pinter"" gampang dibentur2in juga wkwkwk",2025-05-01T11:58:11.000Z,
twitter,"149. Di tengah wacana kesetaraan gender dan pentingnya partisipasi aktif pria dalam Keluarga Berencana (KB), pertanyaan mendasar pun muncul: mengapa masih begitu banyak pria yang enggan memilih vasektomi?

https://kompasiana.com/wawan0314/68121ff034777c48e701f922/vasektomi-mengapa-pria-sulit-berperan-aktif-dalam-kb?page=all#section2…

#kb #vasektomi #kesehatan #pria #pasutri",2025-05-01T11:57:43.000Z,
twitter,"Gw pro vasektomi, sakit hati bgt liat bocil² + para istri ""dipaksa"" mhadapi realita kemiskinan, ikut jdi tulang punggung, makan seadanya sementara bapakny asik nyebat (ktny biar ga stres).
Pdhl k*nt** lelaki itulah penyebab istri hamil lagi dan lagi. Istri mana boleh nolak ?!",2025-05-01T11:57:42.000Z,
twitter,"Middle class pun masih ada yg dapat bansos.
Kelompok rentan lain juga masih banyak. Ga cuma rakyat miskin aja. Orang kena phk, pekerja non formal, single parent dan korban konflik/bencana.. Kalo semua kelompok rentan itu harus vasektomi dlu untuk dapat bansos, saya rasa ga fair.",2025-05-01T11:57:15.000Z,
twitter,"kalau misal aku mau nikah sama cowok, aku bakal nanyain dia mau gak kalau ada satu waktu aku suruh dia vasektomi, kalau dia jawab iya, aku juga ga setengah setengah untuk pasang kb nanti kedepannya, kalau dia jawab nggak, keburu bete krn egois bener aku doang yang pasang kb..",2025-05-01T11:57:10.000Z,
twitter,Elo tau gak kalau vasektomi itu permanen efeknya. Yang jadi permasalahan bukan masalah ngewenya doang,2025-05-01T11:56:25.000Z,
twitter,"Hadeh...... Giliran KB dipaksakan ke Perempuan pada diem aja padahal banyak efek samping yang merugikan perempuan, I bet banyak kaum laki-laki yang gak tau efek sampingnya. Giliran ada kebijakan Vasektomi bagi laki-laki pada ribut... Miris",2025-05-01T11:56:03.000Z,
twitter,"@brakedubrak
 terimakasih sudah mengenalkan gue vasektomi sebelum ini semua ramai.",2025-05-01T11:55:59.000Z,
twitter,Padahal ini tuh soal kemiskinan struktural yang ga bisa diselesaikan dengan cara vasektomi. Emang bener2 ni negara tajam ke bawah. Yang enak leha2 bikin kemiskinan dimana2 diapain? Haha hehe doang?,2025-05-01T11:55:36.000Z,
twitter,"Vasektomi enggak bisa balik sempurna dan biayanya mahal kalau mau balik lagi, dan lagi sperma enggak keluar lama lama ada efeknya. Masalah nya bukan di seks nya",2025-05-01T11:54:45.000Z,
twitter,"""tapi punya keluarga yg fungsional dan bapak yg bener aja itu uda sebuah PRIVILEGE yg ga dinikmatin banyak orang""

lu sendiri udah nyebutin celah dari kebijakan ini kok, yg keluarganya ga fungsional dan bapaknya ga bener ya gaakan berpartisipasi di program vasektomi ini",2025-05-01T11:54:43.000Z,
twitter,"Betul, kan pemerintah maunya murah dan cepet. Toh nanti kalo orang miskin nya mati-mati sendiri tinggal bilang. Siapa suruh nggak mau vasektomi? 

Dapet tuh sepaket memberantas kemiskinan + cuci tangan. Godvlan",2025-05-01T11:53:53.000Z,
twitter,"Dedi Mulyadi Jadikan Vasektomi Syarat Penerima Bansos & Beasiswa, MUI Sebut Haram, Ini Penjelasannya",2025-05-01T11:53:22.000Z,
twitter,"Dedi Mulyadi Jadikan Vasektomi Syarat Penerima Bansos & Beasiswa, MUI Sebut Haram, Ini Penjelasannya",2025-05-01T11:53:22.000Z,
twitter,Izin ya bang disitu maksud dari ayatnya itu kalau anaknya sudah lahir bang maka tidak perlu di bunuh meski alasannya takut miskin sedangkan program vasektomi ini untuk mencegah anak lahir dalam keadaan miskin bang karena kasian dia nya sedari kecil mimpi nya udh di patahkan eknmi,2025-05-01T11:52:58.000Z,
twitter,"Pada intinya orang miskin di Jawa Barat anak²nya dilarang stoudy tour dan bapaknya di vasektomi. 

Bila alasannya banyak ortu yang ngutang gegara stoudy tour maka Negara Wajib Hadir,

Caranya? alokasikan anggaran untuk itu, masa iya dari APBD prov Jabar 30Trilyun ga bisa?",2025-05-01T11:52:47.000Z,
twitter,selingkuh atau engganya ga ada hubungannya sama vasektomi klo selingkuh mah emg udh bejat aja dari sananya pake alesan vasektomi lagian tanpa vasektomi jg bisa kok cowo ga ninggalin jejak dengan pake kondom wkwk,2025-05-01T11:52:41.000Z,
twitter,"kalau memenuhi syarat vasektomi gratis, suamiku jg mau, apalagi gaada side effectnya",2025-05-01T11:51:54.000Z,
twitter,Kenapa harus vasektomi?? Mending hapus bansosnya sekalian. Fokus perbaikan pendidikan dan fasilitasnya. Ormas dihapuskan. Koruptor dimiskinkan. Perbanyak lapangan pekerjaan.,2025-05-01T11:51:48.000Z,
twitter,"Keluarga saya pernah miskin dari orang menengah keatas, bapak kerja bumn, dipecat ga hormat, ga punya simpanan, akhirnya jualan pinggir jalan, masalahnya kehidupan ini dinamis, ada saatnya miskin, ada saatnya kaya, nah vasektomi ni klau sdh dikerjakan ya g bisa kembali spt semula",2025-05-01T11:51:43.000Z,
twitter,"that is lu sadar lu salah satu dari yg gak pinter itu, makanya gue ngasih tau kalau dipaksa ya artinya gak sepakat. eh lu malah ngeyel gak mau dikasih tau, udah gitu asbun soal vasektomi katanya baru-baru ini. berarti lu yg memang gak mau diedukasi. bye.",2025-05-01T11:51:41.000Z,
twitter,"Sorry nih, mau nanya, kalo Vasektomi di dalam Agam (Islam) itu hukumnya apa ya?",2025-05-01T11:51:38.000Z,
twitter,"Kalo vasektomi, nanti orgasme nya tetep enak apa gimana ya.",2025-05-01T11:51:24.000Z,
twitter,Masuk akal bgt njing. Btw vasektomi ga berarti lu ga bisa hard y. Wkwkwk pada takut ga bisa  ngeluarin sperma tanda keenakan,2025-05-01T11:51:15.000Z,
twitter,"Nah tuh tau makanya anak dibatasin 2 abis itu vasektomi, as simple as that. Gimana mereka mau ga ketetgantungan ama bansos kalo duitnya abis dibuat ngidupin kesebelasan keluarga?",2025-05-01T11:51:04.000Z,
twitter,"Teel gw isinya Vasektomi mulu tot, gak akun ini gak akun sebelah. Muak njir. Tapi pokoknya gw setuju sih (menuju indon agak cerahan dikit)",2025-05-01T11:50:26.000Z,
twitter,"Ss itu mulu. Dah dibantah jg msih lanjut lg krm ss an itu
Udh djlsin masih tolol, gmna sih..
Nah org” kek lu nih yg nyuruh cwo” untuk slalu fokus di kontol mreka.. pantes gak stuju sama vasektomi..
Takut yaa pacar/suami lu ntar gak nafsuan kalau di vasektomi",2025-05-01T11:49:08.000Z,
twitter,"Kmrn gw nyoba nanya ke salah satu temen gw yg udah nikah
Gw tanya misal lu udah punya anak 2 atau 3, lu mau kb vasektomi ga??
Dia jawab ""OGAH GW""

Ya Allah semoga jodoh gw ga egois macem temen gw ini, Aamiin",2025-05-01T11:49:00.000Z,
twitter,"Laki2 bilang menyuruh vasektomi (dalam rangka bansos) itu sebuah kejahatan. Tp bukankah jadi ga adil ya karena kebanyakan perempuan akhirnya KB dan mengorbankan badannya sendiri? 

Jalan tengahnya ya pas HS pake kondOm aja sii, walaupun katanya buat keduanya jadi krg nyaman.",2025-05-01T11:48:44.000Z,
twitter,"ada sekitar 6, dan vasektomi ma kondom cuma salah dua diantara itu...",2025-05-01T11:48:42.000Z,
twitter,"Kalau analoginya dalam bola naturalisasi untuk jangka pendek, pembinaan untuk jangka panjang. Vasektomi untuk jangka pendek, sex education untuk jangka panjang. Masukkk...",2025-05-01T11:48:28.000Z,
twitter,"Mungkin kakaknya cuma asal ngomong tapi ga liat kondisinya lebih jelas ya. Dari dulu vasektomi gratis untuk orang miskin itu sudah ada, dan ada imbalannya berupa bansos, tapi hasilnya nihil. Program ini juga bukan pemaksaan. Karena yang ga dapet bansos di program ini aja.",2025-05-01T11:48:03.000Z,
twitter,lu pikir vasektomi bikin gabisa ngaceng?,2025-05-01T11:47:52.000Z,
twitter,"Pada masih belum nyadar kali kalo aturan negara kita tuh kelewat kacau. Hari ini wajib vasektomi buat dapet bansos, besok bisa aja lu wajib vasektomi buat bikin sim atau skck. Atau emang pada masokis aja ya, kinknya diopresi oleh negara?",2025-05-01T11:47:44.000Z,
twitter,"Sering banget pembagian bansos itu gak kondusif bukan karena panitia, tapi emang orangnya bebal dikasih tau. Tapi kalo diancam, ""Yang masih ribut banyak nyanyo, gak akan dapat bansos."" Baru diem. 

So, case vasektomi dengan ""pemaksaan"" bakalan efektif daripada diedukasi.",2025-05-01T11:47:36.000Z,
twitter,"vasektomi itu pilihan untuk orang yang memang punya pilihan dalam hidupnya.

tp klo miskin banyak anak, udah bukan pilihan lagi. memang keharusan.",2025-05-01T11:47:15.000Z,
twitter,"ga ada masalah sama vasektomi, bahkan kalo nanti punya istri dan doi minta gue kb, gpp banget.
tapi menurut gue kebijakan yg dibikin mulyadi ini fasis banget.",2025-05-01T11:45:05.000Z,
twitter,"itu kartu AS untuk ngadepin islamopobia berkedok feminis dan libtard, data BKKBN menyebut 0,13℅ dari total populasi pria dewasa menjalani vasektomi, saya berani taruhan bahwa mayoritas islam harusnya kafir2 itu bikin gerakan vasektomi masal sendiri, gausah ribet sama muslim ",2025-05-01T11:44:15.000Z,
twitter,"itu dikasih pilihan, bukan dipaksa. kalo emang udah punya anak 2 dan butuh bansos ya tinggal nerima divasektomi. kalo gamau bansos dan pengen anak banyak ya silahkan gaperlu vasektomi. pengen anak banyak berarti menyanggupi buat nafkahi anak anaknya itu",2025-05-01T11:43:40.000Z,
twitter,"Alasan kedua kenapa jd syarat bansos, supaya yg menerima bener2 org tdk mampu, sesuai syarat vasektomi: anak banyak, umur udh masuk 35+. Kl cmn anak 1 wlwpn umur bapaknya 40, w kira msh mampu.",2025-05-01T11:43:11.000Z,
twitter,"Tidak bisa anda berkata begitu. Membuat sistem di indo tidak mudah, malah pemerintah diatasnya yg tidak mau krn costnya mahal banyak yg mesti direstruktur jika pemerintah ingin harusnya sdh berlangsung sejak 98. Vasektomi solusi yg permanen dan jauh lebih sederhana",2025-05-01T11:42:04.000Z,
twitter,Yang komen negatif tentang vasektomi disini yg minim literasi Vasektomi. Asal jeplak aja.,2025-05-01T11:42:00.000Z,
twitter,"dia ngetik kalau vasektomi baru muncul karna dia baru tau vasektomi dari X, padahal vasektomi itu udah dikenalkan di indo sejak 1970. cuma karna memang dianggap merugikan laki-laki jadi negara ignore sama kb vasektomi ini",2025-05-01T11:41:53.000Z,
twitter,"Ngeles aja lu kayak ular.
Tinggal bilang amin aja kok alesan segudang.
Kan elu yg setuju vasektomi.
Kalau orang lain lu setuju, tapi klo lu sendiri, gak mau kan. Dasar kecoak pengecut.",2025-05-01T11:41:09.000Z,
twitter,"Ya memang KB terutama vasektomi tuh harus terus terusan disosialisasikan, dgn pendekatan PERSUASIF, bukan dgn ancaman kalo gamau divasektomi ya ga dapet bansos, padahal itu hak mrk",2025-05-01T11:41:03.000Z,
twitter,"Lu di vasektomi masih bisa ngewe bang, masih bisa keluar itu sperma lu. ANEEEEEH",2025-05-01T11:40:34.000Z,
twitter,"makanya, dia gak teredukasi dengan baik bukannya berusaha mengedukasi dirinya eh malah nyap nyap di X jatuhnya asbun dipikir keren kali malah jadi badut. padahal gak harus dari X, search di google, di tiktok, di ig dan di fb pun kalau ketik vasektomi langsung banyak kok.",2025-05-01T11:40:24.000Z,
twitter,"Jadi secara sukarela mereka akan KB sendiri entah vasektomi, iud atau yang lainnya.

Sulit?
Ya emang sulit tugas negara buat mencerdaskan kehidupan bangsa, tapi dengan segala kuasanya hal itu bisa diwujudkan.",2025-05-01T11:40:01.000Z,
twitter,"Pasal 34 ayat 1 UUD 1945 diamandemen dulu tambah syarat vasektomi buat warga miskin yang mau 'dipelihara' Negara.

Orang² mau takut pny anak itu kalau apa? 
Ya buat mrk semakin berpendidikan & melek perencanaan ekonomi. Nanti juga akan takut pny anak, bhkn untk nikah pun takut.",2025-05-01T11:40:00.000Z,
twitter,"Bacot banget, padal vasektomi bisa disambung lagi jalur vas deferens yang udah dipotong. Bacot lu kopong",2025-05-01T11:36:51.000Z,
twitter,"Saya laki laki dan sangat setuju dengan KDM ini, tapi dengan syarat :
Minimal punya anak 1 atau maksimal punya anak 2 baru di vasektomi.",2025-05-01T11:36:49.000Z,
twitter,"Kalau kalian pikir ini bkn tentang gender, betul. Tapi maksud gue,

Kalau memaksa laki” vasektomi adlh pelanggaran otoritas tubuh. 

Bagaimana dgn perempuan yg terpaksa KB walaupun mengalami efek samping, krn suami mrk menolak vasektomi?

Apa cuma laki yang punya otoritas tubuh?",2025-05-01T11:35:54.000Z,
twitter,Yah dan vasektomi paksa gak bakalan bikin mereka sadar diri juga. Cuman menghambat musibah yang makin besar datang.,2025-05-01T11:35:40.000Z,
twitter,Beneran kk mau vasektomi? Wih aku sebenarnya jarang nemu cowok yg begini. Makasi kak Opininya ,2025-05-01T11:35:37.000Z,
twitter,"Makanya society sampah emang sengaruh itu, sampe dia ga tau kalo ada kb buat cowo/vasektomi ini.",2025-05-01T11:35:29.000Z,
twitter,orang miskin wajib vasektomi > orang miskin ilang > pemerintah korupsi > orang kaya jadi miskin > orang miskin wajib vasektomi > orang miskin ilang > pemerintah korupsi > orang kaya jadi miskin > orang miskin wajib vasektomi > orang miskin ilang > pemerintah korupsi > …,2025-05-01T11:35:28.000Z,
twitter,"@grok
 apakah kebijakan vasektomi oleh kang dedi untuk mendapatkan bansos merupakan diskriminasi?",2025-05-01T11:35:19.000Z,
twitter," Skandal Ibu Guru Ny3p0ng Jadi Pengen Keluarin di Mulut

https://poophd.pro/e/f5w5uybqqcb5
https://poophd.pro/e/497jc8hajol3
https://poophd.pro/e/za9d5a5bnnj6
https://poophd.pro/e/2155ajlh6kol

Libur maljum malam jumat vasektomi preman 1 juta nonton youtube sore malam kamis pagiii",2025-05-01T11:34:48.000Z,
twitter,Ya pake dana itu mas. Vasektomi buat banyak orang ya motong dana juga,2025-05-01T11:34:41.000Z,
twitter,"terus ternyata walaupun vasektomi ini katanya untuk menyetarakan supaya beban reproduksi nggak cuma dibebankan ke perempuan, ternyata idenya masih sangat perlu dikaji ulang karena ditakutkan kalau sekarang laki-laki dipaksa vasektomi, kedepannya perempuan bisa makin dipaksa KB jg",2025-05-01T11:34:36.000Z,
twitter,mengikuti diskursus vasektomi ke rakyat miskin ini dan belajar memahami kalo pemerintah ini sukanya solusi instan tanpa benar-benar mengatasi root cause nya,2025-05-01T11:34:35.000Z,
twitter,"Menyelesaikan akar masalah? Akar masalah? Damn

Masalahnya itu pada minim pendidikan, edukasi, makanya pada miskin.

Kalo semua warga miskin udh vasektomi tapi tetep bloon lu pikir kadar hidup mereka bakal meningkat? Rip logic",2025-05-01T11:34:12.000Z,
twitter,"Ya ke masyarakatnya itu yg ga nyampe kak  aku juga kalau ga ada X mah gatau itu vasektomi. Ini skrg orang mulai pada aware, malah jadi perang gender",2025-05-01T11:34:02.000Z,
twitter,"Yg di bahas si kdm tentang penerimaan bansos dan vasektomi untuk meningkatkan kualitas, dan masalah zina itu udah mslah lain hal, kalau lu sambungin, semuanya bisa di sambungin sampe ke dajjal juga bisa, tp sungguh tolol jika ada org yang bahas sesuatu tapi ngebahas ke lain hal",2025-05-01T11:33:37.000Z,
twitter,"debat vasektomi ini.. aku ngerti dua sisi, malah bingung.",2025-05-01T11:33:25.000Z,
twitter,"Bansos mah gampang di cabut nya tidak ada efek sampingnya.. 
Lha kalau vasektomi di cabut bisa enggak tidak ada efek sampingnya dan kembali seperti semula",2025-05-01T11:32:57.000Z,
twitter,"ngewe asal pake kondi ya gpp, gak bakal jadi anak (walo gak 100%)
mending vasektomi sekalian, mau lo ngewe sehari 10x bakalan aman",2025-05-01T11:32:42.000Z,
twitter,"justru vasektomi salah satu cara buat ngendaliin kemiskinan nder, kl org miskin dibiarin punya anak sampe banyak ya jadinya kemiskinan struktural",2025-05-01T11:32:35.000Z,
twitter,"Sejujurnya, aku hanya kontra ke metode KB yang harus dipilih (vasektomi) dengan tujuan jadi steril dan bantuan dalam bentuk beasiswa yang ikut dibatasi (4)",2025-05-01T11:32:19.000Z,
twitter,"Fatwa kan haram saja di MUI  (bansos bersyarat vasektomi), toh mewajibkan KB juga melanggar UU TPKS",2025-05-01T11:31:51.000Z,
twitter,"Ga mau istri KB. Hormon nya berubah, sama kasian aku klo dia hrus rutin minum pil KB atau bolak balik disuntik. Mending aku yg vasektomi, sehari beres dan aman",2025-05-01T11:31:49.000Z,
twitter,Menurutku vasektomi tu dah over banget..yg perlu skrg ni perbaikan sistem dan regulasi dri mereka yg diberi amanah oleh rakyat,2025-05-01T11:31:09.000Z,
twitter,"Pak Dedy Mulyadi, koruptor² ini yg harusnya di vasektomi biar ga bs berkembang biak!",2025-05-01T11:30:33.000Z,
twitter,Karna dari awal pendidikan dinegara ini amburadul. Bodoh banget astaga. Lebih setuju orang orang tolol kek lu yang di vasektomi biar ketololan struktural musnah dinegara ini.,2025-05-01T11:30:28.000Z,
twitter,"Imo program vasektomi ini langkah yg aneh dr pemerintah Indo.
Karena kalangan yg bisa dikontrol dengan resource yg murah jd berkurang dalam jangka panjang, nantinya bakal tersisa kalangan menengah ke atas yg lebih sulit diaturnya karena butuh resource lebih besar.",2025-05-01T11:29:48.000Z,
twitter,"ralat, 3 dekade malah. 30 tahun indonesia penduduknya masih 200jutaan. ga ada ledakan populasi. ngawur yang bilang penduduk indonesia udah kebanyakan. di pulau jawa mungkin iya. ya itu juga karena kegagalan pemerintah dalam pemerataan. trus niat vasektomi itu apaan??????",2025-05-01T11:29:26.000Z,
twitter,"ini terakhir gw bales lu, udah cape gw sama kebodohan lu

untuk dapetin apa2 harus KB dulu, tapi KDM prefer yg KB itu laki2 alias vasektomi, nah kalo ga KB maka gaakan dapet apa yg disediakan pemerintah, dalam hal ini lagi2 laki2 yg didahulukan apakah mau vasek atau engga",2025-05-01T11:28:30.000Z,
twitter,"gw bagian pro vasektomi krn kalo mereka udah ada 2 anak aja masih butuh bansos... gmn anak ketiganya? berarti mereka masih kekurangan banget. kalo mereka segakmau itu buat vasektomi, berarti ke depannya emg ada mikir buat anak lbh banyak lg, dan masih butuh bansos pula",2025-05-01T11:28:20.000Z,
twitter,"Merugikan kaum pria maksudnya apa ya pak?
Setelah vasektomi masih bisa ngaceng ga? BISA
Si otong jadi loyo? GA
Bisa muncrat ga? BISA, karena saluran yg diputus (bisa sementara) adalah saluran yg mengandung sperma. 
Merugikan dmn nya? Yg ada untung ga nanggung byk anak",2025-05-01T11:27:50.000Z,
twitter,"And when he/she said ga akan tau vasektomi kalo ya buka X, i lost it. Dia ga research sama sekali, terlalu kekeh sama lingkungan buruknya wkwk.",2025-05-01T11:27:37.000Z,
twitter,"ya terus kenapa kocak? emang mesti KB kan? laki disuruh vasektomi dah kek jenglot kebakaran, istri diwajibkn KB jg alesan ini itu, beli kondom aja gamampu di fasilitasi  pemerintah jg ogah dilakuin, di kasib edukasi di cuekin. Buset dah enak bener",2025-05-01T11:27:34.000Z,
twitter,"Katanya sih kb perempuan ga diwajibkan, padahal dalam prakteknya mah dipaksa kan ya? 
Kita koar2 gini juga malah dibilang gender war, padahal kalo mau dibandingin vasektomi efeknya ga se ngerusak kb perempuan, dan kita cuma ngelakuin apa yg laki2 lakuin saat wajib kb perempuan",2025-05-01T11:27:24.000Z,
twitter,"apakah indonesia sedang mengalami ledakan populasi? enggak. negara kita masih jauh banget sama india, cina, bahkan mau disusul sama pakistan dan nigeria. kita stak di dua ratus jutaan doang padahal dalam dua dekade, terhitung sejak tahun 1996. trus urgensinya vasektomi apa?",2025-05-01T11:27:13.000Z,
twitter,"tapi opini lu ngalor ngidul, lu aja gak tau kalau vasektomi itu udah dikenalkan ke indo sejak 1970 sebagai salah satu alat kontrasepsi. dipaksa tapi bebas menurut keluarga masing2, kok bisa menurut keluarga masing2 kan yg dipaksa kb cewe, berarti cewe gak punya hak dong?",2025-05-01T11:27:08.000Z,
twitter,"daripada sibuk bahasa vasektomi, ikn, prabowo danantara atau apapun itu nih yaa, mending bahas perselingkuhan Paula sama Baim Wong",2025-05-01T11:25:56.000Z,
twitter,vasektomi berlebihan...huh? ga paham lagi deh ,2025-05-01T11:25:51.000Z,
twitter,"Intinya tetep laki"" bakal di vasektomi dan gaada bantahankan? Mau gmn pihak istri dan anak, itu urusan pemerintah, kalo istri ttp bego ya bego aja, survive sendiri. Nunggu aja belas kasihan dri pemerintah smpe tua",2025-05-01T11:25:40.000Z,
twitter,"menurutku kebijakan KDM tuh punya pesan lain deh. gak vasektomi = gak dapet bansos. krn ego cowo gede, mrka akan lebih memilih untuk gak dapet bansos DARIPADA HARGA DIRI MEREKA TERCORENG dan akan mengusahakan untuk kerja wkwkwkw jadilah tingkat pengangguran berkurang owkwwk",2025-05-01T11:25:38.000Z,
twitter,"gw laki dan dukung kok bang,vasektomi itu bukan neraka dunia. yang bikin neraka itu kalau lu punya anak 5 tapi gaji UMR, belum siap, tapi nolak kontrasepsi.jangan takut vasektomi,takutlah punya anak tapi gak bisa kasih masa depan.lagian punya anak 1-2 emang gak cukup?",2025-05-01T11:25:33.000Z,
twitter,"Bagus lah program vasektomi itu, biar ga beranak mulu anjing kasian anaknya menjalani hidup berat karena lahir dari orang tua yang miskin, padahal anaknya minta dilahirin aja kagak",2025-05-01T11:25:16.000Z,
twitter,"Vasektomi itu sifatnya anjuran bukan kewajiban. Solusinya adlh edukasi & pemerataan ekonomi. Tiap daerah pasti punya Dinas yang ngurusin keluarga dan sosial, harusnya lebih diberdayakan. Emg gak ada political will aja. Karena bnyk politisi anggap rakyat miskin itu aset elektoral",2025-05-01T11:25:08.000Z,
twitter,"aku tanya nih, kalo pada vasektomi gatakut apa suaminya selingkuh entot sana sini. tanya aja sih",2025-05-01T11:25:00.000Z,
twitter,"Tapi mbok jgn nyalahin rakyat mulu pak, coba bikin lapangan pekerjaan. Pemerintahan yg baik pasti bs mensejahterakan rakyatnya. Kalau vasektomi dianggap solusi, apa setelah itu rakyat miskin bisa jadi sejahtera? Sedangkan pekerjaan aja gak berubah. Harus imbang dong",2025-05-01T11:24:01.000Z,
twitter,bangg vasektomi bukan kebiri bang ,2025-05-01T11:23:58.000Z,
twitter,Betul sih. Tp kan vasektomi jg ada syarat² kalo gak salah. Kek jarak anak terakhir usia brp dulu gt. Cmiiw,2025-05-01T11:23:54.000Z,
twitter,"anjing yg diberi makan terus meski cuma waktu tertentu, tentu saja dengan makanan yg ga layak dan dikorup. belum lagi ancaman kemerdekaan tempat tinggal yg menjadi bom waktu yg setiap saat bisa saja meledak. trus nyambungnya sama vasektomi apa? cape juga w seharian mikirin ini.",2025-05-01T11:23:38.000Z,
twitter,"lagian kan itu setelah lu punya anak bukan dr bujangan lu disuruh vasektomi. memandulkan cenah, toh udh punya anak 1/2",2025-05-01T11:23:36.000Z,
twitter,Jadi lu fikir laki-laki yg nanti ikut program vasektomi itu isi otaknya bersih semua kah? Konyol kali negara ini klu punya SDM kek lu ini,2025-05-01T11:23:34.000Z,
twitter,"Yak bener, walaupun jujur, gua termasuk orang yang setuju sama program Vasektomi mulyadi, tapi rasanya gak adil juga, alih alih menghardik Negara yang gagal menghadirkan keadilan bagi semua orang, sebagian kita malah lebih fokus menghakimi si miskin.",2025-05-01T11:22:46.000Z,
twitter,"Melani wts 1 juta WTB mecima jasa buzzer refund gmmtv nonton YouTube selamat hari buruh big voucher Yamal tikom Alwi lakers libur MV out now gta sa vasektomi sn qn 
#zonajajan️️
#zonauang
#jasabuzzer",2025-05-01T11:22:42.000Z,
twitter,"Sungguh ga tau malu tuh ayah tirinya, setuju di vasektomi aja nih 
@DediMulyadi71",2025-05-01T11:22:13.000Z,
twitter,"Edukasi nya udah sampe belum ke targetnya bang?
Dikasih paham dulu, komunikasikan dg baik biar enak jalankan programnya,jangan cuman ""lu miskin,gua vasektomi ya.""",2025-05-01T11:22:08.000Z,
twitter,"hah? yaampun kak jangan asbun dan sotoy deh buat memenangkan opinimu yg jelas salah, kamu itu daritadi asbun banget yg sepakat tanpa paksaan lah, yang vasektomi baru muncul ke permukaan lah faktanya vasektomi udah diperkenalkan ke indo sejak 1970 tauuww.. continue",2025-05-01T11:21:57.000Z,
twitter,"Ya udah, ga usah mencak2 keluarin bukti seabreg abreg, ikhlasin suamimu aja dulu suruh vasektomi  yaa",2025-05-01T11:21:24.000Z,
twitter,Makanya balik lagi ke poin 2 & 3. Edukasinya aja belum maksimal ini ujug-ujug dipaksa buat vasektomi. Gimana gak makin antipati sama vasektomi ini ,2025-05-01T11:20:35.000Z,
twitter,YES! semua yg lo sebutin itu harusnya lebih dulu dibenerin ama pemerintah sebelom bikin wacana vasektomi sbg syarat bansos,2025-05-01T11:20:28.000Z,
twitter,"Ga ada hubungannya ma privacy gw mau vasektomi atau kaga, gw cuma bilang efek realistis kedepan nya aja, btw Andaikan klu lu masuk kategori penerima bansos kira2 suamimu boleh ga di vasektomi?? ",2025-05-01T11:19:50.000Z,
twitter,Hahaha berarti udah jelas ya udah gua kasih solusi tapi emg lu fokus nya di vasektomi wkwkwk agenda feminisme  ... Udah banyak ketemu feminis+ fasis kek lu ... Gua miskin? Satu kali trade udah bisa beli harga diri lu  gua cuman punya empati bukan orang fasis kek lu,2025-05-01T11:19:43.000Z,
twitter,"Jawab yang gue tanyain anak yang menderita, stunting, ga makan, ga sekolah dan ga dapat kehidupan yang layak itu ngelanggar HAM ga??
Udah dikasih win win solution 2 anak aja ga usah vasektomi masih dapat bansos",2025-05-01T11:19:34.000Z,
twitter,"Kb dan vasektomi bisa di edukasi kan saja buat org2 yg mau ngewe tanpa kondom dan tanpa resiko punya anak. Yang penting tuh edukasiin dulu bejirr, gw yakin 90% masyarakat indo tuh banyak yg gk tau vasektomi tuh diapain dan kalo kb tuh dampaknya apa aja.",2025-05-01T11:18:31.000Z,
twitter,"untung yg dikasih ujian prov jabar ya. coba provinsi sebelahnya, jangankan vasektomi pak, pindah agama aja dijabanin",2025-05-01T11:18:25.000Z,
twitter,"ga pernah ada program wajib kb, klo kita biarin ini, pemerintah ga bakalan pernah berbenah, semua orang miskin mati ntar bakalan ada orang miskin baru lagi, solusinya ya sama lagi vasektomi lagi gitu terus, pemerintah bakalan korupsi terus rakyatnya yg disuruh vasektomi",2025-05-01T11:18:13.000Z,
twitter,"toh dapat insentif lebih jika ikut program yang bantu hentikan kemiskinan turun temurun. kalau ada 2 keluarga sama sama miskin, yang satu terus melahirkan tanpa daya didik dan nafkahi, yang satu sadar cukup dan ikut vasektomi, bukannya wajar kalau mereka diberi penghargaan lebih?",2025-05-01T11:18:12.000Z,
twitter,"Kak, aku ngerti maksudny ""negara jgn masuk ranah privat"", & vasektomi ga seharusny jd syarat beasiswa, tp krn kk kasih contoh kontradiktif, jd org akan fokus ke contoh itu. Mgkn baiknya ke contoh yg selaras ""cewe jg gamau kan dipaksa KB utk dapet beasiswa?""",2025-05-01T11:17:13.000Z,
twitter,"Kalau napak tanah dan terlibat dalam pengentasan kemiskinan vasektomi buat warga kurang mampu ya bukan jalan yang ditempuh dulu sih. Banyak hal dasar yg perlu diperbaiki, salah duanya pendidikan & lapangan kerja. Inipun perlu dibarengi dgn akses informasi & lingkungan yg positif",2025-05-01T11:16:56.000Z,
twitter,"Dedi Mulyadi Wajibkan KB Vasektomi bagi Penerima Bansos, Begini Kata MUI soal Vasektomi https://news.harianjogja.com/read/2025/05/01/500/1212135/dedi-mulyadi-wajibkan-kb-vasektomi-bagi-penerima-bansos-begini-kata-mui-soal-vasektomi…",2025-05-01T11:16:17.000Z,
twitter,"Jangan geser gawang . Gak ada yang salah dari vasektomi, emang harusnya lelaki berperan aktif dalam kontrasepsi. Menjadi salah karena negara udah mulai memaksakan hal tersebut untuk dilakukan demi mendapat bansos yang notabene dah jadi tugas negara",2025-05-01T11:16:01.000Z,
twitter,"otak lu digadai apa dikemanain sih? sekarang jawab pertanyaan gw simple aja nih, jangan muter2 dulu ya, kalo si bapak gamau vasektomi terus si ibu ga dapet bansos, si anak ga dapet beasiswa, apa yg akan terjadi? jangan muter2 ya dek",2025-05-01T11:14:09.000Z,
twitter,"alihalih menciptakan lapangan pekerjaan untuk menjamin kehidupan yang layak, negara dan warganya sepakat solusi yang ditempuh adalah vasektomi. terdengar sama sekali ga nyambung, tapi okelah. w terima pendapat orang².",2025-05-01T11:13:47.000Z,
twitter,"Kalo orangnya bisa level up ke middle upper, apakah bisa kembalikan kesuburannya karena sudah mampu? 

Atau vasektomi untuk bantuan ini ada ketentuan khusus?",2025-05-01T11:13:46.000Z,
twitter,"trus gmn cara misahin bapak"" problematik? alasam apa menjarain mrk? vasektomi aja nolak gitu kok mau menjauhkan sm menjarain, solusi ga logis",2025-05-01T11:13:27.000Z,
twitter,"apanya yang dibunuh? kan cuma vasektomi
jangan lebay",2025-05-01T11:12:26.000Z,
twitter,"Sore 1 juta libur vasektomi nonton youtube ready vcs malam Jumat

#dood",2025-05-01T11:12:05.000Z,
twitter,"Kalau miskin, lalu sudah punya anak, lalu kena kewajiban Vasektomi. Lalu 7 tahun mendatang jadi makmur dan anak meninggal. Kalau mau punya anak lagi gimana?",2025-05-01T11:11:55.000Z,
twitter,"Ya berarti akar masalahnya dulu yang dibenerin, bukan tiba2 bikin kebijakan maksa yang nggak mengarah pada akar masalah woy. Mau bikin kebijakan vasektomi sampe nggak boleh nikah kalo akar kemiskinannya dibiarin ya tetep aja nggak bakal ngatasin masalah kemiskinan.",2025-05-01T11:11:43.000Z,
twitter,"kalau mau dapet bansos, syaratnya vasektomi.

sedangkan orang miskin butuh bansos untuk muterin hidup sehari-hari. 

kesimpulannya? orang miskin dipaksa vasektomi buat dapetin bansos yang seharusnya jadi kewajiban negara. 

hope it helps, kak vi-ow!",2025-05-01T11:11:30.000Z,
twitter,"pokonya diskursus vasektomi gini ni gue paling gabisa condong ke satu sisi, baca opini a ""nah bener ni"" baca lgi opini b ""iyalagi"", g punya pendirian",2025-05-01T11:11:03.000Z,
twitter,"Kaum lu tuh pada bullshit, ngomongin consant consent cuman terjadi ketika berdampak pada diri lo, tapi malah nyuruh istri kb tanpa peduli/tau resiko dari kb, dahal klo lu nyari tau vasektomi resikonya lebih rendah dari kb.",2025-05-01T11:10:34.000Z,
twitter,"Analogi yg lu kasih tuh gak masuk. Emang perempuan beranak dan beasiswa jd akar masalah apa?
Beda dgn kebijakan vasektomi, yg jadi akar masalah pertumbuhan penduduk yg berlebih dan menambah kebutuhan pengeluaran keluarga tsb / jumlah bansos yg musti dianggarkan",2025-05-01T11:07:58.000Z,
twitter,"Orang miskin kan butuh lapangan pekerjaan dan pendidikan yang layak, kenapa vasektomi?",2025-05-01T11:07:37.000Z,
twitter,"Urusan lain salah pemerintah. Tapi untuk tau diri sadar diri untuk ga beranak aja smntr kau miskin, itu murni keegoisan masyarakat. Ad isu vasektomi bersyarat sbgai penerima bansos heboh org. Giliran beranak, anaknya ga terurus. Punya anak 5 smntr diri sndr kadang ga makan tu gmn",2025-05-01T11:07:25.000Z,
twitter,"Point nya adalah Vasektomi, kalau udah Vasektomi terus pingin punya anak lagi karena dulu miskin, sekarang udah makmur. gimana?",2025-05-01T11:06:50.000Z,
twitter,"Ready vcs cs cek bio

1 juta nonton youtube vasektomi tikom refund libur 23 tahun pks Feni gila kecanduan putu",2025-05-01T11:06:45.000Z,
twitter,"lagian ini bagian yg mana? perasaan jelas di pidatonya bahas vasektomi jg dia bilang buat orang yg punya anak ingin melebihi dari 2 wajib vasektomi, apapun kalangannya. Berarti tinggal kesadaran dri rakyat aja dong? lu mampu atau ngga nafkahin anak"" lu sndri",2025-05-01T11:05:55.000Z,
twitter,KB perempuan dianggap normal walaupun membawa banyak efek samping. Memang KB tidak ada paksaan. Tapi jika vasektomi dianggap melanggar otoritas tubuh laki-laki. Bagaimana dengan otoritas tubuh perempuan yg tidak punya pilihan selain KB krn suaminya tidak mau vasektomi.,2025-05-01T11:05:50.000Z,
twitter,"1. TFR Indonesia udah 2.1 yang menandakan bahwa pertumbuhan populasi di Indonesia dah stabil
2. Edukasi kontrasepsi masih kurang terutama pada pihak laki-laki
3. Vasektomi masih memiliki stigma negatif di kalangan masyarakat",2025-05-01T11:05:45.000Z,
twitter,"Ga ada yang sensitif sama vasektomi, ini kan masalahnya grgr KDM maksa rakyat miskin buat vasektomi sbg syarat terima bansos",2025-05-01T11:05:18.000Z,
twitter,"Apa hubungannya sama malaikat kocak, klo seperti yg lu bilang efek vasektomi banyak laki"" yg selingkuh tanpa takut hamil berarti emg banyak kaum lu yang brengsek. Lu kesel kan disuruh vasektomi?, kmrn"" lu tim dukung gak kalau istri yg ngelakuin kb? dahal kb jg sangat beresiko.",2025-05-01T11:04:39.000Z,
twitter,"Wkkw iyah jir 
Bebas Melakukan dosa karna vasektomi 
Jadi yang salah orang nya yang dosa apa kb nya",2025-05-01T11:04:36.000Z,
twitter,Coming from a low income family & how my mom runs posyandu dengan banyak kehamilan risti dari keluarga pra sejahtera tapi hobinya tiap tahun beranak sih emang sepantasnya kromosom xy ini dipaksa vasektomi aja.,2025-05-01T11:04:29.000Z,
twitter,"Tbh menurut gua juga vasektomi itu bukan solusi dan ngga pernah menjadi solusi buat mengatasi kemiskinan. Itu cuma mengurangi populasi manusia aja. Walaupun udah vasektomi, yang miskin bakal tetep miskin, bergantungan lagi sama bansos. Lagi-lagi memelihara kemiskinan struktural",2025-05-01T11:03:54.000Z,
twitter,"jadi ketika edukasi mentok, negara harus naik satu level. kan vasektomi ini juga ga asal asalan, bisa di jadiin salah satu jalan keluar. kalau kita nolak semua bentuk intervensi karena alasan ‘hak’, apa anak anak itu ga pernah ditanya apakah mereka ingin lahir dalam kelaparan?",2025-05-01T11:03:15.000Z,
twitter,"oke, kita sepakat kalau peran negara dalam vasektomi adalah edukasi, sosialisasi, bahkan pemberian insentif. tapi harus sadar juga atuh, di banyak kasus edukasi aja itu ga cukup. kami pernah turun langsung ke lapangan, rumah ukuran 3x3M, dihuni 11 orang, ibunya hamil tua. cont-",2025-05-01T11:03:13.000Z,
twitter,gw setuju bgt sih kalo vasektomi yg diadakan,2025-05-01T11:02:50.000Z,
twitter,"Seems like logically wrong mas  UU itu kn tentang pemaksaan tanpa persetujuan, yg mana di case ini vasektomi hanya syarat bagi yang mau nerima bansos (kalo gamau skip aja), ini bukan tindakan yang memaksa semua orang untuk vasektomi tanpa concern dia dong",2025-05-01T11:02:24.000Z,
twitter,"laki laki miskin di jabar behavior : 
pake kondom gamau, giliran disuruh vasektomi ""my body is my choice""",2025-05-01T11:01:38.000Z,
twitter,"Gini, gue setuju kalau otoritas tubuh ga boleh diatur negara. Mau laki/perempuan. Tapi kalau ga mulai vasektomi bagi suami yang “miskin”, tebak siapa yang dipaksa society untuk menahan jumlah anak. Ya bener, istrinya. Sbg perempuan dalam program KB karena dianggap lebih “lumrah”-",2025-05-01T11:00:50.000Z,
twitter,"Vasektomi mungkin jadi pilihan yang bijak untuk beberapa pasangan, and yes it’s a good choice. Tapi biarkan pilihan itu menjadi hak dan keputusan secara personal pasangan, bukan menjadi syarat utk nerima bantuan ATAU jadi suara utk “hancurkan patriarki”

KALIAN SEMUA TOLOL",2025-05-01T11:00:33.000Z,
twitter,"makanya harus langsung vasektomi ya? nggk bisa dengan syarat2 lain seperti pembatasan jumlah anak, atau buat perjanjian nggk akan buat anak selama menerima bansos?",2025-05-01T11:00:28.000Z,
twitter,"KB buat cewek itu masih berupa pilihan. Pemerintah tidak maksa dan mengancam. Sementara soal Vasektomi, udah jelas itu paksaan buat kalangan yg butuh bansos.",2025-05-01T11:00:02.000Z,
twitter,"Najis banget gua jadi buzzer, ya emang pantes dihina, udah tau miskin tapi nambah anak mulu, lu miskin juga ya makanya ngerasa, terus lu takut vasektomi? Yaelah cemen amet lu jamet kabupaten, makanya jan ngewe doang otak lu, nikah cuman pen ngewe doang tapi ngga tau konsekuen",2025-05-01T10:58:44.000Z,
twitter,"gue gak kaget sih kalo perkara ""forced"" vasektomi ini pada ribut. orang kemarin ada cerita suami yang sukarela vasektomi aja lu pada rame.",2025-05-01T10:58:40.000Z,
twitter,"3
Gw juga gak setuju sama pemaksaan vasektomi demi bansos. Tapi please lihat2 dulu ke lapangan sebelom nulis, ""ya edukasi dong masyarakatnya.""

Kasian kader2 posyandu, PKK, BKKBN, dll yg mulutnya dah sampe berbusa, otaknya sampe ngebul mikirin cara edukasi. ",2025-05-01T10:58:28.000Z,
twitter,"2
pun mudah didapat bahkan bisa gratis di puskesmas, sampe sekarang dikasih insentif buat yg mau vasektomi plus gratis vasektominya.

Udah banyak loh edukasi2 yg merambah ke akar rumputnya.

Tp permasalahan gak mau KB itu bukan cuma sekedar masalah edukasi. Lebih kompleks dr itu",2025-05-01T10:58:27.000Z,
twitter,"1
Tiap liat post soal vasektomi n bansos, selalu aja ada yg nulis nyuruh edukasi.

Padahal, edukasi soal KB itu dah lebih dr 40 tahun dijalanin. Dibikinin penyuluhan, disambangin ke rumah2, disediain kondom di puskesmas2, dibikinin event2 KB gratis, alat kontrasepsi",2025-05-01T10:58:27.000Z,
twitter,"Imo, sebenernya ga salah deh kalo pemerintah menganjurkan vasektomi untuk mencegah overpopulasi. Tapi caranya kurang tepat. Kan bisa kasih tunjangan buat yg vasektomi biar termotivasi, atau kalo masalahnya di bansos, yaudah bansos dibatasi untuk 2 anak aja. Kalo gini-",2025-05-01T10:58:24.000Z,
twitter,"siapa yg maksa vasektomi? lo kalo gamau bansos ya gausah vasektomi. simple kan? lo kan mau punya anak terus, yaudah ngapain terima bansos? bansos mah buat rakyat yg membutuhkan tp mikir juga utk kehidupannya, bkn utk yg mau produksi terus tp mau minta2. gini aja gapaham paham?",2025-05-01T10:58:13.000Z,
twitter,"Bebas dong gw beropini realistis, lu bahas populasinya gw bahas efek vasektomi nya, napa lu yg kejang2? Apa lu pikir orang yg vasektomi itu sifatnya bakal seperti malaikat semua??????",2025-05-01T10:57:35.000Z,
twitter,"don't get me wrong, aku stuju bgt ama vasektomi. tapi... pemaksaan... HAM... uh, entahlah ",2025-05-01T10:57:20.000Z,
twitter,"Sender yg kakak RT gak kesel karena vasektomi kok, dia komen gitu karena pemaksaan yang tersegmentasi. Alias indikasi pengancaman hak hidup kelompok rentan. Kalo ntar yg kena paksaan bukan cowok doang, tapi cewek juga (yang udah jadi kelompok rentan) gimana?",2025-05-01T10:57:17.000Z,
twitter,"Babak 1: Bonus Demografi
Babak 2: Data Bank Dunia
Babak 3: Vasektomi",2025-05-01T10:56:46.000Z,
twitter,"dan kebijakan itu diterapkan untuk bansos ke rakyat kecil. what if malah bikin mslh baru? since vasektomi mean they can cvm without worry about 'kids' anymore. imo, vasektomi atau KB lainnya itu butuh kesadaran penggunanya, biar gk jd negatif(?). nah, edukasinya aja terbatas.. :(",2025-05-01T10:56:36.000Z,
twitter,"gue ngerti sih maksudmya apa... gue jg mikir apakah kebijakan vasektomi pas untuk diterapkan secara gamblang kyk gitu? kebijakan ini cukup gede dampaknya, sedangkan pengetahuan ttg vasektomi sendiri masih minim di negara ini.",2025-05-01T10:56:36.000Z,
twitter,"alih membuat lapangan kerja yg luas, umr dinaikin, sektor kesehatan dan pendidikan diperbaiki, sektor hukum ditegakkan seadil-adilnya, sektor pariwisata dikelola dgn sebaik2nya, malah buat kebijakan wajib vasektomi buat penerima bansos. apa coba  yg like 30k lgi wkwkwk hancurrr",2025-05-01T10:55:31.000Z,
twitter,"permasalahan vasektomi ini padahal berakar dari edukasi + society yg sangat patriarki, kenapa jadi nyasar sterilisasi? kebijakan vasektomi kdm ini bakal buka pintu ke kebijakan fasis lainnya, terutama kalau menyangkut kelas bawa",2025-05-01T10:54:58.000Z,
twitter,"Lol, ketauan kan kualitas lu pada bajingan. Cuman karna vasektomi aja egonya geter keluar sifat lo yg brengsek dahal lo msh bisa ngesex sama istri lo sampe puas tanpa pusing mikirin banyak anak. Tapi malah otak dangkal lu milih kepikiran ngesex sama yg lain tanpa takut hamil. -",2025-05-01T10:54:52.000Z,
twitter,"harusnya yg ky lu yg di vasektomi, biar populasi orang goblog ga nambah",2025-05-01T10:52:58.000Z,
twitter,"Masalah kemiskinan dan kebijakan struktural itu saling berkelindan. 
Membenci orang miskin dengan mendukung syarat vasektomi dari negara, itu udah masuk ke wilayah fasis. 
Dari kemaren yg kita kritik itu kebijakannya, tapi masih ada aja orang tolol yang nggak ngerti konteksnya.",2025-05-01T10:52:54.000Z,
twitter,"Tapi poinku juga tetep: vasektomi harus lebih digalakkan sebagai opsi KB.

Pemerintah tetep harus promote dan memfasilitasi vasektomi yang layak.",2025-05-01T10:52:38.000Z,
twitter,"tapi kan aturan yg lagi dibicarain skrang kalau mau bansos harus vasektomi dulu kan ya? dan kalau yg dapet bansos ternyata mau menggunakannya dgn baik dan bisa bikin sejahtera, giliran ada keinginan punya anak lagi, harus operasi dulu",2025-05-01T10:52:36.000Z,
twitter,"permasalahan vasektomi ini padahal berakar dari edukasi + society yg sangat patriarki, kenapa jadi nyasar sterilisasi? kebijakan vasektomi kdm ini bakal buka pintu ke kebijakan fasis lainnya, terutama kalau menyangkut kelas bawa",2025-05-01T10:54:58.000Z,
twitter,"Lol, ketauan kan kualitas lu pada bajingan. Cuman karna vasektomi aja egonya geter keluar sifat lo yg brengsek dahal lo msh bisa ngesex sama istri lo sampe puas tanpa pusing mikirin banyak anak. Tapi malah otak dangkal lu milih kepikiran ngesex sama yg lain tanpa takut hamil. -",2025-05-01T10:54:52.000Z,
twitter,"harusnya yg ky lu yg di vasektomi, biar populasi orang goblog ga nambah",2025-05-01T10:52:58.000Z,
twitter,"Masalah kemiskinan dan kebijakan struktural itu saling berkelindan. 
Membenci orang miskin dengan mendukung syarat vasektomi dari negara, itu udah masuk ke wilayah fasis. 
Dari kemaren yg kita kritik itu kebijakannya, tapi masih ada aja orang tolol yang nggak ngerti konteksnya.",2025-05-01T10:52:54.000Z,
twitter,"Tapi poinku juga tetep: vasektomi harus lebih digalakkan sebagai opsi KB.

Pemerintah tetep harus promote dan memfasilitasi vasektomi yang layak.",2025-05-01T10:52:38.000Z,
twitter,"tapi kan aturan yg lagi dibicarain skrang kalau mau bansos harus vasektomi dulu kan ya? dan kalau yg dapet bansos ternyata mau menggunakannya dgn baik dan bisa bikin sejahtera, giliran ada keinginan punya anak lagi, harus operasi dulu",2025-05-01T10:52:36.000Z,
twitter,jatohnya masuk lingkaran setan sih kak. miskin dan banyak anak > diminta kb vasektomi > gabisa karena ada HAM > miskin dan anak makin banyak > kesejahteraan HAM anak² tersebut malah tidak didapatkan > minta pertolongan pemerintah (KALO KAYA GINI KAPAN KELARNYAA,2025-05-01T10:52:30.000Z,
twitter,"ADUHH, lo blg kan vasektomi itu permanent. nyatanya ada reverse kocak. trus lo permasalahin duit? ya kalo lo mau punya anak lagi, ya punya duit dongg aduh aduh, gasemua bisa tapi banyak yang bisa tuh aduhh ngaku aja deh lo golongan yang mau produksi terus walau miskin kan",2025-05-01T10:52:21.000Z,
twitter,"Peraturannya beda antara kb sama vasektomi yg diusulkan kdm ini. Kb lebih ke persuasi, sementara vasektomi dikaitin sama bansos. Sebenernya oke kalo mau promosiin vasektomi, biar ada referensi lain buat pasutri. Tapi dibuat kebijakan gini rasanya kurang bijak.",2025-05-01T10:52:01.000Z,
twitter,"Ready vcs cs cek bio
1 juta sn qn nonton youtube vasektomi #vcscrottt",2025-05-01T10:51:57.000Z,
twitter,"Kek nya lebih ke masalah gender
Banyak laki² berpikir kalau di vasektomi kenikmatan itunya berkurang",2025-05-01T10:51:44.000Z,
twitter,"Yg di suruh vasektomi yg udh punya anak biar ga nambah anak, soal nya punya anak aja masi bansos apalagi klo nambah",2025-05-01T10:51:25.000Z,
twitter,"No problem Lu bahas populasinya, no problem juga dong klu gw bahas efek vasektomi nya",2025-05-01T10:51:24.000Z,
twitter,"Bahas kasus vasektomi bansos ini kaya pertanyaan telur vs ayam. Mau mutus rantai dari mana. Aku suka liat opini2 idealis yg bilang rombak aja semua sekaligus. Tp wow, idup pribadi aja butuh privilese buat bisa ulang dr awal.",2025-05-01T10:51:16.000Z,
twitter,"Sepemikiran, aku aneh sama yg buat thread. Dia nyalahin pemerintah karena gabisa berantas kemiskinan, tp dia gabisa berpikir mungkin ""campaign KB/vasektomi"" itu upaya pemerintah mengentaskan kemiskinan",2025-05-01T10:51:10.000Z,
twitter,"Mau nanya juga, untuk kalian perempuan yg dr kalangan bawah kalau punya suami mau engak suaminya di vasektomi dan sebaliknya mau engak para suami kalau istrinya KB setelah punya anak? Dan alasannya apa? Thk u ",2025-05-01T10:51:02.000Z,
twitter,"Bahas kasus vasektomi bansos ini kaya pertanyaan telur vs ayam. Mau mutus rantai dari mana. Aku suka liat opini2 idealis yg bilang rombak aja semua sekaligus. Tp wow, idup pribadi aja butuh privilese buat bisa ulang dr awal.",2025-05-01T10:51:16.000Z,
twitter,"Sepemikiran, aku aneh sama yg buat thread. Dia nyalahin pemerintah karena gabisa berantas kemiskinan, tp dia gabisa berpikir mungkin ""campaign KB/vasektomi"" itu upaya pemerintah mengentaskan kemiskinan",2025-05-01T10:51:10.000Z,
twitter,"Mau nanya juga, untuk kalian perempuan yg dr kalangan bawah kalau punya suami mau engak suaminya di vasektomi dan sebaliknya mau engak para suami kalau istrinya KB setelah punya anak? Dan alasannya apa? Thk u ",2025-05-01T10:51:02.000Z,
twitter,"Yg gini diminta vasektomi ga kira2?

Oiya lupa, karna kaya",2025-05-01T10:51:01.000Z,
twitter,"Heran sama yg nolak vasektomi.
Lagian kebijakannya untuk orang miskin yg mau bansos, dan udah punya anak minimal 2.
Lu butuh bansos karna ga bisa memenuhi kebutuhan secara mandiri kan? Udah punya anak juga, masih mau nambah lagi?",2025-05-01T10:50:31.000Z,
twitter,"laki2 kalo doyan selengki biar gak vasektomi sekalipun jg bakal selengki, jadi yaa sama aja tergantung si pemilik kontol nya gmn",2025-05-01T10:50:18.000Z,
twitter,Vasektomi haram,2025-05-01T10:50:11.000Z,
twitter,"MUI Jabar Tegaskan Vasektomi Hukumnya Haram, Ini Alasannya Majelis Ulama Indonesia (MUI) Provinsi Jawa Barat menegaskan sterilisasi pada pria atau vasektomi sangat tidak diperbolehkan atau haram dalam pandangan Islam. https://lifestyle.espos.id/mui-jabar-tegaskan-vasektomi-hukumnya-haram-ini-alasannya-2090075…",2025-05-01T10:49:41.000Z,
twitter,"2. Kalo ga perlu bansos, dan mampu silahkan untuk tidak vasektomi jd ga ada paksaan.
3. Vasektomi itu reversible dengan kemungkinan berhasil diatas 90++%  dan ga punya side effect apapun pada kesehatan seksual laki2, jadi kalo udah mampu, mau punya anak lg ya silahkan.
 c-",2025-05-01T10:49:15.000Z,
twitter,iya makanya gapapa ga dahuluin vasektomi nya,2025-05-01T10:48:59.000Z,
twitter,"Vasektomi kan buat yg udah punya 2 anak kalau belum ya engga, lagian udah tahu serba kekurangan kok ngotot nambah anak. Membesarkan anak ga hanya kasih makan tapi juga penghidupan yg layak",2025-05-01T10:48:49.000Z,
twitter,Klo di cina katanya klo lebih dr 2 kena denda. Ini lebih bijak drpd vasektomi.,2025-05-01T10:48:31.000Z,
twitter,iya makanya gapapa ga dahuluin vasektomi nya,2025-05-01T10:48:59.000Z,
twitter,"Vasektomi kan buat yg udah punya 2 anak kalau belum ya engga, lagian udah tahu serba kekurangan kok ngotot nambah anak. Membesarkan anak ga hanya kasih makan tapi juga penghidupan yg layak",2025-05-01T10:48:49.000Z,
twitter,Klo di cina katanya klo lebih dr 2 kena denda. Ini lebih bijak drpd vasektomi.,2025-05-01T10:48:31.000Z,
twitter,MUI Jawa Barat tegaskan vasektomi haram,2025-05-01T10:48:16.000Z,
twitter,"Yoi

Seingetku ditahun lalu, BKKBN kasih kompensasi sih buat yang mau vasektomi sekitar 2 atau 3 jutaan.",2025-05-01T10:48:01.000Z,
twitter,"mengasatasi kemiskinan dgn kebijakan vasektomi ceunah  kenapa ga penegakan hukumnya yg dibuat adil biar itu pejabat ga korupsi seenaknya? edukasi pendidikan dan edukasi kesehatan dibuat merata? paling ujung2nya dana bansos itu jg bakalan dikorup, tau aja kan pejabat indo ",2025-05-01T10:47:41.000Z,
twitter,"Hb Hanif  kecam keras wacana 
@DediMulyadi71
 yg ingin jadikan KB Vasektomi ( Pemutusan Saluran Mani ) sbg syarat wajib penerima bansos bagi pria di Jabar. disertai dgn uraian Ilmiah tentang KB Vasektomi, dampaknya pada seseorang dan Hukumnya dalam Islam  !",2025-05-01T10:46:46.000Z,
twitter,"KB emang ada kemungkinan kebobolan walau kecil sih.
Vasektomi juga bisa.",2025-05-01T10:46:40.000Z,
twitter,"Hukum Vasektomi dalam Islam, Berdasarkan Fatwa MUI!",2025-05-01T10:46:34.000Z,
twitter,Hah ?????  Ya udah gak usah ada Bansos kalo Vasektomi. Bansos itu Bantuan Sosial dari Negara kok pake Vasektomi?.  Longor Lu,2025-05-01T10:45:12.000Z,
twitter,"Toh vasektomi ga perlu di bedah, bisa hanya di jepit juga. Kalo sewaktu waktu siap untuk punya anak bisa dilepas",2025-05-01T10:44:41.000Z,
twitter,"mengasatasi kemiskinan dgn kebijakan vasektomi ceunah  kenapa ga penegakan hukumnya yg dibuat adil biar itu pejabat ga korupsi seenaknya? edukasi pendidikan dan edukasi kesehatan dibuat merata? paling ujung2nya dana bansos itu jg bakalan dikorup, tau aja kan pejabat indo ",2025-05-01T10:47:41.000Z,
twitter,"Hb Hanif  kecam keras wacana 
@DediMulyadi71
 yg ingin jadikan KB Vasektomi ( Pemutusan Saluran Mani ) sbg syarat wajib penerima bansos bagi pria di Jabar. disertai dgn uraian Ilmiah tentang KB Vasektomi, dampaknya pada seseorang dan Hukumnya dalam Islam  !",2025-05-01T10:46:46.000Z,
twitter,"KB emang ada kemungkinan kebobolan walau kecil sih.
Vasektomi juga bisa.",2025-05-01T10:46:40.000Z,
twitter,"Hukum Vasektomi dalam Islam, Berdasarkan Fatwa MUI!",2025-05-01T10:46:34.000Z,
twitter,Hah ?????  Ya udah gak usah ada Bansos kalo Vasektomi. Bansos itu Bantuan Sosial dari Negara kok pake Vasektomi?.  Longor Lu,2025-05-01T10:45:12.000Z,
twitter,"Toh vasektomi ga perlu di bedah, bisa hanya di jepit juga. Kalo sewaktu waktu siap untuk punya anak bisa dilepas",2025-05-01T10:44:41.000Z,
twitter,"In this situation, aku bangga sih punya cowo yang secara kesadaran mau vasektomi karena dia ga ngebolehin aku pake kb jenis apapun di kemudian hari. Bukan karena financial, tapi karena dia sadar kalo ngurus anak itu gak mudah, dan dia juga gamau aku tersiksa karena kb",2025-05-01T10:43:46.000Z,
twitter,yang kesusahan siapa yang disuruh vasektomi semua gitu? ga banding la tolol. orang kaya vs oranh miskin. beda,2025-05-01T10:43:44.000Z,
twitter,"aku setuju sm km. edukasi vasektomi HRUS disuarakan. krn aku juga kzl sm banyaknya perempuan yg kena dampak kb, tp ttp kb krn suami gamau pake kondom yg SEMUDAH itu. tp ya vasektomi ga dgn dipaksakan cara kek gini. coba kasih sosialisasi yg mendalam bgt + sekerdus kondom  l",2025-05-01T10:43:16.000Z,
twitter,Mereka tidak dipaksa vasektomi. kalo mau punya anak lagi silahkan tapi bansos berhenti,2025-05-01T10:42:40.000Z,
twitter,"Vasektomi itu keputusan pribadi memutus terjadinya kemampuan menghamili isteri, bukan program untuk mngentaskan kemiskinan dg memutus kelahiran. 

Sebuah syarat kebijakan yg membuat warga penerima bansos tertekan terpaksa mau di kebiri oleh pemerintah mesti di tolak.",2025-05-01T10:42:02.000Z,
twitter,KDM salah karena mengusulkan vasektomi sebagai cara menurunkan kemiskinan. Karena orang miskinnya tetap banyak dan akan jadi beban negara. Padahal ada cara yang lebih cepat dan efisien dalam mengurangi jumlah penduduk miskin bahkan sudah ada filmnya.,2025-05-01T10:41:42.000Z,
twitter,"Vasektomi itu keputusan pribadi memutus terjadinya kemampuan menghamili isteri, bukan program untuk mngentaskan kemiskinan dg memutus kelahiran. 

Sebuah syarat kebijakan yg membuat warga penerima bansos tertekan terpaksa mau di kebiri oleh pemerintah mesti di tolak.",2025-05-01T10:42:02.000Z,
twitter,KDM salah karena mengusulkan vasektomi sebagai cara menurunkan kemiskinan. Karena orang miskinnya tetap banyak dan akan jadi beban negara. Padahal ada cara yang lebih cepat dan efisien dalam mengurangi jumlah penduduk miskin bahkan sudah ada filmnya.,2025-05-01T10:41:42.000Z,
twitter,"Setuju, kalo bisa vasektomi juga berlaku sama orang kaya yg dapet duit haram. Biar ga ada keturunan anak2 orang kaya tolol lagi",2025-05-01T10:41:30.000Z,
twitter,"You are right. 

Maybe mungkin dengan kompensasi jika mereka mau melakukan vasektomi. Daripada membatasi hak yang mereka terima. That would work too",2025-05-01T10:41:29.000Z,
twitter,"Jangka pendek bukan vasektominya.. Kan tadi ngomongin pengentasan kemiskinan? Salahsatu caranya dgn tebar bansos. Nah bansos, kan gakan terus dikasih sama negara. Makanya, perlu ditinjau ulang siapa2 aja penerimanya, dll.

Salahsatu cara ngecut bansos, ya lewat ide vasektomi ini",2025-05-01T10:41:24.000Z,
twitter,Bansos itu memang Tugas Pemerintah apa urusannya dengan Nikah????. Bansos kok pake Vasektomi?. Longor koe,2025-05-01T10:41:04.000Z,
twitter,Suku vasektomi,2025-05-01T10:40:57.000Z,
twitter,"Entahlah, Kalau bapaknya gak mau vasektomi, masa istri dan anaknya yang ikut dihukum? Segala hal kok selalu muter di keputusan laki-laki. Kapan perempuan dikasih ruang buat berdiri sebagai manusia penuh, bukan cuma pelengkap penderita?",2025-05-01T10:40:56.000Z,
twitter,"Tubuh kita bukan urusan pemerintah. Aku bukan orang yang kontra sama vasektomi, tapi aku kontra sama wacana mewajibkan vasektomi buat dapet bansos. Vasektomi tu harus dari kesadaran diri, bukan dari pemaksaan pihak lain.",2025-05-01T10:40:42.000Z,
twitter,nyet. begok. lu boleh punya anak lebih 2 dan ga wajib vasektomi selama lu mampu merawat anak lu.  klo lu ga mampu n butuh bantuan pemerintah syarat nya anak lu ga lebih 2. sesimple ini logika lu ga sampe,2025-05-01T10:40:23.000Z,
twitter,"Kamu miskin tp gmw vasektomi, gt maksudnya?",2025-05-01T10:40:21.000Z,
twitter,Kondom banyak kenapa harus vasektomi deh?,2025-05-01T10:39:03.000Z,
twitter,"SALAH. Cara promo vasektomi tuh gini: (3 tahap)

- Ortunya kasih kerjaan gaji UMR.
- Anaknya kasih pendidikan gratis (si anak ini yg bakal lebih wise ke depannya). 
- Abis itu dikasih insentif yg mau vasektomi maka gaji per bulan dapet tambahan 1/3 atau 1/4 gaji UMR.",2025-05-01T10:38:58.000Z,
twitter,Ini yg harusnya di vasektomi paksa wkwk,2025-05-01T10:38:55.000Z,
twitter,"Entahlah, Kalau bapaknya gak mau vasektomi, masa istri dan anaknya yang ikut dihukum? Segala hal kok selalu muter di keputusan laki-laki. Kapan perempuan dikasih ruang buat berdiri sebagai manusia penuh, bukan cuma pelengkap penderita?",2025-05-01T10:40:56.000Z,
twitter,"Tubuh kita bukan urusan pemerintah. Aku bukan orang yang kontra sama vasektomi, tapi aku kontra sama wacana mewajibkan vasektomi buat dapet bansos. Vasektomi tu harus dari kesadaran diri, bukan dari pemaksaan pihak lain.",2025-05-01T10:40:42.000Z,
twitter,nyet. begok. lu boleh punya anak lebih 2 dan ga wajib vasektomi selama lu mampu merawat anak lu.  klo lu ga mampu n butuh bantuan pemerintah syarat nya anak lu ga lebih 2. sesimple ini logika lu ga sampe,2025-05-01T10:40:23.000Z,
twitter,"Kamu miskin tp gmw vasektomi, gt maksudnya?",2025-05-01T10:40:21.000Z,
twitter,Kondom banyak kenapa harus vasektomi deh?,2025-05-01T10:39:03.000Z,
twitter,"SALAH. Cara promo vasektomi tuh gini: (3 tahap)

- Ortunya kasih kerjaan gaji UMR.
- Anaknya kasih pendidikan gratis (si anak ini yg bakal lebih wise ke depannya). 
- Abis itu dikasih insentif yg mau vasektomi maka gaji per bulan dapet tambahan 1/3 atau 1/4 gaji UMR.",2025-05-01T10:38:58.000Z,
twitter,Ini yg harusnya di vasektomi paksa wkwk,2025-05-01T10:38:55.000Z,
twitter,"Kalo miskin yg gak malas, mau berusaha, tp masih perlu bansos harus vasektomi jg sebelum dapat bansos?",2025-05-01T10:38:20.000Z,
twitter,Yah kalau emang mau kontrol populasi sebagai salah satu upaya gak memperparah kemiskinan jalannya bukan paksaan tapi edukasi. Vasektomi masih punya stigma negatif dan laki-laki masih enggan berperan aktif dalam penggunaan kontrasepsi,2025-05-01T10:37:24.000Z,
twitter,"iyapp. kita kesampingkan ham dan vasektomi deh ya. misal negara mau bebenah dari segi pendidikan dan lap kerja pun, keknya butuh proses yg lama biar bener2 ""sejahtera"". menurut gue menekan angka kelahiran, buat sementara ini cara yg efektif biar kita bisa sejahterain yg ada dl",2025-05-01T10:37:21.000Z,
twitter,"Menurut gue, yg dilakuin pemerintah bukan suatu paksaan, tapi tawaran.
Kalo lo mau bantuan, ya vasektomi dulu. Kalo ga vasektomi ya gapapa, brti lo ga butuh bantuan. Toh mampu punya anak dan membiayainya. Ya gak? Lagipula, kenapa fokus ke bagian vasektomi aja?",2025-05-01T10:36:35.000Z,
twitter,"dari sudut pandang anak kesmas, vasektomi tuh salah satu cara kontrasepsi yang aman & efektif buat laki2 yang emang udah yakin. it's not about being transactional, tapi lebih ke informed choice. yang penting edukasinya jelas, bukan malah disalahpahami ahaha",2025-05-01T10:36:17.000Z,
twitter,"IMO lu nge-gaslight orang buat vasektomi malah ga masalah buat gw, tapi kalo pake vasektomi buat gatekeep bantuan yg memang kewajiban pemerintah ya emang anti-poverty aja kalian ",2025-05-01T10:36:10.000Z,
twitter,"Ketika pemimpin tak mampu mengelola kekayaan negeri,
rakyatlah yang diminta menahan keturunan.

Vasektomi dijadikan solusi atas kemiskinan.
Seolah akar kemiskinan ada di jumlah anak,
bukan di ketidakadilan distribusi kekayaan.
Bukan di korupsi, bukan di kelalaian kebijakan.

Lucu",2025-05-01T10:36:07.000Z,
twitter,"Hak anak kan? Simpel.
#1. Ortu vasektomi pas punya 2 org anak. Gaji + bansos cukup.
#2. Ortu punya 6 orang anak. Gaji + bansos jadi ga cukup.
Poin #1, hak anak terpenuhi dibantu (korelasi) vasektomi. Poin #2, tidak terpenuhi.
Kurang simpel apalagi?",2025-05-01T10:36:07.000Z,
twitter,"dari sudut pandang anak kesmas, vasektomi tuh salah satu cara kontrasepsi yang aman & efektif buat laki2 yang emang udah yakin. it's not about being transactional, tapi lebih ke informed choice. yang penting edukasinya jelas, bukan malah disalahpahami ahaha",2025-05-01T10:36:17.000Z,
twitter,"IMO lu nge-gaslight orang buat vasektomi malah ga masalah buat gw, tapi kalo pake vasektomi buat gatekeep bantuan yg memang kewajiban pemerintah ya emang anti-poverty aja kalian ",2025-05-01T10:36:10.000Z,
twitter,"Ketika pemimpin tak mampu mengelola kekayaan negeri,
rakyatlah yang diminta menahan keturunan.

Vasektomi dijadikan solusi atas kemiskinan.
Seolah akar kemiskinan ada di jumlah anak,
bukan di ketidakadilan distribusi kekayaan.
Bukan di korupsi, bukan di kelalaian kebijakan.

Lucu",2025-05-01T10:36:07.000Z,
twitter,"Hak anak kan? Simpel.
#1. Ortu vasektomi pas punya 2 org anak. Gaji + bansos cukup.
#2. Ortu punya 6 orang anak. Gaji + bansos jadi ga cukup.
Poin #1, hak anak terpenuhi dibantu (korelasi) vasektomi. Poin #2, tidak terpenuhi.
Kurang simpel apalagi?",2025-05-01T10:36:07.000Z,
twitter,"saya sepakat dengan konsep vasektomi, tapi bukan jadi paksaan dari pemerintah. Pemerintah yang gagal kok yang terus dipaksa yang miskin, suka bgt pake jalan ga masuk akal kaya gibran tau tau jadi wapres.",2025-05-01T10:36:06.000Z,
twitter,"belajar dulu kocak vasektomi bisa dibalikin lagi, gampang bahkan kadang ada kasus gausah dibalikin pun ada yang bisa balik dengan sendirinya",2025-05-01T10:36:06.000Z,
twitter,"Maksudnya tuh yaaa. Kalo mau ngatasi kemiskinan yah pemerintah dulu dong yang usaha baru rakyat  kalo mau dua anak-dua anak sih ok, tapi jelek banget anjir pemerintah nyuruh kb/vasektomi karena ga mampu hidupin warganya sementara mereka masih foya foya kayak raja... ",2025-05-01T10:35:49.000Z,
twitter,"daripada maksa vasektomi ke orang miskin, mending maksa vasektomi ke keluarga koruptor aja hehe",2025-05-01T10:35:14.000Z,
twitter,"biayanya pun bnr2 bisa ratusan juta kalo emg lo mau ngasih yg terbaik buat anak lo. pemerintapun ngebebasin mau vasektomi apa ngga, tp intinya ya lo jangan minta bansos kl mau berproduksi terus. gue suka bingung sm org yg mental miskin mau dpt bansos tp mau berproduksi terus",2025-05-01T10:35:07.000Z,
twitter,Terlaljy jauh untuk bahas vasektomi. Kanjuruhan dan kejadian sirup anak aja gak ada keadilan.,2025-05-01T10:35:03.000Z,
twitter,"Islam melarang pemandulan permanen. Vasektomi tidak bersifat permanen. Simpulannya apa? 

Inilah pentingnya menimba ilmu sebelum nge-tweet.. ",2025-05-01T10:34:59.000Z,
twitter,"Yang setuju vasektomi jadi syarat orang miskin penerima bansos. Coba tanya deh ke pejabat, mau ga mereka  dipaksa vasektomi supaya beban tunjangan untuk keluarga jadi efisien?

Biar adil kan.",2025-05-01T10:34:55.000Z,
twitter,"Klo bapaknya nolak vasektomi, apa g makin tersiksa istri anaknya kena imbas g dapet bansos jg? Emang bapak2 bisa diharapkan kepeduliannya?",2025-05-01T10:34:35.000Z,
twitter,"dengan aturan lebih tinggi. Aturan lebih tinggi menjamin setiap orang tidak dipaksakan mau atau tidak untuk melanjutkan keturunannya. Terus, upaya vasektomi sebagai layanan kontrasepsi mesti atas persetujuan tanpa paksaan.",2025-05-01T10:34:18.000Z,
twitter,"tapi sosialisaai KB yang dilakukan mayoritas hanya pada pihak perempuan, mayoritas laki-laki tidak tahu apa2 soal KB, apalagi efek samping dari penggunaan KB baik pil atau suntik. maybe soon dengan adanya pro kontra vasektomi ini laki2 juga mau melihat dari sisi perempuan",2025-05-01T10:33:54.000Z,
twitter,"tapi sosialisaai KB yang dilakukan mayoritas hanya pada pihak perempuan, mayoritas laki-laki tidak tahu apa2 soal KB, apalagi efek samping dari penggunaan KB baik pil atau suntik. maybe soon dengan adanya pro kontra vasektomi ini laki2 juga mau melihat dari sisi perempuan",2025-05-01T10:33:54.000Z,
twitter,"Gaperlu melebar kemana2. Dari awal, aku bahasnya prosedur. Ini negara hukum. Aturan tingkat lebih rendah mesti mengikutin aturan yang lebih tinggi. Urusan adanya anggaran udah beda cerita.

Hal yang lagi dibahas adalah ide menjadikan vasektomi sebagai persyaratan engga selaras",2025-05-01T10:33:25.000Z,
twitter,"Baguslah di vasektomi, jadi para suami bisa bebas selingkuh ngwek dimana2 dan ga was2 lagi bakal hamilin wanita lain trus klu ada apa2  tinggal balik ke istri pertamanya, gw dukung ide ini ",2025-05-01T10:33:25.000Z,
twitter,"dan sekedar insight aja, vasektomi itu operasi ringan dan sifatnya reversible.

jadi kalau mau dikembalikan seperti semula masih bisa. beda cerita sama kebiri atau angkat rahim.",2025-05-01T10:33:15.000Z,
twitter,"Tbh aku punya pandangan positif ke vasektomi utk program keluarga, tapi kalo harus diwajibkan pemerintah?? Karena alasan kemiskinan??? Pls... Masa semua harus rakyat yg bertindak? Lagian bukan si miskin ini ga punya duit buat jd kaya, duitnya aja yg dikorupsi para babi berdasi.",2025-05-01T10:31:59.000Z,
twitter,"Lu tu sok kritis tp gimana ya bilangnya. Masyarakat ini kebanyakan susah diajak mikir kedepan bisanya cuma nebar benih. Disyaratin lah kl mau terima bansos harus vasektomi. Minimal kl mau punya anak syarat mampu dulu, jgn punya anak nnti ada bansos kok!",2025-05-01T10:31:19.000Z,
twitter,"aku setuju kak. sosialisaai vasektomi emang masih minim banget dibanding KB, dan kalaupun ada, masyarakat belum tentu siap buat dapet ini. harus ada riset bagaimana cara penyampaian yang benar tergantung pada konteks lingkungannya karena first impression itu penting—",2025-05-01T10:31:11.000Z,
twitter,"laki laki disuruh vasektomi aja udah kepanasan, gimana kalau disuruh ngelahirin coba?",2025-05-01T10:30:42.000Z,
twitter,Ortu dosa tapi Pemerintah gak berhak mewajibkan Vasektomi karena Bansos.,2025-05-01T10:29:48.000Z,
twitter,Lu siapa kok nyuruh nyuruh vasektomi?.,2025-05-01T10:28:44.000Z,
twitter,"Boleh donk, KB juga kan program pemerintah. Kalo lo ga mau bansos ya ga usah vasektomi ini kan buat yg anaknya banyak tp ga bisa ngasih makan",2025-05-01T10:28:06.000Z,
twitter,"Selamat hari buruh libur siang panas 1 juta vasektomi nonton youtube malam jumat maljum ready vcs
#PastiAdaJalan|#IndiaPakistan",2025-05-01T10:27:49.000Z,
twitter,"gue suka penasaran sm topik kemiskinan struktural. misal
kebijakan vasektomi ini ga diadain, terus kita benerin di pendidikan dan lapangan pekerjaan. kira2 harus gimana? pendidikannya gratis kah? lapangan pekerjaannya dibuka lebih banyak kah?",2025-05-01T10:27:35.000Z,
twitter,"Nggk vasektomi itu cuma memutus jaringan penghubung sperma ke penis. Dah itu bis disambung lgi jikalau ntar mau punya anak lagi. Ga ada efek samping kaya kb perempuan. Jadi sebenarnya msi enak, dan msi bisa having sex jg",2025-05-01T10:26:57.000Z,
twitter,Oalah ngene Toh Wong Sugeh cangkem taek.  Bansos kok syaratnya Vasektomi.  Gubernur GovLok,2025-05-01T10:26:45.000Z,
twitter,"Situ bilang orang miskin itu bebal, ngeyel. Yakin banget kalau disuruh vasektomi ga pada bebal juga?
Apalagi ini cowo loh. Tau sendiri cowo gimana.
Ditambah tokoh masyakaratnya bebal juga. Beuh mantep",2025-05-01T10:25:14.000Z,
twitter,"Ini. Vasektomi juga bisa ningkatin resiko kanker prostat makanya ga bisa sembarangan. orang-orang ini aneh kalo sampe yang disalahin orang miskin dan bukan faktor yang bisa bikin orang jatuh miskin. Sex education aja tabu di negara ini. Ashamed to be Indonesian, again and again.",2025-05-01T10:25:06.000Z,
twitter,"keluarga miskin harus vasektomi, instead of kasih akses hidup dan kesejahteraan yg layak

anak nakal dibawa ke barak, instead of kasih ilmu parenting ke orang tuanya

sorry y g dl. extreme take won't solve the root cause",2025-05-01T10:25:05.000Z,
twitter,"Salahnya banyak banget lagi, (1) salah krn itu buat syarat utk bantuan, (2) salah krn setelah vasektomi diberi insentif seperti bansos/beasiswa, bisa membebani pengeluaran provinsi.

Solusinya PROMOSI VASEKTOMI LEBIH GENCAR bukan kasih insentif ke pria yg vasektomi.",2025-05-01T10:24:57.000Z,
twitter,"Mau kb laki2/perempuan dari dulu ada himbauannya dari bkkbn gak pernah disuruh atau dipaksakan, jika saat ini di salah satu provinsi dibuat jadi kebijakan si miskin harus vasektomi kalau mau bansos ya itu salah.",2025-05-01T10:24:57.000Z,
twitter,"Ya, bener. Vasektomi makin lama makin permanen. Peluang keberhasilan reversal turun seiring waktu karena jaringan parut dan faktor lain. Dalam 3 tahun, 97% berhasil kembalikan sperma, 76% hamil. Setelah 15 tahun, tingkat keberhasilan jauh lebih rendah, hanya 30-70% untuk",2025-05-01T10:24:39.000Z,
twitter,Apa Saja Syarat dan Persiapan Vasektomi?,2025-05-01T10:24:33.000Z,
twitter,"Lagi pula ini bukan ""disuruh vasektomi"" tapi pengancaman hak hidup rakyat yang tersegmentasi, siapa? rakyat miskin. Coba nanti kalo bukan laki aja, tapi cewek juga? soalnya masalahnya bukan di gender, tapi di indikasi pengancaman hak.",2025-05-01T10:24:27.000Z,
twitter,"Kamu maksa orang buat vasektomi kak? Aku laporin ke polisi ya, masuk delik",2025-05-01T10:24:04.000Z,
twitter,"yang stress siapa? lo kocak, mikirnye cuma mau bikin anak tapi nurunin kemiskinan. KASIANNNN YANG JADI ANAK LO, kalo bisa lo diludahin kali garagara jadi ortu ga becus cuma bisanya nafsu doang kerja bego, biar ga minta bansos dan gaperlu vasektomi",2025-05-01T10:24:03.000Z,
twitter,"Kemiskinan gak permanen, vasektominya juga harusnya gak permanen, jadi ketika ekonominya sudah lebih baik, bisa kembali, nanti kalo jatuh miskin lagi vasektomi lagi, bisa ? ",2025-05-01T10:23:50.000Z,
twitter,"Kata kunci yang sering dibicarakan terkait Dedi Mulyadi mencakup 
@DediMulyadi71
, KB, Gubernur, suami, dan ketipu. Isu seputar kebijakan kontroversial seperti vasektomi untuk penerima bansos, serta kritik atas pencitraan dan tunggakan pajak, memperburuk citra kepemimpinan Dedi.",2025-05-01T10:22:11.000Z,
twitter,"Gue juga bakal setuju kalo vasektomi dilakukan tidak sbgai syarat untuk menerima bansos. Bukan gak setuju soal vasektominye, lu paham gak sih apa yg direncakan KDM itu?
Banyak perempuan juga noh yg kontra sama tuh kebijakan, karena yg dipermasalahkan kebijakannya BKN vasektominya",2025-05-01T10:22:03.000Z,
twitter,pemaksaan vasektomi itu perebutan hak reproduksi orang lain.,2025-05-01T10:22:00.000Z,
twitter,"Tau aja nih walid barang bagus

https://doods.at/e/rke8a27pozyn

https://doods.at/e/v2dsiwzbdg9v

https://doods.at/e/gc5iq24picdm

Gc vip https://t.me/+SSKfoPSu4rwxNjg9…

maljum malam jumat 1 juta vasektomi nonton youtube libur",2025-05-01T10:21:42.000Z,
twitter,Lah itu udah ngebantuin layanan vasektomi GRATIS,2025-05-01T10:21:31.000Z,
twitter,"Negara tak berhak mengatur rahim dan testis orang miskin.

Di Jawa Barat, Gubernur Dedi Mulyadi mewacanakan wajib vasektomi bagi laki-laki miskin jika ingin terus mendapat bantuan sosial dan beasiswa untuk anaknya.

Ini bukan sekadar kebijakan ngawur. Ini bentuk baru eugenika.",2025-05-01T10:21:18.000Z,
twitter,"innalilahi, vasektomi ga bikin mati... kalo udh cukup 2 anak ya yaudah. kalo ga punya duit gausah punya anak. nyusahin diri, org sekitar, negara pula. pake kondom aja gamau tapi nyusahinya seumur hidup. capek.",2025-05-01T10:20:37.000Z,
twitter,"Eneg bgt baca opini cowo2 ttg vasektomi, si tiba2 peduli tuh sm hak organ reproduksi. Takut ini itu, tp giliran kb buat cewe pada diem2 aja pdhl risikonya jauh lebih tinggi cewe. Baru pada paham kan gaenaknya pake KB.",2025-05-01T10:19:19.000Z,
twitter,"Kaos distro murah

https://s.shopee.co.id/2qHfiNcWbB

#KitaSemuaPekerja #BONCHONVOYAGExGF
#Panas #MayDay #MyGoldenBloodEP8
#libur #Vasektomi",2025-05-01T10:17:37.000Z,
twitter,"Isu utama terkait KDM meliputi wacana pengiriman siswa nakal ke barak militer, usulan vasektomi bagi penerima bansos, dan julukan ""Gubernur Konten"" terkait penghematan anggaran lewat media sosial. Larangan wisuda dan pemberantasan premanisme juga memicu pro dan kontra.",2025-05-01T10:17:32.000Z,
twitter,Kalo jalannya dengan memaksa orang vasektomi sih ngga ya,2025-05-01T10:17:31.000Z,
twitter,"Emosi terkait KDM: Joy dukung kebijakan KDM lawan premanisme dan pemulihan lingkungan, tapi ada ketidakpuasan soal pencitraan. Anger muncul terkait kebijakan vasektomi dan pengiriman siswa nakal ke barak. Anticipation terlihat pada spekulasi kebijakan dan masa depan politik KDM.",2025-05-01T10:17:29.000Z,
twitter,"Sore ready vcs 

1 juta libur vasektomi nonton youtube",2025-05-01T10:17:29.000Z,
twitter,"Di media sosial, 50% sentimen positif mendukung kebijakan pro-rakyat KDM seperti vasektomi, pemutihan pajak, dan pemulihan lingkungan. Namun, 38% sentimen negatif menyebut KDM lebih fokus pencitraan dan mempertanyakan etika serta efektivitas kebijakannya.",2025-05-01T10:17:27.000Z,
twitter,"Media online menampilkan 69% sentimen positif terhadap KDM, menyoroti responsivitas, efisiensi anggaran lewat medsos, dan kebijakan pro-rakyat. Hanya 6% negatif, menyorot kontroversi vasektomi, penanganan siswa nakal, dan julukan ""gubernur konten"".",2025-05-01T10:17:25.000Z,
twitter,"tapi ya, gw setuju bgt kl ada program bansos harus vasektomi. kadang mereka kurang mikirin gimana nasib pendidikan dan nafkah anaknya nanti. ujung-ujungnya gali lobang tutup lobang.",2025-05-01T10:14:55.000Z,
twitter,"nah penasaran juga. kalo vasektomi bkn cara yg tepat, kira2 cara yg tepat buat mengatasi kasus itu kek gmn? ortunya dicariin kerja? wkwkw ya kali dikasih bansos terus2an. mau sampe kapann",2025-05-01T10:14:45.000Z,
twitter,"""bayangin Lo di lahirin cuma buat ikut menderita. Ortu bisa milih tapi anak engga, setiap anak itu berhak"".

tapi vasektomi syarat nya harus udah punya anak.

gimana sih mksdnya? terus abis vasektomi ngapain? ada apa lagi?",2025-05-01T10:14:45.000Z,
twitter,"Smart sikit, vasektomi juga ada prosedurnya, yg belum punya anak nggak akan dilakukan vasektomi, hadehh padahal yg kek gini harusnya mah ngga perlu ditanyain",2025-05-01T10:14:36.000Z,
twitter,"Masih butuh bansos = masyarakat miskin
Mau bansos = vasektomi dulu buat mencegah lahirnya masyarakat miskin baru

Kalo bahas perempuan harus nikah dan punya anak dulu biar bisa akses pendidikan jujur bingung bikin alurnya gimana dan masalahnya apa",2025-05-01T10:14:18.000Z,
twitter,"Vasektomi itu hanya salah satu saran... Saran itu blh dilakukan, tdk juga bukan maslh. Loe mau pny anak byk sampe ratusan jg gak ad larangannya di Indonesia, selama loe mampu menghidupi anak2 loe, gak nyusahin orang lain...
Ini bicara ttng pola pikir, bukan bicara kaya miskin..",2025-05-01T10:14:17.000Z,
twitter,Ada gubernur yang berencana menjadikan vasektomi sebagai syarat kalau mau menerima bansos pak,2025-05-01T10:13:53.000Z,
twitter,Syaratnya itu lu udah punya dua anak dan MASIH PERLU BANSOS. Masalahnya vasektomi tuh apa?? Efeknya jauh lbh sedikit drpd KB. Kalo ga diginiin ujung2nya perempuan lagi ditekan utk KB oleh laki dan keadaan. Atau kalo gak KB anak yg lahir bakal menderita. LU MAU KAH BIAYAIN???,2025-05-01T10:13:43.000Z,
twitter,"Wah, mas kalo gitu jangan si miskin aja yang dihukum hitung juga harta masa depan calon ortu. Kelas pekerja harus vasektomi semua karna mereka bisa kena phk setiap saat. Ngga ada yg jamin kan kestabilan ekonomi keluarga pekerja?",2025-05-01T10:13:41.000Z,
twitter,"jadi sad gini 

1 juta nonton youtube Libur #SFxTayNewPolcasan Vasektomi 23 tahun pks FATTAH ZARA BELOM MAKAN 150 #150DaysWithFattzar Preman #TPPBersamaMenteriDesa #LookKhunNoo HARQEEL BERMUARA 150",2025-05-01T10:13:40.000Z,
twitter,"ide vasektomi ga setuju sih, tolol idenya, macem mulyono ini kalo ngasih ide",2025-05-01T10:12:51.000Z,
twitter,"https://my.clevelandclinic.org/health/procedures/15459-vasectomy-reversal…
Tidak permanen namun rasio kesuksesan untuk mengembalikan seperti semula tidak 100%, dan akan menurun seiring lama vasektomi dijalani.",2025-05-01T10:12:31.000Z,
twitter,"Feminis yang beneran feminis harusnya menolak vasektomi yg sifatnya mandatory, Nder. Dirimu bisa sebenci itu kalau perempuan diatur-atur hak reproduksinya, harusnya bisa benci juga kalau ini dilakukan ke laki-laki. Poinnya 'kan sama-sama pelanggaran terhadap otoritas tubuh.",2025-05-01T10:11:18.000Z,
twitter,"""Oh oh gue sebenernya gak setuju juga sama kebijakan vasektomi wajib ini.... tapi gue ngamuk kalo ada yang bilang itu kebijakan yang goblok""

What a piss poor copout, you're a god damn coward. I would respect you a little bit if you stood your ground and doubled down instead.",2025-05-01T10:10:55.000Z,
twitter,"Di tengah hiruk pikuk perdebatan pro kontra kebijakan vasektomi dan pembahasan soal orang miskin punya banyak anak, statement beliau kerasa sangat amat adem. 

Karena rata-rata debat di Twitter aka X tuh sering meremehkan pendapat yang bersebarangan bahkan gak jarang maki-memaki.",2025-05-01T10:10:39.000Z,
twitter,"Org Islam cerdas-berpikiran maju ya akan setuju vasektomi sementara u bs atur keuangan agar bs memberikan keturunan yg lbh baik, krn mkn gizi tinggi! Smtr sebaliknya menghasilkan keturunan gerbong  berkarat yg sulit dihela maju oleh sang lokomotif krn mkn nasi krupuk doank!",2025-05-01T10:10:33.000Z,
twitter,"Ya kan pokok perdebatanya syarat dapat bantuan harus vasektomi.

Gampangnya PNS karyawan anaknya pada sedikit ka sbb yg dapat BPJS tunjangan anak cuman 2",2025-05-01T10:10:22.000Z,
twitter,tangan pemerintah buat data masyarakat paling bawah nah mereka lah ini nanti yang membuat laporan. Vasektomi selama dilakukan penuh kesadaran gua ga bisa protes tapi kalau ada unsusr paksaan demi sesuatu ya ga asik aja si,2025-05-01T10:10:14.000Z,
twitter,Gua ngakak perdebatan KDM vasektomi itu dua duanya pada saling serang. Dua pihak (si pro dn kontra) akhirnya sadar kalo X ini sampah.,2025-05-01T10:10:06.000Z,
twitter,"Patut dicurigai kalau tujuan vasektomi oleh KDM adalah untuk mengurangi populasi orang Islam, karena mayoritas yg divasektomi orang muslim",2025-05-01T10:09:51.000Z,
twitter,"I don't mind your opinion, but let me correct your words. ""Sebagian kaum laki-laki"". Not all of us that numb. Me personally really hate efek KB ke istri. Segera masuk usia rawan hamil tua, mau vasektomi. Nyawa istri gua jauh diatas apapun juga",2025-05-01T10:09:50.000Z,
twitter,"Mbak, dibedah kek mana emang di bayanganmu itu tubuh suamimu??
Apa dia ngejalanin bedah yg kyk autopsi gitu??
Nggak, Mbak
Btw, syaratnya aja HARUS punya anak dulu MINIMAL 2 baru bisa ngajuin vasektomi.",2025-05-01T10:08:33.000Z,
twitter,"Apasih, lo pengen bgt gw diem wkwkwk. Otoritas disini kan diatur pemerintah kocak. Vasektomi dipaksa buat dapet bansos. Urusan lambung dpt bansos dan diurus negara itu amanat UUD, bukan gue kocak",2025-05-01T10:08:25.000Z,
twitter,"Celana kerja slimfit

https://s.shopee.co.id/7pgLf9YK8a

#KitaSemuaPekerja #BONCHONVOYAGExGF
#Panas #MayDay #MyGoldenBloodEP8
#libur #Vasektomi",2025-05-01T10:07:46.000Z,
twitter,"Ini kan posisi udah makmur, anak semua meninggal muda, terlanjur Vasektomi, lalu mau punya anak lagi. Kalau case nya gini gimana?",2025-05-01T10:06:40.000Z,
twitter,"Vasektomi itu sebenarnya metode KB jangka panjang buat cowok yang udah yakin gak mau punya anak lagi, tapi bukan berarti jadi impoten atau gak bisa HB ya. Cuma salurannya aja yang diputus, jadi sperma gak keluar, tapi fungsi seksualnya tetap normal.",2025-05-01T10:06:32.000Z,
twitter,"kan disitu dijelasin untuk penerima bansos harus vasektomi dengan syarat udah punya anak 2. jadi gaboleh lebih dari 2 anak kalo mau nerima bansos, kurang jelas? dan lagi, sejak kapan gua buzzer mulyono jing? gua dikatain apapun terima, tapi gua ga terima dikatain buzzer mulyono",2025-05-01T10:06:16.000Z,
twitter,"Org miskin kalo vasektomi emg jd ga miskin lagi? 
Kalo mereka udah ga beranak tp ga vasektomi emg bedanya apa?",2025-05-01T10:05:54.000Z,
twitter,"Vasektomi di BKKBN gratis, udah lama jg ada programnya di BKKBN",2025-05-01T10:05:30.000Z,
twitter,"Lagian aneh banget program vasektomi buat orang miskin ini. Berasa kayak mengeliminasi orang miskin yang padahal ga semua akarnya karna malas.
Malah most ignorant and selfish kids i know usually came from well off family 
Emang dasar didikannya jelek, ga ada mandang ekonomi.",2025-05-01T10:05:30.000Z,
twitter,"gue cewe tapi malu dah sama mayoritas cewe yg dengan bodohnya dukung kebijakan vasektomi buat dapet bansos. dari dulu cewe dah ditekan masyarakat buat KB, next di masa depan dipaksanya sama pemerintah buat wajib KB biar gak miskin  cape amat dr kmrn liat kebodohan ini.",2025-05-01T10:05:24.000Z,
twitter,"Bagus sih kalau gitu skenarionya.

Kalau nikah, miskin, lalu punya 2 anak, terus Vasektomi. Nah kan terus jadi kaya. Kalau anaknya meninggal dan mau punya anak lagi gimana?",2025-05-01T10:04:55.000Z,
twitter,Enggak hrusnya yaa wkwkw yg suka koar koar vasektomi juga gak setuju sama keputusan KDM. Gue cuma mengkritisi pendapat orang miskin juga berhak punya banyak anak. Kek berhak tp gak mampu menunaikan kewajiban as parents mah gausah merasa berhak ,2025-05-01T10:04:06.000Z,
twitter,Oke kalo tujuannya buat promosiin vasektomi. Toh itu juga jadi referensi buat pasutri yg mau mengatur jarak kelahiran. Tapi caranya ngga tepat. Seolah dijadiin bahan traksasional kaya lo vasektomi lo dapet bansos :(,2025-05-01T10:03:44.000Z,
twitter,"Dari awal lu ngelempar argumen kayak orang ngelempar lumpur ke tembok, asal nempel aja. 
Begitu dibantah soal pemaksaan vasektomi dan pelanggaran hak, bukannya jawab, malah muter ke poligami, perceraian, syarat nikah. Itu bukan diskusi, tapi nyari pembenaran. Pegang argumen awal.",2025-05-01T10:03:37.000Z,
twitter,"harus 'layanin' suami karena LU PEREMPUAN & sbg istri. diminta pakai kb, ada yang tbtb diangkat rahimnya. kalau berpendidikan yang lbh tinggi dr lakinye dinyinyirin, milih-milih pasangan dibilang jgn pilih-pilih nnti di rumah cm jaga anak  timbang vasektomi hebohnyeeee njs",2025-05-01T10:03:28.000Z,
twitter,"udah capek, bete grgr kena apus dospem, buka twitter isinya laki-laki ngomel grgr vasektomi  baru dikeluarin vasektomi doang ini broooo baru satu broooooo???? apa kabar perempuan ya, dari umur segini harus begini, harus begitu. perempuan harus nurut harus punya anak",2025-05-01T10:03:27.000Z,
twitter,"Setuju banget, gak usah ambil bansos kalau syaratnya vasektomi.",2025-05-01T10:03:24.000Z,
twitter,soalnya pada mikir kalau setuju sama kampanye vasektomi = setuju keputusan kdm. stress. ,2025-05-01T10:02:33.000Z,
twitter,"Gw bingung sama orang yang ngebelokin vasektomi orang miskin ke issue gender.
Ini kagak ada hubungannya ke gender.

Lebih masuk kezhaliman pemerintah yang merenggut kebebasan atas badan orang miskin berkedok bansos.
It’s violating basic human rights.",2025-05-01T10:02:26.000Z,
twitter,Oke kalo tujuannya buat promosiin vasektomi. Toh itu juga jadi referensi buat pasutri yg mau mengatur jarak kelahiran. Tapi caranya ngga tepat. Seolah dijadiin bahan traksasional kaya lo vasektomi lo dapet bansos :(,2025-05-01T10:03:44.000Z,
twitter,"Dari awal lu ngelempar argumen kayak orang ngelempar lumpur ke tembok, asal nempel aja. 
Begitu dibantah soal pemaksaan vasektomi dan pelanggaran hak, bukannya jawab, malah muter ke poligami, perceraian, syarat nikah. Itu bukan diskusi, tapi nyari pembenaran. Pegang argumen awal.",2025-05-01T10:03:37.000Z,
twitter,"harus 'layanin' suami karena LU PEREMPUAN & sbg istri. diminta pakai kb, ada yang tbtb diangkat rahimnya. kalau berpendidikan yang lbh tinggi dr lakinye dinyinyirin, milih-milih pasangan dibilang jgn pilih-pilih nnti di rumah cm jaga anak  timbang vasektomi hebohnyeeee njs",2025-05-01T10:03:28.000Z,
twitter,"udah capek, bete grgr kena apus dospem, buka twitter isinya laki-laki ngomel grgr vasektomi  baru dikeluarin vasektomi doang ini broooo baru satu broooooo???? apa kabar perempuan ya, dari umur segini harus begini, harus begitu. perempuan harus nurut harus punya anak",2025-05-01T10:03:27.000Z,
twitter,"Setuju banget, gak usah ambil bansos kalau syaratnya vasektomi.",2025-05-01T10:03:24.000Z,
twitter,soalnya pada mikir kalau setuju sama kampanye vasektomi = setuju keputusan kdm. stress. ,2025-05-01T10:02:33.000Z,
twitter,"Gw bingung sama orang yang ngebelokin vasektomi orang miskin ke issue gender.
Ini kagak ada hubungannya ke gender.

Lebih masuk kezhaliman pemerintah yang merenggut kebebasan atas badan orang miskin berkedok bansos.
It’s violating basic human rights.",2025-05-01T10:02:26.000Z,
twitter,"Klo liat vlog dia klo bantu anak2 sekolah,kdm malah lebih setuju perempuan harus punya pendidikan tinggi drpd harus nikah muda,dia malah mikirin kaum perempuan sih dgn buat aturan vasektomi,krn di realitanya bnyk perempuan yg jd korban suami egois yg maunya punya anak bnyk",2025-05-01T10:02:01.000Z,
twitter,"Mau divasektomi? Nanti bansosnya ditambah dua kali lipat.
Gamau vasektomi? Bansosnya porsi normal.",2025-05-01T10:01:49.000Z,
twitter,"Memang harus ada tambahan peraturan biar yang sudah di vasektomi tidak seenaknya melakukan aksi tersebut di luar pernikahan, program nya udah bagus tapi perlu penyempurnaan sih menurutku.",2025-05-01T10:01:04.000Z,
twitter,"Vasektomi itu salah satu jalan untuk meminimalisir kemiskinan.
Manusia itu udah over populasi, produksi udah gak manual & udah banyak diganti mesin, dengan menurunkan populasi menurunkan juga jumlah pengangguran juga.",2025-05-01T10:01:03.000Z,
twitter,"PRO 

Lagian vasektomi ga bikin lu ga bisa ngaceng dan ngewe",2025-05-01T09:59:40.000Z,
twitter,"Exactly. Even worse than mulyono, KDM is a sensationalist . Pake isu kontroversial demi sorotan, bukan demi solusi.
Ngomong soal vasektomi bukan karena peduli sama kemiskinan, tapi buat cari panggung. Dan sayangnya, banyak yg terpancing ikut tepuk tangan.",2025-05-01T09:59:35.000Z,
twitter,"gue cuma setuju kampanye vassektomi, dan mengkritisi orang tua yg gatau diri. Apakah ngatain orang tua gak tau diri dan tukang ngebebanin anak = fasis. Tapi gue setuju bukan pemaksaan, tapi penggembor2an kampanye vasektomi",2025-05-01T09:59:12.000Z,
twitter,"Emang vasektomi yang dimaksud KDM berlaku untuk pria dewasa yang belum punya anak juga? Misal si penerima sudah punya anak 3 lalu divasektomi, apa harus rekanalisasi? Toh kampanye KB kan 2 anak cukup?",2025-05-01T09:59:10.000Z,
twitter,"Exactly. Even worse than mulyono, KDM is a sensationalist . Pake isu kontroversial demi sorotan, bukan demi solusi.
Ngomong soal vasektomi bukan karena peduli sama kemiskinan, tapi buat cari panggung. Dan sayangnya, banyak yg terpancing ikut tepuk tangan.",2025-05-01T09:59:35.000Z,
twitter,"gue cuma setuju kampanye vassektomi, dan mengkritisi orang tua yg gatau diri. Apakah ngatain orang tua gak tau diri dan tukang ngebebanin anak = fasis. Tapi gue setuju bukan pemaksaan, tapi penggembor2an kampanye vasektomi",2025-05-01T09:59:12.000Z,
twitter,"Emang vasektomi yang dimaksud KDM berlaku untuk pria dewasa yang belum punya anak juga? Misal si penerima sudah punya anak 3 lalu divasektomi, apa harus rekanalisasi? Toh kampanye KB kan 2 anak cukup?",2025-05-01T09:59:10.000Z,
twitter,"Benar sekali ustad.

Vasektomi bukan solusi untuk menghentikan angka kemiskinan.

Kemiskinan bisa diatasi dengan kerja. Meski sudah dihambat angka kelahiran jika lapangan kerja tidak ada, orang miskin tetap banyak.

Terimakasih telah bersuara ustad.",2025-05-01T09:59:01.000Z,
twitter,apasihh vasektomi doang kayak mau dipenggal tuh kepala susah banget ya ngelakuin itu doang??,2025-05-01T09:58:28.000Z,
twitter,"Jujur gue juga benci orang miskin yang gak tau diri, yang udah tau miskin malah terus beranak.

TAPI suka gak suka kebijakan KDM buat vasektomi ini jelas melanggar hak mereka sebagai manusia untuk memiliki keturunan. Yang harus dipikirin tuh bukan kewajiban vasektominya loh -cont",2025-05-01T09:58:10.000Z,
twitter,"ngl my (not too serious) opinion about this vasektomi bullshit : yauda si kalau emang anaknya udah 2 dan umur udah 35 keatas vasektomi, biar expired bersama dg perempuan ya kan. aku dan kamu expired bersama gapapa yg penting dapet bansos dari negara",2025-05-01T09:58:09.000Z,
twitter, kesimpulannya ya... kagak ada yg di vasektomi dong,2025-05-01T09:58:04.000Z,
twitter,lo udah difase dikatain fasis belum sih kak karena setuju sama vasektomi ini? ,2025-05-01T09:57:20.000Z,
twitter,Ayolah jabar sukses vasektomi suapay jadi contoh daerah lain  ayo kita kurangi generasi miskin yg bejibun itu ,2025-05-01T09:56:42.000Z,
twitter,"Jadi bansos sekarang ada persyaratannya gtu? 
1. Harus miskin
2. Harus mau vasektomi 
...

Selanjutnya apa? Yakin stop divasektomi aja?",2025-05-01T09:56:30.000Z,
twitter,"diskursus vasektomi ini ngangkat banyak bgt perpektif ya. ada yg ngerasa gak fair krn KB cewe diem aja tp kl cowo rame, ada yg setuju krn liat dari perspektif anak yg harus tumbuh dlm kemiskinan, ada yg khawatir liat negara yg berusaha mengontrol tubuh rakyat as form of fasisme,",2025-05-01T09:56:27.000Z,
twitter,"Aku juga ga masalah sama vasektomi, dan emang dulu udah pernah digalakkan program KB oleh pemerintah (it's still wrong tho). Cuma selama ini KBnya bukan permanen kayak vasektomi. Ga ada perempuan dipaksa histerektomi dan aku juga nentang banget kalo ada yang wajibin.",2025-05-01T09:56:26.000Z,
twitter,"Kalo habis vasektomi terus penghasilan meningkat, harta berlimpah, usaha lancar jaya, cara punya anaknya gimana?",2025-05-01T09:56:25.000Z,
twitter,"nah itu problemnya, udah stress dan gak berdaya karena merasa buntu tapi enggak mau berhenti punya anak. mangkanya itu gue setuju kalo akses vasektomi lebih dipermudah dan dikampanyekan. Tp nanti ditentang sama sayap kanan karena haram dan gak sesuai ajaran agama.",2025-05-01T09:55:46.000Z,
twitter,"tp lu tau ga kalau metode kb mow (metode operasi wanita) di lapangan 22x lipat lebih banyak daripada yg vasektomi. kalau lu perempuan, usia 35 keatas, anak lebih dari 2 lu pasti dikejar2 kader desa atau didesak bidan buat kb. itu ngga ngebunuh otonomi tubuh?
data jatim 2022 :",2025-05-01T09:54:31.000Z,
twitter,"ni cewe cewe cuma hobi balas dendam jir wkwk sampe ga bisa buka pikiran kalo masalah ini jauh lebih besar daripada masalah gender. hadeh. kalo ada vasektomi wajib berarti ntar KB juga makin wajib, bkn cm tekanan masyarakat. hadeh.",2025-05-01T09:54:07.000Z,
twitter,"Nonton YouTube nemu short yg bikin jiwa usilku yg terpendam sekian lama jadi meronta  Sepertinya aku bisa ngerasain happy-nya cowok itu bermain dg satu tali 'jahat' di tangan kirinya 

===
Vasektomi jd trending bbrp hari ini krn Kang DedMul. 
Btw, knp Tomi/Tommy pasaran? ",2025-05-01T09:53:47.000Z,
twitter,"Vasektomi juga gak permanen, bisa disambung lagi.",2025-05-01T09:53:29.000Z,
twitter,"Perlu dikulik datanya brp % rakyat konoha yg BERHASIL pindah dari lower class ke middle class. Org yg pnya mindset maju dr awal ga bergantung sama bansos, ga khawatir utk ga dpt bansos, ga terganggu soal aturan vasektomi biar bansos cair.",2025-05-01T09:52:59.000Z,
twitter,Emang perlu digalakkan lagi kampanyenya emang. Masalahnya warga mau nerima gak? Apalagi alasan vasektomi haram di agama.,2025-05-01T09:52:40.000Z,
twitter,"ya iyelah, lu bayangin aja selama ini cewe dihadapin sama kb dengan dalih ""wajib"" krn katanya fitrahnya bgtu chant ""my body mu choice"" diinjek sama kaum conservative ""cowo"" katanya ga mutu. skrg pada melek dah tu krn disuruh vasektomi, berak kata gw",2025-05-01T09:52:13.000Z,
twitter,ga sabar menunggu kelompok islamis ngehe yg hidupnya tidak solutif menarasikan kalau program vasektomi ini sebagai upaya depopulasi umat islam. kemudian di desa desa miskin itu muncul ustad ngehe dengan program beranak pinak demi mewujudkan kejayaan islam 10 miliar tahun lagi ,2025-05-01T09:52:06.000Z,
twitter,"Angkat rahim beda sama vasektomi, kalo mau nyamain sama angkat rahim ya angkat testis setitit tititnya.
Samain vasektomi tuh sama steril yg dipotong/diiket tuba falopinya.",2025-05-01T09:52:01.000Z,
twitter,"Manjakan pacar disaat jam istirahat belajar 

https://poophd.pro/e/882tq2bft1tt
https://poophd.pro/e/1680at8nvnch
https://poophd.pro/e/uqvefcdgudxe

Ready siang putri kw feni kecanduan nonton youtube 1 juta vasektomi kecanduan",2025-05-01T09:51:14.000Z,
twitter,"Timbang vasektomi aja ga mau anjing, emang mau beranak pinak banyak banyak",2025-05-01T09:48:34.000Z,
twitter,"Abang sakit abang 

https://dood.to/e/dpscc9hb7gy9

https://dood.to/e/1pdunsc3onar

https://dood.to/e/ebr6itzik8x8

https://dood.to/e/kyql6xh7d7v7

https://dood.to/e/7t02vfscjfum

Gc vvip https://t.me/+1ZLmOMYkvadkZWE9…

Selamat hari buruh libur siang panas 1 juta vasektomi nonton youtube malam jumat maljum https://pic.x.com/982wBZtI2H",2025-05-01T09:48:08.000Z,
twitter,"Betul, justru yg sukarela untuk vasektomi dikasih reward, bukan bansos ditahan klo g nurut kata pemerintah ",2025-05-01T09:47:51.000Z,
twitter,"udah
dan tetep aja itu pemaksaan
I'm all in vasektomi sebagai pilihan kontrasepsi~
Tapi kalo harus pake penekanan 
""Vasektomi atau bansos?""
""No vasektomi no bansos""
ya kan tetep ada pemaksaan

Kaya gitu mah cara paling cepet mengentaskan kemiskinan ya habisi orang miskinnya aja",2025-05-01T09:47:35.000Z,
twitter,Lagian bisa aja kan orang miskin ngakalin aturan ini dengan bikin banyak anak dulu baru ikut vasektomi. Hasilnya dia tetap dapat bansos dan punya banyak anak. ,2025-05-01T09:46:42.000Z,
twitter,"ini less likely bkl terjadi sih. negara kita over population. makanya vasektomi hadir sbg salah satu solusi (aku g blng setuju/ tdk ya. krn aku blm riset, cm liat berita di tl). 

fyi ranah privat kita udh bnyk diatur jg sih (e.g. KUHP larangan aborsi & pasal perselingkuhan)",2025-05-01T09:46:31.000Z,
twitter,"Wkwk lo sendiri suruh org miskin ikut vasektomi aja, udh iyain gaboleh dapet bantuan klo org miskin itu gak mau vasektomi.",2025-05-01T09:46:18.000Z,
twitter,"Vasektomi, vasektomi, vasektomi! Kalo bahas begini, entah kenapa yang paling melekat adalah budaya patriarki, agama, atau ekonomi.

Dalam kesehatan, vasektomi tergolong aman untuk badan dan psikologis juga. Dalam ekonomi, vasektomi bisa menjadi solusi untuk memperbaiki ekonomi.",2025-05-01T09:46:15.000Z,
