platform,komentar,timestamp,sentimen
twitter,Klo udh vasektomi habis itu bikin pingin punya anak lgi masih bisa nggk kak?,2025-05-02T01:32:48.000Z,
twitter,Reasoning lu gimana sih? Emang vasektomi ngasih solusi untuk keluarga yang dah terlanjur punya anak banyak? Mikir pake otak dong,2025-05-02T01:32:04.000Z,
twitter,"Contoh kasus..
U tlah nikah dan pnya 3 anak .
Qodarullah.. krn suatu sebab anak2 mu meninggal semua.
& u tlah mnjalankan perintah utk vasektomi/pemandulan permanen, sedang usiamu masih muda.
Sungguh betapa menyesalnya kamu..
#Indahnya ISLAM dgn aturannya yg solutif utk kehidupan",2025-05-02T01:27:23.000Z,
twitter,"Bayangkan ini:
Negaramu memberi bansos agar rakyat miskin bisa makan hari ini,
Dengan mendorong vasektomi supaya mereka tak lagi punya anak.

Bagi yang menolak vasektomi, silahkan tetap miskin, selamat tinggal bansos.

Selamat datang di era pembangunan:
lebih murah sterilkan",2025-05-02T01:26:24.000Z,
twitter,"gak ada negara maju yang memaksa rakyat miskinnya buat vasektomi, even cina aja sadar kebijakan pembatasan anak mereka salah, negara maju lebih memilih memperkuat edukasi",2025-05-02T01:26:15.000Z,
twitter,"Udah miskin, tolol. Masih mending disuruh vasektomi tuh dontol, harusnya dimatiin aja lu. Anak lu juga nggak ada tuh yg mau terlahir dari orang tua miskin, tolol,egois kek kau",2025-05-02T01:22:42.000Z,
twitter,"Program Makan Bergizi Gratis langkah tepat untuk meningkatkan kualitas hidup anak-anak Papua

Mowning Jumat Pagiii 2 Mei Hari Pendidikan Nasional Selamat Hari Buruh Mecima Melani Libur suara pekerja damai Lanjutkan MBG Tikom Vasektomi GRIB #PastiAdaJalan #Hardiknas2025 #MayDay",2025-05-02T01:10:44.000Z,
twitter,"Ya kalau dipelihara secara sengaja ga bakal disuruh vasektomi. Orang miskin ditawarin sekolah gratis tuh ga mau. Maunya ditawarin duit. Lo tunggu segala semua2nya diperbaiki ya mana sempat, keburu 12 anak lahir.",2025-05-02T01:08:46.000Z,
twitter,"nah ini sih, gue bingung kenapa dianggepnya yang miskin yang vasektomi, padahal di situ ada requirement: 1. mau terima bansos, 2. sudah punya anak 2

rasanya penjelasan panjang terkait persamaan premis orang miskin dan orang bodoh ini gak align dengan requirement",2025-05-02T01:03:40.000Z,
twitter,"Agak ngerti sih pemerintah mensyaratkan penerima bansos harus vasektomi.

Gw dulu sering minjemin uang ke orang alesannya ini itu, anak sekolah lah, beras lah. Terus ngeliat mereka jalan-jalan, beli handphone baru, dll. ",2025-05-02T00:50:58.000Z,
twitter,"Cari tau dulu standar kemiskinan tuh kyk gmna, klo sebuah keluarga sesuai sm standar miskin itu dan masih ngotot punya anak tpi gamau vasektomi ya brrti masih mampu menanggung biaya anak"" nya, emg lu pikir pemerintah bakalan nanggung smua biaya hidup lo pada hah?",2025-05-02T00:50:50.000Z,
twitter,"ya inikan kewajiban buat org yg mau dapat bansos jadi ga semua org wajib vasektomi, kenyataannya mmg banyak anak untuk orang-orang miskin stuktural itu membebankan negara dan menekan tingginya angka kriminalitas, program ini kan secara ga langsung ngatasin banyak problem",2025-05-02T00:50:07.000Z,
twitter,"Saatnya orang menyadari punya anak adalah PRIVILEGE, dan tidak semua orang punya ini ataupun berhak. 

Heran ama warga X, liat berita anak bayi dikasih susu kental manis / kopi / Indomie / ortu tolol, pada ngamuk, giliran disuruh vasektomi “PUNYA ANAK ITU HAK SEMUA ORANG” pretttt",2025-05-02T00:49:35.000Z,
twitter,"ih vasektomi bisa dibuka lagi tau, bukan berarti ga bisa punya anak selama2nya 

justru vasektomi paling ringan efek sampingnya,hnya bisa iritasi.
sedangkan iud akn sakit lgi apalagi kalau perempuannya punya riwayat sakit menstruasi.
kesian tau perempuan harus melahirkan jugakan?",2025-05-02T00:46:36.000Z,
twitter,"Selama itu kalo gk sambil diterapkan vasektomi ya sia"" aja, jadi disamping perbaikin lapangan kerja & pendidikan diterapin juga tuh vasektomi, klo mereka dpt kerja yg lebih bagus dan anak hanya sedikit mereka juga yg enak gk kelabakan menuhin kebutuhan hidup keluarganya",2025-05-02T00:46:03.000Z,
twitter,Kalo keluarga miskin yang dah terlanjur punya anak banyak. Vasektomi + Baansos itu apakah bisa jadi solusi? Bisa mengentaskan kemuskinan mereka?,2025-05-02T00:38:43.000Z,
twitter,"Dibaca lagi deh, kak. Ini kan saya di Jabar ya. Ada program vasektomi untuk dapetin bansos. Di daerah saya ini udah jarang banget yang punya anak 3 atau lebih. Tapi tetep banyak yang miskin. Apa mereka ga akan dapet bansos?",2025-05-02T00:37:07.000Z,
twitter,"gimanasih cara biar orang lebih melek untuk vasektomi? lakuin hal yg sama kaya pas edukasi kb dg jargon “2 anak lebih baik”. siarkan di setiap waktu break acara tv, iklankan oleh influencer pendukung 02 kalo vasektomi bermanfaat banyak, sosialisasikan di setiap acara dominan laki",2025-05-02T00:33:58.000Z,
twitter,"Siapa yang bilang warga miskin auto kaya?
Itu program vasektomi kan di Jabar. Saya orang Jabar. Dan masalah kemiskinan di tempatku bukan karena banyak anak. Udah bilang juga kan UMR tempatku kecil banget.",2025-05-02T00:29:23.000Z,
twitter,"Terlepas dari kb rawan kebobolan, lakinya gak vasektomi dll sebenernya ini persoalan panjang anying soalnya mindset di sini tuh kebanyakan masih banyak anak banyak rejeki alias mandang anak sebagai investasi di masa depan padahal investasinya buat dipake ngurus anak dulu",2025-05-02T00:13:54.000Z,
twitter,"Vasektomi itu bukan paksaan, itu syarat. Kalo lo gak mau, ya gak usah ambil. Simple. Toh kalo lu masih pengen punya anak terus, ya berarti lu cukup mampu dong? Kenapa ngarepin bantuan?? Itukan buat emng yang ngotak dan mikir aja",2025-05-01T23:58:16.000Z,
twitter,"udah tolol bising, bego...
Dalam Islam juga hukum vasektomi itu masih"" abu"" apalagi dinegara yg overpopulasi miskin gini, lu ngelahirin anak tuh butuh tanggungjawab, anak itu bukan INVESTASI HARI TUA KAU, Allah aja gasuka sama orang tua seperti itu.",2025-05-01T23:54:57.000Z,
twitter,"Otak klw gk jalan ya begini. Di negara maju aja yg tingkat pendidikan masy lbh tinggi msh aja nelantarin anak, apalagi di Indo yg mayor tamat SD. Artiny yg perlu ditempuh itu edukasi bukan maksa vasektomi. Begini klw manusia nyembah manusia. Sgl sabda KDM dianggapny benar.",2025-05-01T23:51:56.000Z,
twitter,"Udh mah ngerokok pengangguran, suka tantrum, beban rakyat sampah masyarakat 

Lengkap, 

Ada? Banyakk bgt wkwkw 

Kenapa? Karna sorry to say ya org miskin beranak pinak hamil diluar nikah anak ga keurus jdnya udh gede beban rakyat 

Disuruh vasektomi haram tp ngentot luar nikah?",2025-05-01T23:45:37.000Z,
twitter,Hak reproduksi itu berarti hak mau punya anak atau tdk. Dgn memasukan syarat vasektomi untuk bansos itu berarti memanfaatkan kelemahan ekonomi org lain untuk mengatur reproduksi orang. Itu sama saja melanggar uu tpks pasal 8,2025-05-01T23:44:40.000Z,
twitter,"Wacana Vasektomi sbgai syarat bansos jelas alasannya, ini utk keluarga kurang mampu, anak perlu di beri kehidupan yg memadai, klau  1 /2 anak saja tdk mampu ya jangan sampai ada anak ke 3 yg juga akan ikut hidup sengsara..",2025-05-01T23:34:41.000Z,
twitter,"Lawak gimana? Syarat vasektomi itu harus sudah punya 2 anak, tp msh bs berhubungan badan kaya biasa kok, mmg mau punya brp anak lagi? Kalau sanggup punya lebih dari 2 anak apakah itu termasuk miskin? Kenapa minta bansos juga, vasektomi itu op kecil jg",2025-05-01T23:33:40.000Z,
twitter,"Kenapa sih kebanyakan laki"" minim literasi masalah vasekotomi ini.
Vasektomi dibilang kebiri
Membatasi anak dibilang ngga boleh punya anak
Laki-laki juga harus kb seperti perempuan dibilang diskriminasi.",2025-05-01T23:07:19.000Z,
twitter,"Gw tuh gak anti vasektomi kok, kalo lo tuh orang kaya, punya cukup anak, dan kemauan sendiri gpp lo mau vasektomi umur 25 juga, tapi kalo cuman karena orang itu miskin ya itu namanya diskriminasi sosial dan hak melanjutkan keturunan juga diatur undang²",2025-05-01T22:56:37.000Z,
twitter,"Dalam hal ini yg paling berbahaya adalah orang bodoh yg miskin. Perlu vasektomi

Orang itu gk akan bisa diedukasi & pasti ngabisin bansos. Klo punya anak banyak sekali, lama2 masyarakat diisi orang bodoh & miskin

Orang bodoh tp kaya aman
Orang pintar tp miskin aman",2025-05-01T22:52:36.000Z,
twitter,Btw kalo vasektomi di bkkbn itu syaratnya sudah 2 kak. Jadi ya berarti sudah punya anak.,2025-05-01T22:51:56.000Z,
twitter,"Tolol! Ga rakyat ga pejabat sama2 tolol. 

Ada orang miskin punya banyak anak. Masalahnya itu di ""miskin"" nya atau ""banyak anak"" nya?

Idealnya: Kemiskinannya diberantas. Kalau udah ga miskin, bomat lu mau punya berapa anak.
Faktanya: VASEKTOMI??!!
T O L O L",2025-05-01T22:49:57.000Z,
twitter,"Cewek nakal doang lu sebutin!! Otak lu cuma selangkangan aja kah?!! Ini ngomongin orang yg udah menikah, yg udah punya banyak anak. Lu belajar lagi deh VASEKTOMI itu cara kerjanya apa! Toh Vasektomi gak sama dengan kebiri. Otak lu dipake TOLOL",2025-05-01T22:49:50.000Z,
twitter,Dedi Mulyadi Wajibkan KB Vasektomi Untuk Penerima Bansos: Setop Bikin Anak Kalau Tak Sanggup!,2025-05-01T22:40:00.000Z,
twitter,"Di hadits itu jelas loh bang, pertama itu PERBANYAK HARTA baru ANAK. Mereka gk bisa milih mau lahir d keluarga mana, tapi kita yg bisa milih. Jadi kalo gk mau vasektomi kn bisa buang d luar, yg penting istri ridho. Simpel",2025-05-01T22:38:03.000Z,
twitter,"Just my two cents again about this whole vasectomy issue.

Sy ini lbh menganut childfree dan juga sangat SETUJU anjuran vasektomi digalakkan utk laki2. Saya juga SETUJU edukasi ektensif untk warga rentan miskin terkait kesehatan seksual dan perkembangan anak.",2025-05-01T22:23:48.000Z,
twitter,"Program Pa dedi mungkin terinspirasi tetangga gua yg punya 11 anak , bayangin 1 th lahir satu anak dengan posisi bapanya ga kerja dan gaboleh kb. Akhirnya sama pa dedi di bantu dan bapaknya mau vasektomi.",2025-05-01T22:19:03.000Z,
twitter,"yang bilang orang miskin gaboleh punya anak juga siapa?

yang jadi permasalahan itu bansos yang seharusnya hak fakir miskin malah diberikan syarat. itu saja sudah menyalahi UU.

apalagi syaratnya adalah vasektomi, makin otoriter lagi.",2025-05-01T22:16:17.000Z,
twitter,"Klo mnurut gw malah 'semua org ga boleh punya anak lbh dr 2'. Regardless lo kaya/miskin pokoknya jgn. Klo emg mau vasektomi, semuanya aja sekalian tanpa pandang status ekonomi.",2025-05-01T22:15:26.000Z,
twitter,"Kalo kyk gt anak2nya yg jd korban. Mrk kekurangan gizi, ga bs makan, ga bs dpt pendidikan yg layak. Dan bnyk masyarakat krg mampu yg krg aware dg kondisinya & tetap pny anak banyak. Emg udah harus dikontrol.
Vasektomi ini jg program KB, knp giliran Vasektomi keras bgt nolaknya?",2025-05-01T22:02:41.000Z,
twitter,"like girl be fr, lo pikir org2 yg struggling itu punya bandwidth buat mikirin reproductive rights pas tiap hari mikirin ""besok makan apa""? makanya solusi realistis kyk vasektomi setelah 2 anak itu masuk akal. bukan nyuruh stop punya anak krn miskin, tapi nyuruh mikir panjang dkit",2025-05-01T22:00:04.000Z,
twitter,"Narasi pemerintah, orang miskin itu karna males kerja. orang miskin harus vasektomi, klo miskin jangan punya anak.

Ga beres.
Sama aja kualitas rakyatnya jga ga beres.
Lebih miris lgi klo you miskin trus nyepongin pemerintah wkwk ga beres
Gw udah di tahap muak dan gk peduli.",2025-05-01T21:49:08.000Z,
twitter,"KB itu dr jmn pak harto tdk prnh dipaksakan, yg ada hny anjuran 2 anak sj ckp. anjuran itu slh satunya vasektomi. Bbrp daerah sdh ksh insentif jg untk yg sukarela vasektomi. Yg dimslhkn kebijakan kdm memaksa vasek sbg syrt bansos/beasiswa utk org miskin sj. Opresi dan fasis ini.",2025-05-01T21:48:33.000Z,
twitter,"sure reproduce, sure they don't have much options for recreational activities, tapi setidaknya dengan dilakukannya vasektomi itu, mereka bisa recreational activities tanpa harus nambah beban ke mereka sendiri(dan anak mereka) setelah aktivitas tersebut",2025-05-01T21:38:08.000Z,
twitter,"Seperti narasi Fir'aun saat kampanye melarang Bani Israel tuk punya anak laki-laki.
Terlalu membebani ekonomi Kerajaan, Merusak Pemandangan Kota, Tidak bisa diatur Kerajaan. padahal Fir'aun lah membuat kebijakan pemiskinan sistemik Bani Israel. Purposed Vasektomi untuk si Miskin.",2025-05-01T21:35:31.000Z,
twitter,Harusnya bapak lu sih yg vasektomi biar gak lahir anak bego kek elu wkwk,2025-05-01T21:34:10.000Z,
twitter,Meningan sekalian apus syarat 2 anak sebelum vasektomi daripada ngewajibin warga miskin vasektomi supaya bisa terima bansos.,2025-05-01T21:32:32.000Z,
twitter,"Yaelah disuruh vasektomi aja kayak kontolnya mau dipotong anjr apa kabar bapak gw impoten santai2 aja tuh , beliau masih ttp bisa kerja masih bisa hidup sayang anak sayang istri, lu yng yapping di Sosmed sok negewakilin kaum miskin gw yakin lu ga pernah ngerasain miskin beneran",2025-05-01T21:29:55.000Z,
twitter,"couldn't agree with this anymore. knp skrg sistem seolah-olah akan didesain untuk semakin menginjak-injak kaum yg lemah, banyak jg yg nyalahin kaum miskin dan makin ""menekan"" dan ""mengusik"" kemiskinan mereka. dilarang punya anak, vasektomi sbg syarat bansos, dll.",2025-05-01T20:59:21.000Z,
twitter,Gw doain seIndonesia pada miskin ww3 pasti terjadi mampus lu semua pada miskin wajib vasektomi dilarang menikah dan punya anak,2025-05-01T20:40:26.000Z,
twitter,"yang dihighlight disini tuh vasektomi, berarti si penerima bansos ini udah punya anak dan ga bisa untuk membiayainya.",2025-05-01T20:02:46.000Z,
twitter,"Lu emang ga pernah belajar soal gizi buruk ini berdampak nya ga disatu generasi aja ya? 

Semua ada konsekuensi nya, kalau dia mau punya banyak anak ya dia harus bs menghidupi nya dgn layak. Yg di vasektomi juga pria umur >35 thn dgn 2 ank. Kb pd wanita jga sama aj kok konsepnya",2025-05-01T20:00:13.000Z,
twitter,"generasi sandwich adalah faktor orang tua yg gak ngerti KEWAJIBAN, If you said so vasektomi is solution, Why human gak think twice kalo gak mampu di awal don’t try :) 

kan konteks nya punya anak is problem katanya :)",2025-05-01T19:55:58.000Z,
twitter,"Yang masih koar2 masalah vasektomi di twitter itu jahat blabla kayanya emang orang di twt pd beneran ga napak tanah ya. 

Kalo finansial ga cukup tapi bikin anak terus apa ga kasian ama anak-anaknya? Anak-anak pd jualan + ngamen/kerja ampe tengah malem, boro2 main kudu cari duit",2025-05-01T19:50:30.000Z,
twitter,"Wajar sih menfes unpad muncul gini, toh jabar kan sebutannya kota kembang ( biak )  wajar laki lakinya gamau vasektomi, soalnya gabisa bikin anak nanti",2025-05-01T19:48:59.000Z,
twitter,"analoginya ga apple to apple ya dasar cowok, gosah kebiasaan lebay. disuruh vasektomi aja udh kayak disuruh bunuh diri. lu liat cewe kb ga koar2 tuh? lagian vasektomi itu setelah punya anak 2.
why the fuck you're poor and wanting many kids and masih ngandelin bansos juga??",2025-05-01T19:37:28.000Z,
twitter,"Kalo emang lolos, nunggu waktu aja sampe ada peraturan pasutri dengan anak 2 wajib vasektomi/tubektomi kalo gamau bpjsnya dicabut.",2025-05-01T19:20:47.000Z,
twitter,"Sekalian maen gila aja, pasutri yang uda punya 2 anak wajib vasektomi dan tubektomi kalo gamau bpjs nya dicabut. Genderless, semua kelas kena. Fair enough.",2025-05-01T19:16:17.000Z,
twitter,"“Ga boleh punya anak”
Bukannya syarat vasektomi anak hrs udh 2 dan usia suami di atas 40? 

Bedakan antara “dibatasi” dan “ga boleh”. Itu anak pertama dan kedua aja hidupnya blm bisa layak sampe2 butuh bansos, ini masih mau nambah lagi? Urgensinya apa nambah lagi?",2025-05-01T19:12:46.000Z,
twitter,"Kalo udh ada 2 anak trs butuh bansos, kenapa gamau vasektomi? Apa mau buat anak lagi sampe 11? 2 anak aja butuh bantuan gimana mau nambah anak lagi?",2025-05-01T19:12:37.000Z,
twitter,"yang dulunya punya anak diatas 5 dianggap wajar sekarang dinilai terlalu banyak. 

itu bukti program KB cukup berhasil, bisa dong di tambah lagi sosialisasi nya. kalo gamau KB buat perempuan bisa pilihan lain vasektomi buat pria, asal bukan paksaan bagus kok programnya",2025-05-01T19:10:07.000Z,
twitter,"Lah kan udh punya anak baru di vasektomi, gimana si? Ga baca lo? Bener2 darurat membaca sih org2 dontol nih",2025-05-01T19:08:58.000Z,
twitter,Sesaat gue berfikir ini kebijakan bagus tapi tetiba ngerasa ngebayangin ga ada kebijakan kek gtu aja ada anak emas/favorit apalagi ada bgtu kasian doang anak 3dst bakal denger kalimat “duh biaya hdp mu mahal bgt ya” pdhl vasektomi minim efek samping drpd kb cwe loh,2025-05-01T18:49:33.000Z,
twitter,"Ketimbang maksa vasektomi, mending pemerintah ngecheckin KK warga tiap tahun yang anak nya lebih dari 2 di KK cabut bansosnya, ntar kalo bandel masih brojol sana sini yang salah mereka sendiri, anak nya ga masuk dalam kk dan ribet sendiri masalah adminstratif dll.",2025-05-01T18:48:55.000Z,
twitter,"Meanwhile cowok gue dengan kesadaran penuh:

“Nanti kalo udh punya anak 1, aku vasektomi aja ya biar kamu gausah KB”",2025-05-01T18:47:55.000Z,
twitter,"Pertama, tidak ada paksaan perempuan di indonesia utk berkontrasepsi, yg ada penyuluhan KB
Kedua silahkan lakukan penyuluhan vasektomi kpd laki2, jgn MEMAKSA dengan dalih miskin jgn banyak anak, 
Korupsi, mafia hukum, premanisme, dinasti politik, 
Itu yg sebabkan kemiskinan",2025-05-01T18:41:25.000Z,
twitter,Emang yang miskin mau punya brapa anak si? Pada kontra gini. Lagian di vasektomi tetep bisa ngaceng kok,2025-05-01T18:30:52.000Z,
twitter,"Ribet ya ngurus Indonesia ini. Udahlah mayoritas msh miskin, diatur lebih baik gak mau. Soal vasektomi aja bahasnya ky mau perang. Di negara maju laki2 vasektomi gak seribet ini. Pdhl secara finansial mreka bs aja py byk anak krn sistem negara tanggung jwb. Lah di Indonesia?",2025-05-01T18:23:19.000Z,
twitter,Gue tanya yeee yg di rugikan dari segi ape!! Ga ada vasektomi merugikan orang ya salam!! Yang ada bersyukur anak dilahirkan tidak di lingkungan yg miskin!,2025-05-01T18:18:19.000Z,
twitter,"Betapa semengerikannya kondisi anak2 ini. Kayak gini masih gaterima ada syarat vasektomi utk penerima bansos? Woy, ngurus anak ga segampang itu. Butuh biaya dan perhatian yang tercukupi dari orang tua. Ya kurang lebih hasilnya kyk beginilah kalo diurus dengan keterbatasan ekonomi",2025-05-01T18:06:24.000Z,
twitter,Kalo udh vasektomi ngapain mau punya anak lagi dah gak kasihan apa sama si wanita,2025-05-01T18:04:24.000Z,
twitter,"kemaren mikir gini juga, tpi klo penentuan menerima/engganya bansos itu dihitung dari jumlah tanggungan, pengaruhnya di masa mendatang. cuma syarat vasektomi ini apakah akan ngaruh untuk masalah existing karna udah kadung punya anak dan nambah anakpun ga mengubah status penerima",2025-05-01T18:03:57.000Z,
twitter,"Pertama itu vasektomi bukan kebiri 
Kedua hak apa yang dirampas
Ketiga jika hak memiliki anak maka kamu salah syarat vasektomi adalah sudah memiliki anak min 2 dan usia harus lebih dari 2 th,  jadi tidak relevan jika hak memiliki anak dirampas",2025-05-01T17:53:24.000Z,
twitter,"mikir belakangannya tuh gimana?

kan yang divasektomi yang miskin punya 2 anak dan mau dapet bansos. gak miskin? terserah mau vasektomi apa nggak. miskin punya dua anak? terserah mau punya anak lagi nambah biaya hidup lagi atau vasektomi dan dikasih subsidi. pilihan",2025-05-01T17:52:32.000Z,
twitter,"Nih buat yang gak berani vasektomi ngento**, jangan cuma suruh cewe doang yang bilang laki vasektomi juga pengen punya anak, eh blok 2 anak cukup baru vasektomi kalo mau nge** ya nge** aja lu kita tuh kon*** di potong gak bisa nge** maen lu kurang jauh",2025-05-01T17:17:30.000Z,
twitter,"Kenapa banyak yang salty ya? Pdhl bagus kok, lagian di vasektomi juga kalo udh banyak anak+miskin (butuh bansos) kalo tidak merasa begitu, dan dirasa mampu punya anak banyak tanpa bansos yaudah, gausah vasektomi 

Sesimpel itu‍",2025-05-01T17:17:15.000Z,
twitter,"Ketika seseorang vasektomi, dia gak akan bisa punya anak lagi. Hak reproduksi seseorang dicabut. Lah, emang pemerintahnya salah. Masa kita dipajakin tapi ide pemerintah ngaco didiemin aja.",2025-05-01T17:17:02.000Z,
twitter,"Anak 2 dengan umur minimal 30 tahun untum prosedur vasektomi itu gk cukup kah bikin dia ngerasa ""wah kayaknya aku boleh deh vasektomi biar anak2ku ttp dapat bansos dan pendidikan yg layak""",2025-05-01T17:13:48.000Z,
twitter,"Dan juga Vasektomi itu ada yg gak permanen, dia bisa sewaktu2 dicabut & bisa punya anak lagi. Selain itu, biasanya syarat pria yg divasektomi udah berumur 35 th ke atas atau sudah punya 2 anak. jadi ga sembarangan pria bisa divasektomi :)",2025-05-01T17:11:38.000Z,
twitter,"Sebenarnya bisa dengan menduplikasi sistem jamsostek, dimana subsidi atau bansos tidak memperhitungkan anak ketiga dst. 
Vasektomi ada biayanya, dan ini bisa jadi tambahan beban lagi bagi anggaran. Padahal mereka butuh banyak anggaran untuk yang lain.",2025-05-01T17:10:27.000Z,
twitter,"Atau batasin dengan regulasi, misal bansos maksimal hanya untuk keluarga dengan 2 anak. Tanpa perlu vasektomi kan? Karena vasektominya kalau dipaksa yang melanggar HAM, kalau dijadikan prasyarat menerima bansos. Sedangkan bansos, memelihara masyarakat miskin & anak terlantar..",2025-05-01T17:04:23.000Z,
twitter,"Kak Vasektomi itu ada yg gak permanen, dia bisa sewaktu2 dicabut & bisa punya anak lagi. Selain itu, biasanya syarat pria yg divasektomi udah berumur 35 th ke atas atau sudah punya 2 anak. Jadi ga sembarangan pria bisa divasektomi.",2025-05-01T17:04:16.000Z,
twitter,"Apa urusan sama overpopulasi? Ini vasektomi buat ngendaliin orang miskin.
Ini ide, misal dari 10.000 orang miskin 1 jadi milarder, apa solusi dari gubernur kesayangan lo itu untuk dia mau punya anak lagi. Coba jawab itu aja. Malah nanya presentase.",2025-05-01T17:02:39.000Z,
twitter,"Vasektomi Kan cuma boleh buat pria yg sudah Punya anak, Seinget gw peraturan negara begitu. Cmiiw",2025-05-01T17:02:17.000Z,
twitter,"eh tolol ini tuh bukan di kebiri,cuman sperma lu gak keluar dan gak bikin lu gak bisa ngaceng terus ngewe tolol minimal baca dulu lah vasektomi tuh gimana, bacot gede literasi tolol bisanya cuman nyalahin pemerintah lagian emang gak cukup 2 anak?",2025-05-01T17:01:54.000Z,
twitter,"Trs kalo misal yg vasektomi, ekonominya naik level, apakah si bapak vasektomi yg dulunya miskin tiba2 akan muncul gairah ""wah aku ingin ngewe dan punya anak""? Di umur sesenja dia setelah berhasil naik level? Soalnya melihat tren ekonomi negara, agak sulit naik level",2025-05-01T17:00:40.000Z,
twitter,"lagian kan dari awal udah jelas kalau gamau vasektomi yaudah gaakan dapet bansos, putus dulu rantai orang tua yang mikir dengan dapat anak banyak mereka bisa dijadiin investasi masa tua mereka, gen sandwich itu asal mulanya juga dari situ kak",2025-05-01T16:44:54.000Z,
twitter,"semoga ini bantu lo ya kak, kenapa alasan vasektomi menjadi syarat untuk bansos, poin pertama gue ga bilang orang miskin gaboleh punya anak, boleh tapi untuk orang orang yang hidupnya aja masih membutuhkan basos kebayang ga anak anak yang bisa ditelantarkan karena kondisi ekonomi",2025-05-01T16:42:10.000Z,
twitter,"Program slh satunya lagi digarap seorang gubernur di Indo yaitu vasektomi dlm mencegah kemiskinan berlarut2, ""byk anak byk rejeki"" pola pikir ini emng ktngaln zmn hrsnya, tnp disadarkan pun harusnya pd sadar diri lah. Pendekatan ini emang agak sensitif jgn digas rem bloong dulu.",2025-05-01T16:41:53.000Z,
twitter,"Lebay bgt, vasektomi juga bisa disambung lagi. Nanti kalo udah nggak miskin minta sambung lagi. Mau ngapain sih miskin masih kepikiran buat berkembang biak. Mau berapa biji anak yg kurang gizi dan terlantar di keluarga?",2025-05-01T16:41:26.000Z,
twitter,Banyak org miskin di kampung2 sebenernya ga mau punya anak sampe 4-5 orang. Mereka kesulitan punya akses KB dari puskesmas. Kalo dapet vasektomi gratis ya itu mengurangi beban mereka,2025-05-01T16:40:07.000Z,
twitter,"Hak apa yg diambil dari mrk?
Masih boleh punya anak, maksimal 2 baru vasektomi.",2025-05-01T16:39:24.000Z,
twitter,"idup susah tapi malah nambah anak itu satu hal goblok, tp ngatasin kemiskinan dg vasektomi itu hal goblok lain...2 hal berbeda lu tumbuk buat cari pembenaran, namanya lojikel felasi, aelah bisa aja luuu keong balap ",2025-05-01T16:38:38.000Z,
twitter,"I stand on my point. Kalaupun anaknya di edukasi, kemungkinan besar bakal jadi sandwich gen, makanya kalau bisa bapak ibunya ditekankan jangan tambah anak lagi, dan vasektomi ga sama dengan bikin mandul, mandul itu infertilitas",2025-05-01T16:38:07.000Z,
twitter,"Lah padahal enak bgt vasektomi, sekali potong langsung steril. Bisa ngewe tiap hari tanpa harus pil, kondom, bisa crot di dalem. Lu bergaul ama org miskin ga sih? Sok2an bela hak org miskin, org miskin jg banyak yg ga mau punya banyak anak, mereka beli kondom aja ga mampu",2025-05-01T16:37:36.000Z,
twitter,"Yup, gue jg bukanny setuju sama KDM, tp kebijakannya tuh dikaitkan sama hak org miskin. Bansos itu kan emg hak mereka. Kalo mau bikin kebijakan vasektomi atau semacamnya ya pertama tingkatin edukasi seks dulu dan gimana menyadarkan dampak pny anak tanpa finansial kuat--",2025-05-01T16:30:35.000Z,
twitter,"Ya justru krna sasarannya masyarakat ekonomi lemah, kalau masyarakat kelas atas ngapain lagi butuh bansos? Ga vasektomi pun dia bisa biayain hidup anak²nya pake duit sendiri tanpa ngarep bansos. 

Terus urgensinya org miskin punya banyak anak tapi ga bisa nyekolahin itu apa?",2025-05-01T16:25:41.000Z,
twitter,"Makanya kalo merasa miskin, jangan punya anak. Apalagi sampai lebih dari 2. Woy kasian anak2 itu perlu hidup berkecukupan juga, berhak bahagia! setuju vasektomi kalo kamu miskin!",2025-05-01T16:23:47.000Z,
twitter,"Nah kan lari lagi, GUE FOKUS KE ORANG TUANYA. ANAK TUH KORBAN. MAKANYA HARUS DI VASEKTOMI, KARNA UNTUK CASE INI BISA KEBOBOLAN SEGINI BANYAK KARNA KB GA BERHASIL=ANAK BISA NAMBAH TERUS, MORTALITY RATE ANAK SAMA IBU BERKURANG, TAMBAH LAGI KORBAN, lu malah lari ke bunuh2an, gajetot",2025-05-01T16:19:01.000Z,
twitter,Bedanya sama mereka gak vasektomi tp dua anak cukup itu apa? Kenapa WAJIB vasek kalo mau dpt bansos? Kalo mereka cuma punya anak 1 tanpa harus vasek emg ga cukup?,2025-05-01T16:05:23.000Z,
twitter,"Itu yg gak dibolehin di dalam Islam, setelah 2 anak tetiba udah boleh vasektomi. Mau dia punya 2 pun tetap gak boleh, kalau hanya sifatnya menunda, silahkan cukup KB. Tapi kalau niatnya menghentikan itu dilarang. Btw ini dalam konsep agama, kalau tetap dilakuin ya terserah.",2025-05-01T16:00:32.000Z,
twitter,"Ya karna klo aturanya kayak cina 2015 kebawah yg punya anak lbih dr 1 hrus bayar denda yg miskin gk mampu juga tar bayar dendanya jd paksa aja vasektomi, itu juga buat yg mau dpet bansos",2025-05-01T15:54:44.000Z,
twitter,"ribut bgt soal vasektomi, pil kb dari taun jebot diem aje lu pada banjingan. ngelahirin anak tanpa persiapn itu emang dzalim ya njir, klo secara finansial sama mental belom stabil ya kontrol dulu, tahan dulu. udah pada gede gitu aja pada ga bisa mikir anjirr",2025-05-01T15:51:03.000Z,
twitter,"tanggunan si laki ke 2 anak itu ttp sama mskipun udh cere, ini lho udah miskin, masih ada tanggunan 2 anak (mskipun dbwa ibuny), klo si ayah nikah lgi, otomatis yg dberikan ke 2 anak ini akan brkurang krn ayahnya pnya anak dr istri baru. vasektomi itu demi 2 anak yg dah lahir ini",2025-05-01T15:47:33.000Z,
twitter,"Vasektomi ini tp emg paling bener sih, chancenya kecil bgt setelah pulih dr operasi bakal jadi anak. Terus jg yg belain cowo2 ini dr vasektomi jg banyak perempuan jg anjing yg laki mah marah2 doang wkwk sekali disenggol OTONOMI tubuh lu udah ribut, gimana cewe coba dari dulu wkwk",2025-05-01T15:44:11.000Z,
twitter,"karena dipaksa vasektomi biar dapet bansos. Gue jg dateng dr ibu beranak banyak, kesini2 dgn pendidikan & realitas yg gue terima, gue merasa punya banyak anak is not for me. Jd kunci utamanya di pendidikan, bukan ujug2 lo maksa orang KB.",2025-05-01T15:42:24.000Z,
twitter,"yang udah punya anak, vasektomi tuh masih bisa ngentot, vasektomi bukan kontolnya yg dipotong anjingg",2025-05-01T15:37:47.000Z,
twitter,"Waah iya, misal si bpk tiri merkosa anak tiri. Krna bpk tiri udah di vasektomi, anak tiri ini ga bakalan hamil.",2025-05-01T15:35:54.000Z,
twitter,Miskin = banyak anak terus harus vasektomi. Antik wae negara batur mah selalu masyarakat anu salah. Padahal mah poekk,2025-05-01T15:35:41.000Z,
twitter,"Betul kalo emang gamau vasektomi/kb ya silakan. Juga gak ada yg larang punya anak, tapi ya sadar dong sanggup ga ngurus. Drpd anak bejibun mending punya ternak bejibun bisa dijual dimakan",2025-05-01T15:29:36.000Z,
twitter,"Wkwkwk awalnya gue ga setuju jg sih krn ada ape pemerintah ngurusin selangkangan orang? Kan pepek. Tp kl dipikir2 lg ya mungkin sudah saatnya ada aturan kaya gini. Lagipula bener, kalo udah punya udah 2 anak dan gamau vasektomi, artinya kan mampu secara finansial ga butuh bansos?",2025-05-01T15:28:25.000Z,
twitter,"Pake lah kondom, makanya sekolah biar gak pake birahi. Kasih pendidikan yg tinggi buat anak. Biar keluarga keluar dari kemiskinan dan naik derajat. Kan gw bilang vasektomi itu semi permanen, kalo mau dibalikin kesemula ya pasti bisa.",2025-05-01T15:27:11.000Z,
twitter,"miskin bang? kan yg disuruh vasektomi yg miskin, udah pnya 2 anak, pgn bansos. kalo ga miskin ya lo ga perlu vasektomi krn lo ga butuh bansos kan? kok kaya ketakutan gtu deh? udah siap siap ya nnti klo nikah dan pnya anak mau jdi org miskin?",2025-05-01T15:26:03.000Z,
twitter,"Sebenernya serba salah ya. Kalo gada paksaan, masyarakat indonesia pastinya ga bakalan mau. Banyak yg masih percaya banyak anak banyak rezeki. Padahal buat ekonomi sekarang frasa itu udah ga berlaku.

Kalo ga vasektomi juga bakal banyak anak yg jadi korban.",2025-05-01T15:23:41.000Z,
twitter,"maaf bgt nyusahinnya dlm artian sering minjem duit. kalo misalkan belum siap finansial utk punya anak/nambah anak, harusnya bisa nunda dulu gituloh jgn malah ngerepotin org lain. klo pemerintah sampe mewajibkan vasektomi, brarti emg udah bobrok aja kesadaran rakyatnya sendiri",2025-05-01T15:22:18.000Z,
twitter,"Amin = Aman
Amiin = Jujur
Aamin = minta perlindungan
Aamiin = kabulkanlah 

mandul atau ifertilitas itu kondisi kelainan pasangan s cwo atau cwe untuk memiliki anak..
klo vasektomi prosedur bedah kecil cwo untuk mencegah kehamilan.

jd...belajar lg ya..",2025-05-01T15:03:11.000Z,
twitter,"Tergantung kerangka etik moral yang dipake sih. Vasektomi atau KB lain ada yang nganggep morally good/bad

Realistis scr ekonomi nya org miskin ga layak besarin anak banyak2.
Sounds evil tapi faktanya kriminalitas & inkompetensi cenderung lahir dr ketidakmampuan finansial",2025-05-01T15:03:02.000Z,
twitter,"Sangar bisa dimengerti si, dan akupun sbg yg kontra dgn rencana vasektomi pun ga menafikan klo emg buk anak tu skrg udh bkn buk rejeki lg, tp repot cuy ngurusnya. Cuma mnurutku solusi yg tepat tu bkn vasektomi. Ada cara lain, cuma emg lbh ribet & makan waktu.",2025-05-01T15:02:12.000Z,
twitter,"Kelihatannya itu murni kesalahan si bapak bukan negara. Dengan kata lain si bapak ini sedang ""menyandera"" bansos melalui anak dan istrinya. Dia seolah berteriak : Kasih saya bansos tanpa vasektomi atau saya telantarkan anak dan istri saya!. Mau hidup di negara harus ikut aturan.",2025-05-01T15:02:07.000Z,
twitter,"Agak susah kalo ke laki2 soal vasektomi karna mreka jarang turut andil urusan penyuluhan gini. Ke posyandu pun ibu2. Jangankan vasek, tubektomi dan kb ibu lainnya pun bnyak dr suami yg ga stuju karna msh pgn pny anak terus pdhl istri udh ga mampu",2025-05-01T14:59:14.000Z,
twitter,Bahkan sekecil itu aja dijamin UU kok. Fakir miskin & anak terlantar memang harusnya dipelihara negara ini. Kebijakan vasektomi paksa cuma biar negara kabur dr tanggungjawabnya.,2025-05-01T14:56:35.000Z,
twitter,"Eh maksudku kan td blg adalah pemerintah maksa perempuan untuk kb. Nah dulu sblm ada vasektomi, dua anak cukup kan sama aja maksa kb ke perempuan? (NANYA YAA)",2025-05-01T14:50:59.000Z,
twitter,"Bila terlanjur banyak anak, bapaknya di vasektomi aja!

Sama² gemblung!",2025-05-01T14:40:07.000Z,
twitter,"Perasaan syarat vasektomi kalo selain ijin istri, dah punya 2 anak",2025-05-01T14:38:12.000Z,
twitter,"Masa makan disamain sama kb? Logical fallacy ini
Vasektomi juga bisa direkanalisasi, urgensinya apa buat targeted keluarga yg sehari harinya aja perlu dibantuin buat punya anak lebih Dari 2? Supaya anaknya bisa kerja dan balas budi ya? Eksploitatif sekali",2025-05-01T14:37:05.000Z,
twitter,"Salah. Kata kuncinya tu ""miskin"". Alih-alih membenahi kemiskinan agar bisa menghidupi anak dengan layak tanpa bansos, KDM justru pikir pendek ambil jalan pintas mewajibkan vasektomi. Segamampu itu kah ngatasin kemiskinan? atau enggan aja?",2025-05-01T14:34:08.000Z,
twitter,"Ya kan tujuan vasektomi kb. Kalo dah punya anak goal dari 1 2 3 4 5 anak terserah keluarga baru deh vasektomi, ngapain fasis. Growing up around middle lower class lihat banyak anak suffering itu udah jengah lihatnya",2025-05-01T14:19:33.000Z,
twitter,"Syukur.. Gen sekarang banyak yang paham tentang Tanggung jawab memliki anak. Btw.. KB itu gratis untuk yang punya BPJS Kesehatan, dari kondom, suntik, implan, IUD, sampai vasektomi. Kalau nemuin kek gini langsung aja arahin ke puskesmas terdekat ya.",2025-05-01T14:18:21.000Z,
twitter,"Untuk HAM beranak pinaknya disini aku gk lihat ada yg dilanggar(?) Karena vasektomi itu kan bukan menghentikan org untuk punya anak, tp lbh membatasi karena setauku vasektomi bisa dilakukan kl udh punya jumlah anak yg ideal.",2025-05-01T14:17:25.000Z,
twitter,"Kau sendiri yg buat analogi Ferrari yg logical fallacy ini. Butuh 2 org utk buat anak. Butuh 2 org jg utk stop buat anak. Vasektomi TIDAK
membunuh otonomi badan spt yg kau blg. Hormone storm KB yg membunuh otonomi badan BEBERAPA perempuan.",2025-05-01T14:08:53.000Z,
twitter,"Bayangin punya anak 3-5 atau bahkan lebih. Berharap dibantu pemerintah mulu. Lu pikir bansos dari siapa? Dari pajak masyarakat. Masa gue yang harus bayarin anak lu tapi lu sendiri ga bisa bertanggungjawab, cuma bikin anak doang. Menafkahi ga bisa. Lebih dari 2 harus vasektomi",2025-05-01T14:07:03.000Z,
twitter,"Setuju sama vasektomi. Tapi, yang perlu dikritisi itu tujuannya. Yakin ini jadi solusi yang tepat? Untuk menekan populasi anak korban kemiskinan? Apa gak ada kebijakan lain yang lebih ngaruh? Kaum menengah aja udh banyak mau masuk kategori miskin kok.",2025-05-01T14:06:27.000Z,
twitter,"Thisss
Pada ngomong ngatur badan. Lu tuh wajib vasektomi kalau mau ambil beasiswa dan bansos. Jangan lu ngemis bansos tapi bikin anak mulu",2025-05-01T14:03:24.000Z,
twitter,"Tiongkok kalo ngga ada kebijakan 1 anak, mungkin berakhir seperti India juga kemiskinannya(?) lagipula syarat vasektomi minimal 2 anak",2025-05-01T14:02:19.000Z,
twitter,"Gila ya ada pula yang dukung pemaksaan vasektomi melalui bansos dengan alasan keluarga miskin gak pantas punya anak lebih dari dua, lu mikirin nasib anak2 yg lahir dikeluarga miskin dengan cara menghilangkan hak hidup, kemiskinan itu struktural selesaikan dari faktor penyebabnya!",2025-05-01T13:54:08.000Z,
twitter,"Solusi vasektomi emang baik, dari dulu udh di sosialisasi kalo 2 anak lebih baik. Cmn tolong dong gak cmn harus vasektomi tapi imbangin sama kasih lapangan pekerjaan kek. Bansos cmn jangka pendek, banyak yg gabisa muterin. Harus dibina kalau mau muterin duit buat jadi usaha.",2025-05-01T13:53:39.000Z,
twitter,"Memang benar itu pilihan.
Tapi dalam konteks berita di atas, ada baiknya vasektomi. Karena anak sudah 8 juga kan.",2025-05-01T13:50:49.000Z,
twitter,"Pertanyaan gue aja gak elu jawab, emg mau punya berapa anak lagi? Gak lu jawab. Di vasektomi, gak mau.",2025-05-01T13:49:57.000Z,
twitter,"Ada satu temenku yg pas kebobolan hamil anak ketiga dia lgsg minta digugurin mumpung belum sebulan. Krn dia menolak buat punya anak lagi, untung suaminya oke. Tp gantinya dia pake KB yg bikin dia naudzubillah naik BB bgt sedangkan suaminya nolak vasektomi.",2025-05-01T13:38:04.000Z,
twitter,"Pada lebih milih punya banyak anak yg jelas pengeluarannya lebih gede ketimbang vasektomi. Lagipula yg vasektomi kan dianjurkan yg udah punya anak sebelumnya. 

Efek sampingnya juga lebih kecil ketimbang selama ini cewe2 yang disuruh kb.",2025-05-01T13:29:44.000Z,
twitter,"Kenapa loo pada ga setuju vasektomi. Kan bagus ngurangi anak, ngurangin biaya kondom + ramah lingkungan juga ketimbang kondom. Yang cowo habis vasektomi juga tetep bisa seks toh malah ga khawatir jadi bayi.",2025-05-01T13:28:29.000Z,
twitter,"INI… 

Kasih edukasi vasektomi dan manfaatnya untuk keharmonisan keluarga, keuangan, dan anak. Permudah prosedur vasektomi. Dan permudah prosedur vasektomi reversal (vasovasostomi) kalau keuangan sudah membaik dan ingin tambah anak.

Bukannya dipaksa atau diancam. ‍",2025-05-01T13:27:10.000Z,
twitter,"kemiskinan tuh ya emang banyak faktornya sih, cuma dari kesadaran diri masing-masing apa kaga kasian apaa samaa anak-anak kalian yang harus merasakan hidup serba kekurangan nantinya, ga ada yang nyuruh jangan punya anak juga lagian minimal syarat vasektomi kan 2 anak yaaaa",2025-05-01T13:26:46.000Z,
twitter,"Jujur gk paham sm mereka pdhl dg vasektomi kan mereka jd gk perlu khawatir punya anak malah bisa celup sana sini tanpa meninggalkan ""jejak"", gk punya anak = gk perlu ngasih nafkah. Gk ngerti bagian dirugikannya sebelah mana, kok takut bgt bukannya dlu pernah sunat?",2025-05-01T13:19:50.000Z,
twitter,ya tujuan lu vasketomi biar lu kagak bikin anak terus tong. kalo gampang dibalikin ya ngapain ada vasektomi.,2025-05-01T13:19:14.000Z,
twitter,"Orang miskin belagu kaya, ga cukup rizkinya punya anak lebih dari 2. Sadaaaar lah gaes.
Anak banyak, tanggungan ortu makin berat.
Jadi tujuan vasektomi agar 2 anak saja cukup sehingga ortu bisa membiayai hidup anak2 tsb dengan layak.",2025-05-01T13:17:39.000Z,
twitter,"kenapa yg miskin dan 'bergantung' bansos harus vasektomi? karena mayoritas orang miskin yang bergantung pada bansos+beranak terus tu udah pasti suaminya ngeyel. anak banyak, makan susah, ditegur jangan beranak mulu dibilangnya rezeki tuhan dikasihnya anak banyak",2025-05-01T13:15:11.000Z,
twitter,"pada akhirnya program wajib vasektomi ini hanya akan memelihara kemiskinan. yg miskin akan tetap miskin sebagai penerima bansos, positifnya gak nambah anak.",2025-05-01T13:13:30.000Z,
twitter,siapa sih yang blg orang miskin gaboleh punya anak? orang disuruh vasektomi itu aja kalo dah punya anak 2 kok. lu mau punya anak 1000 juga silahkan aja gaada yang larang asalkan bs tanggung jawab mah sok. pengen anak banyak tapi ngurus ga becus cuma ngandelin bansos kan gda otak.,2025-05-01T13:13:14.000Z,
twitter,"Emg harus dikaji lagi sih kebjikannya, secara detail. Klo vasektomi ini kan dianjurkan kalo udh punya jumlah anak yang ideal, sebutlah 2. Apakah org miskin yg punya anak 1 ttp wajib vasektomi jg atau nggk.",2025-05-01T13:09:58.000Z,
twitter,"Siapa yg maksa, kan ttp boleh punya anak maksimal 2, ya kalau mau bansos tp gak mau vasektomi pake kondom makanya, jangan cuma dibebanin ke istrinya doang",2025-05-01T13:03:31.000Z,
twitter,"ntar populasi indonesia berkurang macam jepang bingung lagi gak ada pekerja baru, gk usah di vasektomi, generasi mendatang bakal makin sadar rencana punya anak,,",2025-05-01T13:01:24.000Z,
twitter,"Pertanyaannya gampang, syarat vasektomi kan SUDAH punya 2 anak. Minta bansos krn miskin dan punya 2 anak, dikasih syarat vasektomi (yg bisa disambung lagi kalo nanti udh mampu dan mau punya anak lagi) tapi gamau, jd pas miskin dan minta bansos tuh mau beranak berapa lg?",2025-05-01T13:00:16.000Z,
twitter,"goals ku nyuruh suami vasektomi itusih pengen sex tanpa beban pikiran, krn sblm punya anak kami berhubungan pun msh ada beban pikiran gmn biar bisa hamil, setelah hamil msh mikir gmn caranya nunda kehamilan selanjutnya setelah nnti cukup pengen dong sex tanpa beban pikiran",2025-05-01T13:00:08.000Z,
twitter,"Udah,. Selama Vasektomi emang GK bisa punya anak,. Kecuali ada kegagalan pada prosedur nya...",2025-05-01T12:59:44.000Z,
twitter,"PNS TNI Polri yg ditanggung negara anak 2 istri 1, sisanya ga diurus
Sebenarnya vasektomi itu ruginya apa sih?
Bisa ngaceng? Bisa
Bisa muncrat? Bisa
Loyo ga setelah vasektomi? Kaga
Bisa disambung lg ga kl ntar kelak pengen punya anak lg? Bisa",2025-05-01T12:57:16.000Z,
twitter,"Lagipula kebijakan vasektomi bukan membantai tp membatasi, biasanya yg ignore mereka yg ga sadar, yg ga didalam zona dan yg ga merasakan.

Aplg klo cewek yg ga setuju itu udah aneh, vasektomi cowok itu KB paling aman dgn resiko kecil (50:50) bisa pnya anak lg tp msh bisa.",2025-05-01T12:56:52.000Z,
twitter,"iya, terus hak anak dan istri gak dapat bansos gimana kalau si bapak ga mau vasektomi? bahkan istri dan anak dapat makan pun harus bergantung pada keputusan laki-laki, long life patriarchy!!!",2025-05-01T12:55:00.000Z,
twitter,"tp kan syarat vasektomi itu sdh punya 2 anak & usia 35 gak sih kak? krg paham dmn letak pelanggaran hamnya?

 kebijakan ini mirip gk sih kyk kebijakan dmn pegawai cuma dikasih tunjangan buat 2 anak tp anak ketiga seterusnya gak ada tunjangan? ap ini jg melanggar ham? #seriusnanya",2025-05-01T12:51:57.000Z,
twitter,"Sinih
Aku mau denger menurut kamu gimana caranya biar para suami mau vasektomi supaya istri tidak perlu lagi KB
Ngomongin negara gak becus ya memang tapi dari dulu negara menggalakkan ""dua anak cukup"" juga banyak yang gak open",2025-05-01T12:49:46.000Z,
twitter,"Liat realita dan latarbelakang kebijakan ini ,kl cm sisi vasektomi nya saja ya jadi ngawur yg bahas .ada org miskin dg 10 anak ,anak2 bnyk yg terlantar ,ngamen ,ngemis dll , pas di datengin KDM ke rmh ibu nya sdng hamil lagi dan bbrp kejadian miris org miskin bnyk anak lain nya.",2025-05-01T12:49:22.000Z,
twitter,"Maksud aturan ini tuh biar si miskin penerima bansos gk bikin anak lagi, kan yg di vasektomi itu yg udah punya 2 anak.
Maybe yaa itung2an bansosnya itu cukup buat sekeluarga dg 2 anak.

Kasihan jg anak lahir dg potensi meneruskan kemiskinan ortunya juga :(",2025-05-01T12:48:40.000Z,
twitter,"Kenapa pemerintah lu bilang memberatkan? Kan cuman disuruh vasektomi biar dapet bansos. Apa susahnya vasektomi? Gak mau vasekkah? Tapi tetep mau bansos kah? Logikanya, kalo kamu mau bansos berarti kamu orang susah butuh bantuan, maka d hindari dulu untuk punya anak",2025-05-01T12:43:13.000Z,
twitter,"aku setuju dgn vasektomi, dan setuju juga kl miskin gausah punya banyak anak. aku jg setuju dgn pemerintah gabisa gt aja nyuruh gabanyak anak. u minta orang ga banyak anak ya u jg hrs ada ""aksi"" biar ""anak"" skg yg emang uda banyak ini terpenuhi segala kebutuhan melalui ortunya–",2025-05-01T12:39:27.000Z,
twitter,"Imo, laki2 yg udah tau hidupnya susah tapi mau anak banyak, artinya sense of responsibility nya rendah.

Tapi emang pusing sih untuk stop lingkaran setan ini. Ngasih kerjaan nanti mereka kebiasaan disuapin, ga dikasih tambah miskin. Mungkin ide vasektomi muncul dari situ.",2025-05-01T12:36:35.000Z,
twitter,"Aku juga sudah baca opini pak Anies dari sudut pandang masyarakat miskin. Tapi opiniku tetap gak berubah. Untuk masyarakat yang berpotensi gak bertanggung jawab terhadap anak, himbauan tegas untuk vasektomi itu perlu. Sama aja kan dengan himbauan KB untuk perempuan",2025-05-01T12:32:29.000Z,
twitter,"Dedi mengusulkan agar pria prasejahtera yang ingin menerima bantuan sosial atau beasiswa diwajibkan menjalani vasektomi.

Tujuannya untuk menekan angka kelahiran, mencegah anak terlantar, dan memastikan bantuan lebih merata. Bahkan, warga yang bersedia akan diberi insentif Rp500",2025-05-01T12:31:56.000Z,
twitter,"And yet bansos adalah tanggung jawab pemerintah terhadap rakyatnya. Knp hrs ada kewajiban vasektomi dulu baru bisa dpt bansos? Trs yg bisa dpt bansos cuma yg udh punya anak 2? 

Agree with ur point abt hak anak buat hidup tho-",2025-05-01T12:31:51.000Z,
twitter,Seeing abt these vasektomi penerima bansos membuat gue bersyukur bapak gue dlu gamau nambah anak karna trauma liat mamak lahiran,2025-05-01T12:31:20.000Z,
twitter,"Kalo ternyata dgn punya anak sebanyak banyak itu kita gk bisa menjamin kehidupan yang layak bukannya disini jdi kita yg melanggar HAM? Toh, vasektomi jga salah satu syaratnya kalo udh punya jumlah anak yg ideal, kan, jd apakah masih melanggar HAM? (Beneran tanya)",2025-05-01T12:30:36.000Z,
twitter,"Semisal udah vasektomi setelah punya 2 anak, tetapi pendidikan dan lapangan kerja belum terjamin. Apakah 2 anak itu pemikiran dan ekonominya akan meningkat? Dari 2 anak itu nanti akan ada 4 anak baru yang serupa, bukan memberantas tapi cuma mengurangi laju kemiskinan",2025-05-01T12:28:54.000Z,
twitter,"not against the concept: siapkan diri sblm punya anak, jgn asal punya anak. BUT, utk menjadikan vasektomi sbg SYARAT terima bansos itu melanggar HAM + amanat UUD. Fakir miskin dan anak terlantar dipelihara oleh negara, itu amanat. Itu namanya 
@DediMulyadi71
  membangkang thd UUD",2025-05-01T12:28:17.000Z,
twitter,"1. Menurunkan jumlah penduduk dengan paksa tuh contoh nya seperti apa? 

Vasektomi sendiri diperbolehkan jika dalam keluarga sudah ada 2 anak.
Terus menurut lo nih.. anak- anak yang lahir dari keluarga miskin, yang di KDRT, dipukulin, disuruh kerja diusia dini, itu bukan termasuk",2025-05-01T12:27:43.000Z,
twitter,"Kalau emang masyarakat indo mau sukarela vasektomi yaa bagus kak. Tapi kalau tipikal bapak 7 anak yang bawa-bawa ""haram di agama"" tapi nelantarin anaknya, ini sepertinya perlu himbauan lebih tegas. Aku tau ini isu kompleks, tapi opiniku buat orang-orang bebal yang nelantarin anak",2025-05-01T12:23:15.000Z,
twitter,"Lahhh??? Ati” aja penyakit kelamin, emg manusia gaada puasnya, pdhl dengan vasektomi bisa sepuasnya hs sama istri sendiri tnpa takut punya anak banyak",2025-05-01T12:22:40.000Z,
twitter,"si KDM ini jg kocak lagi dri yg anak nakal masukin ke militer trs skrg vasektomi, pengen solusi cepat tpi tidak menyelesaikan akar masalah mah ngapain, nyabu lu",2025-05-01T12:22:10.000Z,
twitter,"pendidikan yg layak. jadi emang harus deh dikasih himbauan pentingnya kb dan pastinya harus persetujuan suami istri kalo udah merasa cukup punya anak, tp kalo yg ga pernah merasa cukup terus ga mampu biayain anaknya sih....

vasektomi is the answer i guess",2025-05-01T12:20:43.000Z,
twitter,"Laki2 banyak yang ngamuk karena program vasektomi Gubernur Jabar. Kalian laki2 miskin, malas dan bodoh lalu menikah kalian ga berpikir anak kalian makan apa, lalu kalian marah2 ke pemerintah tapi berharap bantuan. Satu hal, kalian harusnya memikirkan hak istri kalian untuk sehat",2025-05-01T12:20:03.000Z,
twitter,"nggak setuju dengan vasektomi, even sama bansos aja sometimes nggak setuju karena nggak akan menyelesaikan akar masalah kemiskinan dan terlantarnya anak-anak, yeah insentif might be a good idea tpi tau sendiri pemerintah indo kek tai",2025-05-01T12:11:42.000Z,
twitter,"Kalo ngomongin program vasektomi, persyaratannya harus udah punya 2 anak dulu. Lalu di mana ""ga boleh punya anak""nya. Apa bagi orang miskin punya 2 anak itu terlalu sedikit?",2025-05-01T12:06:45.000Z,
twitter,"Sok""an ngomong diskriminatif perkara vasektomi. Trus hak anak atas finansial sama mental gimana? kayak si miskin punya otak dan gampang diedukasi aja, banyak noh anak"" jalanan dijadiin pengemis/pengamen daripada dikasih pendidikan. Lagian lu masih bisa ngentot semau lu juga",2025-05-01T12:04:32.000Z,
twitter,"Ka, syarat vasektomi minimal sudah punya 2 anak.
1. Urgensinya keluarga miskin hidup ngarepin bansos nambah anak lbh dri 2 tuh apa?
2. Bansos memang bantuan dasar, tapi klo yg dibantu justru memanfaatkan, menambah makin banyak anak, supaya dapet jatah lbh banyak gimana?",2025-05-01T12:02:50.000Z,
twitter,kan udah di vasektomi bang. kalo dia pengin punya anak pas keluar dr kemiskinan chancenya kecil.,2025-05-01T12:02:01.000Z,
twitter,banyak banget makannya dulu di one child policy. Berharap apa ke indo yg negqra berkembang dgn populasi besar & warga miskinnya ngeyel g mau 2 anak aja?? Kalo g mampu gak usah beranak byk2. Kasian anaknya. Justru bener diwajibin vasektomi buat yg miskin. 2 anak cukup!,2025-05-01T12:01:02.000Z,
twitter,"kalo aku liat yang kontra itu pada bilangnya berarti keadilan ga merata dong kalo vasektomi hanya untuk orang miskin gitu deh. padahal kan keputusan masing masing ya, kalo mau dapet bansos ya ngapain punya banyak anak.. sadar diri aja, ga bisa nyediain kebutuhan anak kok beranak.",2025-05-01T11:59:13.000Z,
twitter,Ya wajib vasektomi ini bagi yang mau nerima bansos. Bukan semua orang. Kalo kamu mampu si punya anak 1000 juga terserah. Masalahnya ini orang ga mampu yg punya anak lebih 2. Ingat negara kita pun bukan negara kaya. Cina yg kaya aja ga sanggub biaya semua anak miskin pas anaknya,2025-05-01T11:59:10.000Z,
twitter,Izin ya bang disitu maksud dari ayatnya itu kalau anaknya sudah lahir bang maka tidak perlu di bunuh meski alasannya takut miskin sedangkan program vasektomi ini untuk mencegah anak lahir dalam keadaan miskin bang karena kasian dia nya sedari kecil mimpi nya udh di patahkan eknmi,2025-05-01T11:52:58.000Z,
twitter,"Nah tuh tau makanya anak dibatasin 2 abis itu vasektomi, as simple as that. Gimana mereka mau ga ketetgantungan ama bansos kalo duitnya abis dibuat ngidupin kesebelasan keluarga?",2025-05-01T11:51:04.000Z,
twitter,"Kmrn gw nyoba nanya ke salah satu temen gw yg udah nikah
Gw tanya misal lu udah punya anak 2 atau 3, lu mau kb vasektomi ga??
Dia jawab ""OGAH GW""

Ya Allah semoga jodoh gw ga egois macem temen gw ini, Aamiin",2025-05-01T11:49:00.000Z,
twitter,"vasektomi itu pilihan untuk orang yang memang punya pilihan dalam hidupnya.

tp klo miskin banyak anak, udah bukan pilihan lagi. memang keharusan.",2025-05-01T11:47:15.000Z,
twitter,"ngewe asal pake kondi ya gpp, gak bakal jadi anak (walo gak 100%)
mending vasektomi sekalian, mau lo ngewe sehari 10x bakalan aman",2025-05-01T11:32:42.000Z,
twitter,"justru vasektomi salah satu cara buat ngendaliin kemiskinan nder, kl org miskin dibiarin punya anak sampe banyak ya jadinya kemiskinan struktural",2025-05-01T11:32:35.000Z,
twitter,dengan vasektomi mereka masih bisa ngewe tanpa khawatir punya anak lagi. biar mereka juga ndak pusing harus nyari bantuan dari kanan kiri. mau crot berapa kalipun tetep aman.,2025-05-01T11:29:16.000Z,
twitter,"Bukan masalah mau vasektomi atau nggk sih, tapi kalo berhenti bikin anak apakah angka kemiskinan juga menurun? Harusnya yg jadi fokus pemerintah tuh kualitas hidup rakyatnya, bukan kuantitas rakyatnya yg dikurangin",2025-05-01T11:28:56.000Z,
twitter,"gw bagian pro vasektomi krn kalo mereka udah ada 2 anak aja masih butuh bansos... gmn anak ketiganya? berarti mereka masih kekurangan banget. kalo mereka segakmau itu buat vasektomi, berarti ke depannya emg ada mikir buat anak lbh banyak lg, dan masih butuh bansos pula",2025-05-01T11:28:20.000Z,
twitter,"Merugikan kaum pria maksudnya apa ya pak?
Setelah vasektomi masih bisa ngaceng ga? BISA
Si otong jadi loyo? GA
Bisa muncrat ga? BISA, karena saluran yg diputus (bisa sementara) adalah saluran yg mengandung sperma. 
Merugikan dmn nya? Yg ada untung ga nanggung byk anak",2025-05-01T11:27:50.000Z,
twitter,"Intinya tetep laki"" bakal di vasektomi dan gaada bantahankan? Mau gmn pihak istri dan anak, itu urusan pemerintah, kalo istri ttp bego ya bego aja, survive sendiri. Nunggu aja belas kasihan dri pemerintah smpe tua",2025-05-01T11:25:40.000Z,
twitter,"gw laki dan dukung kok bang,vasektomi itu bukan neraka dunia. yang bikin neraka itu kalau lu punya anak 5 tapi gaji UMR, belum siap, tapi nolak kontrasepsi.jangan takut vasektomi,takutlah punya anak tapi gak bisa kasih masa depan.lagian punya anak 1-2 emang gak cukup?",2025-05-01T11:25:33.000Z,
twitter,Betul sih. Tp kan vasektomi jg ada syarat² kalo gak salah. Kek jarak anak terakhir usia brp dulu gt. Cmiiw,2025-05-01T11:23:54.000Z,
twitter,"lagian kan itu setelah lu punya anak bukan dr bujangan lu disuruh vasektomi. memandulkan cenah, toh udh punya anak 1/2",2025-05-01T11:23:36.000Z,
twitter,"Jawab yang gue tanyain anak yang menderita, stunting, ga makan, ga sekolah dan ga dapat kehidupan yang layak itu ngelanggar HAM ga??
Udah dikasih win win solution 2 anak aja ga usah vasektomi masih dapat bansos",2025-05-01T11:19:34.000Z,
twitter,"Kb dan vasektomi bisa di edukasi kan saja buat org2 yg mau ngewe tanpa kondom dan tanpa resiko punya anak. Yang penting tuh edukasiin dulu bejirr, gw yakin 90% masyarakat indo tuh banyak yg gk tau vasektomi tuh diapain dan kalo kb tuh dampaknya apa aja.",2025-05-01T11:18:31.000Z,
twitter,"otak lu digadai apa dikemanain sih? sekarang jawab pertanyaan gw simple aja nih, jangan muter2 dulu ya, kalo si bapak gamau vasektomi terus si ibu ga dapet bansos, si anak ga dapet beasiswa, apa yg akan terjadi? jangan muter2 ya dek",2025-05-01T11:14:09.000Z,
twitter,"Coba kl diganti jadi wajib kb tube pasti laki laki ga akan semaran ini Kalo nunggu korupsi g ada, lapangan kerja berlimpah ruah, tp tanpa dibarengi mengurangi angka kelahiran di keluarga miskin ya kpn selesai? Padahal vasektomi itu kan syaratnya min anak 2. Kurang anak segitu?",2025-05-01T11:09:12.000Z,
twitter,"Urusan lain salah pemerintah. Tapi untuk tau diri sadar diri untuk ga beranak aja smntr kau miskin, itu murni keegoisan masyarakat. Ad isu vasektomi bersyarat sbgai penerima bansos heboh org. Giliran beranak, anaknya ga terurus. Punya anak 5 smntr diri sndr kadang ga makan tu gmn",2025-05-01T11:07:25.000Z,
twitter,"lagian ini bagian yg mana? perasaan jelas di pidatonya bahas vasektomi jg dia bilang buat orang yg punya anak ingin melebihi dari 2 wajib vasektomi, apapun kalangannya. Berarti tinggal kesadaran dri rakyat aja dong? lu mampu atau ngga nafkahin anak"" lu sndri",2025-05-01T11:05:55.000Z,
twitter,"Gini, gue setuju kalau otoritas tubuh ga boleh diatur negara. Mau laki/perempuan. Tapi kalau ga mulai vasektomi bagi suami yang “miskin”, tebak siapa yang dipaksa society untuk menahan jumlah anak. Ya bener, istrinya. Sbg perempuan dalam program KB karena dianggap lebih “lumrah”-",2025-05-01T11:00:50.000Z,
twitter,"makanya harus langsung vasektomi ya? nggk bisa dengan syarat2 lain seperti pembatasan jumlah anak, atau buat perjanjian nggk akan buat anak selama menerima bansos?",2025-05-01T11:00:28.000Z,
twitter,"Najis banget gua jadi buzzer, ya emang pantes dihina, udah tau miskin tapi nambah anak mulu, lu miskin juga ya makanya ngerasa, terus lu takut vasektomi? Yaelah cemen amet lu jamet kabupaten, makanya jan ngewe doang otak lu, nikah cuman pen ngewe doang tapi ngga tau konsekuen",2025-05-01T10:58:44.000Z,
twitter,"Imo, sebenernya ga salah deh kalo pemerintah menganjurkan vasektomi untuk mencegah overpopulasi. Tapi caranya kurang tepat. Kan bisa kasih tunjangan buat yg vasektomi biar termotivasi, atau kalo masalahnya di bansos, yaudah bansos dibatasi untuk 2 anak aja. Kalo gini-",2025-05-01T10:58:24.000Z,
twitter,"siapa yg maksa vasektomi? lo kalo gamau bansos ya gausah vasektomi. simple kan? lo kan mau punya anak terus, yaudah ngapain terima bansos? bansos mah buat rakyat yg membutuhkan tp mikir juga utk kehidupannya, bkn utk yg mau produksi terus tp mau minta2. gini aja gapaham paham?",2025-05-01T10:58:13.000Z,
twitter,"Lol, ketauan kan kualitas lu pada bajingan. Cuman karna vasektomi aja egonya geter keluar sifat lo yg brengsek dahal lo msh bisa ngesex sama istri lo sampe puas tanpa pusing mikirin banyak anak. Tapi malah otak dangkal lu milih kepikiran ngesex sama yg lain tanpa takut hamil. -",2025-05-01T10:54:52.000Z,
twitter,"tapi kan aturan yg lagi dibicarain skrang kalau mau bansos harus vasektomi dulu kan ya? dan kalau yg dapet bansos ternyata mau menggunakannya dgn baik dan bisa bikin sejahtera, giliran ada keinginan punya anak lagi, harus operasi dulu",2025-05-01T10:52:36.000Z,
twitter,jatohnya masuk lingkaran setan sih kak. miskin dan banyak anak > diminta kb vasektomi > gabisa karena ada HAM > miskin dan anak makin banyak > kesejahteraan HAM anak² tersebut malah tidak didapatkan > minta pertolongan pemerintah (KALO KAYA GINI KAPAN KELARNYAA,2025-05-01T10:52:30.000Z,
twitter,"ADUHH, lo blg kan vasektomi itu permanent. nyatanya ada reverse kocak. trus lo permasalahin duit? ya kalo lo mau punya anak lagi, ya punya duit dongg aduh aduh, gasemua bisa tapi banyak yang bisa tuh aduhh ngaku aja deh lo golongan yang mau produksi terus walau miskin kan",2025-05-01T10:52:21.000Z,
twitter,"Yg di suruh vasektomi yg udh punya anak biar ga nambah anak, soal nya punya anak aja masi bansos apalagi klo nambah",2025-05-01T10:51:25.000Z,
twitter,"Mau nanya juga, untuk kalian perempuan yg dr kalangan bawah kalau punya suami mau engak suaminya di vasektomi dan sebaliknya mau engak para suami kalau istrinya KB setelah punya anak? Dan alasannya apa? Thk u ",2025-05-01T10:51:02.000Z,
twitter,"Heran sama yg nolak vasektomi.
Lagian kebijakannya untuk orang miskin yg mau bansos, dan udah punya anak minimal 2.
Lu butuh bansos karna ga bisa memenuhi kebutuhan secara mandiri kan? Udah punya anak juga, masih mau nambah lagi?",2025-05-01T10:50:31.000Z,
twitter,"2. Kalo ga perlu bansos, dan mampu silahkan untuk tidak vasektomi jd ga ada paksaan.
3. Vasektomi itu reversible dengan kemungkinan berhasil diatas 90++%  dan ga punya side effect apapun pada kesehatan seksual laki2, jadi kalo udah mampu, mau punya anak lg ya silahkan.
 c-",2025-05-01T10:49:15.000Z,
twitter,"Vasektomi kan buat yg udah punya 2 anak kalau belum ya engga, lagian udah tahu serba kekurangan kok ngotot nambah anak. Membesarkan anak ga hanya kasih makan tapi juga penghidupan yg layak",2025-05-01T10:48:49.000Z,
twitter,"Toh vasektomi ga perlu di bedah, bisa hanya di jepit juga. Kalo sewaktu waktu siap untuk punya anak bisa dilepas",2025-05-01T10:44:41.000Z,
twitter,"In this situation, aku bangga sih punya cowo yang secara kesadaran mau vasektomi karena dia ga ngebolehin aku pake kb jenis apapun di kemudian hari. Bukan karena financial, tapi karena dia sadar kalo ngurus anak itu gak mudah, dan dia juga gamau aku tersiksa karena kb",2025-05-01T10:43:46.000Z,
twitter,"2. Kalo ga perlu bansos, dan mampu silahkan untuk tidak vasektomi jd ga ada paksaan.
3. Vasektomi itu reversible dengan kemungkinan berhasil diatas 90++%  dan ga punya side effect apapun pada kesehatan seksual laki2, jadi kalo udah mampu, mau punya anak lg ya silahkan.
 c-",2025-05-01T10:49:15.000Z,
twitter,"Vasektomi kan buat yg udah punya 2 anak kalau belum ya engga, lagian udah tahu serba kekurangan kok ngotot nambah anak. Membesarkan anak ga hanya kasih makan tapi juga penghidupan yg layak",2025-05-01T10:48:49.000Z,
twitter,"Toh vasektomi ga perlu di bedah, bisa hanya di jepit juga. Kalo sewaktu waktu siap untuk punya anak bisa dilepas",2025-05-01T10:44:41.000Z,
twitter,"In this situation, aku bangga sih punya cowo yang secara kesadaran mau vasektomi karena dia ga ngebolehin aku pake kb jenis apapun di kemudian hari. Bukan karena financial, tapi karena dia sadar kalo ngurus anak itu gak mudah, dan dia juga gamau aku tersiksa karena kb",2025-05-01T10:43:46.000Z,
twitter,Mereka tidak dipaksa vasektomi. kalo mau punya anak lagi silahkan tapi bansos berhenti,2025-05-01T10:42:40.000Z,
twitter,nyet. begok. lu boleh punya anak lebih 2 dan ga wajib vasektomi selama lu mampu merawat anak lu.  klo lu ga mampu n butuh bantuan pemerintah syarat nya anak lu ga lebih 2. sesimple ini logika lu ga sampe,2025-05-01T10:40:23.000Z,
twitter,"SALAH. Cara promo vasektomi tuh gini: (3 tahap)

- Ortunya kasih kerjaan gaji UMR.
- Anaknya kasih pendidikan gratis (si anak ini yg bakal lebih wise ke depannya). 
- Abis itu dikasih insentif yg mau vasektomi maka gaji per bulan dapet tambahan 1/3 atau 1/4 gaji UMR.",2025-05-01T10:38:58.000Z,
twitter,"Menurut gue, yg dilakuin pemerintah bukan suatu paksaan, tapi tawaran.
Kalo lo mau bantuan, ya vasektomi dulu. Kalo ga vasektomi ya gapapa, brti lo ga butuh bantuan. Toh mampu punya anak dan membiayainya. Ya gak? Lagipula, kenapa fokus ke bagian vasektomi aja?",2025-05-01T10:36:35.000Z,
twitter,"dari sudut pandang anak kesmas, vasektomi tuh salah satu cara kontrasepsi yang aman & efektif buat laki2 yang emang udah yakin. it's not about being transactional, tapi lebih ke informed choice. yang penting edukasinya jelas, bukan malah disalahpahami ahaha",2025-05-01T10:36:17.000Z,
twitter,"Ketika pemimpin tak mampu mengelola kekayaan negeri,
rakyatlah yang diminta menahan keturunan.

Vasektomi dijadikan solusi atas kemiskinan.
Seolah akar kemiskinan ada di jumlah anak,
bukan di ketidakadilan distribusi kekayaan.
Bukan di korupsi, bukan di kelalaian kebijakan.

Lucu",2025-05-01T10:36:07.000Z,
twitter,"Hak anak kan? Simpel.
#1. Ortu vasektomi pas punya 2 org anak. Gaji + bansos cukup.
#2. Ortu punya 6 orang anak. Gaji + bansos jadi ga cukup.
Poin #1, hak anak terpenuhi dibantu (korelasi) vasektomi. Poin #2, tidak terpenuhi.
Kurang simpel apalagi?",2025-05-01T10:36:07.000Z,
twitter,"Maksudnya tuh yaaa. Kalo mau ngatasi kemiskinan yah pemerintah dulu dong yang usaha baru rakyat  kalo mau dua anak-dua anak sih ok, tapi jelek banget anjir pemerintah nyuruh kb/vasektomi karena ga mampu hidupin warganya sementara mereka masih foya foya kayak raja... ",2025-05-01T10:35:49.000Z,
twitter,"biayanya pun bnr2 bisa ratusan juta kalo emg lo mau ngasih yg terbaik buat anak lo. pemerintapun ngebebasin mau vasektomi apa ngga, tp intinya ya lo jangan minta bansos kl mau berproduksi terus. gue suka bingung sm org yg mental miskin mau dpt bansos tp mau berproduksi terus",2025-05-01T10:35:07.000Z,
twitter,Terlaljy jauh untuk bahas vasektomi. Kanjuruhan dan kejadian sirup anak aja gak ada keadilan.,2025-05-01T10:35:03.000Z,
twitter,"innalilahi, vasektomi ga bikin mati... kalo udh cukup 2 anak ya yaudah. kalo ga punya duit gausah punya anak. nyusahin diri, org sekitar, negara pula. pake kondom aja gamau tapi nyusahinya seumur hidup. capek.",2025-05-01T10:20:37.000Z,
twitter,"Jaman sekarang tipe kawin  lagi dan lagi sangat sedikit ka sebab pada puyengan lakinya juga era sekarang sih .
Sama misalnya sudah berkeluarga anak2  misalnya vasektomi dapat bantuan terus anak istrinya meninggal kecelakaan  ataupun selingkuh bawa anak2nya",2025-05-01T10:18:57.000Z,
twitter,"Yang gembar gembor nyuruh orang beranak, ataupun kontra dengan proposal vasektomi, kalian siap menjadi ayah angkat mereka yang terlahir miskin, demi menjaga hak mendasar anak-anak tersebut? siap bantu biaya pendidikan dan gizi anak secara kokektif?",2025-05-01T10:18:28.000Z,
twitter,"Yg gw bahas kan pemaksaan vasektomi yg mengambil hak otoritas badannya. Paham gak sampe sini?
Org mau punya anak berapapun bebas, asal dipikirin biaya buat kedepannya. That's why, angka nikah dan lahir anak itu turun. Ngarti teu?",2025-05-01T10:18:13.000Z,
twitter,Dipaksa keadaan. Kalo ni laki (bapak) kaga mau vasektomi (karena bodoh dan mikirnya vasektomi potong titit) Anak dan istrinya kaga dapet bansos juga. Beuh dapet bansos aja mesti ngandelin pilihan laki laki. LONG LIFE PATRIARCHY!!!,2025-05-01T10:17:44.000Z,
twitter,"Kak please makanya aku sangat dukung program vasektomi KDM, agar manusia miskin dan bodoh tdk usah punya anak kayak kamu gini kamu jgn punya anak lagi ya kk… bahkan kalo bisa kk gantung diri saja krn kebodohan kk udh ambang batas maksimal tidak bisa diselamatkan lagi",2025-05-01T10:15:51.000Z,
twitter,"Sebenernya setuju sih biar ga makin banyak lingkaran kemiskinan ya stop punya anak. Tp masalahnya pemaksaan KB dan vasektomi ga sesuai UU apalagi dibelitkan dengan syarat bansos 
@DediMulyadi71",2025-05-01T10:15:41.000Z,
twitter,"Stop stunting, mulai dari gizi yang cukup sejak dini! Setiap anak berhak tumbuh sehat dan cerdas. Yuk, jaga asupan gizi bersama demi masa depan Indonesia yang kuat dan hebat!

Lanjutkan MBG
#MBGMembangunSDMUnggul
__
Grib putri kw feni nonton youtube 1 juta vasektomi kecanduan",2025-05-01T10:15:08.000Z,
twitter,"""bayangin Lo di lahirin cuma buat ikut menderita. Ortu bisa milih tapi anak engga, setiap anak itu berhak"".

tapi vasektomi syarat nya harus udah punya anak.

gimana sih mksdnya? terus abis vasektomi ngapain? ada apa lagi?",2025-05-01T10:14:45.000Z,
twitter,"Smart sikit, vasektomi juga ada prosedurnya, yg belum punya anak nggak akan dilakukan vasektomi, hadehh padahal yg kek gini harusnya mah ngga perlu ditanyain",2025-05-01T10:14:36.000Z,
twitter,"Masih butuh bansos = masyarakat miskin
Mau bansos = vasektomi dulu buat mencegah lahirnya masyarakat miskin baru

Kalo bahas perempuan harus nikah dan punya anak dulu biar bisa akses pendidikan jujur bingung bikin alurnya gimana dan masalahnya apa",2025-05-01T10:14:18.000Z,
twitter,"cowok yang sudah vasektomi masih bisa punya anak dalam beberapa kasus, asalkan melakukan prosedur pembalikan vasektomi (namanya vasovasostomi).",2025-05-01T10:07:24.000Z,
twitter,"Haduh kak, harusnya kalo gak mau vasektomi ya mikir jangan punya anak atau minimal pakai kondom lah kasian anak gak bisa milih orang tua.",2025-05-01T10:07:22.000Z,
twitter,"Vasektomi itu sebenarnya metode KB jangka panjang buat cowok yang udah yakin gak mau punya anak lagi, tapi bukan berarti jadi impoten atau gak bisa HB ya. Cuma salurannya aja yang diputus, jadi sperma gak keluar, tapi fungsi seksualnya tetap normal.",2025-05-01T10:06:32.000Z,
twitter,"kan disitu dijelasin untuk penerima bansos harus vasektomi dengan syarat udah punya anak 2. jadi gaboleh lebih dari 2 anak kalo mau nerima bansos, kurang jelas? dan lagi, sejak kapan gua buzzer mulyono jing? gua dikatain apapun terima, tapi gua ga terima dikatain buzzer mulyono",2025-05-01T10:06:16.000Z,
twitter,Enggak hrusnya yaa wkwkw yg suka koar koar vasektomi juga gak setuju sama keputusan KDM. Gue cuma mengkritisi pendapat orang miskin juga berhak punya banyak anak. Kek berhak tp gak mampu menunaikan kewajiban as parents mah gausah merasa berhak ,2025-05-01T10:04:06.000Z,
twitter,"harus 'layanin' suami karena LU PEREMPUAN & sbg istri. diminta pakai kb, ada yang tbtb diangkat rahimnya. kalau berpendidikan yang lbh tinggi dr lakinye dinyinyirin, milih-milih pasangan dibilang jgn pilih-pilih nnti di rumah cm jaga anak  timbang vasektomi hebohnyeeee njs",2025-05-01T10:03:28.000Z,
twitter,"udah capek, bete grgr kena apus dospem, buka twitter isinya laki-laki ngomel grgr vasektomi  baru dikeluarin vasektomi doang ini broooo baru satu broooooo???? apa kabar perempuan ya, dari umur segini harus begini, harus begitu. perempuan harus nurut harus punya anak",2025-05-01T10:03:27.000Z,
twitter,"Klo liat vlog dia klo bantu anak2 sekolah,kdm malah lebih setuju perempuan harus punya pendidikan tinggi drpd harus nikah muda,dia malah mikirin kaum perempuan sih dgn buat aturan vasektomi,krn di realitanya bnyk perempuan yg jd korban suami egois yg maunya punya anak bnyk",2025-05-01T10:02:01.000Z,
twitter,"gue cuma setuju kampanye vassektomi, dan mengkritisi orang tua yg gatau diri. Apakah ngatain orang tua gak tau diri dan tukang ngebebanin anak = fasis. Tapi gue setuju bukan pemaksaan, tapi penggembor2an kampanye vasektomi",2025-05-01T09:59:12.000Z,
twitter,"Emang vasektomi yang dimaksud KDM berlaku untuk pria dewasa yang belum punya anak juga? Misal si penerima sudah punya anak 3 lalu divasektomi, apa harus rekanalisasi? Toh kampanye KB kan 2 anak cukup?",2025-05-01T09:59:10.000Z,
twitter,"diskursus vasektomi ini ngangkat banyak bgt perpektif ya. ada yg ngerasa gak fair krn KB cewe diem aja tp kl cowo rame, ada yg setuju krn liat dari perspektif anak yg harus tumbuh dlm kemiskinan, ada yg khawatir liat negara yg berusaha mengontrol tubuh rakyat as form of fasisme,",2025-05-01T09:56:27.000Z,
twitter,"nah itu problemnya, udah stress dan gak berdaya karena merasa buntu tapi enggak mau berhenti punya anak. mangkanya itu gue setuju kalo akses vasektomi lebih dipermudah dan dikampanyekan. Tp nanti ditentang sama sayap kanan karena haram dan gak sesuai ajaran agama.",2025-05-01T09:55:46.000Z,
twitter,"tp lu tau ga kalau metode kb mow (metode operasi wanita) di lapangan 22x lipat lebih banyak daripada yg vasektomi. kalau lu perempuan, usia 35 keatas, anak lebih dari 2 lu pasti dikejar2 kader desa atau didesak bidan buat kb. itu ngga ngebunuh otonomi tubuh?
data jatim 2022 :",2025-05-01T09:54:31.000Z,
twitter,"oknum laki2 ini kenapa deh wkwkw, malah kalo lo miskin enak vasektomi.. kalo berbuat pun ga bakal hasilin anak, di sisi lain ga bakal ngeluarin uang lagi kan buat ngurus anak????? dah ah capek",2025-05-01T09:40:03.000Z,
twitter,"vasektomi dan semua jenis KB itu pilihan. gak seharusnya ada kewajiban bagi rakyat untuk melakukan sterilisasi demi mendapatkan bansos. ini diskriminatif loh apalagi cuma ke rakyat miskin. akar masalahnya bukan banyak anak, tapi kemiskinan struktural yg dipelihara negera",2025-05-01T09:39:56.000Z,
twitter,"ketika dia sukses dan mampu, anak dan istrinya pasti hidup sejahtera, yg awalnya mungkin anaknya cuma bs kuliah dalam negeri, tp krna keluarganya sudah mampu, anaknya bisa kuliah di luar negeri, bahkan kerja di luar negeri, kan jd lebih enak? beda cerita kalau ga vasektomi",2025-05-01T09:39:16.000Z,
twitter,"Daripada miskin hobinya ngewe sampe beranak mulu mending di vasektomi lah, yang kasian anak, ga minta dilahirin tapi dikasih hidup berat karena ortunya miskin",2025-05-01T09:39:14.000Z,
twitter,Saya menangkap ada niat tidak terpuji dalam usulan vasektomi bagi calon penerima bansos. Seolah-olah orang miskin dilarang punya/nambah anak karena takut manambah kemiskinan. Jika demikian halnya maka itu satu bentuk ketidakadilan penguasa kepada rakyat miskin.,2025-05-01T09:38:36.000Z,
twitter,"2 dari ke-5 kakakku, memilih untuk cukup punya anak satu, itu aja mereka berdua merasa berat, mereka bener-bener pengen fokus sama satu anak, sambil berharap semoga kedua anak ini kelak hidupnya gak susah. Tapi diluar sana ada orang yang doyan beranak-pinak, kesentil vasektomi.",2025-05-01T09:37:28.000Z,
twitter,"lah bagus dong? anak mereka bisa hidup sejahtera, toh pemerintah mengharuskan vasektomi saat org itu sudah punya anak, bukan misal nih ada org ga mampus dia nikah, trus langsung vasektomi, ka ga gitu, dia menikah, ga mampu, dan punya anak, baru boleh vasektomi, klo tetiba-",2025-05-01T09:35:21.000Z,
twitter,"Ya justru itu.. kalau memang merasa miskin, punya anak secukupnya aja. Syarat vasektomi kan juga minimal udah punya anak 2. Kalau misal nih untuk makan aja susah, masih ngandelin bansos, terus nambah anak lagi? Yang jadi korban siapa? Ya anak-anak dr berbagai aspek.",2025-05-01T09:34:32.000Z,
twitter,"Pemaksaan? Dawg nerima bansos jg ga wajib, wdymemang kalo sperma lo pada ga membuahi kenapa??? Ambisi mampus punya anak? Giliran gaada duitnya buat gedein jadi koar koar kenapa bansos harus vasektomi? Dude be fr",2025-05-01T09:34:00.000Z,
twitter,malah jd kasian yg mau punya anak 1 tp gabisa vasektomi krn peraturannya di indo ttp nyuruh minimal 2 baru boleh vasektomi (kl di luar mungkin gak ada limitasi beginian),2025-05-01T09:32:56.000Z,
twitter,"bansos and that kdm guy aside, w jg bingung knp laki2 lebih marah ke poin vasektominya ya, vasektomi di indo syaratnya aja min anak 2, gak dilarang punya anak, emg mau pd punya anak brp sih :((((((",2025-05-01T09:32:05.000Z,
twitter,"gue jg bingung sama yg bilang ""you guys hate poor people so much""  we're not that's why we dont want them to suffer???? cok atp gue cm berharap pemerintah bnrn edukasi tanggung jawab punya anak sama semangatin vasektomi aja",2025-05-01T09:30:00.000Z,
twitter,"Ribut2 laki2 karena Dedy Mulyadi bilang vasektomi bagi penerima bansos. Pikir saja sendiri, yang punya anak banyak laki2nya ga kerja dan istrinya melahirkan terus, Kalian ga kasihan ya sama perempuan yang sampai punya 6 anak yang tiap 2 tahun hamil dan melahirkan? miskin mentiko",2025-05-01T09:29:47.000Z,
twitter,"Ya itu kan max punya anak 2,kalo belom punya anak mah ngapain vasektomi. Point nya adalah max anak 2 gitu kayak program KB",2025-05-01T09:26:13.000Z,
twitter,KDM sbg guberur jabar itu tugas dia yg lain banyak..masalah infrastruktur aja masih berantakan..ngapain dia loncat ke vasektomi? Ga semua orang miskin anaknya banyak.tapi kemiskinan pasti karena keluarga tidak mempunyai penghasilan..masalah anak banyak itu nanti ngurusinnya,2025-05-01T09:24:36.000Z,
twitter,"Kalo masalah vasektomi dan kemiskinan sih gaada poin nya nih tweet , udah paling bener miskin jgn punya anak.
Seberapa banyak yg lo  liat view dr kemiskinan yg struktural sih?",2025-05-01T09:24:02.000Z,
twitter,"Tau gak knp di cina atau negara maju gak nerapin vasektomi?? Sdmnya gak kek disini.. dikasih tau tuh dengerin.. kalau di indo “banyak anak banyak rejeki” udh tau miskin, urus 1 aja keknya gak becus, sok”an banyak anak..",2025-05-01T09:21:59.000Z,
twitter,"kl sudah terlanjur banyak ya sudah, tp ya jangan ditambah lagi dong. Anak bukan investasi. Sebelum vasektomi diberi kesempatan punya anak, vasektomi bisa dibatalkan sehingga masi bisa punya anak lagi.",2025-05-01T09:21:44.000Z,
twitter,"Akar masalahnya itu di pendidikan, kalopun punya dua anak, tapi orang tuanya bodoh, tidak paham parenting, anaknya tetep punya mental miskin. Dinegara maju gapernah nerapin vasektomi. Even dichina yang boleh 1anak berlaku hampir seluruh warganya. Dan itu bukan vasektomi.",2025-05-01T09:16:21.000Z,
twitter,apesi kocak dari vasektomi kok ngarah ke wajib nikah dan punya anak biar bisa dpt beasiswa sm ngelanjutin pendidikan? GANYAMBUNG TLOLLLL,2025-05-01T09:16:13.000Z,
twitter,"laiya bg, dgn mereka nolak vasektomi, berarti udh siap secara mental dan finansial buat punya anak. ngapain dikasih bansos??

lagian vasektomi ini baru boleh dilakukan setelah punya anak. justru klo blm punya anak gblh vasektomi.",2025-05-01T09:15:47.000Z,
twitter,"Ya kan, tapi orang orang nganggepnya kek gaboleh punya anak bjir. Padahal vasektomi setelah punya anak",2025-05-01T09:14:21.000Z,
twitter,"mbak, gini ya, saya bukan menentang vasektomi, yg saya tentang itu kalo vasektomi dijadiin syarat menerima bansos, bisa bayangin ga keluarga yg bapaknya nolak vasektomi malah ga dikasih bansos, yg jadi korban disini siapa? si bapak atau si ibu dan anak?",2025-05-01T09:09:43.000Z,
twitter,"jujur aja nih ya maaff kasar, tapi plis, kalo miskin tau diri, jangan bisanya buat anak tapi gabisa ngasih kehidupan yang LAYAK buat anak, giliran gini nyalahin pemerintah. 

semuanya disalahin istri harus kb dll, disuru vasektomi diblg ngatur, minimal otaknya dipakelah muak bgt.",2025-05-01T09:09:05.000Z,
twitter,"Kalo miskin ga ush punya anak anj... Kasihan anak lu lahir dari keluarga miskin, keluarga yang ngarepin bansos. Udh bener ini kebijakan, ya kalo lu ga mau vasektomi LU JANGAN JADI MISKIN BODOH",2025-05-01T09:07:55.000Z,
twitter,"Masalahnya udah struktural, selama ini dikasih sosialisasi gbs. Langkah short termnya itu dengan vasektomi. Lagian slma ini perempuan udh KB kok laki laki ga mau? Egois bgt sama satu gender, ya kalo gamau vasektomi tinggal gausah bikin anak. Dripada beli rokok mending beli kondom",2025-05-01T09:07:12.000Z,
twitter,Maaf kata nih ya gak harus vasektomi juga dong kan bisa KB lainnya .perlu dipikir juga kalo cere trus nikah lagi pengen punya anak gimana .kalo anaknya amit2 ninggal trus pengen punya momongan lagi gimana .,2025-05-01T09:07:05.000Z,
twitter,"gaada yang maksa nder, kalo emang kamu ga butuh dan mampu buat menghidupi anak anakmu ya gapapa gausah vasektomi",2025-05-01T09:06:49.000Z,
twitter,"Vasektomi baru muncul ke permukaan dan banyak yg speak up ini belum lama, beda sama kb yg sejak 1900 udah digaungkan. Tentu prosesnya dari 0 lagi untuk ini. Dipaksa society ya masih ok (kb cewe/cowo), kalau engga nanti lebih banyak anak. Tapi dipaksa negara ? Tidak",2025-05-01T09:05:37.000Z,
twitter,"Cowo baru DIKASIH OPSI vasektomi aja udah was wes wos apalagi disuruh potong k word nya. Kalian selama ini ga berisik tu sama iklan KB untuk cewe, sama campaign pemerintah 2 anak cukup ayo KB gada kaum kalian yg berisik.",2025-05-01T09:05:05.000Z,
twitter,"kak vasektomi itu setelah udah punya 2 anak dn berumur 35 tahun, udah punya 2 anak. bukan belum punya anak harus vasektomi. jadi hak berkembang biak mana yang dirampas? kan udh punya 2 anak? seurgensi apa sampai harus punya anak ke 3—10?",2025-05-01T09:03:25.000Z,
twitter,"Beda, vasektomi itu sifatnya irreversible atau gabisa dipulihkan, beda sama kb perempuan yang bisa dihentiin kapan aja kalo niat punya anak lagi.",2025-05-01T09:03:15.000Z,
twitter,"vasektomi dapat dilakukan kalau sudah punya 2 anak. 2 anak aja miskin, kok iso mikir mau beranak lagi? kalau ada harga diri laki ya gak usah diambil bansosnya, gak susah kok",2025-05-01T09:02:49.000Z,
twitter,"Ya mesti pro lah kan ini juga sukarela, yg di sarankan vasektomi itu untuk si penerima bansos = ga mampu. kalo ga mau vasektomi ga usah terima bansos = dia berarti mampu. Orang yg butuh bansos kan orang2 ga mampu aja. Lagian ini syarat max punya anak 2 kan baru bisa vasektomi.",2025-05-01T09:02:47.000Z,
twitter,Pr untuk anak sekolah dan vasektomi adalah kebijakan yg tidak bijak..,2025-05-01T09:00:52.000Z,
twitter,"Lagian klo lu baca beritanya baik2, kebijakan bansos utk vasektomi ini hanya berlaku klo lu uda punya 2 anak.

Klo hidup aja masih harepin bansos, yah gak usa punya 3 / lebih anak.
Aneh dah lu.

Baca berita aja susah. Semakin bkin gw menambah pro sama usulan ini. Ckckck",2025-05-01T09:00:51.000Z,
twitter,"Betul, dari dua kebijakannya soal vasektomi dan bawa anak nakal ke barak, udah red flag banget. Pola pikir otoriter, mencintai rakyat cuma gimmick. Heran aku, kenapa pemimpin yang justru dari kalangan sipil yang punya otak otoriter kayak gini.",2025-05-01T09:00:02.000Z,
twitter,kok sekarang bahas ga nambah anak. trus yg kk perjuangin tentang pemenuhan hak itu dimana? Apakah setelah seorang pria  dengan anak sebanyak 8 melakukan vasektomi maka akan menjadi milyarder dan mampu memenuhi hak anak anak? ENGGAK. yg harus itu desak gov menciptakan kesejahtraan,2025-05-01T08:58:25.000Z,
twitter,"Tapi kdm salah, tapi aku setuju kalo jangan cuma buat cewek aja ada program kb, cowok juga harus contohnya vasektomi ini, lebih2 buat masayarakat miskin, nominal bansos paling gitu2 aja, kalo ngandelin bansos tapi nambah anak terus mana cukup,ujung2nya nambah angka pengangguran-",2025-05-01T08:58:10.000Z,
twitter,Ketika Pribumi di Vasektomi & Keturunan bebas cetak anak lama2 kayak jepang ,2025-05-01T08:58:06.000Z,
twitter,"to have more kids lol, vasektomi itu ada syarat untuk punya anak minimal 2, dan kalau masih miskin mau punya anak lebih dari 2, potong aja tititnya, emang ga berguna, bikin anak ga bersalah lahir di keluarga kek begitu",2025-05-01T08:57:41.000Z,
twitter,"tadi nemu option, better kalo bansos perkeluarga yg dibatesin dari pada maksa vasektomi. Misal per KK cuma dibatasi 2 anak yg dapet bantuan, karena kebijakan sekarang kan masih tiap anak dapet, jadi orang tua bisa sadar + fasilitas KB lebih dipermudah aksesnya. Aku setuju sih",2025-05-01T08:53:47.000Z,
twitter,"Jujur bingung ngebacain diskusi soal aturan vasektomi & bansos di twitter ini. KARNAA, everyone got their point  ya bener penggunaan kontrasepsi gaboleh dipaksain, tapi bener juga kalo masih mengharapkan bansos sebaiknya jangan bikin anak dulu ",2025-05-01T08:53:37.000Z,
twitter,Kenapa jadi memberantas orang miskin. Padahal itu program jadi salah satu cara buat memutus rantai kemiskinan. Toh vasektomi cuma diperuntukkan UNTUK YANG UDAH PUNYA ANAK BERLEBIH DAN GA DIKASIH HIDUP LAYAK. Kalo anaknya baru 1-2 ya ga disuruh.,2025-05-01T08:51:13.000Z,
twitter,"“CUKUP KB AJA BAGI PEREMPUAN” kata si JANTAN yg maunya enak di dia aja, apa susahnya sih nahan diri buat gk ngorbanin cewe, apa2 cewe yg di suruh ini dan itu?kl gk sanggup nahan napsu tp gk mau punya anak banyak,lu hamilin bini lu 4 kali , abis tuh lu yg vasektomi gmn? #vasectomy",2025-05-01T08:44:58.000Z,
twitter,"""Man would never defend woman like this""

Its not about men y'all. Vasektomi emang harus digalakkan dan orang miskin ga seharusnya punya anak banyak. Tapi caranya ga harus lewat pemaksaan juga",2025-05-01T08:44:42.000Z,
twitter,"Kadang tu orang miskin perlu ""dipaksa"". Toh juga syarat vasektomi minimal udah punya anak 2 dan ada minimal umurnya. Kalo umur dh 40 terus mau ternak anak mulu tapi ga bisa ngurusin tu urgensinya apa",2025-05-01T08:43:31.000Z,
twitter,"Setuju. Selama apa kb 2 anak cukup sudah diberlakukan. Tapi masih aja kayak gini kan? Sepenuhnya ini bukan salah perempuan. Sex itu cowo cewe. Kalau cewe mulu yang dibatesi, cowonya seenaknya dong.
Jadi, vasektomi adalah jawaban ter make sense. ",2025-05-01T08:43:31.000Z,
twitter,"Menurut gw dr pd pake cara pemaksaan begini lbh baik pemerintah bikin peraturan kayak “kelahiran, sekolah, bansos  gratis yg ditanggung pemerintah cuma sampai 2 anak”. Terus digaungkan edukasi soal KB terutama vasektomi krn selama ini edukasi soal vasektomi msh kurang sekali.",2025-05-01T08:43:28.000Z,
twitter,"Syarat vasektomi harus sudah punya anak 2 ekor..emang lu mau nambah berapa lagi?, mau saingan sama tikus?..tikus aja paham kalo musim paceklik mereka stop beranak..",2025-05-01T08:41:57.000Z,
twitter,"Yaini kalau fungsi otaknya keseringan dipake mikir simple

Problem kemiskinan itu pemicunya banyak, ga cuma perkara anak, percuma sudah vasektomi kalau kerjaannya ga ada, anak2nya ga dapet akses pendidikan layak.

Lagian kalau mau belajar ada UU yg dilanggar kalau ini dipaksakan",2025-05-01T08:36:35.000Z,
twitter,"Justru sdh menuju depopulasi, jd urgensi dipaksa vasektomi sbg syarat bansos itu apa? Apa gubernurnya sdh melakukan kajian dlu di kelompok rentan miskin? Apa bnr mrk bnyk anak? Berapa %? Sdh kalkulasi brp budget untuk vasektomi untk sekian org? Anggarannya?",2025-05-01T08:32:47.000Z,
twitter,"Bansos nya kek gmn dulu emg? Yg kek org miskin biasa yg antri di jalan cm buat dapet beras? Yaudah klo mereka mau dapet bansos jg disuruh vasektomi juga lah. Tapi orang kaya jaman skrg  ngotak si, otaknya dipake jd anak dikit ga kek binatang lahiran doang tapi anak ditelantarin",2025-05-01T08:32:46.000Z,
twitter,"kalo probabilitas nya gak bagus berarti sperma nya jelek, gaya hidupnya jelek. bukan salah vasektomi nya. org gak KB juga bisa gak punya anak karna sperma nya jelek. 

bagian organ? semua KB ya ada resiko.",2025-05-01T08:17:24.000Z,
twitter,"Sekarang mungkin kek begini:
Angka kelahiran meningkat: Kamu harus vasektomi dulu ya kalo mau dapat bantuan

Tapi mungkin aja nanti bakal begini:
Angka kelahiran menurun: Kamu harus melahirkan anak dulu ya kalo mau dapat bantuan",2025-05-01T08:17:03.000Z,
twitter,"Udah puluhan tahun tuh ""2 anak cukup"" digalakkan tapi ttp aja banyak yang gak perduli. Di kelas menengah vasektomi udh sering banget dibahas, ttp aja pada gak open",2025-05-01T08:13:17.000Z,
twitter,twitter aneh jing banyak yang setuju kalau miskin gak usah punya anak tapi wajib vasektomi kalau mau ambil bansos pada marah2 juga anjing sakit jiwa lu semua di sini. Ini bukan aplikasi kandang monyet tapi bangsal poli jiwa.,2025-05-01T08:12:24.000Z,
twitter,"perihal vasektomi ini jadi karet banget sih. kalo misal si cowok udah punya dua anak trus vasektomi nih tapi gak lama kemudian cerai, yang dapat bansos siapa? cowok? ",2025-05-01T08:08:45.000Z,
twitter,"Baca bacain pro kontra vasektomi seru bgt, sampe bawa bawa HAM. Padahal kalo ngomongin hak asasi, ga cuma ortunya yg punya, tp anaknya jg punya. Yg mana ortunya kadang ga memenuhi hak anak karna mereka ""ga mampu"", jadi hak asasi mana sih yg mau diikutin sebenernya?",2025-05-01T08:07:21.000Z,
twitter,"Lho gw salah satu anak itu lho, gw biayain sekolah adik gw karna punya ortu yg ga punya bakat jadi ortu
Cm masalahnya adalah metode yg digunakan dedi, kalo emang mau mengkampanyekan vasektomi ya silakan pasarkan dengan benar dan berikan insentif buat yg melakukan, bukan ambil hak",2025-05-01T08:07:11.000Z,
twitter,Mksdnya mau bantuan tp ga mau diatur..udh miskin anak bererot dibiarin..iniah namanya melestarikan kemiskinan..toh kebijakan vasektomi pasti ada syarat2nya jg..misal keluarga miskin yg sudah py anak sekian dll..udh tau muskin tp maunya beranak terus itu zalim jg ama anak2nya,2025-05-01T08:06:27.000Z,
twitter,"cowo2 yg gamau vasektomi tuh jelas karna ego doang. pdhal vasektomi sangattt jarang nimbulin efek samping.

u udah punya anak, butuh bansos, terus ngapain mau punya anak lagi? apa yg bikin lo kontra untuk vasektomi?",2025-05-01T08:05:47.000Z,
twitter,Ya udah bang sini kasi solusi supaya pihak suami sadar diri untuk vasektomi agar istri gak perlu KB lagi. Anggaplah kita kelas menengah yang tak perlu bansos dan sudah punya anak 2,2025-05-01T08:05:24.000Z,
twitter,"Jgn nuntut bansos kalo gitu. Anak lu ya anak lu, termarjinal menjadi miskin krn sistem ya itu urusan lu. Pak Dedi menawarkan solusi jangka panjang untuk orang2 bermasalah pola pikir seperti anda. Solusi vasektomi menyelamatkan istri seperti istri lu bro.",2025-05-01T08:02:09.000Z,
twitter,"Ya emang mknya itu tujuan dri vasektomi ini tuh biar masyarakat pada melek krna biasanya cuma prempuan yg kb jd pada santai pdhal mah sama aja IUD suntik obat itu semua ada efek samping, jangan asal2 punya anak tpi ga mikir kedepannya gmna ksehatan istri kyk gmna.",2025-05-01T08:00:07.000Z,
twitter,Tujuan di kasih bansos karena kurang mampu memenuhi kebutuhan primer yang berarti juga kebutuhan untuk masa depan anak pasti juga sulit di penuhi jadi wajar aja si penerima di suruh KB (vasektomi) agar bansos yg di berikan bs fokus untuk anggota keluarga yang sudah ada saja.,2025-05-01T07:59:42.000Z,
twitter,"Kan kalo vasektomi kan bisa vasovasostomi kalo mau punya anak lagi, nah karema vasovasostomi itu lumayan mahal jadi orang tua sadar betul akan konsekuensinya punya anak. Ga sembarangan bikin. Kalo misalkan kamu mau cabut semuanya itu susah, apalagi ditengah ketidakpastian hukum",2025-05-01T07:52:25.000Z,
twitter,"ga baca kah? Perempuan loh udah hamil dan nifas. Kalau mau sama2, sini tititnya gw berdarahin biar ngerasain mens deh minimal.

lgian vasektomi tuh prosedur buat buang atau nyumbat saluran sperma. Toh kalau masih mau punya anak dikemudian hari masih bisa  vasovasostomy",2025-05-01T07:51:02.000Z,
twitter,"gk di jabar aja si, di seluruh belahan indonesia yg katanya banyak anak banyak rezeki itu emang wajib di vasektomi",2025-05-01T07:49:26.000Z,
twitter,"Emang knp si pada gamau vasektomi? Kan syarat vasektomi anak min. 2, berarti takut ga punya anak bukan alasan ya. Justru dgn vasektomi kalian bisa terbebas dari punya anak ga disengaja dan kalian ga terbebani biayain anak itu",2025-05-01T07:49:23.000Z,
twitter,"Solusi yang ditawarkan pemerintah:

- ""kalau mau kaya jangan punya anak banyak""
- ""kalau mau bansos, VASEKTOMI""",2025-05-01T07:47:09.000Z,
twitter,jaka sembung bawa golok. kdm golongan keluarga miskin punya banyak anak yang ttp reproduksi anak tanpa mikirin jarak kelahiran? programnya screening KK dan di konseling vasektomi. kenapa pria bahas vasektomi langsung tantrum giliran KB suntik/pil perempuan anteng?,2025-05-01T07:46:03.000Z,
twitter,"Lowkey setuju sama ""org miskin dilarang punya banyak anak"". 

Terus dilain sisi, KB buat perempuan punya banyak efek samping yang bahaya. Lagian vasektomi boleh dilakuin kalo udh 35 tahun + punya anak 2",2025-05-01T07:45:50.000Z,
twitter,"diedukasi malah begini, hidup tuh belajar dari kesalahan, bnyak terjadi hidup susah tp anaknya banyak bgt dan akhirnya hidup anaknya sengsara, ini tuh langkah pencegahan, dan yg vasektomi juga harus punya 2 anak dulu dan ada minimal umurnya",2025-05-01T07:44:23.000Z,
twitter,nah makanya karena mereka bergantung sama bansos dibikinlah bansos ini dijadiin syarat supaya mereka mau vasektomi. supaya udahlahh gausah brojol lg dan melahirkan anak-anak malang yang gabisa milih untuk terlahir dr keluarga yang bagaimana... ,2025-05-01T07:43:46.000Z,
twitter,Goblok iku seng dek vasektomi iku seng wes duwek anak cok. Duduk wong seng dorong duwem anak mbokne ancok. Wong kok bodoh,2025-05-01T07:42:04.000Z,
twitter,"Sedangkan faktor kemiskinan di jabar aja bukan karna banyak anak, point nya kurangnya lapangan pekerjaan. Menjadikan vasektomi sbg syarat utk dapet bansos itu biar apa? Sedangkan data penerima kan jelas, artinya ketika nanti bansos turun dipenerima harus vasektomi. Itu maksa.",2025-05-01T07:41:57.000Z,
twitter,Kemiskinan struktural ga sesimple itu wahai anak muda. Apa gunanya vasektomi kalau kualitas pendidikan dan kesejahteraan masyarakat masih diabaikan? Kalian tuh bener2 ga paham betapa problematiknya kebijakan macam ini ya?,2025-05-01T07:40:33.000Z,
twitter,"Mana sih (draft) ketentuannya, kalo udah 2 anak wajib vasektomi?
DeMul cuma omon omon doang, nanggepin wartawan... Komentar asal ceplos DeMul",2025-05-01T07:38:26.000Z,
twitter,berarti udah vasektomi udah yakin gamau punya anak lagi. klo sebagian yg vasektomi mau punya anak lagi artinya tau resiko yg bakal didapet. sama kek KB yg lain efek ditubuh seumur hidup,2025-05-01T07:35:15.000Z,
twitter,"Dengan catatan
Istri harus setia sampai mati
Dan jika harus bercerai maka ada syarat2 dan ketentuan2 yang berlaku
Misal istri tidak berhak mendapatkan harta gono gini ataupun hak asuh anak.
Belajar dari kasus sebelumnya, suami vasektomi tapi istri malah minta cerai dan",2025-05-01T07:34:03.000Z,
twitter,"pemerintah salah dengan mewajibkan laki laki untuk vasektomi dulu baru keluarganya bisa terima bansos, tapi.. mengesampingkan the law, ni unpadfess yang ngirim menfessnya tu anak unpad kan ya? misoginis kah? perempuan udah berabad abad diikut campuri urusan otoritas tubuhnya--",2025-05-01T07:20:59.000Z,
twitter,"Gue pengusaha, Istri Manager disalah satu Perusahaan multi nasional, Anak gue cuma satu dan ini kesepakatan kmi berdua( suami istri), Tpi gue gak setuju sama Vasektomi atau KB dengan Paksaan atau tekanan. Paham lu gvblokkm",2025-05-01T07:20:37.000Z,
twitter,"prosedur vasektomi dalam program KB jg setau saya disaranin buat cowo yg udh punya minimal 2 anak, bukan yang belum punya anak sama sekali loh y

Ini bukan ngambil hak reproduksi rakyat, tapi kasih batas wajar biar nyegah pola berulang yang memperparah kemiskinan antar-generasi.",2025-05-01T07:20:00.000Z,
twitter,maaf kak nimbrung. tapi aku aja yang masih sma tau loh regulasi vasektomi itu minimal punya dua anak. jadi mencegah keluarga punya anak itu maksudnya apa dah,2025-05-01T07:19:53.000Z,
twitter,"Topik awal kan tentang pemaksaan KB, vasektomi bagi kamu miskin udh gak boleh kocak. Karena melanggar UU. Lu mau argument pakek bawa ortu gak nafkahi kek, buang anak kek buat justifikasi, Gak mengubah pemaksan kb etc, itu KRIMINAL.
Kalau lu ngelakuin lu NAPI",2025-05-01T07:18:49.000Z,
twitter,"Dah lah, childfree semua kita hrusnya wkwk. Penyetor pajak berkurang, harga pekerja ga murah lg, biar pada mikir jg. Kurang nih sebenernya, hrusnya vasektomi jg dibolehin tanpa syarat hrus dah ada 2 anak",2025-05-01T07:18:38.000Z,
twitter,"vasektomi juga ada syarat ga tiba tiba siapapun bisa di vasektomi kali .. ada minimal umur dan harus ada berapa anak, punya akun gede tapi otak kecil jadi asal nge twt aja hdeh",2025-05-01T07:17:20.000Z,
twitter,"rill cuy, tapi gw bingung dah kenapa ini cowo"" pada gamau bgt yak. gw cowo aja mau cok vasektomi, karna klo nanti udh ada 2 anak mau hubungan sama istri tpi ga takut hamil ya vasektomi aja. Lu masih bisa crt masih bisa ngceng kok org yg dipotong jalur ke sel spermanya aja jir",2025-05-01T07:16:34.000Z,
twitter,"Pemerintah yg korup yg harus di vasektomi. Klo pemerintah pusat dan daerah diisi oleh org2 yg pintar & amanah rakyat pasti sejahtera. Mau punya anak 10 klo sejahtera jg gak masalah. Masalahnya kan skrg rakyatnya MISKIN, krn DIMISKINKAN pemerintah.",2025-05-01T07:16:14.000Z,
twitter,"Jadi, kalau ada kebijakan bansos bersyarat vasektomi, itu bukan ditujuin ke semua orang, apalagi yang TFR-nya udh rendah. Justru fokusnya ke mereka yang masih punya anak 5, 6, bahkan 8, padahal secara ekonomi jelas ga sanggup",2025-05-01T07:15:59.000Z,
twitter,"Ya...ada yg blg vasektomi melanggar HAM
Okelah, kalo gitu, berlakukan aja pajak anak
Org indo mah apa aja ngeyel kecuali kalo dimintain duit
Coba anak lbh dr 2 dipajakin,atau anak lbh dr 2 tdk dpt bantuan, otomatis menurun tuh angka kelahiran",2025-05-01T07:03:36.000Z,
twitter,"Yg dihimbau vasektomi yg anaknya lebih dr 5 btw, justru kalo belum punya anak gaboleh vasektomi berdasarkan peraturan vasektomi di indo. Minimal untuk vasektomi harus udah punya anak 2.",2025-05-01T07:03:07.000Z,
twitter,"Menikah dan punya anak tolol. Tetep aja pemerintah harusnya ngasih hadiah ke org miskin yg mau vasektomi, bukan menghukum warga miskin yg udh gagal mereka sejahterakan. Lo kemiskinan struktural bisa selesai cuma dengan vasektomi? Dongo.",2025-05-01T07:02:32.000Z,
twitter,"Yaelah klise banget giliran ditanya urgensinya apa gak dijawab? Di atas aja lo gembar-gembor sendiri soal peraturan yang membatasi jumlah anak, bentuk KB selain vasektomi. Aneh",2025-05-01T07:01:56.000Z,
twitter,"Nah, yaitu kenapa itu dijadiin syarat buat dapet bansos? Kalo misal kondisinya ada masyarakat miskin baru punya anak satu, belum bisa vasektomi, mereka ga berhak dapet bansos kah?",2025-05-01T07:01:45.000Z,
twitter,"Vasektomi aja kaga mau, lu pengen bgt bikin anak kah? Vasektomi ga bikin lu impoten jg, lu masih bisa ngaceng dan ngewe sepuas hati lo, kenapa ini laki laki suddenly paham science kalo itu berdampak sama dia",2025-05-01T06:59:14.000Z,
twitter,"tolol yg di korea dikasih hadiah buat org org disana mau punya anak, disana angka kelahiran rendah. Lu tau vasektomi itu syaratnya minimal punya anak 2 baru bisa. Lu kalau mau komen minimal searching dulu tolol",2025-05-01T06:58:25.000Z,
twitter,Ya emang itu tanggung jawabnya. Emang mau lo apa sih? Klo lo mau vasektomi terserah tolol. Itu hak lo. Tapi memaksa vasektomi ke org itu gak boleh. Gw gak bisa maksa itu keluarga buat gak nambah anak. Tp mereka jg pasti udh gak mau nambah dgn keadaan nya seperti ini.,2025-05-01T06:56:47.000Z,
twitter,"pemerintah yg melanggar HAM ini emang reaksi atas keluarga miskin yg ga bisa berhenti punya anak, tapi balik lagi jahat jgn dibales jahat guys cmon, pemerintah hrs lbh kreatif menggalakan vasektomi, ga cuma sosialisasi atau malah menyalahgunakan kekuasaan kyk yg dimaksud kakaknya",2025-05-01T06:55:31.000Z,
twitter,"Emang aneh cok, dibilang kita defend men, PADAHAL gw defend women yg bisa kena efek juga. Iya kalo abis vasektomi->dapet bansos->beneran dipake buat bikin anak istrinya makan. Kalo dipake judi karena mikirnya bansos itu dapet dari hasil pengorbanan dia gimana????",2025-05-01T06:55:04.000Z,
twitter,"Makanya selama ini perempuan mengorbankan diri pake KB yg nyakitin dan merubah tubuhnya. Karna kl suruh lakiknya pake BYK ALASAN. 
Kena usulan begini pada kejang2 lu pada. Pdhl sender bener, kl ud punya anak & ga mau vasektomi/kondom ya simply ga butuh bansos, artinya mampu tol.",2025-05-01T06:54:41.000Z,
twitter,"Lah ya itu aku doain kamu atau keturunan kamu dijadikan sama Tuhan miskin kayak mereka.

Nanti tinggal kamu bisa sesuai nggak dg perkataan kamu nggak punya anak, atau ambil bantuan tapi di vasektomi.

Daripada ngelas kanan kiri, tinggal jawab aja AMIN. Yg ksatria, berani ngomong.",2025-05-01T06:54:33.000Z,
twitter,"bruh deal with it, baru paham konsep my body my choice kan lo wkwkw lagipula vasektomi kan minimal bukannya ada 2 anak dulu",2025-05-01T06:44:53.000Z,
twitter,"Sebenernya bknnya tinggal pilih aja ya gak hrs vasektomi?Soalnya jujur saat ini KB dan program 2 anak cukup tuh dah tenggelam banget. Pdhl th 90an tuh gencar bgt dan bnyk gen x yg cm pny 2 anak.

Msh tnd tny jaman Pak Harto KB sukses tp kok skrg mlempem, hrs pke cara apalagi?",2025-05-01T06:43:59.000Z,
twitter,"Yee goblok, bisa vasektomi kan minimal punya 2 anak dulu, itupun masih ada persyaratan minimal umur juga.",2025-05-01T06:43:57.000Z,
twitter,Solusinya adalah teriak2 minta bansos. Klo g di kasih.. mengungkit ungkit pasal 34..Tolol kn..diatur ma pemerintah bilang vasektomi haram lah..tp ngewe sampe anak sepuluh g bisa kasih makan alias terlantar msih bilang halal..,2025-05-01T06:41:45.000Z,
twitter,"Muak liat orang bermental pengemis yang maunya dikasihani terus tapi gak mikir gimana biar hidupnya lebih baik 
Dan kalo lu pinter lu bakal cari tau dulu syarat vasektomi versi BKKBN
Salah satunya sudah punya 2 anak, jadi bukan berarti orang miskin gak boleh punya anak ya blok",2025-05-01T06:41:44.000Z,
twitter,"Apresiasi sih anda bisa ngerti pemikiran mereka, tapi kalau pemikirannya salah apakah mau dibiarkan?

Lah istri dan anak anaknya ya tanggung jawab si bapak, kalau si bapak prioritaskan anak dan istri ya tinggal vasektomi. Kalau engga ya berarti dia simply ga peduli keluarganya.",2025-05-01T06:41:07.000Z,
twitter,"oalah, ini vasektomi nya setelah punya 2 anak gitu ya? kirain belum punya anak disuruh vasektomi",2025-05-01T06:40:14.000Z,
twitter,"mnrt gw cth u bener sih kl pun bkn vasektomi, pasti ada yg dituntut setelah u dikasi subsidi. again, resources terbatas. Ide lain, bs ga pemerintah kasi bates, kl pny >2 anak, anak ke3 seterusnya ga dpt hak sekolah gratis? bs aja. nanti u mau koar2 pendidikan itu hak semua org?",2025-05-01T06:36:52.000Z,
twitter,Iya jirrr sesimple iniiiii padahal tp org² itu pada ketakutan ekwkwk lu kalo gamau di vasektomi ya gausah terima bansos yg berarti lu masih mampu kalo lu punya anak lagi buat biayain idup anak lu tanpa bansos,2025-05-01T06:36:04.000Z,
twitter,"oke thanks, tapi bener sih, yg di pikiran mereka yaaa anak itu aset, kalo gaada anak aku mau lari ke siapa, anak sbg sumber kebahagiaan dll.
tapi sayangnya nasib anak ke depannya gaada yg tau. bukan cuma di negara ini, di negara lain jg sama. jadi instead of vasektomi,",2025-05-01T06:35:50.000Z,
twitter,"Keknya blm dpt poinnya ya?, konstitusinya emang kek gitu, tp bkn berarti org tuh bisa beranak seenaknya n ditelantarin aja. Lagiankan yg di vasektomi jg hrs punya anak dlu? Anak² yg udah ada ini ttp dibantu sm negara. Masa mau nambah lg trus lepas tgn nunggu bantuan dari negara?",2025-05-01T06:34:37.000Z,
twitter,"Sangat setuju. Kalo vasektomi ga mau, kb jg ga dibolehin sm suami nya dn bisa nya ngewe sm crot trs beranak dn ga bs menafkahi anaknya dgn baik alih2 anak prtama ntr jdi gen sandwitch. Tolol emng org tua nya, anj",2025-05-01T06:33:47.000Z,
twitter,"lah siapa yang maksa jir kalo gamau vasektomi ya tinggal gausah nerima bansos?? orang yg mau punya anak banyak harusnya kan aware sm kondisi finansial mereka sendiri, kalo udh miskin trs banyak anak tp ttp gamau vasektomi mah beban",2025-05-01T06:33:02.000Z,
twitter,"Tolong dong beneran please, biar gue ga perlu nikah dan punya dua anak buat vasektomi ",2025-05-01T06:31:03.000Z,
twitter,"Simple aja klo emang vasektomi itu wajib kenapa cuma si ""miskin"" Aja yg kena, seakan akan mereka lah biang masalah, coba ambil contoh dr si ""kaya"" Apa mereka gak merugikan negara jikalau anak anak mereka ternyara jadi pejabat yang doyan korupsi dikemudian hari, konoha oh konoha",2025-05-01T06:29:42.000Z,
twitter,"El, pemerintah juga udah nyediain opsi vasektomi lewat bkkbn. Itu gratis. Cuma syaratnya ya harus punya anak dengan jumlah sekian dan usia anak pertama minim 5 tahun.

Tapi opsi itu ADA.",2025-05-01T06:27:53.000Z,
twitter,"Menolak berbagai jenis kb hormonal, ni ibu2 kalo badannya bisa di vasektomi jg sbnernya mereka mau bang, kasian lah sama wanita2 yg udah harus nerima hormonnya hancur gara2 kb dan harus ngurus anak serta keluarganya(2)",2025-05-01T06:26:10.000Z,
twitter,Emang kata siapa vasektomi gabisa bikin anak lagi? Kan bukan dikebiri bang,2025-05-01T06:25:06.000Z,
twitter,"Itu bukan nyiksa, tapi nyadarin. Tiap tahun ada keluarga miskin yang anak nambah terus, minta bansos jalan terus. Vasektomi itu kontrol biar adil, bansos ga numpuk ke keluarga yang produksi anak tanpa mikir masa depan. Cewe KB udah biasa, cowo disuruh vasektomi langsung ngamuk.",2025-05-01T06:24:24.000Z,
twitter,"Pengen bgt ada kawan diskusi soal
1. Vasektomi untuk dapat bansos: anak udah 11, udah mikir gabisa menghidupi, nambah 1 anak lg
2. Perempuan telat nikah , reproduksi menurun, ga menarik untuk cowo karna probability punya anak menurun
.. 
Kayak ini negara lagi jelek banget sumpah.",2025-05-01T06:23:29.000Z,
twitter,Usulan dedy ini muncul karena banyak warga yg dateng ke dia  minta bantuan biaya persalinan untuk anak ke 4 bahkan ke 5. Mungkin akan lebih tepat kalo kebijakan vasektomi ini diterapkan ke penerima bansos yg sudah punya 2 anak,2025-05-01T06:22:06.000Z,
twitter,"Vasektomi dan alat kontrasepsi itu skrg diadain lg untuk menekan jumlah kelahiran yang tidak direncanakan. Jangan salah, itu mereka udh ada anak sekian orang, cuman dibatesin jumlahnya. 1 keluarga 2 anak gak boleh lebih, semacam program KB (keluarga berencana) di orde baru.",2025-05-01T06:20:51.000Z,
twitter,Usulan dedy ini muncul karena banyak warga yg dateng ke dia  minta bantuan biaya persalinan untuk anak ke 4 bahkan ke 5. Mungkin akan lebih tepat kalo kebijakan vasektomi ini diterapkan ke orang miskin yg sudah punya 2 anak,2025-05-01T06:20:24.000Z,
twitter,"Entahlah pada sadar hipokrit atau kagak. Ntar peraturan wajib vasektomi dicabut, pada lupa & balik maksain cewe utk hamil krn ""kodratnya cewe itu beranak"" & ya lanjutin lg deh ngatain cewe-cewe lemah yg milih childfree atau ngomongin betapa sakitnya hamil sampe ngelahirin anak",2025-05-01T06:20:21.000Z,
twitter,"Dih sok bijak lu, mana sok pinter. Kalo elu punya anak 10 dam mampu memberi mereka pendidikan hingga sarjana berarti ga perlu vasektomi. Kalo elu punya anak 6 itu anak putus sekolah semua berarti elunya perlu vasektomi. Kenapa malah salah negara ? Elunya yang beranak pinak",2025-05-01T06:19:33.000Z,
twitter,"gak ada yg diskirminatif ke orang miskin. aku jg miskin tapi sadar diri aja, klo emang ga mampu ya jangan bikin anak dong. klo masih mau bansos dan gak mau vasektomi seenggaknya jangan ngentot mulu",2025-05-01T06:17:15.000Z,
twitter,"Lagian bukan paksaan kok dan vasektomi kl udah punya dua anak. Kl ga vasektomi dan mau lanjut punya anak yaaa monggo~ brti dianggap mampu untuk membiayai anak-anaknya. Banyak bgtt lohh kasus punya anak banyak dan kebutuhan dasar anaknya ga tercukupi, yg ky gitu ga dianggap jahat?",2025-05-01T06:15:16.000Z,
twitter,"eh tolol konteksnya itu kb vasektomi buat si miskin karena si miskin nyusahin doang tolol anak nya banyak ga dikasih gizi yang layak,ga dikasih pendidikan yang layak sedangkan kalo si kaya mau punya anak 11 juga kalo semuanya tercukupi gaada masalah tolol",2025-05-01T06:15:08.000Z,
twitter,"mereka ga akan jadi kaya, tapi setidaknya mengurangi calon calon anak yang gapunya arah hidup, alias kalau miskin dia pasti susah buat sekolah, susah buat ngelanjutin hidup, tpi bisa jg dg cara kb alami tanpa vasektomi, yaitu HB saat istri tdk subur.",2025-05-01T06:12:39.000Z,
twitter,"Yang disuruh tuh orang miskin yang UDAH PUNYA ANAK, kalo belom/ga ada anak ya ga akan di vasektomi satt.  Kdm nyuruh vasektomi karna faktanya dilapangan orang miskin itu hobinya memperbanyak anak padahal ga bisa nafkahin",2025-05-01T06:12:26.000Z,
twitter,Gak memaksa vasektomi anjir lu kalo butuh bansos anak lu lebih dua ya vasektomi tapi lu kalo ga mau vasektomi berarti lu mampu kalo lu mampu ngapain minta bansos???? Se simple itu padahal,2025-05-01T06:11:51.000Z,
twitter,"Bukan saya menolak prinsip ketika melahirkan anak ada kebutuhan mereka juga harus dipenuhi, bukan hanya sekedar beranak pinak. Tp KDM menginisiasi pemberian Bantuan Sosial dgn syarat harus vasektomi itu kalo kata mbah saya sih bilangnya keleruuu",2025-05-01T06:11:22.000Z,
twitter,"Seperti kata anda, ini merupakan cara pemerintah untuk mengasah pola pikir kaum miskin yang tidak terasah, situasi sudah sulit mau mempersulit lagi dengan menambah anak yg belum tentu hak-hak nya dapat dipenuhi. Jadi kebijakan vasektomi ini menurut sy solutif",2025-05-01T06:08:55.000Z,
twitter,"Menurutku sendiri problem di sini tuh sebenernya kb vasektomi malah jadi diwajibin biar org2 pada nerima bansos, padahal bertentangan sama UUD yg berkaitan pemerintah wajib memelihara fakir miskin dan anak terlantar—",2025-05-01T06:08:04.000Z,
twitter,"Oke makasih penjelasannya, tapi disini saya tdk lihat perebutan hak dimanapun, vasektomi dilakukan apabila telah memiliki 2 anak apabila masih ingin mendapat bansos. Jika tidak mau vasektomi dan punya anak lebih dari 2 pemerintah akan menganggap dia mampu dan tidak diberi bansos",2025-05-01T06:06:53.000Z,
twitter,"Syarat vasektomi itu ud punya 2 anak. 
Kalo punya duit, mau punya anak berapa itu terserah, krn at least ketauan bisa ngidupun anaknya.
Lah kalo gak punya duit terus mau punya byk anak itu gimana ? 
Buat hidup sehari2 aja kudu ada bansos, anak itu gak cuma dilahirin tp dirawat",2025-05-01T06:06:47.000Z,
twitter,Vasektomi melanggar HAM mnurut sy..Hak org mw punya anak berapa.Lagian kl biar ga fokus satu keluarga aj itu bansos ya dijatah aja satu keluarga misal cover sampe anak kedua..Anak ketiga dst g bs ditanggung lagi.. Dan rezeki sudah Allah atur..selalu ada jalan kl usaha dan berdoa,2025-05-01T06:05:25.000Z,
twitter,Ini bukan cara efektif ini cara terakhir tapi yang dilakukan pertama  fasis .... Tanpa Vasektomi seharusnya bisa syarat bansos di cabut di blacklist kalau punya anak lagi juga bisa tanda tangan diatas materai ... Clear,2025-05-01T06:04:54.000Z,
twitter,"Kalo kata pak Dedi kemaren mah, Vasektomi!! Biar gak tiba² nambah jadi 16  

Ini mungkin cuma sekedar contoh buat kita yaa, jadi buat kalian yg baru berumah tangga dan sedang promil, DON'T TRY THIS AT HOME  

Pliisss, format banyak anak banyak rejeki tuh udah gak berlaku",2025-05-01T06:03:53.000Z,
twitter,"Kelas menengah atas jangan vasektomi, ikut promil. Lu punya aset banyak jgn cuman nambah ani2 doang, nambah anak yg resmi jg dong",2025-05-01T05:57:20.000Z,
twitter,"KB perempuan itu KB sementara which is menunda anak. Kalau vasektomi itu masuknya Kb permanen, karena meskipun bisa di reverse gak baka bisa membuahi lagi 100%, jadi memang gak cocok vasektomi digunakan untuk Kb sementara. Jadi wajar vasektomi ini diributkan.",2025-05-01T05:57:19.000Z,
twitter,yg dapet bansos itu bapaknya doang ya? bukan istri dan anak2nya justru terbantu dengan bansos itu? sekarang pemerintah stop bansos mereka dan si anak istri akhirnya terlantar cuma karena bapaknya gamau vasektomi? cool,2025-05-01T05:56:39.000Z,
twitter,"Ngurangin drastis jumlah anak di luar nikah. Tujuan vasektomi kan tercapai, lebih halal pula.",2025-05-01T05:56:33.000Z,
twitter,Seandainya punya 2 anak terus vasektomi tau tau cerai dan kedua anak dibawa sama istri dan suatu saat nanti sang mantan suami ingin nikah lagi dan tidak bisa punya keturunan sama istri baru nya karena vasektomi terus apa solusinya,2025-05-01T05:56:27.000Z,
twitter,"bansos itu emang cuma untuk bapaknya atau juga untuk anak istrinya? kalo bapaknya gamau vasektomi berarti anak dan istrinya juga ga dapet bansos? wow, keren, sampe urusan dapet bansos atau engga pun tergantung keputusan laki2, LONG LIFE PATRIARCHY!!!",2025-05-01T05:54:25.000Z,
twitter,"dari vasektomi dulu deh. gw setuju kalo emang tujuannya membatasi kuantitas anak. krn kalo kb perempuan itu bnyk yg berefek sama hormon, mood, berat badan. dan masih ada kemungkinan kecolongan (udh KB, tp tetep jadi bayi). sedangkan vasektomi gaada efek2 kyk kb perempuan",2025-05-01T05:53:10.000Z,
twitter,setuju bgtt tapi vasektomi nya jg harus dibiayai pemerintah yaa soalnya kalo mandiri operasinya itu mahal bgtt weh apalagi buat kaum menengah kebawah. gratis nya pake BPJS ada syarat yg umurnya udh 35thn dan dh punya anak 2 huftt,2025-05-01T05:53:01.000Z,
twitter,"Wkwkw betul, sebelumnya topik vasektomi naik aja laki-laki kegerahan + sebut2 my body mu choice, bakal jd perjalanan panjang buat kasi edukasi sampe bisa diterima masyarakat akar rumput",2025-05-01T05:51:09.000Z,
twitter,"Jadi orkay enak bgt, bikin anak di mana mana, mau nyaingin  Genghis Khan. 
Lah kita di sini mau di vasektomi",2025-05-01T05:49:51.000Z,
twitter,Vasektomi di beberapa daerah tuh gratis dan dibayar.  Tapi tetep aja ga banyak yg mau. Lagian syarat vasektomi harus 35+ dan udah punya 2 anak. Uda punya 2 anak masih mau nambah lagi kah?,2025-05-01T05:47:20.000Z,
twitter,"Kekurangan vasektomi dalam kebijakan publik?
One way tickey, ga ada jalan kembali tanpa resiko dan biaya mahal. Penggolongan kasta si miskin dan si kaya bisa terlihat dari jumlah anak.
Si miskin ketika naik kelas, tidak ada opsi mudah untuk punya anak lebih dari 2.",2025-05-01T05:38:07.000Z,
twitter,"Kalo kewajiban vasektomi diukur dari kaya atau miskin, pemerintah keluarin juga dong peraturan yang kaya ga boleh vasektomi. Kayak lu ngomong orang kaya doang yang pantes punya anak? Nalar plis???",2025-05-01T05:37:53.000Z,
twitter,"Ohh berarti mau dibantu terus??? Makanya mau beranak pinak sebanyak mungkin karena bisa ngandelin pemerintah buat ngurusin anak lu gitu. Angkat rahim permanen dan ga bisa dibalikin semula lagi, sedangkan vasektomi bisa dibalikin kaya semula",2025-05-01T05:36:33.000Z,
twitter,"memberantas??

nder, vasektomi justru gaboleh dilakukan klo blm punya anak. tujuannya ini biar bansosnya merata. jadi ga cuma numpuk di satu keluarga karena anaknya banyak.",2025-05-01T05:35:58.000Z,
twitter,"kalo aturan utk vasektomi 35 thn, minimal anak 2, dll itu mah persyaratan umum. yg mampu sm gak mampu dikasi peraturan yang sama.",2025-05-01T05:33:58.000Z,
twitter,Kalau tiba tiba si warga yg udah vasektomi jadi kaya raya gimana? Terus udh gabisa punya anak lagi gitu?,2025-05-01T05:33:52.000Z,
twitter,"Vasektomi ini solusi, hrs ada persetujuan pihak terkait. Tp KB itu wajib bro, KB= Keluarga Berencana (kata Berencana), ini berlaku utk semua Keluarga(tdk hny yg miskin), jika mampu menghidupi anak sampai 8 silakan, tp jk mampunya hny 2 ya jgn paksain diri (ini namanya Berencana).",2025-05-01T05:33:45.000Z,
twitter,"Apa.hubungannya sama ngurus anak?? Yg dikomentatin wacana ""pemaksaan"" vasektomi

Kok argumenmu anak

Bodoh sekali",2025-05-01T05:33:44.000Z,
twitter,Btw gak semua cwek bisa KB. Karna pengaruh ke hormonnya kdg kacau bgt. Ada saudaraku kalo KB sakit²an. Akhirnya stlh lahir anak kedua lsg steril. Blm tau kalo ada vasektomi. Kalo tau katanya lebih milih vasektomi karna sewaktu² kalo pengen nambah anak masih bisa.,2025-05-01T05:33:12.000Z,
twitter,"Kan tidak semerta merta di vasektomi
Boleh tidak vasektomi, tapi berarti sadar bahwa mampu mebiayai dari proses kehamilan sampai mebesarkan anak ke 3 dst
Boleh menerima bansos, tapi divasektomi agar yg menerima bansos bisa lebih merata
Kalo dipaksa kan artinya ga ada pilihan",2025-05-01T05:32:47.000Z,
twitter,"menurut saya himbauan vasektomi/kb sejalan dgn slogan “2 anak lebih baik”, yg mana kemungkinan anak tumbuh lbh berkualitas bisa terpenuhi. lalu negara jg mesti turut hadir menyediakan kb gratis dan pendidikan yg baik untuk anak, jg lapangan kerja untuk ortu mereka",2025-05-01T05:32:15.000Z,
twitter,Yang tolol tuh elu setan. Org gapunya anak disuruh vasektomi dan beasiswa otaklu pindahin ke pantat gih,2025-05-01T05:32:06.000Z,
twitter,"Coba jelaskan persamaan kampanye dua anak cukup dengan orang miskin vasektomi?
Atau mungkin ada statement pejabat sekelas kepala daerah atau kepala dinas yg berbicara orang miskin KB, klo gak KB saya gak kasih raskin?
Insentif tidak bekerja seperti forced",2025-05-01T05:28:25.000Z,
twitter,"Jujur si aku setuju sm vasektomi buat org tdk mampu. Tp ya edukasinya harus kenceng juga dan jgn dijadiin sbg syarat penerimaan bansos. Lagian jujur yaaa yg aku liat biasanya org2 kurang mampu ini anaknya bisa lebih dari 3, mana ada jg yg demen kawin cerei dan nambah anak",2025-05-01T05:28:18.000Z,
twitter,"Stupidity has no limit. Lu pikir klu ini jdi satu khrsn hidup para wanita mnjdi lbih tenang? Jelas tidak, ini bkn solusi mlah bisa jdi malapetaka. Misal suami lu ngotot gak mau vasektomi, yg jdi korban siapa? Ya anak lu gak dpt bansos. Yg lbih pusing siapa, ya jlas ibunya",2025-05-01T05:28:13.000Z,
twitter,"Gw 50:50.. kalo miskin bet ya bener mikir² jg lah kalo mau punya anak, hidup uda dijalanan ga punya rumah masa mau punya anak lagi, vasektomi ya emang bisa jdi salah satu alterntif KB, selain kondom,pil kb, dllnya, apalagi kalo uda punya anak lebih dari 3,ga mampu lagi ekonominya",2025-05-01T05:27:54.000Z,
twitter,"dipaksa?? itu udh dikasi pilihan.

g vasektomi = g dapet bansos, berarti ybs secara sadar siap punya anak & siap memberikam kehidupan yg layak buat anaknya. masyarakat di sini sebenrnya dipaksa mikir, sanggup/tdk menghidupi anakny dgn kondisi keuangan mreka.",2025-05-01T05:26:58.000Z,
twitter,"berarti yg jd poin permasalahan bukan di jumlah anak. mau 2, 4, 6, 10 atau yg tdk punya pun tetap butuh lapangan pekerjaan dg umr yang cukup sesuai kebutuhan hidup di indonesia.

influencer/konsulen boleh memberikan arahan dan ajakan vasektomi, tp bkn jd kebijakan pemerintah.",2025-05-01T05:25:57.000Z,
twitter,"Atleast persyaratan in order to get bansos itu vasektomi udah cukup jelas. Aturan untuk vasektomi itu udah 35 tahun dan punya 2 anak, jd negara cuma handle 2 anak dan nantinya gaakan ada anak ke 3 4 5 dengan case makan kertas lagi..",2025-05-01T05:25:57.000Z,
twitter,"Si dongo malah kagak nyambung minta dicariin data keberhasilan vasektomi. Baca dulu premis awal lu terus lu baca argumentasi gw. Anak Abah emang tolol murni, reading comprehension jelek semua.",2025-05-01T05:25:51.000Z,
twitter,"yaampun, itukan mereka ga sembarang di vasektomi. Programnya diperuntukan buat yg sudah punya 2 anak dan dalam usia yg tertentu pula. Terus kalo makan aja masih berharap ke bansos, yakin kah kalo mereka punya 4/5 anak akan tercukupi hak belajar, hak sehat, hak gizi anak2 mereka?",2025-05-01T05:25:09.000Z,
twitter,"Vasektomi tentu bukan kewajiban,yg jadi kewajiban itu setiap pasutri yg bertanggung jawab harus bisa membentuk keluarga yg sehat dan bahagia yg salah satu caranya bisa dgn kontrol kelahiran anak agar beban ekonomi tidak terlalu berat, jelas ya?",2025-05-01T05:24:58.000Z,
twitter,"Iya kak betul intinya dipaksa mikir sebenernya mampu apa ga buat ngidupin banyak anak. Malah yg d masalahin 'ga bs d paksa2 vasektomi dong udh menyalahi nih'
'Lah ntr cere mau punya anak lg gmn dong?'
Hadeh",2025-05-01T05:23:22.000Z,
twitter,kita pun sbg perempuan pengen enjoy sex tanpa beban woy tanpa mikir kebobolan makanya pengen bgt klo anak udah cukup kalian vasektomi pls gak sesakit itu kok inget pengorbanan kita!!,2025-05-01T05:22:34.000Z,
twitter,"lagian anti banget ama vasektomi, toh tindakan yang lebih sadis sudah dilakukan secara ""normal"" selama berdekade-dekade kepada perempuan?

KB, 2 anak cukup, hello?",2025-05-01T05:22:02.000Z,
twitter,"gw tau banyak anak yg kasian hidupnya grgr ortunya, tp ttp keputusan orang untuk beranak dan tdk itu tdk boleh diatur oleh siapapun, itu hak asasi mereka. gw dukung banget vasektomi tp secara sukarela bukan dipaksa melalui aturan ky gini, jatohnya emg pelanggaran HAM dan uu tpks",2025-05-01T05:20:37.000Z,
twitter,"Kalo vasektomi itu gak permanen, dijelaskan apa efek jangka panjangnya, diberi penyuluhan yang serius dan merata, bisa dipertimbangkan.
Kalo permanen kayanya gak boleh di Islam. Menelantarkan anak juga gak boleh. Salah siapa? Ya pemerintah. Apa2 kok salah pemerintah? Ya emang.",2025-05-01T05:20:12.000Z,
twitter,"bansos tuh hak dasar? 

terus cara neken biar anak ga banyak di keluarga miskin gimana? ga bisa nyukupin kebutuhan sehari hari, anak banyak, akhirnya ga di sekolahin

makanya pemerintah ngadain vasektomi (biar bukan cewe aja yg kb) untuk dpt bansos, gitu ga sii",2025-05-01T05:15:51.000Z,
twitter,"lagian kebijakan vasektomi yang ditanggung bpjs juga kan minimal usia 35 dan udah punya anak dua gitu... kek orang-orang tuh beneran pada marah-marah dulu, kek demi apapun timeline gw isinya orang marah-marah semua jadi pusing kalo buka twt",2025-05-01T05:15:16.000Z,
twitter,"maaf bgt tapi gw juga salah satu yang pusing bgt ngeliat huru-hara vasektomi sebagai syarat bansos ini. padahal keknya tiap ada discourse soal orang miskin tapi anaknya banyak, banyak bgt orang pada beropini kalo emang masih miskin ya jangan dulu punya anak",2025-05-01T05:15:14.000Z,
twitter,"Lu yang dongo, vasektomi udah dari dulu dicanangkan, tapi apa2 perempuan yg kudu KB tolol, belum lagi ada istilah banyak anak banyak rezeki, tapu rezekinya dengan ngemis k negara gitu, apa ngemis ke saudara? Dongo kau. Ngerti aja enggak lu sama kebijakan ini",2025-05-01T05:14:29.000Z,
twitter,"Kalau sanggup untuk membiayai, ga harus vasektomi kok. Buat apa punya anak banyak tapi gak mampu membiayai? Yang ada, mimpi abang/kakaknya terkubur demi mencukupi kebutuhan anak bungsu ",2025-05-01T05:13:54.000Z,
twitter,di pikiran lu pada kalo orang terserah mau punya lebih dari 2 anak asal banyak duit. melenceng banget dari tujuan kampanye vasektomi selama ini.,2025-05-01T05:13:37.000Z,
twitter,"Dana bansos yg gamau vasektomi dialihkan buat yg lain lah, buat anak yatim piatu atau buat dana pendidikan, perbaikan fasum, emang lu pikir ngurus daerah tuh ga butuh duit banyak apa wkwkw",2025-05-01T05:12:37.000Z,
twitter,"Vasektomi itu bukan hilang jantan, tapi tanda sayang dan tanggung jawab 

Bukan karena takut punya anak, tapi karena sayang keluarga dan mau ambil bagian.

Lembur diurus, Kota ditata #JabarIstimewa 

#BanggaJadiWargaJabar #HumasJabar #GubernurKDM #KDMErwan",2025-05-01T05:11:50.000Z,
twitter,"VASEKTOMI TUH BUKAN TITID LO DIPOTONG EGE masih bisa ngentiaw, bedanya GA BISA PUNYA ANAK udah gitu aja ",2025-05-01T05:11:23.000Z,
twitter,"bukan gamau vasektomi=dipenjara, tapi menelantarkan anak=dipenjara, kalo emang bapaknya sanggup walau badan ancur buat nyekolahin anak, masa dipenjara cuma gara2 gamau vasek, biarin aja, ngapain repot amat ngurus pribadi orang, kecuali kalo anaknya terlantar dan nyusahin, baru",2025-05-01T05:10:19.000Z,
twitter,"coba lihat dari 2 masalah secara langsung, orang miskin yang tidak bisa di edukasi, dan mereka yang selalu buat anak tanpa mikir kemiskinan mereka sendiri, ada ga cara absolut buat menghentikan itu selain ya kb dalam hal ini vasektomi?",2025-05-01T05:09:53.000Z,
twitter,"yaudah gausah maksa2 vasektomi deh. cuman kalo ternyata si ortu gak bertanggungjawab ke anak, biarin aja udah. kan ortu yg membawa si anak ke dunia. negara udah memfasilitasi kb/vasektomi sbg pencegahan kontinuitas kemiskinan struktural, lalu si ortu tetep aja gas dg dalih",2025-05-01T05:09:49.000Z,
twitter,"Lha dipaksa vasektomi aja dibilang fasis di sini kok, apalagi ga mau vasektomi dipenjara, dibilang neo Nazi ntar. Coba lu browsing baca2. Kalau anak naik kelas saya dukung, wong saya juga suka bantu2 orang kok.",2025-05-01T05:08:53.000Z,
twitter,"Jangan kan soal edukasi VASEKTOMI kwkkw SOAL IMUNISASI ANAK AJA TUH MASIH BANYAK YG GK PAHAM!! DAN BENERAN GK MAU TAU MALAH! 
“namnya orng kampung” GAK ANJIR KWKWKW YG HIDUP DI KOTA DAN PUNYA AKSES LEBIH JGA MASIH ADA YG GK MAU DAN MENOLAK! So Realistis please!",2025-05-01T05:06:20.000Z,
twitter,"Pertanyaannya: Seberapa banyak sih orang miskin yang punya anak lebih dari 3?

Di kota aja 2 atau 1 orang

Apalagi TFR (Total Fertility Rate) Indonesia itu sudah 2 koma tipis. Pasangan “menghasilkan” 2 anak

Kewajiban vasektomi cuma kebijakan viral yang ga jelas studi akademiknya",2025-05-01T05:06:17.000Z,
twitter,Menurut w lebih makes sense orang miskin dilarang beli rokok ketimbang vasektomi. Ini kalo casenya dia blm punya anak tu harus vasektomi juga spy dapat bansos kah? Pemusnahan keknya ini.,2025-05-01T05:05:23.000Z,
twitter,"Emang udah bener program pemerintah dulu yg 2 anak cukup lah ini 10.. 8... 
Kalau mampu sih ngk masalah. Lah ini ngk mampu. Trus itu anak-anak yg lahir harus hidup di garis kemiskinan, ngk sekolah. Hadehh... Udah vasektomi aja.",2025-05-01T05:05:17.000Z,
twitter,"SUMPAH sadarin vasektomi ke cowo atau pasangan itu sedikit effort trs grgr kebijakan si gubernur itu pake embel embel ""bantuan"" malah makin susah trs tindakan preventif ""org miskin jgn banyak anak"" dengan sadarin tentang sex edu dr kecil malah di tentang HADEHH",2025-05-01T05:01:51.000Z,
twitter,"Kalau mereka kriminal yang tanggung jawab bapaknya, soalnya tolol, ga mau vasektomi. Padahal gampang. Tolol ga bisa kasih uang layak ke anak istri, tolol mokondo dan mbesarin calon penjahat. Laki2 itu pemimpin bukan pecundang.",2025-05-01T05:01:20.000Z,
twitter,"ya kenyataannya emang banyak ya kayak begitu tolol, terus anak istrinya dikorbankan gitu aja? itu nyawa orang, bego, udah gw bilang mending bapaknya dipenjara, anak istrinya dirawat negara, jangan malah anak istrinya ga dirawat negara kalo bapaknya gamau vasektomi",2025-05-01T05:00:18.000Z,
twitter,"nope. vasektomi justru gaboleh dilakukan klo blm punya anak. jadi program in8 tujuannya MEMBATASI jumlah anak(maks 2 ank cmiiw), bukannya ga blh punya anak.

lagipula penerima bansos itu urgensinya apa punya anak lbh dari 2???",2025-05-01T04:58:53.000Z,
twitter,"Dah tau miskin, ga mau vasektomi, anak 7 pengin nambah, ga dapet bansos, ngeyel, anak istri sengsara, malah tetep ga mau. 

Jadi laki2 aja ga bener dan bertanggungjawab sama keluarga masih nuntut hak.",2025-05-01T04:58:11.000Z,
twitter,Soale aku suka lek wanita punya power dan menggunakan power tersebut gak ndelilek ae direndahkan laki laki wkwjwk. Lek sing vasektomi aku pro  Nek mau punya anak setidaknya wes settle donggg. Sakno anak e diajak miskin padahal gadue pilihan sementara ortu e punya pilihan ,2025-05-01T04:57:17.000Z,
twitter,"Vasektomi laki-laki adalah hal terbaik dalam pemerintahan Indonesia.

Laki miskin selalu ingin berhubungan sex dan apabila tanggungan anak tidak terpenuhi dia ninggalin Istrinya.

Poor men should not breed!",2025-05-01T04:56:23.000Z,
twitter,"Ya kan, kita tuh slama ini udh dipaksa tp yaudah gitu mo gmn lg. Gaada koar2 jg kan? Karna kita yg rasain sakitnya pny anak+liat kondisi mental dan finansial suami jg. Giliran soal vasektomi pd kontra. Kmrn ada yg nawarin vasek dihujat abis2an",2025-05-01T04:55:30.000Z,
twitter,"ayo lah jawab pertanyaan gw, kalo anak lebih dari 7 terus bapaknya gamau vasektomi alhasil anaknya ga dapet bansos apa yg akan terjadi? dimana perubahannya? gausah utopis deh 100% bapak2 mau vasektomi",2025-05-01T04:54:38.000Z,
twitter,"Di desa aja seberapa banyak sih orang yang punya lebih dari 3 anak? Udah jarang.

Di kota? Rata-rata 2 atau malah 1

Makanya vasektomi yang dipaksa itu ga tepat guna dan salah",2025-05-01T04:54:22.000Z,
twitter,padahal syarat vasektomi juga setelah punya 2 anak bukan dilarang punya anak,2025-05-01T04:52:14.000Z,
twitter,"Izin bertanya. Misal kebijakan syarat bansos itu yang jelas harus mengikuti program kb, yang berarti tidak ada pemaksaan vasektomi, dan jika ternyata jml anak tidak sesuai dengan perencanaan maka akses bansos ditutup, apakah kalau begitu tetap tidak etis?",2025-05-01T04:51:42.000Z,
twitter,"Kamu: Vasektomi tidak otomatis membuat semua hak anak terpenuhi. Ga ada korelasinya.
Chizu: Ada korelasi. Bansos peruntukan utk 4 orang, pastinya cukup daripada utk lebih dari 4 orang.
Simpel kan?",2025-05-01T04:51:27.000Z,
twitter,"Kalo anak 1 tapi butuh bansos, vasektomi ga?",2025-05-01T04:50:56.000Z,
twitter,"Iya sory ya aku goblok banget.
Soalnya kalo misal dilihat dari manfaat vasektomi apalagi dengan syarat udah punya 2 anak, sama sekali ga merugikan scara personal, dgn kata lain brrti dia masih berhak dapet bantuan sosial tanpa syarat apapun kalau anaknya masih 1",2025-05-01T04:50:15.000Z,
twitter,"Yg nolak vasektomi setelah 2 anak itu cuma liat pov orang tuanya, Haram engganya. Coba Tanya pov anaknya soal yg lahir miskin Dan masih ada kemungkinan punya adik lagi.

Gw ga suka anak kecil tapi liat anak kecil kudu makan kertas sih kaga bisa. Mungkin lu bisa ya???",2025-05-01T04:49:55.000Z,
twitter,"lah guee kira emng iyaa demen beranak pinak, soalnya org yg kurang mampu demen bngt punya anak trs anaknya ditelantarinn. stop nutup mata deh, kalau di edukasi pada susah yaa mending diwajibin vasektomi",2025-05-01T04:49:48.000Z,
twitter,"Sok2an pada bilang melanggar HAM, lagian yg disuruh vasektomi kan orang tua yg udah memiliki anak. Tujuan kb buat mengatur jumlah anak, bukan mandulin orang. Kalian pikir anak-anak yg gak punya pendidikan layak, makan yang layak, kebutuhan hidup yang layak itu gak melanggar HAM",2025-05-01T04:48:04.000Z,
twitter,"Instead of aturan vasektomi, mending cowo nya aja yg hamil. Gantian jd mikir mau punya banyak anak...hidup MPREG ",2025-05-01T04:47:02.000Z,
twitter,"padahal vasektomi bukan potong titit alias titit lo masih ada, syarat vasektomi juga udah punya 2 anak, emang lo pada mau beranak sampe berapa? 10?",2025-05-01T04:46:17.000Z,
twitter,"Vasektomi tu bagian dr usaha pembatasan kelahiran..jd kelahiran anak dr org miskin bisa terkendali, Bkn di STOP. vasektomi hnya berlaku pd kluarga miskin yg sdh punya anak 2-3 ato lebih sejak program dijalankan. Yg blum punya anak samsek, tdk berlaku vasektomi",2025-05-01T04:42:20.000Z,
twitter,"Nih buat bunda2 yang lagi cari2 pakaian buat anak tercinta nya. Ku spill disini yaaa. Ada yang setelan juga lho 

https://s.shopee.co.id/3VXM8czmid

Libur nonton youtube Antonsen Vasektomi Alwi TAYNEW YAISAN LOVE SF #YERIxBLITZWAY",2025-05-01T04:42:11.000Z,
twitter,"ya bapanya yg egois lah??? udh tau anaknya ada kesempatan dpt beasiswa
cma di vasektomi doang dgn catatan udh pnya anak, ngorbanin masa depan anak cuma krna gmau dirinya di vasektomi? yg egois siapa? bapanyaa
ekonomi udh sulit, dikasih kesempatan ga diambil cma krna gmau kb",2025-05-01T04:37:35.000Z,
twitter,"Kak, mungkin kakaknya bercanda ya... Tp persyaratan vasektomi tuh harus punya anak dulu, jadi ya harus nikah dulu kalo mau vasek..",2025-05-01T04:36:52.000Z,
twitter,"iya makanya kita jangan punya anak dah kalo belum mampu, bilangin sodara lu, temen rekan tetangga jangan lupa, jangan di sosmed doang ya. bilangin buat pada KB vasektomi childfree",2025-05-01T04:33:47.000Z,
twitter,"Makanya kan aturannya harus sdh pnya 2 anak dulu. Yg palik bungsu harus sdh 5thn (klo gk salah).

Kalau finansial sdh membaik, silahkan lakukan prosedur reverse vasektomi.",2025-05-01T04:33:41.000Z,
twitter,"saya tuh disini pro dengan kebijakan vasektomi ini biar para orang tua yang ga bertanggung jawab punya kesadaran, “kalo bapaknya gamau” ya harus kerja dengan penghasilan lebih banyak, bukan malah terus menambah anak, mau mengharap bansos terus?",2025-05-01T04:33:17.000Z,
twitter,apaan si gajelas lu. ini tuh KHUSUS YANG MAU MENERIMA BANSOS! kalau lo ga terima bansos mau anaknya 10 juga bodo amat. asalkan tanggung jawab sama ke-10 anak lo itu. dongo banget nalarnya kok ga jalan banget. vasektomi itu KB yaa bukan KEBIRI!! bedain tolollllllll,2025-05-01T04:32:21.000Z,
twitter,"vasektomi itu bukan di potong goblok, menggiring opini nih.  lu vasektomi, burung lu aman tolol cuman ga bisa punya anak aja",2025-05-01T04:32:05.000Z,
twitter,"TERUS NGELAHIRIN ANAK, STUNTING, GIZI BURUK, GA TERPENUHI HAK2NYA SBGAI ANAK
DIKIRA GA NGELANGGAR HAM??
vasektomi ga ngelahirin manusia baru loh ka, itu anak udh ada 2 jga loh!
mengurangi case anak yg stunting,gada anak yg bakal lahir lagi di keluarga yg ga teredukasi dan egoiss",2025-05-01T04:31:55.000Z,
twitter,"Gak membenarkan tindakan vasektomi paksa 
Kebijakan di India memaksa suami yang memiliki tiga anak atau lebih untuk divasektomi dan hasilnya? Mengecewakan bahkan jauh dari harapan",2025-05-01T04:31:45.000Z,
twitter,"Pembahasan dari kata kata kdm itu banyak arah pandang nya, perspektif nya bisa menjalar kemana saja Tapi vasektomi itu harus punya anak dulu ya bukan ga boleh beranak, dan untuk perihal kemiskinan struktur nya dulu kita perbaiki duh ya allah seru kayak nya kalau bahas diskusi",2025-05-01T04:31:35.000Z,
twitter,"Dicariin kerja juga gaji katakanlah 2 juta, terus gak vasektomi, hidup aktif ngudud, anak udah 5, perhari kebutuhan hidup buat 5 orang min 50rb itu juga cuma buat makan doang. Terus istri hamil lagi anak ke 6, suaminya tetep kerja, tapi dengan duit segitu kekurangan, terus ngarep",2025-05-01T04:31:15.000Z,
twitter,Oke dimulai dari kalian dulu gmn? Kalo udah punya anak 2 lgsg vasektomi? Deal?,2025-05-01T04:30:27.000Z,
twitter,"Besides, lo ngomong mendukung vasektomi paksa ke orang miskin bakalan menghentikan anak pinggir jalan yang mana itu terjadi karena sistem. Bukan karena banyak anak",2025-05-01T04:29:28.000Z,
twitter,"sebel bgt dah pepek, dia nasehatin gw tentang orang miskin yg punya banyak anak dan perempuan yg jadi korban LAH EMANG BENER itu adalah perkataan gw dari kapan tau anjggg, gw dh menyuarakan vasektomi dari kapan tau, bahkan sebelum lu ngerti jg gw dh tau",2025-05-01T04:28:40.000Z,
twitter,"Disisi lain, gw lebih setuju mereka cerna itu peraturan deh. Edukasi dan pembinaan dulu, baru penyalurannya. 
""Vasektomi dan KB wajih hukumnya untuk orang tua yg sudah memiliki 2 atau 3 orang anak""
""Vasektomi dan KB digratiskan atau disubsidi harga di berbagai puskesmas""

Dll.",2025-05-01T04:28:01.000Z,
twitter,"gua sih maunya nikah buat menuhin kebutuhan cinta dan kasih sayang gua ya, bukan semata-mata soal punya anak, dan lagian vasektomi itu engga lebih bahaya daripada kb untuk perempuan. apalagi dalam konteks ini itu buat orang-orang penerima bansos, ya dia Nerima bansos artinya dia",2025-05-01T04:23:07.000Z,
twitter,Klo otaknya logis..cari makan buat dirinya sndiri ja blum genap kok mlah nmbah anak tnpa mikir pnjang..asal ngentot ja..makanya dibatasi ma gubernur utk diwajibkan vasektomi. Klo nolak bansos ya Gpp g vasektomi tp klo anak2 muKelaparan krn km yg g becus krj ya jgn nyalain gubrnur,2025-05-01T04:22:33.000Z,
twitter,"well kdm nerapin kebijakan vasektomi ini ga ada ngelanggar aturan apa2 kaya si fufufafa. 

koreksi ya bang: ""syarat wajib nerima bansos buat orang miskin di jawa barat, yg terdaftar sbg penerima bansos, yg udah punya anak lebih dari 5 dan ada rencana masih mau nambah anak lagi"".",2025-05-01T04:22:13.000Z,
twitter,"Anak dengan baik dari segi batin dan segi materi, jika segi materi untuk menghidupi anak saja susah, kenapa milih buat nambah anak?
Vasektomi juga syaratnya harus punya 2 anak dulu, jadi tidak di larang untuk punya anak, tapi jangan banyak banyak, aneh saja jika ada orang yg–",2025-05-01T04:21:50.000Z,
twitter,Ga nyambung bagian mana nya? Kan bener Vasektomi buat mencegah keluarga kurang mampu punya anak lebih dari 2. Bukan mencegah kemiskinan,2025-05-01T04:20:43.000Z,
twitter,"Aku harap orang-orang yang setuju dengan orang kurang mampu yang perlu vasektomi demi bansos, bisa baca ini dulu

Kalau apa yang terjadi gak hanya sesimpel ""orang miskin hobby bikin anak dan bawa anak melarat""",2025-05-01T04:18:57.000Z,
twitter,"Sebenernya sesimple kalo lo mau ambil bansos ya vasektomi kalo ga ya yaudah sana punya anak sesuka hati, toh yg di vasektomi yg anaknya udah 2, kurang apalagi? Untuk memenuhi kebutuhan dasar aja morat marit ga usah banyak tingkah mau punya ank bnyk",2025-05-01T04:16:41.000Z,
twitter,Lah kan ini Vasektomi biar mereka yg gak mampu tuh biar ga nambah anak lagi. Kalo di kumpulin ke pulau terpencil emang mereka yakin ga bakal nambah anak?,2025-05-01T04:14:49.000Z,
twitter,tim pro kalo udh ada 2 atau 3 anak silakan yg cowo vasektomi,2025-05-01T04:14:47.000Z,
twitter,trus udh tau struggle nya kyk gmn knp msh gasuka sm aturannya sih? perasaan disuruh vasektomi setelah punya 2 anak. msh kurang??? jawabbbb wkwk kesel bgt ni org tolol bgt apa gmn si,2025-05-01T04:14:00.000Z,
twitter,"Dan syarat vasektomi minimal udah punya 2 anak dan umur 35 tahun, kalo gak memenuhi syarat itu pun tetap tidak diizinkan. Jadi peraturannya bukan orang miskin gak boleh punya anak, tapi membatasi agar anak yg sudah ada bisa diurus dengan baik",2025-05-01T04:07:50.000Z,
twitter,"Pemerintah selama ini udah sering edukasi soal produksi anak, bahkan kondom gratis tinggal ngambil di puskesmas doang, tapi ttp aja ga sadar, apalagi buat yg ga mampu kalo punya anak lebih dari 2 tuh bikin susah. Solusi nya selain vasektomi menurut mu apa buat mencegah anak bnyk?",2025-05-01T04:07:06.000Z,
twitter,"Halo! ""Urgensi"" artinya kebutuhan mendesak, seperti lapar harus makan. Di sini, maksudnya apakah keluarga penerima bansos perlu punya lebih dari dua anak kalau sudah susah secara finansial. Kebijakan keluarga berencana di Indonesia fokus pada sukarela, tanpa paksaan vasektomi",2025-05-01T04:06:55.000Z,
twitter,"Vasektomi jg gak sembarangan, harus sdh punya anak minimal dua. Anda tetep bisa ejakulasi kok bedanya gak ada cairan sperma aja. Kenapa sih takut banget? Kalo anak sdh merasa cukup trus mau apa? Mau menghamili cewek lain kah?",2025-05-01T04:06:54.000Z,
twitter,"Jangan ngomong vasektomi baru menerima bansos, porsi aja bansos hanya untuk cukup 4 kepala 2 orang tua 2 anak. Sisanya tidak ditanggung. Ini cara bro, bergaul dimasyarakat lu supaya tau kadang ada bacok membacok itu bukan masalah hal bener salah tapi cara menyampaikan",2025-05-01T04:06:01.000Z,
twitter,"Lu tau ga vasektomi nantinya masih bisa bikin anak lagi kalo disambungin lg salurannya? Kalo yg lu suruh angkat rahim, brati coba lu bayangin kalo lu dikebiri gmn? Dari dulu jg cewe udh lebih duluan di KB ga seberisik lu peot.",2025-05-01T04:05:50.000Z,
twitter,eh gw anak 1 (harus) di vasektomi ? seumur hidup loh beda sama kb suntik atau implant,2025-05-01T04:04:21.000Z,
twitter,"ih bener banget! buat makan istri sm anak gak mikirin tp tuh laki pengen rokok harus ada, blm lagi kerjaan bikin anak astagaaaa serem bgt makanya mending vasektomi aja dah cowo cowo begitu",2025-05-01T04:04:05.000Z,
twitter,"Kalo pasangan lo maksa, lo bisa nolak. Ga berani nolak? Bukan ranah gue.
Pingin orang miskin ga punya anak banyak, vasektomi bukan solusinya.
Ada kok negara yg bisa, dan berhasil cmn pake kebijakan. 
Kepedulian beliau ok, caranya prematur. Terkesan asal ngomong",2025-05-01T04:00:42.000Z,
twitter,Apa KB untuk laki² selain vasektomi? Kondom? Sekali main minimal 1 kondom. Orang miskin lebih milih duitnya buat beli beras drpd beli kondom yg cuman sekali pake. Hasilnya apa? Hamil. Nambah anak lagi. Gitu ae terus.,2025-05-01T04:00:18.000Z,
twitter,"kasian lu bikin thread tetapi lebih banyak yg pro kepada vasektomi, kalau penghasilan di bawah UMR lalu anak jumlahnya 10, jahat banget orang tuanya cuma ngasih makan nasi kecap dan kerupuk, kasian anak menderita gara2 ortu hobi beranak.",2025-05-01T03:58:35.000Z,
twitter,Anak anak yg lahir dr kemiskinan pro vasektomi soalnya dia muak buat ketempuhan tanggung jawab atas hidup adek adeknya karena ortunya tolol dan gatau diri. Mending kalo adeknya cuma 2/3 lah kalo adeknya ada 5-9 orang? Pls jangan dzalim sama anak sendiri.,2025-05-01T03:56:59.000Z,
twitter,"Klo dah gini trs mau gmna?
Ortux ga mau KB, anak byk tp dbawa idup susah. Dlm hal ini apa hrs terus2an nyalahin pemerintah?
Meskipun dlm agama gua vasektomi itu haram, tp dlm kondisi2 trtentu apa ga ada toleransi? Asli gua nanya krna gua jg ga trlalu paham hukum fiqih dlm hal ini",2025-05-01T03:56:41.000Z,
twitter,"wkwkwk ngalor ngidul bgt. disuruh vasektomi aja lagaknya kayak dunia mau kiamat anjir. pdhl boleh kok punya anak, tp ya semampunya aja. kalo mau dapet bansos utk keluarganya ya vasektomi, kalo engga ya yaudah engga. sesimpel itu loh. gada yg bakal musnah lagian.",2025-05-01T03:55:51.000Z,
twitter,"Iya banyak istri istri yg terpaksa harus kb padahal ga cocok dan efeknya ngaruh banget ke badan tapi mereka mau ga mau harus tetep masang KB
Lagian ini KB vasektomi ada syaratnya
Udah punya anak 2,usia min 35 tahun kan
Kenapa malah sampe ada yg ngasih statment genosida segala",2025-05-01T03:54:24.000Z,
twitter,"Terus, anak yg dilahirkan gmn juga hak asasinya? Yg berhak tidak dilantarkan & dipelihara tumbuh kembangnya, ini blm bahas eksploitasi anak yg disuruh kerja/ngemis juga lho… lagian, bapak yg disuruh vasektomi itu jg udh berkembang biak kan?",2025-05-01T03:49:56.000Z,
twitter,"Coba logikanya dimana mbak? Seandainya seseorang itu udah punya anak 8, trus apakah vasektomi akan jadi penyelesaian masalah hak anak? Alih alih memaksa orang vasektomi, yang seharusnya itu dilakukan adalah mendorong sosialisasi vasektomi agar dilakukan secara suka rela",2025-05-01T03:47:42.000Z,
twitter,"setelah aku cari tau lagi ternyata komentar kakak ada benernya.. bingung si aku, disatu sisi emang harusnya orang miskin tuh jangan banyak2 anak, tpi disisi lain pemberian vasektomi untuk penerima bansos juga melanggar HAM(?) cmiiw ya kak, aku juga masih belajar",2025-05-01T03:47:14.000Z,
twitter,"vasektomi harus diketahui syaratnya yaitu punya 2 anak, jika orang miskin gak punya anak gak perlu vasek

simple menghadapi hal ini",2025-05-01T03:45:38.000Z,
twitter,"Bisa baca gk sih? off topic bgt. 
Lu klo gk mampu buat biayain anak dan cuma bisa ngandelin bansos, pemerintah nyaranin buat vasektomi dan ngasih program vasek gratis. Soal pemberantasan kemiskinan itu hal lain lagi.",2025-05-01T03:45:20.000Z,
twitter,hedeh ribet banget ngurusin masalah privat. dibuat aja aturannya lebih dari 2 anak ga bisa dapet bansos ribet banget vasektomi segala. ribet lo,2025-05-01T03:43:03.000Z,
twitter,"lubayangin vaksinasi aja yg udh di edukasi sampe berbusa sama semua golongan dan banyak buktinya anak jadi lebih susah sembuh ketika sakit. padahal itu HAK anak aja masih banyak yang bebal ga mau vaksinasi.
apalagi vasektomi",2025-05-01T03:43:01.000Z,
twitter,"Ya kalo nyadar diri ga perlu vasektomi sih
Udah tau orang2 miskin itu masih menganut banyak anak banyak rejeki. Harusnya pemikiran kayak gitu yang di stop.
Lagian emang bener, udah miskin tpi doyan beranak pinak, akhirnya yg jadi korban ya anak2 mereka juga.",2025-05-01T03:41:45.000Z,
twitter,"ya emang permanen, makanya kalo masih plin-plan gausah vasektomi, gausah nikah, gausah punya anak, nyusahin orang aja lo njir",2025-05-01T03:41:40.000Z,
twitter,"Org miskin JANGAN nikah, org miskin JANGAN bikin anak, skrg org miskin hrs VASEKTOMI br bs dpt BANSOS. Sumpah ya kalian yg setuju hal ini, ga takut kalian suatu hari miskin? Emang org miskin itu antagonis utama kekacauan di negara ini? Yakin?",2025-05-01T03:40:58.000Z,
twitter,"Substansi dr statement vasektomi KDM itu bs dipahami. Tp ketimbang pake syarat itu, mending bantuannya diberikan maksimal untuk 2 anak. Jd kalau ada org mau punya 8 anak, ya bebas.",2025-05-01T03:40:47.000Z,
twitter,"Dahlah gw rasa lu idiot bgt. Vasektomi di ksh ke org² yg udh pny anak 2. Yg blm pny anak ga di wajibin. mencak² lu itu udh kyk diapain aja, heran, Segala bahas HAM, kek lu dilarang beranak aja  ini cara menekan angka kelahiran, menekan lahirnya SDM² rendah yg lahir dr ortu kere",2025-05-01T03:40:24.000Z,
twitter,Gua baca dari banyak artikel gada syarat harus punya dua anak. Bahkan yang masih usia produktif diwajibkan vasektomi untuk menerima bansos. Gua heran ini orang orang tolol yang ngata ngatain orang miskin pernah baca isi beritanya kah? Kasian sih ketololannya diumbar-umbar.,2025-05-01T03:38:27.000Z,
twitter,Apa salahnya sih seorang bapak mengorbankan anunya di vasektomi supaya anak-anaknya bisa dapat makan dari pemerintah??,2025-05-01T03:38:25.000Z,
twitter,Padahal vasektomi ditujukan untuk laki-laki yang sudah mempunyai anak lebih dri 3,2025-05-01T03:38:23.000Z,
twitter,"ketentuannya kalau masy. miskin udh punya 2 anak kak baru diwajibkan vasektomi. 

jahat? jahatan mana kak sm punya anak banyak dlm keadaan miskin? 

jabar itu salah satu wilayah dg kemiskinan dan judi online terparah kak makanya hrs dibuat regulasi kyk gini. 

jatohnya asbun",2025-05-01T03:37:35.000Z,
twitter,"ya kalo mau punya anak banyak.. gamau vasektomi... pastiin ekonomi ny mencukupi, bahkan lebih dari kata mencukupi, biar ga dapat bansos. tp kl ekonomi pas""an, keluarga yg ditanggung lebih dr 2, masi ngarep bansos, ya... mau gmn lagi? vasektomi ajala",2025-05-01T03:37:00.000Z,
twitter,"ya iya dong. vasektomi anak cm 2, yg ditanggung negara cm 2 anak. atleast tu bantuan negara gak habis di keluarga yg anaknya bejibun doang.",2025-05-01T03:36:33.000Z,
twitter,Anak twitter yg mana woy yg dukung Vasektomi...abnormal saja yg dukung Vasektomi,2025-05-01T03:36:09.000Z,
twitter,"ada perbedaan besar dari wajib vasektomi dan birth control campaign kayak “2 anak lebih baik”. kalau cuma sekedar campaign dan free vasektomi buat orang yang MAU, ga akan ada yg kontra. yg jadi masalah disini adalah kalau hal ini dipaksa. karena itu melanggar HAM",2025-05-01T03:35:45.000Z,
twitter,"Udah miskin suruh vasektomi,duit dari mana,tapi kalau melalui bpjs bisa,tapi syaratnya minimal punya anak 2 dan anak terakhir usia minimal 5 tahun,paling enggak orang miskin akan dapat kis pemerintah,karena masih ada yang dapat dari keluarga kades dan terdekatnya,",2025-05-01T03:35:39.000Z,
twitter,bansos sebenarnya kan kewajiban pemerintah ya. lagian kenapa deh kalo vasektomi? gak ada yang berubah anjir. justru enak bisa sex sepuasnya tanpa takut punya anak. cowok nih emang manja dan gak berlogika. minta disuapin mulu,2025-05-01T03:35:25.000Z,
twitter,"Kebijakan 2 anak aja kemiskinan masih ada... Apalagi vasektomi?  Klo beneran vasektomi solusi.... Biarkan alam bekerja.

Tapi, memaksakan sesuatu pada seseorang adalah pelanggaran HAM.

Jadi sampai di sini... Siapa yang salah? Kebijakan atau manusianya?",2025-05-01T03:34:34.000Z,
twitter,"Vasektomi, anaknya jadinya cuma 2, jadi buruh serabutan dapet 10rb sehari beli nasi bungkus buat anak dimakan berdua, terus dapet bansos. Klo lagi sange, bebas ngewe tanpa takut beranak, hiburan terpenuhi. Anak yg dapet makan tumbuh dengan cukup, bisa sekolah, 18 tahun kdepan klo",2025-05-01T03:33:06.000Z,
twitter,"Semua daerah punya masalah sendiri.
Di bali ada kebijakan yg mau punya 4 anak bakal dapat tunjangan.
Di jawa barat itu overpopulasi, kemiskinany juga tinggi. 
Kan bantuan buat org miskin yg gamau nambah anak. Klo udh ngerasa kaya ga perlu bantuan kan ga perlu vasektomi juga",2025-05-01T03:30:14.000Z,
twitter,soal vasektomi tuhh ngasih liat sifat asli cowo2 jir wkwkwkwk ,2025-05-01T03:29:12.000Z,
twitter,"Ya kan, vasektomi di sini tuh muncul karna berkaitan dg konteks bantuan sosial yg berpengaruh ke kesejahteraan keluarga mereka sendiri. Kalau mau ngomongin ""Hak asasi manusia"" si bapak, terus gimana dengan hak asasi istri sama anak-anaknya yg bejibun selama ini? Cont...",2025-05-01T03:28:57.000Z,
twitter,"Udah bener pada vasektomi aja yg udah punya anak 2. Punya anak lbh dari 2 tuh kebanyakan, apalagi kalau miskin.",2025-05-01T03:28:07.000Z,
twitter,"Akar masalahnya karna orang miskin beranak pinak tapi ekonomi buruk, bukan?
Yang dibenerin ya ekonomi dan pendidikan.
Mau  full vasektomi semua tapi ekonomi buruk orang miskin tetap ada.

Yang dikeluhkan kemiskinan, ya majukan ekonomi.
Beda kalau fokus utamannya jumlah penduduk!!",2025-05-01T03:28:04.000Z,
twitter,"2 anak aja mahal apalagi nambah anak mulu, makanya itu gubernur ngusulin buat ngadain yg namanya vasektomi. ini beneran harus dijelasin satu-satu?",2025-05-01T03:27:40.000Z,
twitter,"Vasektomi emang ruginya apesih? Cmn gk bisa dapet anak lagi kan? Ini kan bagus buat nurunin populasi buat golongan miskin, coba lah liat keadaan yg nyata aja anak² yg terlahir dri keluarga miskin gimana hidupnya, gw sih kasian sma anak yg terlahir dri ortu egois",2025-05-01T03:27:15.000Z,
twitter,"Trus kok sekarang kalo mau vasektomi gratis di bayarin negara harus minimal usia 30 dan sudah punya anak?
Bukannya harusnya negara ga ngatur tubuh seseorang?
Ya bisa si vasektomi sendiri bayar di rs
Cuma jadi agak bingung aja persoalan tubuh sebagai syarat2 tu gimana",2025-05-01T03:27:01.000Z,
twitter,"Tolol, persyaratan vasektomi hanya dibolehkan untuk YANG SUDAH PUNYA ANAK DAN BERUSIA KURLEB 35 TAHUN. MAKANYA KALAU PUNYA HP TU GUNAIN DENGAN BAIK, CARI TAU BIAR GA KELIATAN TOLOL!",2025-05-01T03:24:12.000Z,
twitter,"lah tolol, kalo keluarga lo mau punya anak dulu ya silahkan baru vasektomi gitu aja ribet pake narasi bodoh, emang lo pikir negara pengen ternak orang miskin terusrealistis ajee boy, lo sendiri kalo punya sodara beban pasti kesel kalo dia kawin, dongo",2025-05-01T03:24:10.000Z,
twitter,"lebih setuju buat kasih edukasi vasektomi beberapa kali buat dapetin bansos daripada mewajibkan vasektomi untuk si miskin. yg kaya boleh punya banyak anak karena dia punya kerjaan layak, yg miskin ga boleh punya banyak anak karena dia ga ada kerjaan layak. masalah adadi kerjaanny",2025-05-01T03:24:02.000Z,
twitter,"Slama ini udh ada KB selain vasektomi, kalian laki2 pd ke manaaaaaa? Yg miskin msh butuh bansos tu kenyataannya msh banyak anak alesan gamau KB",2025-05-01T03:23:53.000Z,
twitter,"Terungkap! Motif Pembunuhan Anak 4 Tahun di Kosambi, Pelaku Kekasih Ibu Korban
https://radar24news.com/kriminal/2025/05/01/terungkap-motif-pembunuhan-anak-4-tahun-di-kosambi-pelaku-kekasih-ibu-korban/…
Pagiii
Denmark
Vasektomi
Tangerang",2025-05-01T03:18:07.000Z,
twitter,"—yang mengancam keberlangsungan hidup mereka. Itu jahat menurutku, dan negara ga boleh dibiarinin ngelakuin kaya gini, nanti beneran too far 

2. ""Makanya baca. KDM bilang syarat lainnya kalo udah punya 2 anak, baru vasektomi. Bukannya diambil full hak beranaknya.""",2025-05-01T03:17:40.000Z,
twitter,"lah kok tugas pemerintah? tugas orangtuanya lah buat ngasi kehidupan yg layak buat anaknya. balik lg ke poin awal, kalo gamampu ngasi hidup layak untuk anak, jgn beranak. that's the point. lo vasektomi jg ga ngilangin kegagahan lo kok, masi ttp bisa ngewe kok. suer dah.",2025-05-01T03:17:37.000Z,
twitter,"vasektomi kan dijadiin solusi edukasi tentang program kb biar warga miskin cukup dgn 2 anak gt bang, termasuk fasis ga bang? Kan jatohnya sukarela plus dia dpet bantuan sosial, bukannya winwin?",2025-05-01T03:17:24.000Z,
twitter,"Kalo ga setuju sm vasektomi, pake kondom/buang di luar  Kalo mau ""berasa kyk ga pake kondom"" beli yg mahalan lah kondom nya  Soalnya kasian kalo istri lahiran terus ",2025-05-01T03:16:33.000Z,
twitter,Ngatur? Kan volunteer... Mau bansos? Ya vasektomi kalau udah 2 anak. Ngga mau bansos ya ngga usah vasektomi. Ini buka keharusan jadi kalau ngga mau bansos ya udah...,2025-05-01T03:13:22.000Z,
twitter,"Setuju dengan pendapat Dedi Mulyadi tentang vasektomi untuk pria! Setelah punya 3 anak, saya rasa sudah cukup. Vasektomi bisa jadi pilihan yang tepat untuk keluarga yang sudah ideal.

KB lain sering kebobolan soale ",2025-05-01T03:12:58.000Z,
twitter,"punya anak ga salah bro. yg salah itu udh tau ga mampu biayai hidup anaknya tp malah bikin anak banyak2. pemerintah salah, rakyatnya jg salah. vasektomi doang aja lagaknya kayak kiamat. ga ada yg ga bgebolehin beranak banyak kok KALO MAMPU.",2025-05-01T03:12:34.000Z,
twitter,"Gubernur Konten mana faham literasi seperti ini pak…?
Narasi yg simpel saja “Banyak anak banyak rejeki” dia abaikan
Buat nya yg penting viral, melanggar ham memaksa org miskin hrus vasektomi dulu baru dapet bansos saja, dia ga peduli.
#ktpSyJabar",2025-05-01T03:10:46.000Z,
twitter,"Syarat vasektomi di Indo itu minimal usia 35 tahun, punya 2 anak, dan atas izin istri. rasanya kalo ayah dan suami yang baik, udah punya anak 2, dan di atas 35 tahun ga bakal kepikiran punya anak lagi deh. Apalagi kalo tau istrinya tiap lahiran bakal ngerasain sakit bgt",2025-05-01T03:09:59.000Z,
twitter,"siapa sih yg bilang gubernur tuh kitab suci? lo liat kalimat gue di twt sebelumnya ga? VASEKTOMI TUH BUAT ORANG YANG UDAH PUNYA 2 ANAK. lo udah punya anak, lo miskin, trs ngapain mau punya anak lagi? DI SITU POINNYA.",2025-05-01T03:09:09.000Z,
twitter,Hak apa sih yang direnggut? Hak bereproduksi? Vasektomi kan dilakuin setelah punya anak 2????,2025-05-01T03:08:38.000Z,
twitter,"Ini kan vasektomi buat laki yg emang yg ga mampu buat ngehidupin anak istri dan masih butuh bansos, kalo yg mampu buat ngehidupin anak istri mah terserah.
Sadar diri aja kalo masih butuh bansos ya jangan nambah anak mulu.",2025-05-01T03:08:28.000Z,
twitter,"semua itu ada prosesnya, pemerintah gamungkin langsung pada berubah pikiran kaya abis diterkam iblis trs jadi baik dan pro rakyat. vasektomi tuh salah satu buat mengurangi overpopulasi, gelandangan, pemerasan anak, dsb.",2025-05-01T03:07:19.000Z,
twitter,"Sepakat untuk jangan wajib vasektomi.   Setuju jg klo pendidikan kita masih dianaktirikan, dampaknya jd begitudeh.

Tp kok sy masih ganjel ya sama case anak 8 ini. Saya cenderung setuju yg kasus2 macam ini dipaksa Vasek, agar tidak merugikan anak2nya & masyarakat banyak. Gmn ya?",2025-05-01T03:06:46.000Z,
twitter,"1. vasektomi kan syaratnya punya anak 2 dlu ya
2. kan vasektomi syarat bansos, ya kalo gamau vasektomi gausa ambil bansos. gada yg maksaaa 
3. butuh bansos? lah uda tau gapunya duit, ngapain punya anak lebih dari 2?",2025-05-01T03:03:49.000Z,
twitter,"lo tau ga sih daritadi yapping di lapak gw ini konteksnya apa? gubernur jabar tuh nyaranin vasektomi buat orang yg udah punya 2 anak. lo kalo miskin, ngapain mau punya banyak anak? lo kalo ga miskin, ngapain minta bansos? sesimpel itu, kocak.",2025-05-01T03:03:35.000Z,
twitter,"vasektomi gak otomatis akan membuat semua hak anak terpenuhi, tp klo beranak lagi bukannya makin susah memenuhi hak anak?",2025-05-01T03:03:11.000Z,
twitter,"terlepas kebijakan si pejabat itu, mau tanya dong lu sebagai pria mau gak kalo misal udh punya dua anak dan idup lu pas2an, badan istri lu udh remuk pasca melahirkan dan ngurus dua anak, lu juga liat proses melahirkan istri lu yg berdarah2. Gue tanya lu mau gak vasektomi?",2025-05-01T03:03:11.000Z,
twitter,"Sudah punya anak dan tau berapa biaya membesarkan anak secara bertanggung jawab? Kalau belum ya belum bisa bener2 paham kebijakan vasektomi ini, 2 anak itu udah berat secara finansial kalau kamu ortu yang memikirkan masa depan anak.",2025-05-01T03:02:00.000Z,
twitter,"Ka lagian vasektomi nya kan setelah punya dua anak, kebanyakan yg butuh bansos itu kan kalangan ke bawah, untuk mencegah konsep banyak anak banyak rejeki jg ka, sebetulnya bagus program ini kalau diliat dri dampaknya",2025-05-01T03:01:42.000Z,
twitter,"Lo ngutip dalil tp ga di cerna diajarkan bahwa banyakanlah hartanya terlebih dahulu baru memperbanyak anak, udah miskin banyak anak mao makan apan anak lo aneh vasektomi gabikin lo mati anjir shibal",2025-05-01T03:00:53.000Z,
twitter,"Lagipula lebih mudah untuk membesarkan sedikit anak dibanding banyak anak bukan? Meskipun vasektomi tidak langsung terlihat dampak baiknya dalam jangka pendek, tapi ini akan berdampak baik dalam jangka panjang, tentu dg sosialisasi tentang langkah selanjutnya yang perlu dilakukan",2025-05-01T03:00:26.000Z,
twitter,"Harus 22nya dong, yg cowo vasektomi dan yg cewe tubektomi 
Klo gw sih ngikut pendapat yg ngebolehin vasektomi/tubektomi klo hamil/melahirkan beresiko ke anak dan ibunya, selain itu gabakal vasektomi/tubektomi krna ngikut paham agama yg mana ini trdpt dlm fiqih.",2025-05-01T03:00:07.000Z,
twitter,hadehhh lo juga kaga nangkep maksud penjabaran gue. ya kalo masyarakat miskin banyak anak waras mah mereka ga bakal bacot mempermasalahkan kek lo gini. tinggal vasektomi terus dapet bantuan. dijadiin syarat krn BANYAK YG GA WARAS.,2025-05-01T02:59:56.000Z,
twitter,"Sebenenrya  vasektomi  tidak merubah apapun ,(suamiku )baik baik saja,istri bebas kb malah , semua sehat .

Tentu setelah cukup mantab tidak Akan nambah anak.",2025-05-01T02:58:58.000Z,
twitter,"Saya kepala keluarga yg punya fikiran panjang, sadar diri bukan orang kaya dan mampu. Tanpa berharap bansos juga saya sudah rencanakan dengan istri begitu punya anak ke 2 saya janji dengan istri untuk vasektomi.",2025-05-01T02:57:10.000Z,
twitter,"intinya china berhasil maju dan dlu mrk prnh mnrapkan SALAH SATU kebijakan 1 keluarga 1 anak doang, krn mreka overpopulated. jelas maju itu bnyak faktornya bkan krn 1 kebijakan itu doang.

nah kebijakan vasektomi ini kan cuma SALAH SATU cara buat MENCEGAH angka kemiskinan naik.",2025-05-01T02:57:07.000Z,
twitter,"Woyy anjir disuruh vasektomi kalo anaknya udah 2 sattt ya lu walaupun miskin tpi belum punya anak jangan di vasektomi bego beasiswa sama bansos kan ada batasnya
Cocot lu yg jahat terus itu ibu2 di suruh KB tiap taun sampe badan jadi gembrot ga jahat??",2025-05-01T02:56:30.000Z,
twitter,Lu bukan warga jabar diemm ga diajakk ini mah khusus buat warga jabar doangg lu punya anak 10 kalo lu mampu silahkann gausah vasektomi buzzer tololl,2025-05-01T02:53:43.000Z,
twitter,"kalau mau ttp punya anak lebih dari 2, dan gamau vasektomi, berarti yaudah tinggal nggak usah ngarepin bansos. lu kerja banting tulang lah sono ngidupin anak lu yg bejibun itu",2025-05-01T02:53:24.000Z,
twitter,"Woyy anjir disuruh vasektomi kalo anaknya udah 2 sattt ya lu walaupun miskin tpi belum punya anak jangan di vasektomi bego beasiswa sama bansos kan ada batasnya
Cocot lu yg jahat terus itu ibu2 di suruh KB tiap taun sampe badan jadi gembrot ga jahat??",2025-05-01T02:52:17.000Z,
twitter,Mungkin kebijakannya bila sudah mempunyai 2 anak/ lebih wajib kb vasektomi,2025-05-01T02:51:44.000Z,
twitter,"Masuk kuliah wajib vasektomi pas lulus lagi oleh dicopot, ben ora metengi anak e uwong",2025-05-01T02:50:00.000Z,
twitter,"Lu harusnya mikir sendiri gak sih gak harus dipaksa. Nih ya lu hidup miskin buat makan sekeluarga ber 3misal masih susah, trus ngapain lu nambah beban anak lagi?? Krn kb sering kebobolan jd disarankan vasektomi, as simple as that, knp dipelintir ke yg lain sih?? Oon apa gimana?",2025-05-01T02:49:17.000Z,
twitter,"Gue penasaran, emangnya mereka bawa data ya buat jadiin vasektomi syarat bansos & beasiswa? Apa emang on average warga Jabar yg miskin punya >5 anak & terbukti mereka semua terlantar karena ortunya miskin selamanya gitu? Atau ributin hal-hal bombastis di kepala sendiri aja?",2025-05-01T02:48:59.000Z,
twitter,"Analisis argumen kebijakan vasektomi di Jawa Barat:  
1. Pro: Mengurangi kemiskinan dengan membatasi jumlah anak, didukung studi yang menunjukkan perencanaan keluarga meningkatkan stabilitas ekonomi. Juga mempromosikan kesetaraan gender dengan melibatkan pria (partisipasi pria",2025-05-01T02:48:19.000Z,
twitter,"iya kan..
kalo udah punya 1-2 anak kenapa enggan buat di vasektomi?

malah enak,katanya hiburan orang kismin kan cuman ngentiaw doang kan? nah kalo di vasektomi kan enak tuh sepuasnya ngentiaw tanpa harus menciptakan manusia baru buat diajak hidup susah 
suami istri happy,",2025-05-01T02:48:17.000Z,
twitter,"mas, itu kan jd syarat buat dpt bansos dan udh dijelasin jg diatas, spy g numpuk di kelg itu2 saja
saya kira syarat/peraturan ini ga bisa berdiri sendiri, vasektomi yg dibiayai pem syartnya punya anak 2 dan udh berumur 5thn",2025-05-01T02:47:47.000Z,
twitter,kenapa sih ga mau vasektomi? eh btw emang lo termasuk orang miskin terdaftar penerima bansos yang punya anak lebih dari 5 dan rencana mau nambah anak lagi bukan yaa?,2025-05-01T02:46:39.000Z,
twitter,"Tapi kan pemerintah ga maksa, yah kalau gamau vasek ya berarti ga butuh bansos dan mampu menafkahi anak²nya sendiri tanpa bantuan pemerintah, kalau butuh bansos ya tandanya ga mampu dan kalau lu ga mampu jangan punya anak banyak solusinya dengan vasektomi",2025-05-01T02:44:44.000Z,
twitter,Gak simpel. Punya anak tuk hak asasi manusia. Pemerintah ngasih bansos itu kewajiban. Bikin aturan wajib vasektomi buat dapet bansos itu melanggar HAM!,2025-05-01T02:41:37.000Z,
twitter,"Duit yg keluar buat vasektomi jg ga akan sebanyak pengeluaran buat danain keluarga miskin anak banyak ya!! Vasektomi cm sekali, to biaya bansos mesti bertahun2. 
Gitu aja lo ga paham!!",2025-05-01T02:41:20.000Z,
twitter,"Saya yang menurut standar Indonesia berkecukupan aja menahan nambah anak lagi kok, dan oke kalau istri minta vasektomi. Tujuannya agar anak2 saya ga sengsara, bisa kasih hibah rumah, kendaraan, tabungan, buat modal hidup mereka masing2 nanti karena persaingan semakin berat.",2025-05-01T02:40:49.000Z,
twitter,itu anak terlantar jg melanggar hak anak padahal. udah 8 terus mau apa selain vasektomi?,2025-05-01T02:40:39.000Z,
twitter,"Diharapkan dengan vasektomi, bansos dari pemerintah bisa memenuhi kebutuhan primer semua anggota keluarga. Kalo dapet bantuan tapi anaknya banyak kan bakal kekurangan. Vasektomi tuh untuk keluarga yang punya 2 anak. Kalau keluarga 'miskin' tapi anaknya 1 juga dapat bansos.",2025-05-01T02:40:37.000Z,
twitter,"Kenapa sih kok bs lu setolol iniiii????
SIAPA YG BILANG GA BOLEH PUNYA ANAK?!!! Vasektomi itu buat orang miskin yg anaknya udah 2 atau lebih!!! Ah basic kyk gini aja lo ga paham tp bacot kenceng bgt si paling tau.",2025-05-01T02:40:04.000Z,
twitter,"udah miskin, eh banyak anak tu bener bener muak banget, mewariskan kemiskinan ke anak anaknya. jahat ga namanya? perempuan mulu yg diminta untuk kb pdhl efek buruknya untuk si perempuan tuh ga sedikit. vasektomi itu juga ada minimal umur brp dan punya anak brp baru bisa tindakan",2025-05-01T02:38:48.000Z,
twitter,"Gue sbg laki2 heran knp lu pada kyk cacing kepanasan kalo ngmgin vasektomi. Knp si? Kalo semisal mau punya anak lg kan ada yg reversible? (well meski ktnya kadang fail)

Lagian, sebagus apa sih genetic makeup lu? Segitu cakepnya kah sampe harus diturunkan ke manusia lain? Wkwkwk",2025-05-01T02:36:35.000Z,
twitter,"Iyaa udh prnah, tp gue blm bs kalo steril karna umur msh muda+anak 1. Cm heran aja kok steril di wanita slama ini udh biasa dan gaada yg kontra tp pas vasektomi pd kontra karna takut gapunya ank lg",2025-05-01T02:35:22.000Z,
twitter,"kak, tapi ngelahirin anak dlm kondisi miskin jg salah. ini simple nya ""gamau vasektomi = g nerima bansos"" berarti ybs udh siap punya anak & siap kasi kehidupan layak buat anaknya.

knp ga edukasi?? susah.",2025-05-01T02:35:15.000Z,
twitter,"bisa dijelasin dari statement ini? gue heran dan gak nyangka yang kontra dan punya pemikiran liar malah yang laki 

sebagai cewek gue cuma mikir sampe di mereka jadi terbantu vasektomi gratis, sex sama istri gak perlu takut kebobolan tinggal tanggung biaya anak yang udah ada...",2025-05-01T02:35:02.000Z,
twitter,"betul sekaliii
lihat postingan vasektomi u/ orang miskin pada marah2 katanya melanggar HAM tp ada postingan tentang orang miskin punya anak lebih dr 5 dan gabisa ngurusnya pada marah2 juga. maunya gimana",2025-05-01T02:33:51.000Z,
twitter,"nah, sesimple gamau vasektomi = ga nerima bansos, berartu ybs secara sadar ingin punya anak dan siap menjamin kehidupan layak buat anak mereka.

lagipila vasektomi justru gaboleh dilakuin klo blm puhya anak. takut bgt blodline nya berhenti wkwkwk.",2025-05-01T02:28:11.000Z,
twitter,"Vasektomi ini kan kalo udah punya dua anak maksudnya gitu,jadi di stop punya dua anak aja",2025-05-01T02:27:50.000Z,
twitter,serius nanya. kalo bole tau knp harus nunggu anak terakhir umur 5 tahun dulu baru vasektomi ya pak? maaf sy awam,2025-05-01T02:26:12.000Z,
twitter,"ya kan mereka masih dibawah pemikiran : ""kodrat untuk melahirkan dan urus anak"" which is a reason for them to ignore. kalau skrg yang di highlight yaa vasektomi alias emg takut aja samaan kayak presi- eh",2025-05-01T02:25:50.000Z,
twitter,"mas, vasektomi itu gaboleh dilakuin justru klo blm punya anak.",2025-05-01T02:25:38.000Z,
twitter,"Poin si bapak bener sih I do agree with that kalo merasa blm sanggup menafkahi dgn baik jgn punya anak dulu, tapi klo misalkan memaksakan utk vasektomi ya gak bisa gitu jg sih https://x.com/y0ursha/status/y0ursha/status/1917435264626221269…",2025-05-01T02:24:46.000Z,
twitter,"Wkwk, dengan nada lembut selembut sutera, tolong baca ulang konteksnya. Kenapa ga terima? Kalo ga mau vasektomi yaudah ga usah minta bansos. Kok ga nyerang pemerintah juga yang pernah ngadain program KB 2 anak cukup? Kenapa? Karena yang kena cuma perempuan ya? Oke noted",2025-05-01T02:24:12.000Z,
twitter,"Kurang diedukasi apa sih? Itu  program 2 anak cukup udah dari kapan taun masih ada ngeyel banyak anak. Mana banyak anaknya kadang gak di sekolahin, diauruh ngemis/kerja kasar. Itu syarat vasektomi juga udah bereproduksi 2x = udah 2 anak. Jangan apa apa nyalahin negara gak becus",2025-05-01T02:23:17.000Z,
twitter,"Dan pasien gue gaada yang tersinggung & ada juga yang minat karena kasihan liat istrinya. Gue paham ada yang kontra karena vasektomi dijadikan syarat bansos. Tapi, selagi istri belum menopause kemungkinan punya anak masih terbuka lebar. Punya anak = pengeluaran bertambah.",2025-05-01T02:23:03.000Z,
twitter,"Disaat banyak cowok² yg kontra, tapi cowokku malah pro. Pas aku tanya ""kenapa? Apa ga merugikan cowok?"" Dia bilang, ""krn kenyataannya banyak cowok² diluar sana yg ga tanggung jawab sama anak istrinya. Aku pro krn aku ga akan vasektomi & ga akan minta bansos.""",2025-05-01T02:22:44.000Z,
twitter,"Saya iyakan saja, tapi saya sebenarnya usul tidak harus vasektomi tapi syarat keluarga penerima bansos harus jadi peserta KB, baik  vasektomi, tubektomi, atau setidaknya IUD (untuk keluarga yang sudah punya 2 anak).",2025-05-01T02:21:48.000Z,
twitter,"udh tau masih susah buat cari makan, dikasih saran vasektomi masih gamau tolol. Trus klo nambah anak bakal lebih gampang cari makan gitu?",2025-05-01T02:20:09.000Z,
twitter,"Seru bgt liat cuitan laki2 egois perkara vasektomi wkwk, mutual gue yg ngerasa kebijakan diwajibin vasektomi merenggut otonom tubuhnya, bub gue ajaa, gue gamau mutualan sama laki2 yg isi otaknya pengen punya banyak anak dan tetep terima bansos",2025-05-01T02:19:32.000Z,
twitter,"Baca lagi, ga ada yg maksa blok.

Kalo lu miskin dan mau dapet bansos ya kl dah punya 2 anak ya stop, ikut vasektomi.

Logikanya ya kl punya anak lebih bisa diasumsiin mampus secara financial buat besarin anak yg banyak itu.

Padahal tinggal baca, gaada pemaksaan jg",2025-05-01T02:19:22.000Z,
twitter,"Coba sensus gih ka liat di lapangan kenyataannya gimana? Orang banyak juga dari mereka yang bilang ""hiburan kami cuma ngewe karena gratis"" makanya kebanyakan banyak anak. Emang bisa ngewe malah jadi emas bukan anak? Lagian itu vasektomi buat yg butuh bansos & anaknya lebih dri 2",2025-05-01T02:19:02.000Z,
twitter,Kalau syarat bansosnya harus vasektomi sebenarnya itu bukan lagi pilihan. Itu namanya pemaksaan yg trselubung. Tdk semua paksaan harus kayak aturan satu anak di Tiongkok. Tiongkok aja sdh revisi aturannya.,2025-05-01T02:17:29.000Z,
twitter,"yg saya bahas itu omongan mbak di awal ""kan buat bansos, klw gamau ya gausah bansos, simpel"", makanya saya bilang kalo ternyata bapaknya gamau vasektomi terus ga dikasih bansos, yg kasian kan jadi anak istrinya bukan si bapak, paham?",2025-05-01T02:16:51.000Z,
twitter,"Iyaah, steril kan tubektomi yaa. Nah brarti sbnrnya ini udh hal biasa ya karna di wanita jg udh biasa kok steril kalo udh sc bbrp kali/gamau nambah anak lg. Tp kok vasektomi ini jd byk kontra",2025-05-01T02:16:24.000Z,
twitter,"Brooo vasektomi buat yg udh punya 2 anak dan masih menerima bansos, dri dulu ada pil kb aja masih banyak yg gamau, sekalian aja dh vasektomi. China aja 1-2 anak doang yg ditanggung pemerintah, sisanya tanggung sendiri. Nahh disini, anak 10 masih minta bansos",2025-05-01T02:16:11.000Z,
twitter,"Iya ga serta merta dibolehin KB vasektomi kok. Tetap ada prosedur, punya anak dulu. Supaya ga nyesel (?)
Makanya ketika anaknya udh banyak, ya lebih baik KB. Risiko paling aman KB dari pihak laki2. Lagian kalo perempuan yg KB, selain ngaruh ke kesehatan, ngaruh ke hormon jg.",2025-05-01T02:14:52.000Z,
twitter,"Solusi nya ya edukasii... Bukan buat syarat vasektomi buat dpt bansos...

Edukasi sampai bisa hilangkan mindset ""banyak anak, banyak rejeki"" karena itu yg masih tertanam di masyarakat.

Ajak semua stakeholder utk edukasi terutama pemuka2 agama. Jangan cari jalan pintas..",2025-05-01T02:14:09.000Z,
twitter,Terus gimana abis vasektomi terus dikasih 500 rb? Udah teratasi kemiskinannya? Udah kepikiran belum bisa duit itu dipake judol? Atau kebanyakan dipake buat beli udud? Atau buat mabok2an? Belum lagi yg udah vasektomi merasa tenang krn udh gabisa bikin anak lagi jadinya selingkuh?,2025-05-01T02:12:58.000Z,
twitter,Kenapa orang” kaya sensitive banget ya sama vasektomi? padahal banyak plus nya. Gw juga mau kalo nanti kelak udah punya anak dan vasektomi,2025-05-01T02:12:42.000Z,
twitter,"Knp sih kok bs isu kelas sosial yg semua bs kena jd dibelokin ke isu patriarki & turunannya?

Kok punya anak jd salah? Terus negara kemana? Cuma bisa japrem lewat pajak dll gk mau jalanin hukum yg mrk sendiri buat? 

Trs lu mikir gk bikin program gede macam vasektomi duit drmn?",2025-05-01T02:11:03.000Z,
twitter,"Di luar tikus-tikus negara, Rakyat nya juga gamau diatur. Vasektomi enggak semenyeramkan ibu-ibu melahirkan! Stop egois, cewe-cewe udah hamil, ngelahirin, nyusuin masih ngurus ngurus anak lo cowok cowok hama cuman pengen enak nya doang di ranjang giliran anaknya lahir au deh",2025-05-01T02:10:58.000Z,
twitter,trus kalo bapaknya kekeuh gamau vasektomi lu mau anak dan istrinya terlantar tanpa bantuan dr negara? ini bukan solusi. cuma nambah masalah baru. yg paling bener mah dikasi pendidikan sm pekerjaan yg layak udah,2025-05-01T02:10:42.000Z,
twitter,"Batasin aja bansosnya buat org miskin dgn maks anak 2, lbh dr itu ga dpt bansos, ga perlu jg hrs vasektomi sgla.",2025-05-01T02:09:18.000Z,
twitter,"padahal KB cowo yg paling mudah itu pake kondom tp masih byj jg yg nda suka pake krn banyak alasan, skrg disuruh vasektomi lgsg koar koar

bikin anak doang bisa tapi jadi bapak nda bisa",2025-05-01T02:08:42.000Z,
twitter,"Tapi kebanyakan warga kita jika tidak di berlakukan hal seperti ini mereka ga bakal sadar pentingnya vasektomi, meskipun ada sosialisasi juga ga akan melek. Kalo masalah gratiskan pendidikan dan makan siang berarti ortu melepas kewajiban untuk membiayai pendidikan anak dong",2025-05-01T02:08:03.000Z,
twitter,"Pdhl kunci biar gak punya anak banyak itu ada multiple: bisa dari sekolah gratis, sex edu dan industrialisasi.

Itu dulu dilakuin, sambil kampanye vasektomi. Tingkat kesejahteraan yg tinggi itu bisa ubah mindset, bkn byk anak byk rezeki, tapi kualitas hidup anak lebih penting.",2025-05-01T02:07:07.000Z,
twitter,"Kebijakan yang semakin meminggirkan orang miskin dengan narasi 'orang miskin banyak anak'. Kemiskinan penyebabnya kompleks, vasektomi bukan jawaban. Negara tidak menyediakan lapangan kerja buat orang miskin. Bansos pun tidak mengentaskan kemiskinan selama pendidikan umum dan",2025-05-01T02:06:44.000Z,
twitter,"Trus kalo punya anak 1 ga dapet bansos krna blom vasektomi? Kalo anak 2 tapi ada yg sakit2an apa wajib vasektomi? Kalo anaknya mati & gabisa bikin anak lagi, tanggung jawab apa yg akan pemerintah akan kasi?
Terlalu gak manusiawi caranya, kyk ga ada cara lain aja",2025-05-01T02:06:41.000Z,
twitter,"Aku pro, karena vasektomi ini bisa dilakukan ketika kalian sudah memiliki anak, bukan melarang punya anak, karena banyak disekitar lingkungan, banyak anak tapi tidak bisa memenuhi hak anak tersebut alhasil anak tersebut dijadikan alat pencari uang sejak dini",2025-05-01T02:06:38.000Z,
twitter,"Lu tuh ngira vasektomi bikin ga bisa ngewe, ga bisa ngecrot kah? Kalo anaknya udh 2/3 bahkan lebih, itu masih ada keinginan nambah anak lagi? Disamping itu lu masih butuh bansos??? Likee, fr???? Ngasih makan masih pake bansos mau sosoan beranak banyak",2025-05-01T02:06:25.000Z,
twitter,Klo lu mampu gak miskin gak nerima bansos gak disuruh vasektomi. Ini khusus utk yg miskin penerima bansos tp anak udah banyak. Ingat makin banyak anak makin banyak yg kelaparan,2025-05-01T02:05:52.000Z,
twitter,"Aku mau nanya dong,soalnya emang gapaham sma vasektomi ini. Kl misal cowo vasektomi,tp udh bertahun2 pngin punya anak lgi dg alasan tertentu,bisa ga ya dia membuahi sel telur lagi? Apa permanen gabisa membuahi?",2025-05-01T02:05:39.000Z,
twitter,Rencana vasektomi itu cuma untuk orang miskin yang sudah punya anak btw,2025-05-01T02:04:54.000Z,
twitter,"Lagian vasektomi itu syaratnya harus udh punya anak dulu, dan ada minimal usia anaknya juga baru boleh vasektomi.

Bansos beasiswa juga kan ditujukan ke anak, kalo blm ada anak ya buat apa dpt beasiswa dan gak usah vasektomi juga",2025-05-01T02:04:46.000Z,
twitter,"Iya, bedanya kalo lo stop KB bisa hamil lagi. Vasektomi itu 1 way ticket.
Bayangin ada orang miskin yg tiba2 naik kelas jadi miliarder, mau punya anak lagi gabisa. Ini jg bisa jadi stigma, bahwa yg punya anak ga lebih 2 = orang miskin / bekas miskin.",2025-05-01T02:04:07.000Z,
twitter,"Klo miskin harusnya sadar diri jangan nambah anak mulu,bagus dong lakinya di vasektomi biar gak nambah anak. Mau dpt bansos tp beranak mulu ya tetap miskin",2025-05-01T02:03:53.000Z,
twitter,"Meskipun aku gak suka ya sama si kdm, tp aku setuju soal vasektomi ini,, krn serius ya gw liat sepupuku sndri yg nikah muda ekonomi blom stabil tp bininya hamil muluu, anaknya blom genap 1th dah hamil lg, jd keknya bkin anak itu hiburan apa ya bwt mreka,",2025-05-01T02:03:42.000Z,
twitter,"Nah ini dia problemnya dalam UU fakir miskin menjadi tanggung jawab pemerintah.
Dalam perspektif KDM penyebab kemiskinan adalah karena orang miskin punya banyak anak sehingga menambah beban hidup maka solusi yg muncul adalah vasektomi. 
Sedangkan beberpa netizen menilai bahwa -",2025-05-01T02:01:35.000Z,
twitter,kalo misal 10 tahun kemudia dia jadi mapan dan pgn nambah anak gimana? sedangkan reversal vasektomi itu makin lama makin kecil kemungkinannya bisa punya anak. lu ngerti ga si ini tu kompleks bgt? bego,2025-05-01T02:01:01.000Z,
twitter,"Vasektomi itu permanen, sedangkan kemiskinan nggak. Siapa yg tau setelah vasektomi 3-5 kedepan naik kelas jadi menengah tapi haknya untuk nambah anak udh terlanjur hilang?

Kalau KB itu harusnya gak perlu mandang kaya miskin. Kalau dikira populasi sudah over ya KB program bersama",2025-05-01T02:00:03.000Z,
twitter,"Yang gak mau vasektomi berati CALON BAPAK YANG SIAP.siap ngurus anak, siap bertanggung jawab nafkahi anaknya mental dan finansial. Siap ngurus biaya pendidikan anaknya. Siap ngasi anaknya makanan bergizi.Artinya yang gak mau vasektmi itu siap punya anak dan tidak butuh bansoss",2025-05-01T01:59:55.000Z,
twitter,Si abang sensi karena cowo kah dia ga mau vasektomi jadi ngajak2  kb tuh perlu kecuali pasutri bisa ngejamin ga beranak lagi. Atau kalo mau beranak udah siap kasih hidup yg layak buat si anak.,2025-05-01T01:47:21.000Z,
twitter,kak naluri dasar manusia adalah melakukan tindakan reproduksi (seks) tapi bukan melahirkan anaknya. manusia BISA memilih mau punya anak apa nggak. Dengan melakukan vasektomi tidak membuat pria gak bisa melakukan seks lgi buat memenuhin kebutuhannyaa,2025-05-01T01:46:52.000Z,
twitter,"jangka pendek >> vasektomi, anak cukup 2
jangka panjang >> ortu yg gak ada kerjaan, bebannya lebih ringan karena anak cuma 2, gak usah curi, gak usah nilep, gak usah jadi ormas",2025-05-01T01:45:50.000Z,
twitter,UUD 1945 pasal 34 berbunyi Fakir miskin dan anak terlantar dipelihara oleh negara. Tidak ada bunyinya vasektomi dulu baru dipelihara oleh negara....,2025-05-01T01:45:46.000Z,
twitter,"ngga memaksa kok, opsional, kalau emg butuh bansos berarti kan ga bisa menghidupi anak lebih banyak ya katakan diatas 2, yang berarti kalau memang tidak butuh bansos aka gamau vasektomi dikatakan masih bisa menghidupi anak tanpa bantuan ekonomi",2025-05-01T01:45:13.000Z,
twitter,"Gw sederhana aja.

Hal yg harus diperhatikan soal vasektomi ini adalah apakah pantas seorang anak dilahirkan untuk mengalami penderitaan oleh ketidaksiapan lingkungan tempat ia dilahirkan?",2025-05-01T01:44:09.000Z,
twitter,"Penerima vasektomi gratis itu dia harus sudah menikah dan punya 2 anak, udah sesuai saran negara. Terus kalau gamau vasektomi ya gausah terima bansos ege ribet amat hidup lu, hidup ngandelin bansos aja sok pengen punya anak? Mikir! kucing liar aja suntik mati kalau kebanyakan",2025-05-01T01:43:46.000Z,
twitter,"kebijakan selain vasektomi udah banyak dilaksanakan. kebijakan vasektomi ini nambahin pilihan gerakan KB 2 anak lebih baik. sebelum adanya kebijakan vasektomi emang lo pikir pemerintah2 periode sebelumnya ga mengeluarkan kebijakan lainnya? banyak, tapi kan BELUM ada yg berhasil.",2025-05-01T01:43:40.000Z,
twitter,Ya kalo gak mau vasektomi ya udah kerja... Ngasilin banyak duit biar bisa ngasih makan anak bini dan pendidikan anak terjamin. Gak usah ngarepin bansos. Napa pada dibahas kemana-mana dah. Mungkin lebih ke sosialisasi aja sih biar cowok2 gak pada takut buat divasektomi,2025-05-01T01:43:34.000Z,
twitter,"males kalo ngomong pake kalau n kalau. Rata-rata peluang keberhasilan tindakan pembalikan vasektomi berkisar antara 40-90 persen. Kalau ntar kaya n mau punya anak, reverse atau ikut program bayi tabung. Banyak kan duit, bayar IVF/ICSI. Vasektomi itu 99% efektif mencegah kehamilan",2025-05-01T01:43:22.000Z,
twitter,"Gpp saya dukung laki2 miskin vasektomi krn mereka ngewe aja g mikir hamil apalagi mikir biaya melahirkan n membesarkan anak,realistis aja gausah bawa ranah privasi bahkan HAM, harusnya sadar kalo ekonomi lagi sekarat, miskin gausah punya anak, kasian bgt jd anak warga miskin",2025-05-01T01:43:11.000Z,
twitter,"Ini kayak jadi loophole, orang2 makin banyak punya anak dan makin banyak tanggungan, tapi ngga bisa ngebiayain, stress, menghibur diri dengan sex, lanjut lg. Jadi menurutku vasektomi adalah salah satu upaya sangat bagus untuk memutus loophole kemiskinan ini.",2025-05-01T01:42:17.000Z,
twitter,"Kalo kasus nya pekerjaan ga jelas, duit pemasukan jg lebih ga jelas, tp anak nya banyak, bahkan anak nya hampir tiap tahun lahir, emng lebih baik di vasektomi lah. Miskin tp anak banyak tuh yg kasian anak nya. Ortu nya egois",2025-05-01T01:41:45.000Z,
twitter,"Yang bikin sedih dari kb tuh karena udah terbiasa, turun temurun dari nenek ke ortu ke anak semua yg nanggung perempuan jadi ngerasa itu otomatis kewajibannya, bahkan gak ngerasa ada opsi lain kayak vasektomi. Semoga perempuan makin sadar dan cowok juga bisa mikir",2025-05-01T01:41:32.000Z,
twitter,"udah punya anak 2, miskin, di vasektomi, trus jadi orang kaya, fokus buat pendidikan anak yang udah ada, sama nabung buat nanti kalau pensiun gak bisa cari uang, supaya jangan jadi beban anak.",2025-05-01T01:40:16.000Z,
twitter,"emang aku merasa KB dan vasektomi perlu digalakkan, to some degree even reward couples yang nggak punya anak/nggak banyak anak kalau memang ingin menekan angka kelahiran, tapi insentifnya harusnya bersifat bonus, bukan kebutuhan pokok kayak bansos/beasiswa pendidikan",2025-05-01T01:38:03.000Z,
twitter,"Lagi rame pro kontra vasektomi. Kl gw dah beristri dan punya 2 anak, gw lebih pro vasektomi. Biar istri gw gak menderita. Gw bs cr*t di dlm dgn leluasa tanpa kepikiran hamil lg.",2025-05-01T01:37:24.000Z,
twitter,Smua? Vasektomi itu buat yg miskin dan butuh bansos. Lo tuh sensi doang tanpa baca konteks apa gmn si. Gausa dipaksa juga ibu2 udh pd steril kalo udh sc 2x lebih dan ckup anak kocak lo,2025-05-01T01:37:14.000Z,
twitter,"emang pemerkosaan tuh terjadi karena pelaku pengen punya anak? ya karena napsu aja lah kocak. lagian itu vasektomi wajib buat yg udah punya 2 anak kok, paham ga?",2025-05-01T01:36:47.000Z,
twitter,"Ada td yang komen, ""KB bagi perempuan kan karna kesadaran, vasektomi karna paksaan.""
Kenapa wanita sadar KB? Ya karna ngga mau nambah anak. Apalagi baru punya bayi. Ayahnya? Mana mau tau. Taunya istri udah KB, bodoamat mau keluar di dalem juga. Padahal KB pun masih bisa kebobolan",2025-05-01T01:34:37.000Z,
twitter,This! Padahal itu juga pilihan. Gak mau vasektomi/KB dan mau anak lebih dari 2 yaudah dinafkahi sendiri keluarganya. Kalau mau bansos ya KB. Itu pilihan loh. Kalo anak lebih dari dua tapi masih mengharap bansos nih aneh. Dipidato ybs bilang KB gak cuma vasektomi https://x.com/leesanen/statu/leesanen/status/1917409073131303200…,2025-05-01T01:33:58.000Z,
twitter,"Vasektomi,, bis itu cerai... sedih bgt ga bisa punya anak lagi ma istri baru...",2025-05-01T01:33:47.000Z,
twitter,"iya makannya, cermati lagi kalimat sy di awal... vasektomi permanen, miskin tidak...

klo dia miskin, terus vasektomi, abis itu dia kaya, terus mau nambah anak, dia harus opreasi lg... klo operasinya gagal terus tytyd dia jadi rusak, negara mau tanggung jawab...?",2025-05-01T01:32:43.000Z,
twitter,"ngl I hate him but I kinda agree with the idea, cuma cara nyampein nya ky tai
Coba diubah jadi ""vasektomi gratis untuk penerima bansos dan beasiswa"" atau gimana gitu yg gak offensive 
tentu dengan syarat dan ketentuan kaya minimal usia, sudah punya anak lebih dari 3 dll",2025-05-01T01:31:58.000Z,
twitter,"Kan lg ngomongin vasektomi, punya anak, dan kemiskinan. Udah punya anak 2 (atau lebih) pas masih miskin, kalo ga distop ya bakal susah untuk ga miskin lagi (di ekonomi sekarang)
logika simple...",2025-05-01T01:31:36.000Z,
twitter,"Ya kan tinggal dibalik aja, kalo punya anak lebih dari 2, sisa anaknya ga dapet bantuan dari pemerintah.
Cina dulu pake cara ini, inggris jg pake ini.
Setelah angka kelahiran menurun drastis, tinggal ubah kebijakan.
Lo vasektomi, begitu angka kelahiran menurun, negara mau apa?",2025-05-01T01:30:52.000Z,
twitter,"Ga mau vasektomi? Ga dapet bansos, bikin anak terus, makin miskin.

Sesimpel itu",2025-05-01T01:30:43.000Z,
twitter,Tapi kan point nya tentang kebijakan bantuan sosialnya? Kalo ga perlu bansos ya gaperlu vasektomi jadi gaperlu risau dengan vasektominya kalo secara finansial dianggap ideal untuk punya anak lebih dari 2,2025-05-01T01:30:37.000Z,
twitter,Pilih merebut hak asasi pria karna dipaksa vasektomi atau merebut hak asasi anak untuk layak hidup?,2025-05-01T01:30:19.000Z,
twitter,"Katanya ngelanggar privasi dan mempersulit rakyat miskin krna buat dapet bantuan aja harus dipaksa vasektomi. Nah masalahnya kalo ga di ancem gini emang bisa brenti bikin anak terus2an? Adanya anceman ini kan biar mreka sadar juga, kalo miskin ya jgn nambah anak",2025-05-01T01:26:35.000Z,
twitter,"tiap hari aja yg kerja ibunya, pagi jadi buruh cuci gosok, siang jaga kantin pelabuhan, sore bantu masak tetangga yg jualan nasi uduk, si bapak? tidur doang di rumah, itu masih yg ""bagus"", ada yg malah maen judi, bapak model begitu mau vasektomi demi bansos dan beasiswa anak?",2025-05-01T01:25:22.000Z,
twitter,dan syarat buat vasektomi adalah punya 2 anak. anak terakhir usia 5 thn,2025-05-01T01:24:20.000Z,
twitter,Kata gw mending kata katanya dibalik. Jadi akan ada bantuan sosial tambahan bagi warga yang melakukan vasektomi (setelah punya anak). Yang bansos reguler tetep ada kan bisa.,2025-05-01T01:23:58.000Z,
twitter,"Kalo masalah disuruh vasektomi ato enggak, sebenernya ttp balik lg ke sendiri"" lg sih... Toh dia jg ga bisa maksa dan programnya jg blm ""official"" berjalan jg kan

Iming-iming bansos dan beasiswa tuh cuma kyk kita kalo mau ngasih tau anak ngelakuin sesuatu nanti di ksh permen ",2025-05-01T01:22:11.000Z,
twitter,Ya kan disuruh vasektomi jga kalo anaknya udah 2 begoo klo belum punya anak mah jgn di vasektomi emg lu mau biayain keluarga miskin yg punya 5 anak hah?? Bagus lah klo lu mau,2025-05-01T01:21:22.000Z,
twitter,"Trs setelah program ini dimulai apakah anak yg dilahirkan duluan sblm program ini ada gk mendapatkan pendidikan & orang tua gk mendapatkan lapangan kerja yg baik? Itu yg saya bilang, tugas pemerintah gk selesai di vasektomi aja. Ini ya uunya",2025-05-01T01:21:07.000Z,
twitter,"Fachri muchtarr woyy vasektomi kaga permanen sama aja kyk KB cewe ya kalo dilepas masih bisa punya anak gua ga ngerti lu so2an menolak vasektomi, jadi mau trus pembuahan dan hamil anak 5 atau 10? Kan lu sendiri jga tau 2 anak mah cukup apalagi buat yg miskin",2025-05-01T01:20:17.000Z,
twitter,Hak anak? Tunggu dulu bentar. Coba pikir secara logis. Apakah vasektomi otomatis akan membuat semua hak anak terpenuhi? Ga ada korelasi dari pemenuhan hak anak dengan vasektomi,2025-05-01T01:19:58.000Z,
twitter,"Eh oon, please do research. Baca dlu sblm berpendapat. Vasektomi ga ngebunuh otonomi tubuh lu, kalo lu udh siap finansial dan mau pny anak bisa dibalikin ke semula. Sementara KB jenis lain (dominan dipakai wanita) lebih tinggi risiki utk ngebunuh otonomi tubuh wanita",2025-05-01T01:18:41.000Z,
twitter,"Ya memang kacau juga MBG banyak kok yang keracunan, dan lu bayangin bapaknya mau terima bansos harus prosedur vasektomi dulu dan bisa jadi mereka puasa dan besoknya ketika anak harusnya senang karena dapet makan MBG malah keracunan makanan.. jangan terlalu kebijakan aneh kek gini",2025-05-01T01:17:14.000Z,
twitter,"Ribet nih soal Vasektomi ini, rata2 yang koar2 ga setuju malah orang2 yang emang mampu secara ekonomi punya anak lebih dari 2. Woy, lu tuh ga diajak, bukan lu pada target nya. 

Lagian bedain Vasektomi != Kebiri. Seolah2 paling kenceng buat nolak tapi ga perduli sama miskin",2025-05-01T01:17:08.000Z,
twitter,the essence dari kebijakan terkait syarat bansos harus vasektomi (setelah punya 2 anak) makes so much sense karena negara punya duit sebanyak apa sih buat menanggung dan memelihara orang kurang mampu yg terus beranak pinak. akan efektif kalau anaknya sedikit,2025-05-01T01:10:16.000Z,
twitter,"Nah ini! Toh syarat vasektomi itu kan minimal dah punya anak 2, jadi bukan maksudnya orang miskin gak boleh punya anak njir, tapi ya diatur sesuai kemampuan-___- https://x.com/y0ursha/status/y0ursha/status/1917435264626221269…",2025-05-01T01:09:58.000Z,
twitter,"hadehhh ga ada paksaan. tetep pilihan. kalo lo ga mau vasektomi yaudah berarti ga usah terima bansos. caranya ya usaha sendiri, jgn terus2an ngarep bantuan (sedangkan lo masih pen nambah anak), hidupin anak2 lo yg lebih dari 5 itu sendiri. kan lo sendiri yg mau punya anak banyak",2025-05-01T01:09:55.000Z,
twitter,Dia aja bikin kebijakan gtu biar ngurangin angka kelahiran lewat pemberlakuan vasektomi gmn ceritanya jadi nyuruh perempuan nikah dan punya anak? Sama aja boong dong kebijakan yg dia bikin jadi ga ngaruh logikanya gmn sih,2025-05-01T01:09:33.000Z,
twitter,banyak yg kontra dgn vasektomi tapi kebanyakan gua lihat pembahasannya stop di situ doang. gimana sama pasutri yg buat anak banyak tapi ga bisa ngurusin dan ujung2nya harapin bansos dan bantuan tetangga? bahkan kadang anaknya jadi korban disuruh jualan sampe tengah malam.,2025-05-01T01:06:05.000Z,
twitter,"Utang di mana2 tapi tetep nambah anak itu egois, gak mikirin gimana anaknya nanti hidup susah. Masih kecil disuruh ngertiin ekonomi keluarga. Dan tau lah indo nih kalo gak dipaksa gak bakal mau laki2 vasektomi (kebanyakan laki ngamuk kalo disuruh vasektomi)",2025-05-01T01:04:37.000Z,
twitter,"Ituu kan udh ada syaratnya kak klk mau bantuan max punya 2 anak dan harus vasektomi untuk menekan angka kelahiran, kadang ada yg mau enaknya doang tapi pas jd ga mau bertanggungjawab, tapi klk ga mau vasektomi ya resikonya tidak dpt nerima bantuan karna dianggap mampu.",2025-05-01T01:01:07.000Z,
twitter,"Begitulah herannya, steril di perempuan jg slama ini laki2 gaada yg koar2 ya giliran vasektomi pd kontra alesannya kalo cerai sm istri tar nikah lg ga pny anak trus istri baru gamau. Jgnkan vasek, kondom aja pd gamau kan karna ga enak katanya",2025-05-01T01:00:56.000Z,
twitter,"Ada dong, yg udh sc 2x lebih steril. Atau yg udh ckup anak, dan udh memenuhi syarat usia ada himbauan steril jg. Sama kaya vasektomi. Dan slama ini ga keberatan, knapa laki2 pd keberatan soal vasektomi ya",2025-05-01T00:58:02.000Z,
twitter,"Bagus banget. Laki2 penerima bansos anak udah lebih dari 1, wajib vasektomi. Biaya membesarkan anak berkualitas, sangat mahal dari sisi uang dan waktu.",2025-05-01T00:57:36.000Z,
twitter,Syarat vasektomi minimal harus punya 2 anak.,2025-05-01T00:57:29.000Z,
twitter,"Mungkin isu memilukan ini (pasutri 8 anak kelaparan), gudbener Jabar KDM putuskan kebijakan bgi suami gakin di Jabar yg hendak ambil bansos wajib vasektomi. Mengundang pro & kontra. Ingat ktk Alm Pak Harto memulai gerakan KB, kontroversi spt yg dialami KDM juga terjadi.",2025-05-01T00:57:26.000Z,
twitter,"dude, nobody forbid u to have children. vasektomi tuh buat yg udh punya anak minimal 2 biji, 2 anak tuh udh cukup, ngentot, lu mau buat berapa anak lagi? 15? lagian itu gurbernur janjiin beasiswa & bansos yg otomatis targetnya buat kalangan menengah ke bawah.",2025-05-01T00:56:39.000Z,
twitter,"Emang mau bikin anak berapa biji sih? Syarat vasektomi itu kan yg udh punya 2 anak, tbtb bgt paham otoritas tubuh",2025-05-01T00:47:05.000Z,
twitter,"Lol. This is so funny, temenku rata-rata udah ada yang punya anak dan setiap kali mereka mau KB apalagi kedengeran gue, gue paling anti perempuan KB. Gue selalu nyuruh suaminya yang Vasektomi karena gak semerugikan itu untuk badannya ketimbang KB.",2025-05-01T00:46:39.000Z,
twitter,"Syarat vasektomi untuk pria minimal sudah punya 2 anak, baru bisa vasektomi.. judulnya kurang panjang..",2025-05-01T00:45:42.000Z,
twitter,"Gini ya bre. Siapapun boleh punya anak banyak kalo model didikan nya sama kek si halilintar.... Boleh dah tuh menentang vasektomi habis-habisan. Dan anehnya kenapa KB buat wanita pada slow aja?, ga sekoar-koar ini?. dikira KB wanita gada efek sampingnya kali ye....(?)",2025-05-01T00:45:33.000Z,
twitter,"Terus nanti yg jadi korban anak² mrk gitu, plis lah vasektomi juga syaratnya udh punya anak 2, anak 2 juga lebih dari cukup, yg penting mrk bisa ngebiayain anak² mrk",2025-05-01T00:44:39.000Z,
twitter,"Setuju banget sama Vasektomi untuk syarat mendapatkan bantuan, karena aku tinggal di lingkungan orang miskin yang mayoritas menerima bantuan dari pemerintah (pkh dkk) dan kenyataannya anak mereka banyak.",2025-05-01T00:42:55.000Z,
twitter,"sesimpel itu mksd KDM lu ngarep bansos brrti KURANG BECUS BUAT NGURUSIN HIDUP LU SENDIRI jadi syrat vasektomi dijadikan syarat bansos BIAR LU GA NYUSAHIN ANAK LU NTAR jngn egois deh jngan jadikan anak lu menderita krna ke egoisan lu klo miskin minim punya 1,2 anak aja udah cukup",2025-05-01T00:42:24.000Z,
twitter,"Gue pro vasektomi. Toh untuk orang yang udah berkeluarga, punya anak 2, laki-laki di atas 35. Justru sebenarnya lebih manusiawi tidak nambah anak karena slogan banyak anak banyak rejeki. Di era ekonomi yang carut marut ini emang yakin bisa ngurus banyak anak lebih dari 2?",2025-05-01T00:41:29.000Z,
twitter,"Program KDM soal vasektomi itu aku setuju, pnya anak adalah hak setiap orang tp hrs dibarengi sama kemampuan membesarkan anak baik secara mental dan finansial.",2025-05-01T00:40:53.000Z,
twitter,"Bisa juga ada yang rela vasektomi demi bansos, tapi takutnya malah enggak sadar esensi kontrasepsi nih buat apa. Berakhir nyari jalan pintas lain buat dapat banyak anak  Yahh ini pemikiran liar dan kemungkinan engga terjadi sih.N",2025-05-01T00:40:44.000Z,
twitter,"Lagian baca dulu dah, vasektomi tu dilakukan buat yg udah punya anak 2 biar ga nambah lagi. Jadi bukan berarti ga boleh punya anak",2025-05-01T00:39:49.000Z,
twitter,"setuju sama kebijakan vasektomi untuk orang orang yang nerima bansos

orang orang gamau nyari tau apa itu vasektomi dia pikir ga bisa ngentiw lagi

istri dijadiin pabrik anak doang
ntar anak udah banyak malah cere kontil
terus anaknya gede ngeluh jadi sandwich",2025-05-01T00:38:50.000Z,
twitter,"Kebijakan gila fasis, ini orang x baru dengar kata Vasektomi langsung pada dukung, opini berubah2 sesuai yg paling edgy, keren, trend. Rakyat miskin itu tanggung jawab negara woy. 

Pasal 34 UUD 1945 menyebutkan bahwa “fakir miskin dan anak terlantar dipelihara oleh negara",2025-05-01T00:29:37.000Z,
twitter,"dan plis lah kalo bales komen itu yang nyambung, lu nyuruh keluarga mulyadi itu vasektomi, emang dia penerima bansos? key pointnya itu penerima bansos dan maks udah punya 2 anak. makanya saran saya punya otak itu digunain biar bisa bermedsos dengan pintar",2025-05-01T00:29:08.000Z,
twitter,"Yang jd target jg keluarga tak mampu ekonominya yg jg sudah punya anak kan.  Ini tepat sasaran, udah punya anak, ekonomi kurang emang mau nambah anak lg buat apa? Fokus aja rawat anak yg udah ada sambil benerin ekonomi dulu. Pun kalo ekonomi udah pulih vasektomi bisa disambung lg",2025-05-01T00:26:32.000Z,
twitter,"Yang divasektomi itu yang sudah punya anak banyak tapi masih ga bisa ngurus. Tujuan vasektomi dri KDM utk mengurangi, bukan tidak punya anak. Org mskin jga punya hak pnya anak, tpi jangan sampai tidak terurus/bnyak. Kasian anaknya ntar disuruh ngemis2 :(",2025-05-01T00:25:11.000Z,
twitter,"Nah, kl kayak gini penerapannya sih masuk akal, tinggal cara sosialisasi yg bagusnya ke mereka gmn. 

Kl bener2 disyaratkan pukul rata harus vasektomi baru kebuka fasilitasnya meski anak cuma 1 atau belum punya anak samsek sih ngawur ya kl menurutku.",2025-05-01T00:24:46.000Z,
twitter,"Aku si pro ya. Kalau bisa seluruh daerah di Indonesia menerapkan itu. Orang miskin kebanyakan anak juga ga bagus dan bakal melanjutkan rantai kemiskinan. Dengan adanya vasektomi ini, setidaknya yang miskin punya anak dikit jadi uangnya bisa untuk menyejahterakan anak yang ada",2025-05-01T00:23:31.000Z,
twitter,"enak ya pake akun anon jadi bisa keliatan bodohnya tanpa malu  syarat wajib vasektomi itu buat penerima bansos dan yang at least udah punya 2 anak. coba pakai otak lu yang masih bagus itu buat sedikit mikir aja, lu rela ga duit pajak yg esensinya untuk pembangunan malah jadi -",2025-05-01T00:23:00.000Z,
twitter,"Yaila, hidup udah miskin ngapain ngeluhin pemerintah yang bikin program KB vasektomi. Malah untung, dapet bansos iya, ga usah pusing ngurus banyak anak, anak yang udah lahir? dapet beasiswa",2025-05-01T00:22:09.000Z,
twitter,"gak akan begini menurutku mas.
Syarat 2 anak itu dari BKKBN langsung. Dan ada range umurnya juga. Harusnya udah konsultasi sama BKKBN soal ini.

Jadi yg masih 1, gak harus vasektomi",2025-05-01T00:21:31.000Z,
twitter,"Ngelarang study tour, bukan memperbaiki kualitas angkutan umum. Biar saja orang lain yang mati bukan anak sekolah.

Vasektomi pria miskin. Luar biasa idenya untuk memberantas kemiskinan. Sebentar, orang miskin atau kemiskinan yang diberantas ya?

#tebaktokoh",2025-05-01T00:20:44.000Z,
twitter,"Aku si pro2 aja, krn vasektoki jg ga permanen kok, bisa di-reverse setaku, dan ttp bisa berfungi normal kok. Cuma vasektomi ini jg hrs dibarengi dgn kebijakan lain yg membantu rakyat miskin utk dpt penghidupan yg lbh baik. Jd ga hanya 'stop bikin anak'.",2025-05-01T00:20:33.000Z,
twitter,"wow ini plan yg sngat bagus mnrutku, krena dgn ini nyatanya banyak psangan suami istri punya ank bnyak tpi tdk mampu biayai khidupan yh mknya kl pnya anak hrs mantep finansial dlu kl tdk di vasektomi (utk para laki)",2025-05-01T00:20:08.000Z,
twitter,Aku setuju vasektomi jadi syarat buat bansos. Emang ini bukan langkah utama buat mengentas kemiskinan. Tapi ini salah satu langkah dasar yang bagus buat dilakukan. Biar yang miskin fokus uangnya bisa buat anak yang sudah ada. Jadi anak ga jadi korban karena kebanyakan saudara,2025-05-01T00:19:58.000Z,
twitter,"Cara mengatasi kemiskinan ala pejabat antah-berantah:
1. Anak yg kesulitan akses pendidikan disekolahkan di sekolah khusus si miskin, 
2. Untuk menerima bansos, bapak-bapak vasektomi biar tidak beranak-pinak lagi kayak kucing.

Nanti diupdate lagi kalo inget, kebanyakan soalnya.",2025-05-01T00:19:46.000Z,
twitter,"Jika anaknya baru 1 dan tidak vasektomi karena anak minimal 2 untuk vasektomi, maka fasilitas tersebut masih terkunci berarti ya? ",2025-05-01T00:18:32.000Z,
twitter,padahal usulan dedi di sini buat mendukung program kb yang jelas-jelas slogan utamanya DUA ANAK CUKUP alias gak semata-mata “woi vasektomi sono kan lu laki” wkwkwk,2025-05-01T00:13:22.000Z,
twitter,"Nah, itu benar. Tapi masalahnya kan vasektomi ini dijadikan ""syarat"". Mau udah nunda ngewenya tapi kalau anaknya udah dua atau umurnya udah sesuai, mau ga mau dia harus vasek buat dapat bansos kan walaupun dia bisa tahan ga bikin anak",2025-05-01T00:12:50.000Z,
twitter,"Ribet elah, kalau mau progresif, bikin vasektomi jd kb yg dianjurkan utk laki2. Tinggal bikin narasi bjir, nih gue udh ada 
""Mau crot brutal tapi takut punya anak lagi? Vasektomi solusinya "" Atau apa kek",2025-05-01T00:12:11.000Z,
twitter,Duuhh susah nihh ya kalo belum punya anak walopun umurnya udh 35 atau lebih ya belum vasektomi,2025-05-01T00:11:07.000Z,
twitter,"mau nambahin juga kebijakan vasektomi diberlakukan untuk keluarga yang sudah memiliki 2 orang anak..  gw tau lo iba, tapi next time baca baik baik dulu ya...

ya kecuali lo setuju punya 10 anak ",2025-05-01T00:09:59.000Z,
twitter,"tp giliran vasektomi lu semua gk terima nya kek kontol lu dipotong semua, pdhl kan sperma nya diambil doang, lu ngentot msih bisa, ngecrot jg msih bs, cumn sperma nya aj gk keluar wkwk. beli kondom ak gk mampu sok sokan punya anak banyak ",2025-05-01T00:09:29.000Z,
twitter,"punya banyak anak tapi gak bisa ngasih makan juga melanggar HAM lho, kak. Vasektomi tuh bukannya kalau mau punya anak bisa disambung lagi? apa bedanya sama cewek, disuruh KB pasang sampai meninggoy juga gak ada yang peduli toh selama ini?",2025-05-01T00:06:34.000Z,
twitter,Lhaa emang lu pengen punya berapa anak gue tanya?!! Toh program vasektomi tujuannya bukan sama sekali gak boleh punya anak!! Emang lu mampu menghidupi berapa anak tanpa bantuan Negara?!!,2025-05-01T00:06:22.000Z,
twitter,berarti kalo baru punya satu anak dan kebetulan warga miskin boleh dapet bansos tanpa vasektomi?,2025-05-01T00:06:12.000Z,
twitter,"Lu mentingin Hak orangtua yang gak bertanggung jawab ke anak kah?! Kalian koar2 masalah vasektomi, pdhl program KB udah ada sejak lama, kalian kemana aja?! Udah tau miskin nambah anak lagi, dan minta ditanggung negara?! Lihat aja LN mreka bisa maju karna apa?!!",2025-05-01T00:02:02.000Z,
twitter,"Rata"" yg ikut program 2 anak itu menengah ke atas, sedangkan orang"" diekonomi rendah terus memproduksi anak, datanya jangan dari keseluruhan rakyat Indonesia, tapi dari kelasnya, makanya program vasektomi di adakan untuk orang"" yg ekonomi rendah yg butuh bansos,",2025-05-01T00:01:55.000Z,
twitter,"Sepertinya pasti ada penyuluhan deh kak, kan yg di uris KDM jg jabar doang.
Tp ini cara dia ngomong ke medsos yg mana spt aku yg org luar jabar tau
Dan lagi, mau/engga vasektomi itu ga di paksa kak, kalo masih merasa mampu menghidupi 10 anak tnp bansos ya silahkan....",2025-05-01T00:01:27.000Z,
twitter,"28b memang berisi hak melanjutkan keturunan. Tapi kan posisi yang diminta vasektomi bukannya mutlak gak boleh punya anak, melainkan membatasi kalau emang masih butuh "" DANA BANTUAN""",2025-04-30T23:57:56.000Z,
twitter,"ex2:
>hari-hari nyinyirin grassroot yg punya anak banyak
>KDM bikin rencana program wajib vasektomi u/ yg mau daftar dapet bantuan pemda
>emosi lgsg fafifu dibilang fasis, gamau ketinggalan messiahnya pun ikutan riding the wave bikin thread ""alasan rakyat blablabla""",2025-04-30T23:53:27.000Z,
twitter,Gw nyusul vasektomi kalau gw udah punya anak dua dan nunggu si Mulyadi beserta keluarganya Vasek juga...vasek bukan buat orang miskin doang...orang bejat mau kaya kek miskin kek juga harus vasektomi,2025-04-30T23:53:15.000Z,
twitter,"lu mampu : ga usah terima bansos, ga usah vasektomi, beranak semau lu

lu ga mampu : mikir aja sih lu aja masih nerima bantuan buat makan ngapain bikin anak",2025-04-30T23:51:20.000Z,
twitter,"Soal KDM yang memberlakukan vasektomi sebagai syarat, personally gw setuju.
Di media seliweran, anak terlantar dan hidup di bawah garis kemiskinan yang setelah dicek ternyata punya sodara banyakkkkk bgt.
Gw tinggal di perumahan yang baik. Orang orang teredukasi dngan baik (1)",2025-04-30T23:51:00.000Z,
twitter,"bukan nggak boleh punya anak, tapi dibatasi, syarat vasektomi tuh minimal punya 2 anak, emangnya mau nambah berapa lagi?",2025-04-30T23:50:54.000Z,
twitter,Lu ngapain malah promosiin kebijakan bodoh dari Mulyadi tukang pansos sosmed kek Mulyono dulu? Kok lu g nyuruh keluarga Mulyadi keluarga Mulyono keluarga Koruptor untuk vasektomi biar ga beranak pinak punya anak kelakuan 11 12 ama bapaknya? Kok orang miskin indo?,2025-04-30T23:50:23.000Z,
twitter,Wacana vasektomi tuh kan syaratnya maskimal udah punya 2 anak dan umur di atas 35. Bukan berarti ga boleh punya anak sama sekali. Itu sih yang kubaca kemaren.,2025-04-30T23:50:23.000Z,
twitter,"bukan saya yg jd “sasaran”mu buat perkara ini, tp saya kasih km pasal perundang”an yg mengatur soal program KB di berikut ini. jd ngga ada aturan buat penerima Bansos wajib Vasektomi dan wajib punya anak dua yaa, jd silahkan explore sendiri perundang”annya",2025-04-30T23:47:14.000Z,
twitter,"indo belum siap nerima berita gini, masalahnya:

1. vasektomi pada gak paham
2. diliat yg ngomong siapa
3. ""cewek kan bisa ngapain cowok.""
4. prinsip banyak anak banyak rejeki
5. masih banyak yg gak peduli soal kualitas kehidupan anak jd beranak terus
6. penting ngegas dulu",2025-04-30T23:45:49.000Z,
twitter,Engga kalo mau diurus negara. Harus vasektomi. Udah gabisa bayar pajak malah nambah anak. Anaknya jadi beban negara lagi,2025-04-30T23:45:44.000Z,
twitter,Lagian syarat buat vasektomi jg minimal punya 2 anak atau minimal usia 35 tahun. Dibilang unethical ya keliatannya iya but ini cara paling cepet buat stop kemiskinan struktural,2025-04-30T22:56:46.000Z,
twitter,"Tapi ya, ini kita bicara orang miskin kan, karena dapat bantuan? Kita buat mereka susah lagi dgn membebankan pajak. Mending vasektomi. Langsung gak usah punya anak. Biarlah orang2 mampu aja diizinkan punya anak banyak. Kesannya jahat, anak lahir malah dikasi beban pajak tambahan.",2025-04-30T22:54:12.000Z,
twitter,"ya ttp aja sih di thread itu bilang kalau mau jangan pemaksaan harus di kasih edukasi, kamu tau ga  laki tuh ga akan mau vasektomi bahkan ada dri mereka yg bilang ""udh ceweknya aja yg kb kan banyakan kb cewe aku takut"" lah lemah amat mentalnya, giliran dh kebanyakan anak pusing",2025-04-30T22:52:01.000Z,
twitter,"Pihak yang kebakar jenggot mikir vasektomi melanggar HAM tapi dia ga mikir kalo karna tidak adanya persiapan secara matang dengan ekomoni yang susah,  anak yang menderita, stunting, ga makan, ga sekolah dan ga dapat kehidupan yang layak juga melanggar HAM",2025-04-30T22:51:29.000Z,
twitter,"anjing anjing, ni orang orang pada bahas vasektomi buat penerima bansos dan pada bilang miskin miskin mulu ajg gedeg bgt asu, 

ortu gw juga kurang mampu gara gara ngurusin ortu ibu gw ajg, sebelumnya mampu mampu aja jadi jangan salahin gara gara pny banyak anak dong asuwww",2025-04-30T22:48:52.000Z,
twitter,"yaudah terus mau gimana? syarat vasektomi kan minimal pny 2 anak, bukan berarti gaboleh punya anak kan? masa masih nerima bansos masih gamau dibatesin punya anaknya",2025-04-30T22:48:50.000Z,
twitter,Syarat vasektomi? Anak udah punya 2. Cukup?,2025-04-30T22:46:50.000Z,
twitter,"to have MORE KIDS!
syarat Vasektomi itu minimal anak 2, diatas 35 tahun.",2025-04-30T22:44:49.000Z,
twitter,Vasektomi tujuannya untuk menekah kelahiran bagi orangtua yang gak bertanggung jawab. Lu mau bantuin rakyat miskin yang punya banyak anak tiap hari?!! Lu ada pengemis aja pasti jarang ngasih kan?!!,2025-04-30T22:42:46.000Z,
twitter,"Baiknya dipahami dulu, vasektomi ini gak ngelarang kita u/ gak punya anak, justru syaratnya harus punya anak dlu. Sama dengan KB, tujuannya u/ menjaga kelahiran dan laju populasi agar tidak over, terkhususnya u/ masyarakat yg belum bisa menafkahi anaknya secara mandiri dgn layak",2025-04-30T22:41:32.000Z,
twitter,"Memang, bansos jg gak bisa diberhentikan begitu aja. Tapi ini baru wacana vasektomi buat yg nerima bansos aja. Gak semua tbtb divasektomi. Btw kamu cwek apa cowok ya kak? Sudh menikah? Sudh punya anak? Apa kamu termasuk yg menerima hak bansos jgkah?",2025-04-30T22:37:50.000Z,
twitter,"Nah gedek banget banget yang komen solusi malam lah terus solusi instan, lah pemimpin sebelumnya juga udah mencoba mmeberikan solusi tapi gak berhasil,sekarang kdm buat solusi lain gebrakan baru malah dikomentarin gak gak, padahal vasektomi juga ada syarat yaitu sudah punya anak",2025-04-30T22:37:28.000Z,
twitter,"Suaminya sambil nbatin, untung g gk vasektomi, masih bs ngehamilin istri baru.

Dan 8 anak mungkin akan bertambah jd 16 anak (in 10 years of time).",2025-04-30T22:37:06.000Z,
twitter,"Selain itu, tolong di-highlight ada persyaratan untuk vasektomi juga. Kemudian kebijakan ini juga hanya diterapkan untuk kalangan bawah yang sudah memiliki maksimal 2 orang anak. Sehingga, jika di protes orang ""miskin"" itu gak boleh punya anak, itu salah kaprah.",2025-04-30T22:31:20.000Z,
twitter,"YA KAN EMANG.
LAGIAN MEREKA VASEKTOMI ITU CUMA KB, BUKAN KEBIRI.
MEREKA JUGA UDAH PUNYA ANAK LEBIH DARI 2 KALO MAU DIVASEKTOMI. 
ORANG X PADA BANYAK BACOT, kemaren setuju ""banyak anak banyak rezeki"" itu salah, tapi pas ada program yg KB si BAPAKNYA malah pada panassss",2025-04-30T22:31:07.000Z,
twitter,"Agreed. Vasektomi cuma salah satu dr program KB, cuma yg ini lebih ampuh aja dr KB2 lainnya. Hhe

KDM salah kalo memaksakan vasektomi, tp ya salah juga kalo masyarakat awam ditakut2in soal vasektomi seolah2 setelah vasek gabisa punya anak lagi.",2025-04-30T22:24:12.000Z,
twitter,"@grok
 vasektomi dianggap sebagai edukasi buat ngontrol jumlah anak. apa betul begitu? dengan data angka kelahiran anak yg skrg ini sudah menurun, apa konsekuensi dari kebijakan ini jika diterapin satu negara?",2025-04-30T22:24:08.000Z,
twitter,"Baca ulang Tweet mbaknya di atas. Kalo emang gamau vasektomi, yauda ga akan bisa nerima bansos. Tapi kalo hidup miskin malah ga aware dengan nambah anak mulu, yang repot pemerintah. Ujungnya nyalahin pemerintah juga nantinya",2025-04-30T22:21:37.000Z,
twitter,"pro dong, klo lagi miskin dan gamau vasektomi jgn nikah dulu atau boleh ga vasektomi asal mampu scr finansial buat ngehidupin istri dan anak2
klo masih dapet bansos gegayaan anak banyak hadeh malah jadi beban negara",2025-04-30T22:21:16.000Z,
twitter,Pak DM ini solusi2nya logis. Yg bilang orang miskin ga boleh pny anak itu goblok. Dia ga bilang gt. Lagian vasektomi di cover BPJS dgn syarat anaknya udah 2 atau usia udah lebih dr 40th.,2025-04-30T22:20:41.000Z,
twitter,"Kalau pemerintah ingin menghakimi dan menekan angka kelahiran, mereka akan menerapkan vasektomi ke seluruh kalangan rakyat, tapi kan tujuannya pemerataan ekonomi dan membuat usaha pemberantasan kemiskinan lebih efektif, hal itu salah satunya dilakukan dengan mengurangi beban anak",2025-04-30T22:16:17.000Z,
twitter,"Mjb, pdhl itu hak yg seharusnya didapatkan tanpa perlu vasektomi jg. Masalah kemiskinan struktural ini ga hanya karna banyak anak. Tapi lebih kompleks dr itu, jd kalo sasarannya hanya ke program KB tentu keliru.",2025-04-30T22:15:04.000Z,
twitter,Kayaknya sasaran vasektomi khusus buat yg udah punya 2 anak sih... kalo belum punya anak ya gabisa.,2025-04-30T22:15:03.000Z,
twitter,"Kamu cuma ngequote yang terakhir, paham ga yang dibilang Anies di threadnya? Kenapa orang miskin itu punya banyak anak? Rencana vasektomi ini gunanya untuk memberi solusi dari masalah yang dibilang Anies, bukan untuk menghakimi dan menekan angka kelahiran",2025-04-30T22:14:46.000Z,
twitter,"setuju, drpd bikin anak mulu gaada rem nya. ntar ditelantarin doang kaga diurusin. kerja gamau, ngarep bantuan mulu. bikin doang ngurus gamau. mending di vasektomi.",2025-04-30T22:12:43.000Z,
twitter,Lah anjirr tapi ternyata walaupun vasektomi masih bisa nganu kok anjirr terus kenapa pada marah buset? Karena gk bisa beranak pinak dan mengakibatkan anaknya gk keurus semua kah? Kalian sama aja rebut hak anak anying,2025-04-30T22:07:14.000Z,
twitter,"No, vasektomi gak akan pernah jadi solusi dalam menyelesaikan/memberantas kemiskinan.

Vasektomi memang bagus sebagai pilihan kb, tapi gak perlu embel-embel bansos.

Yang lebih penting, bagaimana memfasilitasi orang tua anak yang ""miskin"" ini bisa menghasilkan income kedepannya.",2025-04-30T22:06:23.000Z,
twitter,"Klausul 1 : vasektomi buat orang miskin.

Kalau elo gk miskin, elo bs nikah lg (n punya anak).
Tp kalau elo miskin, elo ngapain mikir nikah lg, itu khan biaya jg. Duit buat anak2 elo manah? Mang cere berarti elo gk punya beban (duit untuk) anak gituh.

We need Thanos.",2025-04-30T22:06:00.000Z,
twitter,"aku personally sangat setuju untuk vasektomi penerima bansos yang saat ini sudah punya anak 2 atau lebih
here is why",2025-04-30T22:01:19.000Z,
twitter,"Jujur aku setuju sih.
Memang fatwa MUI haram vasektomi tanpa urgensi medis. Tapi dgn kebijakan ini, org kalau mau punya anak lebih mikir, siapkah secara finansial?
Kalau gak mau vasektomi > jangan nerima bansos > artinya harus matang scr finansial.
Lelah melihat anak2 terlantar",2025-04-30T21:58:29.000Z,
twitter,Sok pinter Jing padahal logika lu gak jalan. Sesimple memahami kalau orang prasejahtera gaboleh punya anak banyak aja gabisa tot. Baca dulu prasyarat vasektomi sebelum lu dengan otak dungu lu itu yapping gak jelas. You dunning-kruger effect piece of shit,2025-04-30T20:48:35.000Z,
twitter,"Dari dulu juga bkkbn selalu menyerukan KB dan 2 anak.

Di kasi seruan konseling dll ga pernah ngaruh sm sdm yg mikir byk anak byk rejeki smntr dia hidup sendiri susah.

Jd diapain? Ya dikasi pilihan.
Silahkan punya anak byk tapi mampu. Klo ga mampu ya vasektomi.",2025-04-30T20:42:00.000Z,
twitter,"Blough, kalo lu aja masih ngarepin bansos yaa jgn punya anak dulu tolol, makannya di berlakukan KB gitu, kalo gamau vasektomi yaa jgn ngarepin bansos, se simple itu gausah koar² merasa ga adil, giliran pemerintahnya bener, rakyatnya yang ga bener.",2025-04-30T20:41:24.000Z,
twitter,"Yang salah bukan orang miskin, orang yang bikin anak lebih dari dua, lu salah sasaran. Orang miskin yang anaknya dua dan bersedia di vasektomi ya silahkan nikmati priviledge kalian",2025-04-30T20:33:19.000Z,
twitter,"Nder bukan gitu, itu tuh masuknya udah fasisme. Kalo emang programnya dibuat kayak dua anak cukup itu baru progresif. Oke sekarang cuma disuruh vasektomi, kedepannya bisa aja yang cewek kalo mau kuliah harus melahirkan anak dulu. Pemerintah gak seharusnya masuk ke ranah privasi",2025-04-30T20:33:14.000Z,
twitter,"butuh bansos? vasektomi (setelah punya 2 anak)

ga butuh bansos? vasektomi karena dunia udah penuh bgt bangsaatttttt udah sesaakkk",2025-04-30T20:25:52.000Z,
twitter,"dari pembahasan vasektomi, ternyata dulu papa gue pernah mau vasektomi setelah gue lahir, dia ga tega lihat mama dari hamil sampe lahiran banyak kesakitannya, tapi gaboleh sama mama dan janji saling jaga aja, ternyata emang cuma dikasih satu anak sampai sekarang",2025-04-30T20:24:38.000Z,
twitter,"Gini deh biar otak lu yang gua ga tau kapasitas nya berapa itu bisa nganggep

Mau bansos = vasektomi

ga mau bansos = ga usah vasektomi 

Dari sini paham? Udah gede harusnya tau sebab akibat, lu yang mutusin punya anak satu tim sepakbola kenapa duit pajak gue yang kepake?",2025-04-30T20:21:39.000Z,
twitter,"Jangan cuma perempuan saja yang disuruh KB, prianya juga lakukan KB .
Lu kata Vasektomi lu ga bisa gaceng lagi? Bisa, cuma bagian sperma buat anaknya doang di putusin..
Lagian kalo kesulitan Ekonomi, jangan beranak Pinak, kagak ngurusin anak hanya mau enaknya..",2025-04-30T20:17:59.000Z,
twitter,"jumat pagi mereka bisa debat  tentang orang miskin jangan punya banyak anak, sabtu sore tentang vasektomi yang harus diterapkan, minggu sore tentang misoginis dan patriarki. dan guess what, hari ini tentang vasektomi sebagai upaya preventif untuk meminimasi dampak kemiskinan",2025-04-30T20:12:52.000Z,
twitter,"betul, karena harusnya vasektomi ini ga cuma menarget masyarakat miskin
tapi semua segmen juga harus kena

mau kaya mau miskin, kalo sudah punya 2 anak, yasudah stop sampai situ
jangan timpang sebelah",2025-04-30T20:07:57.000Z,
twitter,Hey i'd have to disagree here. Bukannya berarti pemerintah gagal buat nyediain lingkungan yang kondusif biar orangtua nya bisa kerja dan anak anaknya bisa dapet gizi yang layak? Bansos itu nggak bakal bikin mereka keluar dari gizi buruk either apalagi yang harus sampai vasektomi.,2025-04-30T19:48:06.000Z,
twitter,lu vasektomi enggak bakal bikin lu matiiiiiii.  kenapaaaa sihhhh hidup harus melulu tentang buat anak?,2025-04-30T19:47:22.000Z,
twitter,"untuk mengetahui manajemen keberlangsungan hidup & niatan mereka untuk punya anak lagi. barulah di sana diinformasikan terkait vasektomi beserta manfaat & reward yg menyertainya. so, pendekatannya lebih ke arah mengubah mindset & pemberian reward daripada hukuman. begitu...",2025-04-30T19:47:12.000Z,
twitter,"gmn klo butuh bansos tpi ga bisa vasektomi?
misal si laki ad penyakit yg menghalangi atau cmn punya anak 1? satu keluarga ga bisa makan dong?

mengingat syarat vasektomi di indo min punya anak 2 dlu (dan diatas 5thn) + tidak ad masalah kesehatan tertentu",2025-04-30T19:46:00.000Z,
twitter,"Kejadian dia beberapa keluarga gw, beranak pinak taunya bebanin keluarga aja, lakik ga mau kerja, bini capek ngurus anak, ga kasian? Emg dasar gatau diri, lagian yang di suruh vasektomi yg emang mau, kalo ga ya gausah, kan kamu sendiri yang buat anak banyak, enjoy that",2025-04-30T19:42:08.000Z,
twitter,"Rahaf Ayad, seorang anak perempuan berusia 12 tahun dari lingkungan Al-Shuja’iya di Gaza, menderita kekurangan gizi parah & berbagai penyakit yg tdk diketahui 
.
.
.
.
Barca Tingkah Yamal panen raya serentak our moqeel surround 149 Vasektomi.",2025-04-30T19:41:52.000Z,
twitter,"Gue rasa pak gub nya emng asbun aja, atau headline berita yg bikin kita salah tangkep. Di aturan bpjs itu vasektomi min punya 2 anak atau usia 35 tahun, jadi tetap wajib punya anak duluuu. Dan gue rasa kalo pemerintah pinter gabakal asal acak-acak soal aturan kb ini ya (harusnya)",2025-04-30T19:41:25.000Z,
twitter,"Vasektomi dan KB itu mencegah penderitaan baru yg tidak perlu. Kalau kau tidak punya anak dalam keadaan miskin, setidaknya tidak ada anak yg ikutan susah karena kemiskinanmu.",2025-04-30T19:40:36.000Z,
twitter,Dari awal kan emang ada aturan bpjs kalo bisa vasektomi tu umur 35 atau punya 2 anak. Harusnya kalo pemerintah pintar ga bakal langsung acak-acak uu tapi cari alternatif namun dengan tujuan penekanan angka kelahiran,2025-04-30T19:37:40.000Z,
twitter,"Toh vasektomi sendiri jg ada syaratnya, yaitu min. 2 anak, berarti kebijakannya bkn gak boleh punya anak tp gak boleh punya banyak anak",2025-04-30T19:36:45.000Z,
twitter,"MAU NGEWE GAYA APAPUN MEREKA BOLEH asal ga beranak pinak, lu liat aja persyaratan resmi vasektomi apa, mau lu org yg dh punya anak bejibun ga mau vasektomi, pil KB, kondom, buang di dalam tanpa jadi bayi? Lu kira yg nongol TV plasmakah?",2025-04-30T19:34:38.000Z,
twitter,"Aku udah baca! Kesimpulannya adalah: faktor kenapa punya anak lebih dr dua: pendidikan, ekonomi, agama, dan usia pernikahan. Trus kesimpulannya adalah negara harus perbanyak akses, aka tingkatkan pengetahuan. Jd riset ini tidak mendukung keputusan vasektomi syarat bansos.",2025-04-30T19:16:39.000Z,
twitter,"Aku udah baca! Kesimpulannya adalah: faktor kenapa punya anak lebih dr dua: pendidikan, ekonomi, agama, dan usia pernikahan. Trus kesimpulannya adalah negara harus perbanyak akses, aka tingkatkan pengetahuan. Jd riset ini tidak mendukung keputusan vasektomi syarat bansos.",2025-04-30T19:16:08.000Z,
twitter,"mereka mana paham kak, mereka ini nyembah pridenya aja tp gamau ngaku.

gapapa keluarga miskin punya anak 100, kan ada bansos, yg pasti program vasektomi ini adalah kejahatan dan pemaksaan anak2 yg meninggal krn kurang gizi itu udh takdir",2025-04-30T19:14:05.000Z,
twitter,"Keknya ga mungkin deh.. tujuan vasektomi tuh kan buat ngurangin birth-rate orang2 miskin. kenapa si cwe malah diwajib-in nikah n punya anak? kontradiktif banget.

keknya lebih masuk akal klo pemerintah ngelarang orng-orng miskin buat nikah, yh walaupun g msuk akal juga~",2025-04-30T19:07:21.000Z,
twitter,"suddenly it’s a crime whoaaaa.. gada yg lebih kejam di mata lo pada selain mau bansos harus vasektomi dlu ya.

anak-anak 5-10 bersaudara dari keluarga miskin ahhhh kecil lah yaaa mgkin ortunya dulu khilaf, namanya hiburan orang miskin",2025-04-30T19:05:14.000Z,
twitter,ini tuh masih usulankan? dan yang pasti akan di kaji kembali tentang usulan ini. karena menurut ku program ini emang sudah bagus tapi dengan s&k. misalnya jika keluarga sudah memiliki banyak anak/lebih dari 2 di wajibkan untuk vasektomi. program ini memang butuh di kaji kembali,2025-04-30T18:53:08.000Z,
twitter,"Mau edukasi & sosialisasi terus sampe kpn bjir, masyarakat tuh pada BEBAL & NGEYEL. Vasektomi ini kan bkn hal baru, emg yakin tingkat laki2 yg ngelakuin vasektomi dari masyarakat yg kecenderungan punya anak banyak bakal meningkat pesat abis banyak edukasi & sosialisasi?",2025-04-30T18:49:55.000Z,
twitter,aneh deh diminta vasektomi tiba tiba ke genosida. emang kalau anaknya lahir stunting tanpa ada gizi yang baik itu bukan ngebunuh secara perlahan? dia orang puskes yang pasti udah kerja di lapangan dan nanganin belasan atau bahkan puluhan anak anak stunting.,2025-04-30T18:47:55.000Z,
twitter,"Ya stauku mah harus anak 2 dulu baru boleh program vasektomi yg dari pemerintah. Ya kalo emang begitu harusnya sih ga ada protes berlebihan ya.. 2 anak cukup lahh, masa harus koleksi bikin kesebelasan baru puas? padahal ga bisa biayain ",2025-04-30T18:43:30.000Z,
twitter,"Padahal yang paling aman itu vasektomi. Laki laki ngak akan separah perempuan. Pil, suntik, atau alat yang di masukan ke sana. Itu resiko nya besar. buat anak terus sampai 9 . Dan menelantarkan anak itu lebih halal menurut mereka.",2025-04-30T18:41:19.000Z,
twitter,"Ya keputusannya ini Masih blm dijelasin detailnya juga sih. Apakah sejak muda abis lulus SMA, demi beasiswa dan bansos harus di vasektomi apa gimana. Padahal sbg yg udah pernah baca mengenai vasektomi, kl mau vasektomi itu syaratnya ga mudah dan emang udh harus punya anak dulu.",2025-04-30T18:40:46.000Z,
twitter,Sure gw tau ini bukan permanent solution. My point is to reduce suffering sambil perbaiki ekonomi. Lagian ini bukan larangan gaboleh sama sekali punya anak. Syarat vasektomi aja minim anak 2. Dua anak masa ga cukup. Like you're just jumping into conclusion kl lu mikir,2025-04-30T18:40:16.000Z,
twitter,"balik ke individu masing-masing sih. kalo semisalnya keluarga ekonomi nya menengah keatas dan ingin punya anak lebih, silahkan. toh mereka bisa menghidupi anak-anaknya juga. semisal A pengen 5 anak, pas udah 5 anak baru lah pilih mau di vasektomi apa engga nya. kalo konteksnya-",2025-04-30T18:36:51.000Z,
twitter,"ga apple to apple lah, vasektomi harus sampe operasi dan total gabisa punya anak lagi, kalo kb ga sampe operasi dan potensinya masih ada belegug",2025-04-30T18:35:41.000Z,
twitter,"Vasektomi sifatnya permanen,. Jadi kalo misal dia kehilangan anak maka udah GK bisa melanjutkan keturunan lagi...",2025-04-30T18:35:23.000Z,
twitter,"kan balik lagi sasarannya yang kurang mampu, kak. setau ku syarat vasektomi minimal udh punya 2 anak (cmiiw). pun mungkin kalo peraturannya bisa disempurnakan lagi buat lebih detail, misal yg harus kb itu klo anaknya udh 2, i agree soal KB itu ranah pribadi, dan—",2025-04-30T18:32:43.000Z,
twitter,"ya kalo gamau di vasektmi yaudah, gausah terima bansos

susah bgt heran

lagi rugi nya apa si? kalo udah ga ada plan punya anak ya apa ruginya vasektomi?",2025-04-30T18:28:51.000Z,
twitter,Vasektomi jg ada syarat umur & minimal punya 2 anak.,2025-04-30T18:26:03.000Z,
twitter,"Coba baca RUU Ketahanan Keluarga dan pernyataan BKKBN kalo perempuan minimal melahirkan 1 anak perempuan juga. Poin gua bukan nolak vasektomi atau di “bisa jadi”, tapi sekali negara masuk ranah privat, mereka gak akan berhenti. Negara kita pernah bersikeras mengatur ranah privat.",2025-04-30T18:25:47.000Z,
twitter,"Njir itu kan buat penerima bansos ya, kok bisa ada pemikiran cerai anak dibawa istri trus nikah lagi? Lah itu anak dibawa bini juga masih tanggung jawab lu bang. Kalo emang bisa tanggung jawab berarti kan gausah jadi penerima bansos. Berarti gausah vasektomi.",2025-04-30T18:23:04.000Z,
twitter,"Gua udah dari dulu bicara masalah perempuan. Kalo mau komen, coba liat profilnya dulu, minimal search “vasektomi” di TL gua. “Bisa saja” gua ini mungkin (dan semoga) gak terjadi, tapi domestifikasi negara atas perempuan & kewajiban melahirkan anak dengan kelamin tertentu? Bisa.",2025-04-30T18:22:28.000Z,
twitter,"Bayangin ada anak semangat belajar, butuh beasiswa krn bapanya miskin, tp bapanya gamau vasektomi, akhirnya ga dpt beasiswa, bapanya ga masalah krn emg pgn anaknya lgsg kerja aja gausa sekolah, tp anaknya mau sekolah. Gimana coba kalo kayak gt. Jahat bgt deh org2 yg pd pro.",2025-04-30T18:20:32.000Z,
twitter,"hmmmmmmmmmmmmm
syarat vasektomi itu hrs punya 2 anak.
lu koar koar kb itu pilihan pribadi ya mikir aja oon udh tau miskin, makan aja butuh dr bansos sok sok an mau ngewe teroos, giliran kebobolan sampe punya anak 5 gabisa ngasi makan koar koar lagi pemerintah ini itu, dungu ah",2025-04-30T18:05:20.000Z,
twitter,"Itu maksudnya kakaknya di atas itu ngga sepenuhnya kaya yang kakak tafsirkan. Vasektomi itu juga ada syaratnya, salah satu syaratnya adalah sudah punya minimal 2 anak. Di Indonesia kemiskinan itu ngga pure disebabkan oleh kurangnya dukungan dari pemerintah",2025-04-30T18:04:22.000Z,
twitter,Masalahnya edukasi sudah dilakukan tp tetap aja ga da kesadaran diri dari mereka. Jika vasektomi ini terkesan seperti pemaksaan ya wajar saja krn rakyatnya keras kepala. Memang ga semua orang miskin begitu tp program ini bisa bantu mengurangi kasus anak” putus sekolah krn ekonomi,2025-04-30T18:01:34.000Z,
twitter,"vasektomi memang dibiayai pemerintah nder, bahkan beberapa dpt uang dapet uang imbalan.

cumaaa, persyaratan vasektomi ini ga semudan kb buat para istri/ibu. 
ada beberapa persyaratan yg harus dipenuhi salah satunya batas usia dan jumlah anak ",2025-04-30T18:00:13.000Z,
twitter,Udah dijelasin syaratnya min punya 2 anak kalo belum punya ya ngapain lu vasektomi... https://x.com/alpattoru/stat/alpattoru/status/1917408112249823289…,2025-04-30T17:59:17.000Z,
twitter,PEA BGT IH MALU PAK HAPUS TWITTNYA. ORG BOLEH VASEK ITU KALO UDH PUNYA KETURUNAN DAN UDH MENENUHI USIA MINIMUM VASEKTOMI (35th) KALO UMUR 35 TH BLM PUNYA ANAK YA GABOLEH VASEK. DAN KALO UMUR BLM 35 TAPI ANAK UDH MENCAPAI BATAS MAXIMAL YA VASEK SAAT UMUR 35,2025-04-30T17:56:54.000Z,
twitter,Lagian vasek ini ada syaratnya brehhhh. Kalo anak udah 3 baru bisa dipertimbangin vasektomi. Lagian kalo keadaan kurang ya ngapain beranak banyak?? Itu anak yg udah lahir kehidupan layak aja blm dikasi sampe ngandelin bansos,2025-04-30T17:56:08.000Z,
twitter,Mau sampe kapan ngerawat mahluk bebal kalo gak ada breakthrough ultimatum gini? Gue pun pasti ikut vasektomi kalo udah nikah dan punya 2 anak nanti.,2025-04-30T17:53:36.000Z,
twitter,"nah yang lower class kebanyakan sulit diedukasi dan ga sadar diri. justru peraturan vasektomi ini udah di tahap PERLU. mau tetap dapet bansos? ya vasektomi. udah tau susah, malah punya anak lebih dari 2. gamau vasektomi? ya KERJA, siapa suruh punya anak banyak. tanggungjawab lah.",2025-04-30T17:53:35.000Z,
twitter,"Haduh, makanya programnya direvisi. Bukan BLACKMAIL tapi EDUKASI. Apalagi kalo disini yg lu tunjuk org menengah. Berarti akses informasinya lebih kejangkau. Kalau edukasi vasektomi digalakkan kayak KB dan ""2 anak cukup"" dulu, yakin banyak kelas menengah yang mau.",2025-04-30T17:52:39.000Z,
twitter,"Kenapa lari jauh ke mengontrol pertumbuhan? 
Tuh vasektomi biar yg suka makan bansos gk bikin anak lagi. Sudah susah minta bansos bikin anak yg mungkin gk bisa dia nafkahi.",2025-04-30T17:50:56.000Z,
twitter,"kalau makan aja susah ngapain masih nambah anak? KB di puskesmas gratis wahai bapak2 tdk bertanggung jawab!. syarat vasektomi pun hanya bs dilakukan kalau udh punya 2 anak, lantas setelah punya 2 anak apakah masih kurang? masih ttp gak mau gantian KB? logika lu pake",2025-04-30T17:48:02.000Z,
twitter,"Iya ga masuk akal di aku sih kak,knapa ky ngatur semua orang kudu punya anak 2 dlu baru boleh vasektomi,kok privasi diatur segitunya? Studinya tuh gmana sih pas bikin aturan ini? Padahal penduduk jg udh 280 juta jga",2025-04-30T17:43:56.000Z,
twitter,"penyuluhan KB juga udah dikasih, cuma emang udah terlalu sulit aja mengedukasi mereka. ujung-ujungnya kalau ga ada kebijakan vasektomi, ya anaknya nambah terus. banyak anak = banyak pengeluaran = kemungkinan besar bikin makin miskin.",2025-04-30T17:42:55.000Z,
twitter,"Perlu diingat ya vasektomi itu haram begitu juga kb/angkat rahim. 
Dibolehkan jika dan hanya jika. 
Seandainya istri memiliki riwayat kesehatan yg membahayakan dirinya ketika hamil. Maka diperbolehkan bagi suami utk vasektomi.
Kalo alasannya hanya ingin membatasi anak maka haram.",2025-04-30T17:42:04.000Z,
twitter,"Walaupun aku nggak suka DedMul dengan segala dramanya, tapi untuk kali ini pro. Kalau kalian mampu untuk menghidupi beberapa anak, kalian nggak akan butuh ituu bansos dan nggak perlu vasektomi",2025-04-30T17:34:38.000Z,
twitter,"Pasahal sesimpel klo mau terima bansos, ya vasektomi, kalo engga mau vasektomi ya ga terima bansos, jadi ga bikin anak banyak"". Ini cuman buat ngetrigger, lu semua bacot teori teori segala macem, padahal tujuannya itu biar orang orang miskin ga beranak pinak",2025-04-30T17:33:25.000Z,
twitter,"I mean.. if you're miskin tapi hobi ngentot sampai punya 8 anak then YES itulah penyebab mereka 'tambah' miskin, and honestly they deserved hell for that, not only vasektomi, karna anak-anaknya jadi menderita ",2025-04-30T17:32:59.000Z,
twitter,Diwajibkan untk yang mau dpt bansos hidup msh ngarepin bansos tapi berkembang biak tak terkendali Klo ekonomi msh morat-marit mbokyo mikir buat membatasi beranak pinak.Lagian vasektomi kan bkn di potong abis tuh kntl Ttp bisa ngaceg dan ngwek ampe ledes pun bisa tanpa resiko+anak,2025-04-30T17:32:27.000Z,
twitter,"Mencegah orang miskin beranak banyak  mengurangi calon populasi anak yang akan menjadi bapak nganggur/miskin lagi

Klo org yg tidak miskin tiba2 jatuh miskin ya lain cerita lah, dia ikutan vasektominya ntar pas udh butuh bansos & memenuhi syarat vasektomi",2025-04-30T17:31:33.000Z,
twitter,"Program KB, 2 anak cukup dll udah kurang lama apa dijalanin bjirrr sampe ke puskesmas dan posyandu. Vasektomi pun ada syarat nya minimal udah punya 2 anak dan usia nya diatas 30 tahun. Kesentil apa ego nya bapak-bapak yang ngewe gamau pake kondom dll?",2025-04-30T17:29:09.000Z,
twitter,"Menarik ya pembahasan ini. Di sini kalo mau vasektomi imbalannya insentif, kalau di asia timur yg angka kelahirannya rendah, pasangan yg emang GA MAU punya anak justru dikasih insentif KALAU MAU punya anak. Padahal insentif harusnya hak semua orang ga sih? Mau punya/ga punya anak",2025-04-30T17:28:01.000Z,
twitter,"Klo ekonomi msh morat-marit mbokyo mikir buat membatasi beranak pinak.
Lagian vasektomi kan bkn di potong abis tuh kontol 
Ttp bisa ngaceng dan ngwek ampe ledes pun bisa tanpa resiko nambah anak.",2025-04-30T17:24:40.000Z,
twitter,"Ada bansos utk keluarga melahirkan di Jepang, semuanya pasti dpt dgn 1 kondisi, ""akan melahirkan dan punya anak.""

Begitu juga bansos ini, semuanya dpt ketika sudah siap bersedia ikut vasektomi.

Kalau ga mau, ya ga dapat. Tujuan bansosnya kan as support, bonus.",2025-04-30T17:24:08.000Z,
twitter,Vasektomi tuh mending syaratnya diturunin ga sih kak? Kan ribet bgt kudu 35 tahun dan anak 2. Mending permudah itu aja dlu.,2025-04-30T17:23:03.000Z,
twitter,"ga mendukung sih kalo paksaan vasektomi hanya sebatas buat dapetin privilege ntah beasiswa
ini su pemangku jabatan mau ngentaskan kemiskinan dengan cara yg jelek
ini sisi lain dr ya knp orang miskin punya banyak anak",2025-04-30T17:22:13.000Z,
twitter,"Pro. Ngapain buat anak terus, setiap kebobolah nyalahin istri. Suami lah harus vasektomi",2025-04-30T17:19:27.000Z,
twitter,"Ya makanya syarat vasektomi itu sudah punya 3 anak, sebelum dilakukan tindakan ada namanya sesi konseling ditanya benar2 udah yakin apa belom, kalo si laki udah setuju dan tau resikonya ngapain dipermasalahin segitunya",2025-04-30T17:18:28.000Z,
twitter,"4. Ngebiarin kemiskinan, judol, dan pinjol, biar pada punya utang, stress dan akhirnya bunuh diri
5. Nyuruh rakyatnya KB, dan yang baru viral Vasektomi, yang bikin Pria jadi mandul dan ga bisa punya anak lagi.",2025-04-30T17:14:10.000Z,
twitter,"Aku gak mendukung pemaksaan vasektomi soalnya laki-laki atau perempuan tidak ada yg berhak dipaksa. Tapi, kasusnya di sini berhubungan sama bantuan sosial. Nah, punya anak lebih dari 2, tapi masih ngarepin bansos tuh gimana? urgensinya apa.. anak banyak, tapi gak bisa biayain",2025-04-30T17:12:19.000Z,
twitter,"tapi gw setuju sih. gw gakmau punya banyak anak, 2 anak aja menurut gw udh cukup. karena sekarang apa2 serba mahal kan. dan biar gak kebobolan mending vasektomi.",2025-04-30T17:11:52.000Z,
twitter,"Dengan banyaknya influencer yang menggaungkan ""miskin dilarang punya anak"" Dan yang lagi viral, KDM sebut program Vasektomi untuk turunkan kemiskinan, kayaknya gua mulai tau benang merahnya.",2025-04-30T17:09:25.000Z,
twitter,"Kalau mau punya anak lagi, masih bisa dilakukan vasektomi reversal. Ga bener2 dikebiri kok.",2025-04-30T17:09:02.000Z,
twitter,lagian vasektomi kan baru bisa dilakukan kalo udah punya dua anak (yg subsidi). berarti udah punya anak dlu dong itu sebelumnya,2025-04-30T17:08:45.000Z,
twitter,"- tegas buat orang yang gak mampu, lagian agus bukan target nya kesini, lo liat deh seliweran berita banyak anak tapi gak bisa biayain, sedih gak bisa biayain anak tapi doyan bikinnya, anehkan? Itu target nya, toh si vasektomi ini juga ada requirementnya.",2025-04-30T17:08:43.000Z,
twitter,"Buat yg hujat KDM dg narasi vasektomi, vasektomi ga semudah itu dodol,  Yg vasektomi yg kasus bgini, usia tdk produktif 50 keatas atau  anak bnyk.  Aturan ga seanjing itu bikin aturan asal Terima bansos pasektomi. Yg wajib itu... Terima bansos tanam pohon, bersih3 halaman rmh.",2025-04-30T17:07:39.000Z,
twitter,"ya kan vasektomi jg ga wajib in case mau bansos ya vasektomi klo anakmu udah 2, klo blm 2 ya ngapain? tp klo menghidupi anak pake bansos, masih mau nambah anak entah brp jumlahnya brt emg egois aja",2025-04-30T17:02:58.000Z,
twitter,"NGAKAK BGT KEBAKARAN SKRG, dr dlu kemana aja? emak gue bertahun2 jd kader posyandu buat buat edukasi vasektomi, penyuluhan, skrg udh mah terbuka luas blakblakan bahkan publicly massively, tapi responnya segitu doang wkwkwk, kb 2 anak lebuh baik ga dibilang ngatur? yeu",2025-04-30T17:02:32.000Z,
twitter,"i mean dari program KB 2 anak cukup itu mulai dari pil, suntik, sampe iud kan udah dibebankan ke perempuan ya. nah mungkin orang-orang takut, kalo itu semua bakal lebih parah karena tentang vasektomi aja bukan lewat penyuluhan & dukungan. tp dipake buat syarat dapet bansos",2025-04-30T16:54:50.000Z,
twitter,"tuhkan. anak di kalangan bawah tuh bukan perkara simple n segampang suruh vasektomi buat dptin bansos DEDI. itu tuh hrs dibina sudut pandangnya. ga bisa lu mandang sblh mata doang, karna lu itu sudut pandang koruptor, bukan org yg tdk berkecukupan, ya gabakal sama lah",2025-04-30T16:50:28.000Z,
twitter,"org2 yg kebanyakan yapping disini w liat2 nangkepnya berasa org miskin ga boleh beranak pinak, padahal kan syarat vasektomi setau w usia 35 dan udah punya 2 anak dulu",2025-04-30T16:48:20.000Z,
twitter,"tapi kalo dia udah punya anak 2 kak 
sekarang dia (maaf miskin) anak banyak masa mau ngandelin bansos mulu 
klo belum punya anak mah ttp dapet bansos tanpa vasektomi ka, syarat vasektomi aja harus punya anak 2 dulu.
ini tuh cara buat ngurangin rantai kemiskinan kaaaa",2025-04-30T16:44:24.000Z,
twitter,"lagian keliatan ini juga tim dia ada yang ngikutin diskursus twitter. kebijakannya tuh ""twitter"" banget.

1. Miskin dilarang punya anak
2. Laki-laki harus vasektomi

2 ini selalu jadi diskursus yang rame di twitter

emang mau nyari suara aje",2025-04-30T16:43:49.000Z,
twitter,"yaudah simple nya gausah miskin, bisa bertanggung jawab ke anak dan istri. jd lu gausah ngarepin bansos yg syaratnya vasektomi. anak banyak trs ga keurus lu pikir yg pusing siapa? ujungnya bukan cuma jd beban org sekitar lu dan pemerintah. jangan biasain punya mental pengemis.",2025-04-30T16:43:23.000Z,
twitter,"Vasektomi masih boleh punya anak kak, bukan ngelarang punya anak. Vasektomi bukan kebiri, jadi bedain. Kasihan anak kalau lahir dari keluarga yang mohon maaf miskin, hidupnya susah+terlantar.",2025-04-30T16:42:38.000Z,
twitter,"Aku sih engga mau vasektomi ya jujur. Tapi semisal istri hamil pun, gamau nambah lagi sih. Malahan utk sekarang, misal nikah (misal aja nih). Gamau utk punya anak dulu, jeda mungkin beberapa tahun. Bahkan, kalo misal istri gamau punya anak/childfree, ya setuju2 aja",2025-04-30T16:42:33.000Z,
twitter,Wah lo kaga baca ya.... lain kali cermati dulu apa yang dikomen ya... di Jabar syarat mendapatkan bansos adalah vasektomi... logikanya lo punya 2 anak cukup kan ? Bansos dapet... tapi lo anak 4 - 6 minta bansos dan sekolah gratis buat anak lo namanya MOKONDO bukan ?,2025-04-30T16:41:57.000Z,
twitter,"Somehow aku pro sama vasektomi tapi bukan hal yang untuk di paksakan, tapi serba salah juga karena orang sulit sadar banyak anak kalo ga keurus atau sengaja di buang dll kita yang jahat ke anak...",2025-04-30T16:41:38.000Z,
twitter,"Vasektomi tidak menggangu apapun, bahkan lebih aman dibandingkan perempuan yang menggunakan obat-obat kontrasepsi. 

Tambahan pula, program ini bagus karena anak-anak kedepannya akan lebih terjaga kesehatannya dan nutrisinya sehingga mengurangi risiko stunting.",2025-04-30T16:41:30.000Z,
twitter,"Pemerinta gabisa mengurangi kemiskinan, solusinya:
Membuka lapangan kerja 
Meningkatkan kualitas pendidikan 
Kebijakan pro rakyat kecil 
Kebijakan berbasis ilmu pengetahuan 
Vasektomi 

Ibarat Saru digaji tapi ga becus kerja, goblok mikir
Tapi yg korban warga",2025-04-30T16:36:34.000Z,
twitter,"ya..kan memang?? gw ada ngebenerin mereka yg miskin anak banyak, kah?

poin gw sesimpel pemerintah gaboleh menjadikan bansos menjadi suatu hal yang bersyarat untuk fakir miskin terima, apalagi dengan syarat vasektomi yang mana harusnya itu dipromosikan, bukan dipaksa.",2025-04-30T16:32:44.000Z,
twitter,"engga setuju. menikah dan punya anak itu hak setiap orang tidak bisa orang lain melarang ini.

ini lagi nomongin kewajiban vasektomi, bukan kewajiban suami. gausah lebar-lebarin diskusi ke, fokus di kewajiban vasektomi ini",2025-04-30T16:32:07.000Z,
twitter,Bukan setuju vasektomi. Tapi cobalah melakukan sesuatu agar anak dan istri terjamin hidupnya dan terjaga kesehatan. Kasihan istri yang hamil setiap tahun. Misal punya 6 anak. 12 tahun si istri hanya hamil dan melahirkan. Ga kasihan sama perempuan? Coba berpikir ke perempuan,2025-04-30T16:31:28.000Z,
twitter,Berjuang soal apa? Berjuang soal menata keluarga yang lebih humanis biar keluar dari kebutuhan hidup yg makin menggila. Terutama yang hidupnya masih ngandalin Bansos. Gtu loh. Orang saya aja yang punya usaha pengen suatu saat vasektomi. Biar gak membebani istri dan cukup dua anak,2025-04-30T16:30:44.000Z,
twitter,"Aneh bgt komen2nya. Katanya negara terlalu mengatur hal privat. HEH, KALO MISKIN JANGAN BERANAK BANYAK. MALAH BIKIN KEMISKINAN STRUKTURAL. LAGIAN VASEKTOMI MINIMAL UDAH 35TH, DAN UDAH ADA 2 ANAK. UDAH MISKIN, MAU BERANAK BERAPA BANYAK LAGI?",2025-04-30T16:30:16.000Z,
twitter,"Pro vasektomi sebagai salah satu pilihan buat KB, tapi jadi kontra (sama kebijakannya) karena gak pada tempatnya. Kayaknya kita semua sepakat ngerasa jengkel kalo ada orang udah tau ekonominya kurang (miskin) tapi malah punya banyak anak. Tapi...",2025-04-30T16:09:04.000Z,
twitter,"vasektomi juga ada syaratnya, punya anak 2, lagian buat orang yang tergolong kurang mampu mau punya anak berapa??",2025-04-30T16:08:36.000Z,
twitter,"Opini jelek, memang kenapa dengan vasektomi? Sudah tau secara medisnya belum? Justru dengan adanya ketimpangan si miskin dan kaya ini salah satu solusi agar kualitas anak di Indonesia itu lebih baik gizi terpenuhi stunting berkurang dan mencetak kualitas sdm yang bermutu.",2025-04-30T16:07:13.000Z,
twitter,"Pro, lagian bukan brrti gaboleh punya anak kan. Lo bs bikin anak 1/2 trs vasektomi. Lagian kalo ngerasa mampu beranak banyak harusnya sih mampu membiayai ya, ngapain smpe minta bansos?",2025-04-30T16:05:52.000Z,
twitter,"Guys, vasektomi itu kb, sama kayak di cewek. Bedanya ini diterapkan di cowok aja. Kalian tetapi ngaceng ngewe dll kok. Sambil gitu kalo kan bisa nabung tuh biar kalo nanti mau punya anak udah ada tabunganny, jadi anaknya gk idup miskin juga kek ortunya. Kebutuhan dia tercukupi",2025-04-30T16:05:02.000Z,
twitter,"Misal dia udah vasektomi, biar fokus besarin anak yg udah ada aja tp pemerintah gak ada nih kebijakan signifikan yg ngubah taraf hidupnya, ya sama aja boong. Tetep gabisa improve. Mending selesein masalah akarnya dulu : akses pendidikan, kesenjangan sosial, kemiskinan struktural.",2025-04-30T16:04:59.000Z,
twitter,Gw gak sebodoh itu gakbtau edukasi itu apa.. ujung ujung nya tetap sama kan menekan angka kelahiran dengan kb.. terus kenapa dari tadi lu ngotot bngt anjir.. vasektomi melanggar ham.. gak ada paksaan vasektomi selagi mampu ngurus anak,2025-04-30T16:04:21.000Z,
twitter,"Gw bisa ngetik begini karena banyak bgt hal kyk gini yg gw temuin, bahkan miris bgt anak mereka nggk bisa sekolah, makan enak, menikmati masa kecil mereka dgn baik. Kasian anak² kalian yg jadi korban. Cuma buat vasektomi aja bertele tele bgt.",2025-04-30T16:03:50.000Z,
twitter,"belum lagi ngomongin bansosnya, lalu yg punya anak 7 dan bapaknya gamau vasektomi ga dapet bansos? kebutuhan hidup dasar tuh anak2 makin ga terpenuhi, yg ada lari ke tindak kriminal demi memenuhi kebutuhan hidup dasarnya, menurutmu itu perubahan positif?",2025-04-30T16:02:56.000Z,
twitter,Gak usah bawa umat beragama bang. Sebagian ust juga bilang KB haram tapi istri terpaksa KB. Kalo mau adil berarti no KB no Vasektomi. Ya udah tahankan anak 12,2025-04-30T15:59:17.000Z,
twitter,"statement ini tuh masih bias karena bisa aja orang tersebut juga disuruh vasektomi untuk menekan angka kemiskinan, bukan cuma yg udah punya anak.",2025-04-30T15:59:12.000Z,
twitter,"Dari tadi menyimak, kok pada gak setuju sih sama rencananya? Kan bagus yak kalo vasektomi buat laki-laki miskin (gak enak ngetiknya), karena kasian calon anak-anaknya.

Terus baca ini, wahh iya juga ya",2025-04-30T15:59:06.000Z,
twitter,"udh dr jaman dulu edukasi kl 2 ANAK LEBIH BAIK. lagipula itu kan yg mau mau aja, kalo lu butuh bansos dan anak lu udah lebih dr 2 ya vasektomi. kalo lu kaya apalagi miskin tapi bisa mencukupi kebutuhan anak mau punya anak 11 ok ok aja",2025-04-30T15:56:44.000Z,
twitter,"2 anak cukup, apalagi bagi penerima bansos. lagian vasektomi dilakukan pada mereka penerima bansos yang udah punya anak.",2025-04-30T15:55:58.000Z,
twitter,"Kalau misal nanti kalian sudah menikah dan punya anak, apakah kalian bersedia vasektomi? Karena istri sudah hamil dan melahirkan? No salty pliss wkw",2025-04-30T15:54:57.000Z,
twitter,What? Bentar. Ko kamu bisa mikir gitu? Perasaan berita cmn bahas vasektomi buat yg kurg mampu dan banyak anak deh. Biar anak2nya dapet beasiswa bapaknya divasektomi dulu. Gitu gak sih???,2025-04-30T15:54:37.000Z,
twitter,"ide dedi
vasektomi: dapet bansos
ga vasektomi: ga dapet bansos

reinforcement yg mirip policy 2 anak
vasektomi: dapet bansos + insentif
ga vasektomi: dapet bansos aja

lebih sadis yg kedua?
well... ok then",2025-04-30T15:53:48.000Z,
twitter,mewajibkan vasektomi itu tanda bahwa pemerintah gagal. pemerintah lepas tanggung jawab. gk bisa menyejahterakan masyarakat miskin tapi memaksa masyarakat miskin untuk gk bisa punya anak,2025-04-30T15:53:39.000Z,
twitter,"Gw cowo dan gw pro vasektomi
Udah bilang ke mba pacar juga nanti after punya anak mau vasektomi aja biar dia ga capek2 minum pil KB, atau pasang IUD atau suntik apalah ribet

Agak ga paham juga sama cowok yang takut di vasektomi ",2025-04-30T15:52:10.000Z,
twitter,Kenapa malah melebar kemana-mana dah? Dan juga kenapa mikir against vasektomi buat syarat bansos = ngedukung mereka punya banyak anak?  Poinnya aja bukan itu,2025-04-30T15:51:17.000Z,
twitter,"Bitter truth: vasektomi ga mengatasi kemiskinan. Kemiskinan di Indonesia itu levelnya udah struktural, udah dari sistemnya. Bahkan kalau lu gapunya anak, kalau ga ada kesempatan yg lebih baik mau kerja ngos-ngosan dari subuh sampe malem jg tetep miskin.",2025-04-30T15:49:27.000Z,
twitter,kalo seperti ini sih ide KDM untuk vasektomi jadi terlihat sangat masuk akal demi kebaikan keluarga miskin itu sendiri... 8 anak sampai dikasih makan kertas lho... ini sih gila... pakai kondom bilangnya ga nyaman...,2025-04-30T15:46:27.000Z,
twitter,"Tujuan pemerintah vasektomi itu bukan ga boleh punya anak, tapi membatasi kaya lu udah punya 2 anak ya stop nambah. Kalo yang miskin nambah anak nambah beban lagi kalo ngandelin pemerintah sementara keluarga yang miskin yang perlu dibantu masih banyak.",2025-04-30T15:45:48.000Z,
twitter,"Persepsinya orang miskin banyak anak merepotkan negara? Lalu anak2 orang miskin juga pasti miskin dan semakin merepotkan di masa depan? Perlu dicegah genetik miskin, lalu jalan pintasnya vasektomi aja",2025-04-30T15:45:43.000Z,
twitter,"bukan gitu poinnya. orang miskin itu masih rakyat, masih tanggung jawab negara. kalau negara mampu mensejahterakan rakyatnya, rata ekonominya, ngga ada yg miskin melarat, pemikirin banyak anak bagi org miskin gaakan ada. kebijakan wajib vasektomi itu seolah-olah —",2025-04-30T15:45:39.000Z,
twitter,Sifatnya permanen. Vasektomi pria ejakulasi g bisa kluat sperma lagi. Misal punya anak 2 karna hal yg g diinginkan dtang ntah prrcraian atau kmalangan anaknya. Trus gmana mau balikinya?. Klo kb ce yg sifatnya non permanen aja bnyak knpa harus yg permanen ?.,2025-04-30T15:44:13.000Z,
twitter,"Lah emang selama lo hidup mau beranak pinak terus? Orang diaturannya aja minimal 35 tahun dan min punya 2 anak. Vasektomi tu lebih menghambat keluarnya sperma, sedangkan cairan ejakulasi masih bisa keluar. Saluran sperma sama saluran ejakulasi juga beda (1/2)",2025-04-30T15:43:48.000Z,
twitter,"Gak bilang you dapet bansos, gw bilang ""lu mengaharpkan dapet bansos"" opini lu tentang vasektomi sebagai paksaan. Pemerintah gak maksa rakyatnya buat vasektomi.. silahkan punya anak barapapun yg dimau asal sanggup menghidupi dalam bentuk materi",2025-04-30T15:43:33.000Z,
twitter,"orangtuanya lagi ribut debat, si istri nyuruh suami vasektomi aja biar dapet bansos, si suami nyuruh istri punya anak lagi soalnya banyak anak banyak rejeki ",2025-04-30T15:42:14.000Z,
twitter,"pasal 34 UUD 1945: 
fakir miskin dan anak-anak terlantar dipelihara oleh negara

*s&k berlaku: harus vasektomi

INKONSTITUSIONAL",2025-04-30T15:41:40.000Z,
twitter,"vasektomi ini juga gak wajib. tinggal gausah ngambil bansos klo masih mau berojol terus. berojol = mampu kan? ngapain gak mampu tp punya anak, gamikirin masa depan anaknya?",2025-04-30T15:41:39.000Z,
twitter,"Mau dibilang fasis juga aku kayanya ttp setuju aja kalo penerima bantuan miskin disuruh vasektomi. Kalo mau dibantu ya harus mau ""dibenerin"" sesuai syaratnya. Kalo org yg bisa biayain anak sih bebas mau punya anak berapa. Kasarnya: ""Yen miskin yo ojok kakehan polah.""",2025-04-30T15:41:09.000Z,
twitter,"yang mikir kalo vasektomi merampas hak hidup seseorang dan para feminis yg beranggapan seperti itu, pertanyaan gue cuma satu:

lu pada pernah ngerasain jadi seorang anak yang hidup miskin gak? yg buat bayar LKS atau beli seragam sekolah aja mesti kerja/bantuin orgtua nyari duit?",2025-04-30T15:41:03.000Z,
twitter,"se simple memahami ""berarti kalo gk vasektomi (punya anak banyak), dia org mampu dan ga butuh bansos"" tolol amat",2025-04-30T15:39:18.000Z,
twitter,"lagian vasektomi biar ga pny anak lagi, kl perawan buat apeee banggggg?? kalo tidak perawan = tidak bisa punya anak baru deh",2025-04-30T15:39:08.000Z,
twitter,"Coba dibalik logikanya. Karena banyak yang korupsi adalah PNS, maka agar anak keturunanannya gak banyak jadi pelaku korupsi di kemudian hari yang merugikan orang banyak maka setiap  PNS yang mau dapat tunjangan jabatan kita wajibkan vasektomi. Aneh aneh aja tuh logika Gubernur ",2025-04-30T15:38:56.000Z,
twitter,"lagian inti masalahnya itu kemiskinan, kok solusinya malah vasektomi... lu pikir orang miskin banyak anak itu akibatnya apa kalo bukan dari kemiskinan struktural itu sendiri, termasuk karena kurangnya akses pendidikan/informasi terkait kesehatan, KB, dll....",2025-04-30T15:37:16.000Z,
twitter,Lo bingung karena lo ga sadar bahwa orang yang nolak wajib vasektomi dan orang yang nolak punya anak banyak adalah dua orang yang berbeda.,2025-04-30T15:36:31.000Z,
twitter,"Ini kak, kasihan kan anak-anaknya. Coba aja, dia gak punya 8 anak dan vasektomi, gak akan gini nasibnya. Kalau dibilang vasektomi membuat laki-laki akan banyak melakukan hubungan intim nantinya dengan wanita lain.",2025-04-30T15:36:17.000Z,
twitter,"Jujur kasian sama istri yang hamil jarak deket. Kek badannya gak bisa istirahat. Banyak suami melarang istrinya kb apalagi dia mau ikut vasektomi. Dengan alasan ""nanti kb susah punya anak lagi"" pdhl anaknya udh banyak",2025-04-30T15:33:54.000Z,
twitter,"Aku paham kemana arah pikiran kamu, tapi ini agak melenceng konteks  sih. Soalnya ini kan yg dibahas vasektomi sbg syarat terima bansos, berarti ini konteksnya perihal pengaruh jumlah anak utk bantuan ekonomi. Kalo apa yg kamu bahas itu bukannya lebih ke arah masalah pola asuh ya",2025-04-30T15:32:47.000Z,
twitter,"Dengan adanya vasektomi, pemerintah bisa fokus ke dua anak saja dan bisa meminimalkan pengeluaran untuk bansos. Contoh kasus, ada orang tua miskin punya anak 8 dan sekarang bingung ngasih makan anaknya gimana tapi yang di salahkan pemerintah.",2025-04-30T15:30:22.000Z,
twitter,"Haram klo lu kaya. Klo lu miskin akut pengharap bansos atau ngemis ke baim wong, punya mindset banyak anak banyak rejeki tapi gapunya konsep cuma berlandaskan pasrah tanpa ilmu, maka vasektomi perlu dengan didampingi petugas medis terpercaya",2025-04-30T15:29:07.000Z,
twitter,"eksploitasu anak dll. Vasektomi, bisa dilakukan karna sudah punya anak 2 dan umur 35 bukan orang miskin, benar-benar gak bisa punya anak, tujuan vasektomi agar bisa mengendalikan angka kelahiran. Semakin banyak anak, maka semakin sulit orang miski membiayai anaknya kak.",2025-04-30T15:23:07.000Z,
twitter,"Mending skrng itu fokus perkuat data masyarakatnya, klu keluarga sudah punya 1 anak dan ketika hamil anak ke 2 terus kategori keluarga itu miskin buat program si ibu wajib pasang KB.
Lebih make sense dari pada vasektomi yang GK punya anak permanen.",2025-04-30T15:21:53.000Z,
twitter,"Negara berdosa kalau seperti itu, Ka. Hak mereka itu. Vasektomi itu bagus. Semua kaum kalo bisa. Beberapa negara yang butuh populasi memberikan tunjangan untuk warganya yang mau memiliki anak. Nah, kenapa gak adopsi seperti itu saja. Berikan insentif kepada mereka yang mau.",2025-04-30T15:21:35.000Z,
twitter,"Yuk, kita diskusi ya kak, jika pemerintah tegas dengan vasektomi banyak dampak baiknya, bansos yang diberikan kepada orang yang tepat, nurut dengan kebijakan karna dua anak itu cukup, mengutamakan kualitas daripada kuantitas, akan menguranginya kriminalitas seperti mencuri —",2025-04-30T15:17:40.000Z,
twitter,"Lah kan lu duluan? Lu bilang vasektomi haram. Loh haram mana sama ga bisa nafkahin anak tp beranak teros? Lu juga bawa anak2 lo terus pdhal ga ada yg nanya.
Kesian anak lo bapaknya ngang ngong doang begini",2025-04-30T15:17:24.000Z,
twitter,"Kalo syarat vasektomi dari BKKBN itu buat yg minimal punya 2 anak dan usianya>35 tahun, apa yg dibawah usia itu ga bakal terus bereproduksi? trus bisa ga mereka dapet bansos kalo dikaitin sama vasektomi?",2025-04-30T15:16:23.000Z,
twitter," saya akan membantu dgn memberi info ada KB vasektomi, Pak. jgn bebankan harapan pada anak yg ga bisa milih lahir dari keluarga mana https://x.com/aniesbaswedan//aniesbaswedan/status/1917561203452436556…",2025-04-30T15:16:00.000Z,
twitter,"Kali ini gw setuju sama si dedi, kalo realistisnya emg ga mampu gak usah banyak anak atau gak usah punya anak sekalian. Lagian kalo vasektomi kan crot dalem terus, enak tuh kontolnya!",2025-04-30T15:15:54.000Z,
twitter,"Kalau misalkan: bansos yang reguler tetep jalan aja seperti biasa tapi.. buat semua yang mau/sudah vasektomi amount bansosnya dikali 2 misalnya. Bagaimana menurut netizen?

(Note: vasektomi aturannya hanya boleh kalo udah 2 anak)",2025-04-30T15:15:14.000Z,
twitter,Peraturan nya kan kalau mau dapat bantuan harus vasektomi. Mungkin akan ada keringanan seperti jika sudah ada anak 1 atau 2 . Baru di wajibkan. Orang kaya tidak butuh bantuan ya bung. Mereka bisa membiayai 5-6 anak nya sampai kuliah.,2025-04-30T15:15:12.000Z,
twitter,"bansos itu untuk yang kurang mampu kak. kalo buat diri sendiri aja susah seharusnya jumlah anaknya juga ga lebih dari yang bisa ditanggung. kalo mampu ya gabutuh bansos, mau ga vasektomi pun, mau punya anak berapapun, selama merasa mampu menanggung yowes",2025-04-30T15:09:50.000Z,
twitter,"Saya dukung program Vasektomi bahkan kalau perlu adakan program kebiri aja sekalian untuk semua kalangan laki laki di Indonesia Pak, bukan hanya untuk yg miskin, kasihan drpd pas udah dewasa anak anaknya pada ngetweet "" Ayah kenapa aku terlahir WNI""",2025-04-30T15:08:17.000Z,
twitter,"kan tinggal di-adjust aja kak detailnya. Misal nih ya, misal, wajib vasektomi setelah punya 2 anak. Kan jadinya selaras dengan program KB, dan secara hak juga mereka tetep bisa punya anak, tapi dibatesin, murni buat kesejahteraan anak2nya mereka.",2025-04-30T15:07:59.000Z,
twitter,"Ini maksudnya. Disuruh vasektomi tuh biar gak banyak yg begini. Dikasih bansos yg cuma seadanya, harusnya cukup buat anak 2 malah dibagi ke 12 anak. Mana cukup????",2025-04-30T15:05:34.000Z,
twitter,"KB dalam perempuan itu ga permanen ya, pil KB yg diminum atau IUD yg ditanam di rahim itu bisa dilepas apabila jarak kelahiran anak sudah bisa diatur.. Vasektomi itu memotong alur sel sperma sehingga tidak bercampur air mani..

Vasektomi TIDAK SAMA dengan KB pada perempuan..",2025-04-30T15:04:29.000Z,
twitter,"Anak-anak di lampu merah memang menyayat hati. Tapi jawaban atas itu bukan memaksa orang tuanya vasektomi, melainkan memperkuat perlindungan sosial dan edukasi KB yang sukarela. Paksaan atas tubuh tidak akan menyelesaikan kemiskinan—justru memperdalam luka struktural.",2025-04-30T15:04:26.000Z,
twitter,"Ada orang yg miskin tapi gk punya anak, apakah mereka tetap vasektomi juga? Mikir",2025-04-30T15:03:40.000Z,
twitter,"Makanya baca dulu dari tweet yg gw reply.  Statement ""orang miskin jangan punya anak"" ini diprotes karena dianggap punya anak itu hak. Menurut ts, orang miskin dan kaya harus sama2 diuji kemampuan finansial masa depannya, supaya fair. Jadi ts bukan protes soal vasektomi",2025-04-30T15:02:23.000Z,
twitter,"Pemerintah, terutama yg statusnya tinggi, seharusnya menyelesaikan masalah dari akar fundamental nya. Bukan malah kasih solusi sementara yg gaakan menyelesaikan akar masalah. Apa dengan vasektomi bisa menyelesaikan masalah kemiskinan dan banyak anak?",2025-04-30T15:02:06.000Z,
twitter,Subhanallah. Ada yg vasektomi ada yg anjurkan agar bisa bekerja dimana saja ada lagi yg jangan punya anak. Lebih dari Tuhan orang jaman now!,2025-04-30T15:00:02.000Z,
twitter,"Padahal Vasektomi itu biar gak punya anak aja padahal, bakal tetep bisa digunakan dg normal kok anunya. Kok pada gamau itu kenapa coba ? Udah mah vasektomi gratis, habis operasi nya dikasih duit, bisa dapet bansos juga. Coba bandingkan dg kb perempuan. ",2025-04-30T14:59:58.000Z,
twitter,"Gw malah melihat kalo kebijakan ini ada, nanti yg miskin semakin miskin karna nekat punya anak gapapa gadapet bansos,trus yg aslinya mampu dan berniat childfree pada vasektomi sekalian biar bisa dapet bansos ",2025-04-30T14:59:05.000Z,
twitter,"Kalau anaknya dikit, gk bakal dipaksa kb kok. Miskin jg berhak punya anak, tapi kalau jumlah anak sudah terlalu banyak dan anda sebagai orang tua gk bisa memenuhi kebutuhan anak tsb, maka disarankan vasektomi.",2025-04-30T14:58:35.000Z,
twitter,"bener kak. Dikira pemerintah masalahnya orang miskin dan KB saja. Padahal pemerintah perlu mikirin pembangunan supaya bisa jd negara maju, dll. Justru bagus kalau ada proker vasektomi kayak gini. Di edukasi KB 2 anak ttp jadi, mau ga mau harus tegas ya vasektomi!",2025-04-30T14:56:12.000Z,
twitter,"dengan jumlah penduduk terbanyak yah, menurut gue program nya udah bener. diteriak""in kb aja masih banyak kok orang yg nikah muda di jabar tuh, yg bikin anak dalam kondisi miskin/kurang mampu. udah paling bener juga laki-laki vasektomi drpd dibikin mpreg",2025-04-30T14:49:55.000Z,
twitter,Soalnya udah kejadian ada seorang suami yang kasihan melihat istri melahirkan oleh karena itu beliau vasektomi eh si suami malah diselingkuhi oleh si istri dan si istri hamil anak selingkuhan nya,2025-04-30T14:48:45.000Z,
twitter,"VASEKTOMI ITU BUKAN BERARTI GAPUNYA ANAK BEGO. Tolol bgt riset aja gamau udh berani komen sana sini. VASEKTOMI ITU BUKAN BUAT MEMBERANTAS, TAPI MENCEGAH. Ini jg bukan anaknya yg dibunuh bego banget anjir",2025-04-30T14:47:52.000Z,
twitter,Soalnya udah kejadian ada seorang suami yang kasihan melihat istri melahirkan oleh karena itu beliau vasektomi eh si suami malah diselingkuhi oleh si istri dan si istri hamil anak selingkuhan nya,2025-04-30T14:47:37.000Z,
twitter,"Kalau ini setuju banget. Bagus kalau dibuat sistem yang bisa evaluasi anak di keluarga ini terlantar atau nggak. Kalau iya, ortu harus dipaksa vasektomi sekalian. Cuma sulit sih. Karena ini baru jadi maksa",2025-04-30T14:47:19.000Z,
twitter,Vasektomi atopun tubektomi itu sifatnya harus sukarela atas keinginan/kesadaran orgnya. Krn klo dipaksakan misal ada efek samping operasi gmn? Lbh setuju buat penerima bansos yg msh nambah anak bansos distop.,2025-04-30T14:46:57.000Z,
twitter,Wkwkwk para perempuan harusnya bisa lebih setuju karena bisa menjaga hormon dan fisik lebih baik. Lagian vasektomi beda sama kebiri ngapa yg laki pada takut ya. Gua aja kepikiran nanti kalo dah punya anak cukup.,2025-04-30T14:46:29.000Z,
twitter,"kalo edukasi doang belum tentu terealisasikan masalahnya.
Lagian syarat vasektomi max 2 anak, ngapain? mau nambah anak lagi? udah miskin nambah anak lagi? wtf!?",2025-04-30T14:46:27.000Z,
twitter,"intisari: 

-Kalau logikanya berangkat anak punya hak hidup enak, berarti sebelum punya anak semua calon ortu harus dicek kestabilan ekonominya di masa depan.

-Edukasi vasektomi beda dengan maksa orang miskin vasektomi untuk mendapatkan HAK Bansosnya.",2025-04-30T14:45:24.000Z,
twitter,"Sebagai pembela KDM garis keras, aku mau lurusin beritanya ya kak, karena ini berita udah disinformasi + menjurus ke fitnah.
Vasektomi hanya utk ortu penerima bansos. Kalau memilih ga terima bansos ya ga usah vasektomi.
Memiliki anak dalam kemiskinan adalah kebodohan.",2025-04-30T14:45:18.000Z,
twitter,"For real. Emang bakal jd sebuah kejahatan klo mewajibkan semua org mau miskin mau kaya buat vasektomi. Tp klo emang KEADAAN LAPANGANNYA udh separah itu apa ya ga ada usahanya? Bahkan ini aja ga diwajibkan loh, simpel bgt klo ngerasa butuh bansos ya berarti hrs cukup anak 2.",2025-04-30T14:44:35.000Z,
twitter,"Bikin anak tapi anaknya gak diurus itu bukan kebebasan namanya tapi ketololan !!

ngapain lu bawa-bawa HAM cuma perkara vasektomi aja alay bukan main and orang indo tuh emang wajib digituin supaya sadar, kalau gak gitu yah mana bisa sadar, minimal mikir ",2025-04-30T14:43:22.000Z,
twitter,"klo gue pribadi pro, karena menurut gue vasektomi solusi yg tepat utk jangka panjang. Skrg ini banyak bgt orang yg ngga mampu secara finansial tp anak byk, akibatnya byk anak terlantar/ga keurus",2025-04-30T14:42:13.000Z,
twitter,"Kalau kasusnya begini bagaimana? Aku ga setuju dengn keharusan vasektomi supaya dapat bansos. Tapi kalau anaknya sudah segini banyak sampai memberi makan pun tidak bisa, vasektomi harus di paksakan, melahirkan anak hanya untuk menderita di dunia juga termasuk pelanggaran HAM imo",2025-04-30T14:40:24.000Z,
twitter,"ngomongin ham, tiap anak yg lahir jg berhak loh dapet kualitas hidup yg baik. 

ini langkah tegas pemerintah. Ga vasektomi = ga nerima bansos, berarti ybs secara sadar siap punya anak & siap ngasi kehidupan layak buat anaknya.",2025-04-30T14:38:24.000Z,
twitter,"Tapi emang kureng efektif dalam mengurangi populasi anak anak miskin sih, bisa jadi bapak bapak ngide bikin banyak anak dari berbagai wanita baru vasektomi",2025-04-30T14:38:13.000Z,
twitter,Iye kenapa sih bapak bapak yg ga bisa nafkahin  anaknya yg banyak itu ga mau di vasektomi? Malah mau nambah anak lagi. Kalo bau bansos ya vasektomi kalo kagak mau ya udah ,2025-04-30T14:37:48.000Z,
twitter,"Saya ada rencana vasektomi, tp istri masih pengen punya 1 anak lagi.",2025-04-30T14:34:25.000Z,
twitter,"Untuk neken angka kelahiran dari kalangan bawahnya gw setuju
Tapi caranya aga kurang setuju sih, vasektomi itu kan permanen orang/keluarga kadang ada aja yang taraf hidup, knowledge parentingnya ngedadak naek, kalo tiba2 pengen punya anak tp udah kepalang mandul gimana ",2025-04-30T14:29:44.000Z,
twitter,"kebetulan background ku kespro ya kak, baru banget tadi pagi diskusi ini sama dokter-dokter, kami setuju akan adanya vasektomi utk warga miskin (apalagi miskin struktural). sebenernya buat apa sih? utk menekan laju pertumbuhan anak yg ‘berpotensi’ terlantar dan gak ke urus",2025-04-30T14:29:31.000Z,
twitter,Uud45nya revisi tuh. Fakir miskin dan anak terlantar dipelihara negara asalkan mau vasektomi,2025-04-30T14:29:20.000Z,
twitter,Lagiankan ga semua cwo langsung di vasektomi itu kan ada kriterianya juga dr bkkbn biasanya yg udh punya anak lbh dr 3 dan usia di atas 35 ciw mnrt gw sah sah aj peraturan bgtu biar ga tambah hidup susah hrus ngidupin anak di usia tua,2025-04-30T14:26:03.000Z,
twitter,"mangkannya itu bg di adain program ini.

ga vasektomi = ga dapet bansos, berarti ybs udh siap pumya anak dan siap memberikan kehidupan layak buat anaknya.",2025-04-30T14:25:59.000Z,
twitter,"Mngenai vasektomi bukannya ada S dan K Kak
Kan mgkin dbatasi (klo suda pny)anak cukup 2 laki perempuan sm saja,baru vasek
pemerinta kyk e mnganjurkan (mmng dsana statemennya kyk e agak ke perinta spy mndpatkan bonus bagi yg stuju vasek
Y klo sy si g stuju vasek la piye blum nika",2025-04-30T14:25:57.000Z,
twitter,"Gw pernah ngomongin ini bjir ""gw setuju semisal vasektomi/kontrasepsi apapun"" asal setidaknya dah ada anak 1 biji lah. Karena takutnya nih kepikrian buat ada anak setelah kb baik cewe ato cowo takut ga kesampean (umur nanti tuaaaaaa) dan it's oke kataknya",2025-04-30T14:25:41.000Z,
twitter,Vasektomi syaratnya di usia 35. Sepuluh thun lagi usianya 45 istrinya mungkin usia 40 kita asumsikan jarak usia pasutri 5 thn. Di usia segitu emg msih mau nambah anak?,2025-04-30T14:24:22.000Z,
twitter,"Ga salah gw nangkepnya dr doorstop itu, 
- Anak banyak, miskin berhentilah beranak (which is KB, uda dr lama)
- Kbnya, pake lah vasektomi. Jgn bebankan pada wanita doang. Which is very true. Wanita udah bnyk berkorban. Vasektomi lbh efektif dn efisien

Ude ye gw mo nonton drakor.",2025-04-30T14:23:12.000Z,
twitter,"nah itu, udh tau ekonominya rendah, kok ya malah nambah beban dgn punya anak?? tujuan program ini tu buat membatasi jumlah anak. ga vasektomi = ga dapet bansos, berarti ybs udh siap punya anak, dan siap memberikan kehidupan layak buat anaknya.",2025-04-30T14:23:01.000Z,
twitter,"Vasektomi aman dan gak bakal bikin badan rusak karena hormon gak stabil sedangkan KB perempuan banyak efek buruk buat tubuh. Kebanyakan cowo gak mau pake kondom karena gak nyaman, giliran istri hamil kelimpungan cari nafkah karena banyak anak akhirnya istri yang pusing atur uang",2025-04-30T14:22:20.000Z,
twitter,"Vasektomi aman dan gak bakal bikin badan rusak karena hormon gak stabil sedangkan KB perempuan banyak efek buruk buat tubuh. Kebanyakan cowo gak mau pake kondom karena gak nyaman, giliran istri hamil kelimpungan cari nafkah karena banyak anak akhirnya istri yang pusing atur uang",2025-04-30T14:22:20.000Z,
twitter,"Terlepas dari semua, aku tetep dukung vasektomi, tapi juga harus dibarengi dengan usaha pemerintah buat ngasih peluang pekerjaan untuk usia produktif, juga pendidikan memadai untuk para anak yang sudah ada. Biar beneran teratasi itu kemiskinan untuk jangka panjang :')",2025-04-30T14:21:49.000Z,
twitter,"artinya gaksuka dengan kebjakan bansos dengan syarat wajibnya vasektomi. simple kenapa org org jadi mikirnya perdebatan ini jadi bahas individu orang miskin, padahal gada yg sepakat kalo gabisa jamin hak anak boleh punya anak sebanyak mungkin. Mau kaya atau miskin pun ya sama aja",2025-04-30T14:20:48.000Z,
twitter,"kemarin nembak nugi, apakah dia mau kb vasektomi saat nanti nikah dan sudah punya anak. awowkwo mukanya cemas panik karena blm tau prosedur dan efek samping kb di perempuan, setelah dijelasin dia baru mau (tp kayaknya biar cepet aja drpd dengerin ceramahan gua kan)",2025-04-30T14:20:15.000Z,
twitter,"Klo gak mau vasektomi, alasannya apa? Vasektomi tu syaratnya udh punya anak min 2, bukan dilarang punya anak. Klo alasannya masih mau beranak, emgnya mampu ngidupin? Skrg aja masih butuh bansos. Kebijakan ini bagus: mencegah anak lahir kurang gizi, bahkan sampe kerja di bwh umur.",2025-04-30T14:19:37.000Z,
twitter,"Ya banyak. Ini aja gw liat 3 media  mengangkatnya berbeda (kepaksa gw liat pdhl males). Yg door stop interview, gw br liat, dia angkat soal ANAK BANYAK. bukan ga blh beranak. Dia jg blg soal vasektomi, pria yg ""maju"" soal KB jgn cm dibebankan pada wanita.",2025-04-30T14:19:30.000Z,
twitter,"lagian goblok banget anjir. bahkan nakes pun kalo ada ibu yg habis melahirkan dg jumlah anak yg banyak cuman bisa nyaranin buat segera kb, tp kalo ibu yg disarankan menolak yaudah ga ada unsur paksaan. nah itu siapa gubernur ga ada hak buat maksa orang vasektomi perkara bansos",2025-04-30T14:18:54.000Z,
twitter,"Lah kan dia disuru vasektomi kl udh punya anak 2 dan kl mau nerima bansos, kl merasa mau punya anak lebih ya terserah tp ga dapet bansos kelar kan",2025-04-30T14:17:39.000Z,
twitter,"as a man, ku setuju. ku juga rencana nnti pas udah mapan dan punya 2/3 anak bakal lakuin vasektomi. karena vasektomi sendiri setauku cuman ga subur doang(CMIIW). lebih parah efek samping KB",2025-04-30T14:17:04.000Z,
twitter,"berarti cowo tuh emg doyan ngewe ya, vasektomi aja pada gamau wkwkw
giliran cewe kb dibilang ""ya itu harus biar ga kebobolan"" heh, sel telur itu bisa jadi anak kalo ketemu sel sperma yang masih aktif masih subur. Kalo lo pada ga vasektomi masih ngewe keluar dalem ya ttp kebobolan",2025-04-30T14:13:43.000Z,
twitter,"vasektomi adalah salah satu metode kontrasepsi yang tersedia dan bahkan dipromosikan di Tiongkok selama kebijakan satu anak. Pemerintah menyediakan akses gratis ke berbagai alat kontrasepsi, operasi aborsi, dan sterilisasi, termasuk vasektomi",2025-04-30T14:09:49.000Z,
twitter,"Ka vasektomi juga ada syarat nya, pasangan yang belum punya anak ga diperbolehkn, minimal punya anak 2, udah sesuai ketentuan sistem kb Indonesia, jadi apa salah nya, selama ini perempuan terus yang di suruh kb, hormon kita jadi amburadul, vasektomi itu hampir ga ada efek samping",2025-04-30T14:08:51.000Z,
twitter,"Anak disuruh ngamen, ngemis, busung lapar, minum air teh buat ganjel lapar??come on, itu bukan hak reproduksi itu udah jatohnya ngorbanin masa depan anak. So for me, vasektomi (after punya 2 anak) itu bukan sekadar paksaan tapi bisa jadi bagian dari social responsibility.",2025-04-30T14:08:21.000Z,
twitter,"Minimal gak ngehasilin anak² yg bisa aja kehidupan kedepannya bakal gak damai krn jd anak selingkuhan, lagian vasektomi kaga bikin kebal HIV/IMS jd kalo cowok lu msh celap celup ya emg orgnya aja yg rusak moga² kena hiv",2025-04-30T14:06:56.000Z,
twitter,"Gw ngerti sih, isu vasektomi ini sensitif bgt especially when it comes to body autonomy. Semua org berhak ngatur tubuhnya sendiri itu prinsip yg gw jg pegang. Tp sorry to say, gw jg lelah bgt lht realita di lapangan byk orang tua miskin pny anak byk, tapi gk bs ksh hidup yg layak",2025-04-30T14:06:16.000Z,
twitter,"Kl dr BKKBN sendiri, laki2 yg mau melakukan vasektomi syaratnya sdh menikah dan sudah punya min. 2 anak
Untuk yg buat makan aja susah, harga kondom lumayan mahal, yg gratis itu KB buat perempuan, jadilah perempuan yg lagi2 hrs berkorban",2025-04-30T14:04:48.000Z,
twitter,"Jauh lebih baik lagi kalo semua warga jabar
Di vasektomi setelah punya 2 anak
Knp kemiskinan di jadikan tolok ukur vasektomi?  Jaminan si miskin bakalan miskin terus apa?",2025-04-30T14:04:35.000Z,
twitter,"Gw blm nikah, tapi kalo nanti udah punya 2 anak pengen vasektomi, biar kalo crot gak was2 kebobolan ",2025-04-30T14:04:13.000Z,
twitter,"Gw sih ga setuju ya
Lebih setuju kalo semua warga jabar wajib ikut program KB 2 anak lsg vasektomi jadi ga cuma nyasar ke yg miskin
Lu kira hdp ada jaminan yg kaya bakalan kaya terus dan ya wajib KB?",2025-04-30T14:02:51.000Z,
twitter,"Padahal dari dulu mau org gak mampu dan mampu sudah dibilang 2 anak lebih baik, pas apa-apa perempuan yg dipaksa kb sampe steril, kenapa pas laki disuruh vasektomi pada heboh bener giringan nya.",2025-04-30T14:02:36.000Z,
twitter,"Kak meleekk. KB dipaksakan sudah dr lama. Dr mulai kb 2 anak cukup itu udah maksa perempuan. Skrg beliau bikin aturan yg kasi pilihan ke lakinya jg. Ga ada yg maksa. Ga mau vasektomi ya tahan, bukannya tau miskin beranak 11. PNS dah dr lama tunjangan cma d kasi buat 2anak",2025-04-30T14:01:59.000Z,
twitter,"bang lu ngerti konteks ga si? ini kan vasektomi ada syaratnya, anak udh 2 dan umur dah cukup, dan termasuk kategori miskin. klo lo layak, ga ush ribut. orang miskin ini yg perlu dikendalikan, biar gada kemiskinan yg mereka bawa lagi k anak2 mereka",2025-04-30T14:01:31.000Z,
twitter,"Plis enlighten me, gw ngiranya vasektomi ini buat keluarga kurang mampu yang punya lebih dari 2 anak, biar minimalisir penelantaran anak, kalo cewek kuliah beasiswa justru bagus tanpa punya anak dulu justru bagus ya?",2025-04-30T14:01:31.000Z,
twitter,"Ngakak lagi liat pemerintah bikin aturan ga adil sih..
Kalo KDM blg warga jabar wajib ikut program KB maksimal punya anak 2 terus vasektomi 
Naaah itu adil.. kalo si miskin di paksa sedangkan si kaya engga mah goblok namanya",2025-04-30T14:00:52.000Z,
twitter,"Stop beranggapan vasektomi buat burung lu gak bangun anjing. Okelah, punya anak itu hak setiap orang. Tapi lu pernah nanya gak ke Ibu lu pngnnya punya anak berapa? Mau punya anak berapapun itu hak semua org, tapi sanggup gak ngasih hidup yg layak ke anak?",2025-04-30T14:00:50.000Z,
twitter,"Kayaknya pada salah kaprah soal vasektomi? 
Vasektomi bkn berarti gaboleh punya anak sama sekali lho, syarat vasektomi aja harus ud punya anak 2, ada jarak usia minimal dsb gitu :"")

Fungsinya sama kayak KB = menekan populasi, & bisa menekan by hidup jg kalo ga banyak anak :"")",2025-04-30T13:56:16.000Z,
twitter,"Iya bener sih, aku juga mikir gitu. Vasektomi tuh bukan soal ga mau punya anak, tapi lebih ke tanggung jawab aja. kalo udah ngerasa cukup dan realistis soal kemampuan. Toh anak bukan cuma lahir doang, tapi juga soal ngasih kehidupan yang layak.",2025-04-30T13:54:55.000Z,
twitter,"Prosedur vasektomi juga termasuk simpel, pemulihannya juga tidak lama, dibandingkan pil KB dengan sederet panjang efek samping (selembar besar koran), atau bedah yg jauh lebih besar (perut bawah dibuka) seperti tubektomi utk perempuan. Kalau anak sudah cukup sudah bisa kb.",2025-04-30T13:54:40.000Z,
twitter,"MOW buat perempuan resikonya besar, pakai metode kb lain ngaruh di hormonal yang ga semuanya bagus (perdarahan berlebih, bb naik) dan belum tentu 100% bisa menunda/mencegah kehamilan
Kalo takut vasektomi, kenapa ga takut buat menekantarkan anak kalo emg kondisi ekonomi kurang?",2025-04-30T13:54:34.000Z,
twitter,"Mungkin w bias tp yg w fokusin dr wacana vasektomi ini adalah bagaimana pemerentah/KDM ngasih tau bahwa punya anak itu ada konsekuensi yg seharusnya dipikirin oleh si ortu bahkan sebelum anak itu tercipta

Dan kebijakannya nanti juga menurut w gaakan sekaku wajib/nggak",2025-04-30T13:53:33.000Z,
twitter,"Lo kayanya rajin kajian, kajian dmn si. Di islam ga haramkan KB. Yg haram itu kalo lo childfree. Lagian vasektomi wajib buat YANG MAU BANSOS, udh pny 2 anak dan 35 tahun ke atas (wanita udh risiko tinggi utk hamil). Kalo gamau nrima bansos ya gpp ga maksa",2025-04-30T13:34:33.000Z,
twitter,"Yg pakai KB vasektomi rata2 yg emang berpendidikan kak. Sorry to say, yg kurang wawasan emang faktanya agak susah disuruh mikir nalar dan susah diajak kerjasama. Padahal perihal anak itu bukan tanggung jawab istri doang",2025-04-30T13:30:31.000Z,
twitter,"Terlepas kebijakan yang lagi kontroversial 

Vasektomi bukan berarti udah gak bisa punya anak ",2025-04-30T13:29:54.000Z,
twitter,"Hei lelaki miskin! Ayo vasektomi supaya anak tidak banyak dan berujung terlantar, insentifnya anakmu yang udah terlanjur lahir negara kasih beasiswa.

SJW: pemaksaan vasektomi kepada keluarga miskin blablabla.",2025-04-30T13:29:46.000Z,
twitter,"Kan concern-nya ke keluarga gk mampu dngn anak bnyk... 
Klo gk diizinkan vasektomi, berarti blm pnya 2 anak, kan?
Yah otomatis dia gk masuk ke target harus vasektomi dong. Ttp bisa dapat bansos seharusnya.

Gmn sih pertanyaan kmu? Dicerna dlu deh alur aturannya gmn. ",2025-04-30T13:27:23.000Z,
twitter,"Banyak yg ga paham konteks trus main samber. Pdhl kalo di lapangan yg beranak banyak itu kompleks. Ada yg udh anak 10 kita datengin. Ternyata mereka udh coba berbagai metode kb, vasektomi pun udh & ternyata gagal, tetap punya anak setelah vasektomi. Mereka ga mikir sampe sini.",2025-04-30T13:27:14.000Z,
twitter,"mau bahas dari sisi kesehatan reproduksi tapi agak panjang. singkatnya, peraturan ini ‘tidak’ menentang hak reproduksi dan bukan berarti mengatur otoritas tubuh. vasektomi itu pilihan salah satu cara utk menekan laju ‘kualitas’ hidup keluarga dan anak yang baik",2025-04-30T13:26:44.000Z,
twitter,"betul.. yg aku tau juga vasektomi kan syaratnya banyak, gak di perkenankan klo blm menikah atau blm punya anak... tapi mungkin yg di highlight lebih ke gmna caranya kelola bansos tanpa harus intervensi 'badan org' dan menaikan taraf hidup dengan pembenahan lapangan kerja dsb",2025-04-30T13:24:48.000Z,
twitter,"Loh, memang dg mewajibkan orang kismin vasektomi biar dapat bansos bukan pikiran ngaco? Menyedihkan. Diskriminatif. Banyak anak gak harus banyak uang, negara punya andil menjadikan seorang anak tumbuh produktif atau tidak. Salahin negaranya, bukan orang kisminnya.",2025-04-30T13:23:13.000Z,
twitter,"Vasektomi itu bentuk tanggung jawab. Punya anak bukan lomba banyak-banyakan, tapi siap gak buat ngasih hidup yang layak. Karena anak tuh butuh dirawat, bukan cuma dilahirkan.",2025-04-30T13:22:45.000Z,
twitter,"program bagus tp mungkin penyampaiannya kurang tepat sehingga mancing, ini buruk
vasektomi is good broh. gua klo dah punya anak jg mending vasektomi daripada istri gua yg harus KB, efeknya lebih ngeri perempuan, ga akan tega gua",2025-04-30T13:22:29.000Z,
twitter,"terlepas segala kontroversinya.
program ini bagus sebenernya, bisa mutus rantai kemiskinan
anak dapet beasiswa, ortunya KB
ga nambah anak lagi, vasektomi juga ga memberikan efek buruk buat si pria
ga nambah beban hidup lagi, anak bisa dpt pendidikan dgn beasiswat",2025-04-30T13:22:28.000Z,
twitter,"-- syarat vasektomi punya anak min 2, artiny selama dia miskin & hanya punya 2 anak akn ttp dpt bansos, diharuskan vasektomi bagi yg punya anak lbh dr 2 tp ttp mau dpt bansos, fair enough?",2025-04-30T13:19:31.000Z,
twitter,Vasektomi harus udah ada 2 anak duluan kan,2025-04-30T13:18:57.000Z,
twitter,"Hadewhhh... Baca beritanya secara keseluruhan gak?
Syaratnya apa aja?
Yg boleh vasektomi tuh MINIMAL udah PUNYA ANAK 2.
Usia minimal 35 th + secara ekonomi tidak mampu, ada potensi si anak tidak terpenuhi hak²nya.
Anak gizi buruk tuh sangat mempengaruhi kecerdasannya di masa dpn.",2025-04-30T13:18:46.000Z,
twitter,"1. Akses pendidikan makin susah kalau ortunya gak sadar dia punya banyak anak tapi nggak punya duit cukup untuk memenuhi kebutuhan sekolah
2. Again, kalau emang kekeh gak mau vasektomi ya harus sadar kalau dia butuh banyak uang buat nompang ekonominya

Ini udah ke akar sih imo",2025-04-30T13:18:34.000Z,
twitter,"Makanya gw bilang, justru pembatasannya di bpjs udh bener. Cuma menanggung sampe anak ketiga. Kalo mau diubah jd 2 silakan. Bansos pun sama, bisa diatur spy bansos yg diterima hanya sampai anak kedua, cost utk pemerintah terkontrol & gak pake modal vasektomi di depan.",2025-04-30T13:18:12.000Z,
twitter,"lah justru bagus di vasektomi, mau dikasih makan& pendidikan apa anak lu klo miskin ajg",2025-04-30T13:15:47.000Z,
twitter,"Jadi antum maunya rakyat miskin makin banyak anak gitu? Padahal program KB adalah utk mengendalikan jumlah penduduk. Udah dijelaskan dlm videonya KDM, yg di vasektomi adalah pria yg anaknya sdh banyak. Tapi antum mah gak ngerti juga bahasa sederhana.",2025-04-30T13:14:03.000Z,
twitter,"Vasektomi sama kebiri beda bang, vasek masih bisa di balikin jadi lu udah kaya mau punya anak 2 lusin tinggal operasi asal ga ke tuaan aja",2025-04-30T13:13:02.000Z,
twitter,"benerin mindset dulu cowo2 yg patriarki. emg hidup bakal tamat klo lo cuma punya anak 1/2 tok? lagian klo lo pd vasektomi ga bakalan nurunin hasrat atau apalah itu. ga usah marah-marah gajelas, mendingan pahami bener2 tu artikel.",2025-04-30T13:12:55.000Z,
twitter,"Pernahma dengar penjelasannya tpi seingatku bisaji, soalnya vasektomi nda bersifat kek tatoo, klu vasektomi bisaji dioperasi klu mau punya anak lagi, wallahu a'lam",2025-04-30T13:12:28.000Z,
twitter,"Aku paham sama sudut pandang kalian. Kemiskinan itu masalah struktural. Menjadikan vasektomi sebagai syarat bansos itu kaya nyembuhin gejalanya aja, tapi bukan akar penyakitnya. Kalau dirunut akar masalahnya, kita bakal melihat banyak anak bukan cuma satu2nya faktor—",2025-04-30T13:11:20.000Z,
twitter,"Syarat vasektomi cukup punya 2 anak, klo lebih dari 2 anak artinya elu yg gatau diri, maksa beranak pinak tp masih miskin mulu",2025-04-30T13:09:51.000Z,
twitter,"syarat vasektomi itu punya anak minimal 2, artinya selama dia miskin dan hanya punya 2 anak akan tetap dapat bansos, diharuskan vasektomi bagi yang ingin punya anak yang lebih dari 2 tapi ttp ingin mendapatkan bansos",2025-04-30T13:09:46.000Z,
twitter,"kalau gak mau ya gpp kak. itu kan syarat wajib Penerima bansos. kalo gak mau vasektomi ya gak dapet bansos. simple!!! kan bansos mah gak seberapa, kalau milih utk punya anak banyak berarti kan mampu utk membesarkannya juga doong. gak perlu bansos lah ya. wkwkwkwk",2025-04-30T13:08:55.000Z,
twitter,"syarat vasektomi itu punya anak minimal 2, artinya selama dia miskin dan hanya punya 2 anak akan tetap dapat bansos, diharuskan vasektomi bagi yang ingin punya anak yang lebih dari 2 tapi ttp ingin mendapatkan bansos",2025-04-30T13:08:45.000Z,
twitter,"haram mana sama ngga ngasih anak istri hidup layak? jadi gapapa anak banyak tapi kelaperan, daripada vasektomi untuk mengurangi kemungkinan miskin berkelanjutan?",2025-04-30T13:06:48.000Z,
twitter,"@grok
 apa vasektomi bisa punya anak lagi?",2025-04-30T13:05:47.000Z,
twitter,GAK ADA YG MAKSA JUGA GAES!! kalo mau dape bansos & bantuan lain dari pemda ya salah satu syarat ya vasektomi yg sdh punya 2 anak & ketentuan syarat lain. KALO GAK MAU vasektomi atau KB lain ya gapapa tapi kan jangan minta bansos!!,2025-04-30T13:05:08.000Z,
twitter,"Miskin banyak anak salah, ada pemerintah hadir kasih ide vasektomi dibilang monyet fasis, oh Twitter pernah menjadi tempat orang pintar diskusi, namun nasibmu kini.",2025-04-30T13:05:07.000Z,
twitter,Vasektomi haram. Menelantarkan anak juga haram. Membandingkan dua hal yang haram tidak menjadikan salah satunya jadi halal.,2025-04-30T13:02:59.000Z,
twitter,"oh yaudah maklum, mungkin bisa belajar lagi mas, di artikel itu dibaca lebih cermat lagi, udah di jabarin juga kok. Sebagai anak hukum, pada penafsiran pasal itu ga ada kaitannya juga apabila adanya vasektomi untuk mendapatkan beasiswa, gurbenur juga tidak ada “paksaan”",2025-04-30T13:01:18.000Z,
twitter,"simply kebijakan ini tuh melanggar HAM, orang miskin pun manusia punya hak atas tubuh mereka sendiri, ga boleh ditekan apalagi buat nerima apa yg udah jadi hak mereka. kami yg kontra tuh cuma menekankan hal sederhana ini dan udah pasti paham juga klo vasektomi x g bleh punya anak",2025-04-30T13:00:45.000Z,
twitter,"Alasannya cukup logis kok, kalau ada keluarga terima bansos, brati gak mampu, kalau gak mampu, ya punya anaknya dibatasi dong.. kalau gak kasian anak dan ibunya.. dan suami harus bertanggung jawab untuk itu, makanya vasektomi, jangan si ibu yg disuruh pake alat.",2025-04-30T12:59:03.000Z,
twitter,"Mungkin karena sebelumnya udah baca kalo syarat vasektomi di Indo itu minimal udah punya anak 2, gue jadi lebih pro sih soal ini. Tentunya perlu bikin peraturan yang lebih detail buat memastikan kebijakannya beneran manusiawi. Idk someone should made pros vs cons list",2025-04-30T12:38:42.000Z,
twitter,"Inilah yg sering dilupain org org, unlimited creampie aka vasektomi tuh pas lu udh punya cukup anak yaitu 2, bukan berarti gak dibolehin punya anak sm sekali. Tp kl casenya omongan si Demul gue gak peduli samsek alias gmn kalo dia dikebiri aja.",2025-04-30T12:37:28.000Z,
twitter,"pro aku mah, lagian kan dpt fasilitas negara ya hrs ikut aturan lah. kl mau pny bnyk anak tp ttp dpt subsidi y maruk. vasektomi kl bnr kan mmg ngebantu kita planning keluarga. kl ngerasa intervensi ke tubuh, bikin perjanjian aj, once pny anak lg, g blh dpt subsidi, tp pst g adil",2025-04-30T12:36:41.000Z,
twitter,"Nah, aku juga mikir gini, udah ada 2 anak, kan, ya...

Menurut kaka yg vasektomi harus cowo yg miskin saja atau semua tanpa melihat status ekonominya??",2025-04-30T12:35:57.000Z,
twitter,"Lama2 setandar kemiskinan di Rekiblik Wakanda : ""Ikut KB/Vasektomi"" apa gak? "" 
Yg tdk ikut KB/Vasektomi dianggap tdk miskin dan tidak berhak mendapatkan Bansos/Bea siswa? Karena syarat untk menjadi ""Gakin"", adlh pengangguran, banyak anak dn ikut KB/Vasektomi untk dpt bansos?",2025-04-30T12:34:16.000Z,
twitter,"Anak lapar > kasih makan gratis
Anak lapar tuh kasih kerjaan ortunya biar makan semua, dikira yg gede mkn angin

Orang punya anak ga bisa nafkahi disuruh donas tapi vasektomi, kasih kerjalah lah anjg

Kek rakyat tuh dipaksa buat mental miskin sama bodo bgst",2025-04-30T12:34:13.000Z,
twitter,Aku dah baca syarat vasektomi dan betul syaratnya harus minimal pny 2 anak. Tapi syarat lain jg umur di atas 35thn. Kalau program ini jalan nanti orang miskin d bwh 35thn ga bisa dapet vansos dong karena ga bisa vasektomi? Apa gimana?,2025-04-30T12:33:32.000Z,
twitter,Gubernur Konten ini lama lama diluar jalur.  Syarat yang jelas maksimal 2 anak cukup kan enak. Kenapa pake vasektomi? Kalo anaknya meninggal gimana kalo pingin punya anak lagi ?,2025-04-30T12:33:11.000Z,
twitter,Terus? Itu juga ada aturan 2 anak duluan kan kan sebelum vasektomi. Kalau merasa MAMPU lebih dari 2 anak tapi gak+ gak mau vasektomi ya jangan ngarepin bansos,2025-04-30T12:33:09.000Z,
twitter,"Dedi Mulyadi Wajibkan KB Vasektomi Jadi Syarat Beasiswa Anak, Seperti Apa? | #DediMulyadi #Vasektomi",2025-04-30T12:32:59.000Z,
twitter,"Mmg rencana kbijakan vasektomi ini sgt nir-perikemanusiaan. Tp dgn mncoba menambah mmbwa manusia baru, nmun kondisi ekonominy yg sdg berpotensi mjd miskin itu jg kurang etik.

 Blm lama di twt ada yg buang anak didlm kardus di taruh depan pabrik.",2025-04-30T12:32:22.000Z,
twitter,"Jadi menurut saya cukup bijak sih kebijakan vasektomi tersebut, khususnya bagi kalangan rakyat miskin. Let's be real here, pemerintah juga dari dulu kan sudah menghimbau untuk ga usah punya banyak anak tapi hasilnya ga memuaskan.",2025-04-30T12:28:06.000Z,
twitter,"Vasektomi adalah salah satu bentuk KB. Pasangan muda yang sudah punya anak dua (sesuai program pemerintah) tetapi tidak ingin memasang KB di perempuan dan tidak ingin seks dengan kondom, maka laki-laki bisa vasektomi agar KB dan seks tanpa kondom tetap bisa dilakukan.",2025-04-30T12:26:38.000Z,
twitter,"vasektomi/hentikan bansos
pilihan yang tepat ketika ada orang miskin sudah punya anak dua

kalo merasa miskin, vasektomi
kalau merasa ga miskin, hentikan bansos",2025-04-30T12:26:17.000Z,
twitter,"ang kamu twit, sebelum kamu edit, bilang orang miskin gaboleh punya anak, darimananya gaboleh punya anak, wong syarat vasektomi sendiri minimal punya 2 anak. Justru kamu harusnya baca dulu, apa syarat vasektomi, jangan disimpulin orang miskin gaboleh punya anak",2025-04-30T12:25:22.000Z,
twitter,"Tapi kan kamu ga miskin kan? Ya it is fine. Mau anak dirimu 100 kl ga miskin ya fine fine aja. Maksud yg vasektomi ini kan buat yg miskin tp maruk anaknya mau lebih 2 
Kalo mau ditambah sosialiasi fine fine aja tp tetep butuh ketegasan peraturan biar ga sembarang beranak",2025-04-30T12:24:25.000Z,
twitter,"Gamau vasektomi, tapi gamau juga keluar diluar. 

Maunya yang cewe terus pakek KB. Adil kah begitu? Wkwk.

Bagusss aja kok pendapat KDM. Artinya supaya sadar! Kalo mau punya anak KUDU FARDU SATTLE.",2025-04-30T12:23:39.000Z,
twitter,"Coba lo cari tau kenapa dia nyuruh vasektomi, pinter dikit napa, cari di sosmed nya. Dia pernah ketemu sama bapak² anak nya 11 msih dlm kandungan 1, anak nya dsuruh jualan, disuruh KB jawab nya nnti solat istikhoroh dlu. Lo tuh dongok",2025-04-30T12:23:27.000Z,
twitter,"digalakkan dan dipaksakan itu berbeda, tolol!

sekarang lu pikir ya, ini laki2 dipaksa vasektomi demi keluarganya bisa makan, lah kalo kaga mau? yg kena istri dan anaknya juga, mikir, tolol!

kebijakan ini justru merugikan perempuan dan anak, pikir yg bener, jangan reaktif doang!",2025-04-30T12:23:07.000Z,
twitter,"Saya mempertimbangkan vasektomi karena anak udah 2. Cowok&cewek lagi. Tapi liat animasi nya jadi linu  
Lagipula kalau di agama Islam,nampaknya ini menyalahi aturan agama.
Baiknya sih berunding dulu sama MUI.",2025-04-30T12:22:13.000Z,
twitter,"Mulai dari vasektomi itu bukan aib tapi tindakkan medis yg legal. Galakkan vasektomi gue setuju, tpi klo dgn cara wajib vasektomi buat dpt beasiswa itu mah pemaksaan. Korelasi beasiswa buat sekolah vs vasektomi biar gk pnya anak apaan?",2025-04-30T12:20:52.000Z,
twitter,Syarat vasektomi aja begini. Ya sesuai lah sama program KB 2 anak cukup,2025-04-30T12:20:02.000Z,
twitter,"Sebagai  “KB mantap”, Dokter Nur menyarankan bahwa vasektomi harus dilakukan atas keyakinan penuh untuk tidak punya anak lagi.",2025-04-30T12:19:24.000Z,
twitter,Vasektomi kan syaratnya 2 anak ya sama kayak kb. Lagian kalau memang program ini bisa membantu kehidupan pendidikan 2 anak tersebut bukannya bisa lahirin generasi emas dengan pendidikan matang walau ekonomi terbatas? Terusnya emang kalian mau punya anak sampe berapa?,2025-04-30T12:01:56.000Z,
twitter,"Caranya itu yg gak etis mancing² org utk vasektomi pake bansos & beasiswa anak. Itu hak & privasi setiap pria mau di Vasektomi atau gak. Klo emang gak mampu & ngerasa gak sanggup ngurus anak banyak, ya tau diri gtu jaga nafsu & pake kondom. Gw aja bukan orang Jabar udh di OMP -",2025-04-30T12:01:37.000Z,
twitter,"coba dibaca lagi mas beritanya, bukannya bansos untuk sekolah ya itu? lagian vasektomi bisa dilakukan jika sudah punya anak dan gamau nambah anak lagi kok mas",2025-04-30T12:00:34.000Z,
twitter,Gw dari dulu gak masalah buat pasangan lain yang ingin punya anak atau pakai alat kontrasepsi apapun itu bentuknya sekalipun gw anti sama vasektomi atau pil kb. Tapi gw gak melarang atau memaksa orang harus vasektomi atau pil kb untuk kontrasepsi. Kenapa??,2025-04-30T11:59:53.000Z,
twitter,"mas, syarat vasektomi juga harus udah punya anak dan merasa 'cukup' dengan jumlah anak yg dia punya saat itu. dan mas, saya  ga mempermasalahkan syarat2 bansos dll, saya hanya berbicara dari sisi keuntungan bagi perempuan jika suaminya mau vasektomi",2025-04-30T11:59:10.000Z,
twitter,Loh kak kan syarat vasektomi minimal yg sudah punya anak 2. Emang orang yang tergolong miskin mau punya anak berapa dah? Sedangkan punya anak 2 itu biayanya juga udah gede lohhhh :),2025-04-30T11:58:01.000Z,
twitter,"pro, krn istrimu bukan pabrik anak dan kalo anaknya uda lahir malah sambat karna gada biaya.. giliran disuruh buat vasektomi gamau, tapi pas bikinnya hajar gas weh sampe jadi. apalagi in this economy &also in this country, take ur own risk bruhh, bikinnya aja seneng masa sambat??",2025-04-30T11:56:19.000Z,
twitter,"punya anak 2, habis tu vasektomi.",2025-04-30T11:56:10.000Z,
twitter,"Vasektomi itu untuk lelaki berkeluarga dengan 2 anak. Memang 2 anak kurang bang? ""Vasektomi yang merugikan kaum pria"". Memang KB ""tidak merugikan kaum wanita"" bang?. Memang anda pikir KB itu ga bahaya untuk kaum wanita?. ""Reproduksi adalah hak prerogatif dari Tuhan""",2025-04-30T11:56:08.000Z,
twitter,Apakah dengan Vasektomi kemiskinan bisa berubah? Ga. Miskin ya miskin aja. Yg di berantas tuh miskin nya bukan punya anak nya,2025-04-30T11:55:54.000Z,
twitter,"Aku setuju program vasektomi,tapi gak pake syarat begitu. karena gak semua orang miskin itu di sebabkan banyak anak.
Kemiskinan itu lebih banyak di sebabkan oleh pejabat yg korup dan kemiskinan struktural yg di ciptakan oleh pemerintah.",2025-04-30T11:49:49.000Z,
twitter,"Dan kalo ditanya kenapa gak pake kondom? Logikanya beli buat keseharian pokok aja susah apalagi kondom. Nentang"" masyarakat miskin gak boleh punya anak tapi gak bisa baca syarat mengikuti program vasektomi. Skrang pada kasus beasiswa, kan yang di vsektomi bapaknya bukan anaknya.",2025-04-30T11:49:32.000Z,
twitter,"Kalau penerima bansos yang single disuruh vasektomi auto hancur ekonomi negara, bang. Besides, jarang ada yang berencana punya anak ke-3 sama ke-4 saat ekonomi lagi begini",2025-04-30T11:49:15.000Z,
twitter,"Ya byk. Edukasi udah, bantuan udah. Wanita diminta kb setelah melahirkan sampe anak 2 sudah. Nah setalah pny anak 2 ya gantian yg laki yg vasektomi kl g mampu. Vasektominya jg mulai digratiskan di berbagai daerah. Kurang apa lag? 

Dasarnya aja byk g mau vasektomi krn patriarki",2025-04-30T11:49:12.000Z,
twitter,"Vasektomi bukan untuk semua laki laki, tp untuk lelaki yg udah berkeluarga, biar gak bikin anak banyak,klo mampu biayai sih gak masalah, tp klo gak mampu ya kasihan si anak nya, di pahami dulu laah, gak dikit dikit nrocosss",2025-04-30T11:49:02.000Z,
twitter,"Sebenernya sih ya, semua tergantung dr individu tinggal di bantu aja gratiskan vasektomi jika ada yang mau. Better buka lapangan kerja dulu banyak skrg yang udh ngeluh susah cari kerja & terlanjur punya anak banyak.",2025-04-30T11:48:04.000Z,
twitter,"didnt exactly understand why.... vasektomi kan simply menghilangkan sel sperma, penis mereka masih bisa cum? masih bisa having sex? lagian kan... kalo punya anak, yang susah anaknya... yang susah negara kenapa kok persyaratan ini melanggar hak asasi manusia?",2025-04-30T11:47:47.000Z,
twitter,"menurunkan birth rate dg vasektomi ""paksa"" itu cara kuno yg keluar dari pemimpin malas mikir, cukup jadi negara maju dg tingkat pendidikan tingga, udah cukup membuat orang ""malas"" punya banyak anak",2025-04-30T11:47:46.000Z,
twitter,"padahal vasektomi kalau emang ekonomi dia udah oke banget dan mau punya anak lagi bisa kok disambung lagi salurannya :)) ntah mereka mikirnya gimanaa, fungsi titit pun masih oke kok kalau vasektomi.",2025-04-30T11:47:37.000Z,
twitter,"Gini loh, slama ini pemerintah tuh udh ada dr lama KBnya. Udh penyuluhan juga, vasektomi jg dr lama ada. Tapi dgn ga dipaksa nyatanya rakyat miskin msh byk yg pny anak. Makanya gedeg gt, akhirnya dipaksa. Soal lapangan pekerjaan ada, cm dr mreka suka males jg",2025-04-30T11:47:34.000Z,
twitter,Iya aku setuju soal vasektomi ini untuk kalangan bawah dalam rangka membatasi jumlah anak. Cuman memberi insight kemungkinan kenapa vasektomi diributkan.,2025-04-30T11:44:04.000Z,
twitter,"cacat logika banget opininya. 

- ada dalilnya?
- bansos adalah bantuan pemerintah buat masyarakat yg tidak mampu. sayarat vasektomi sndiri hrs sudah punya anak minimal 2 dan seizin istri. ingin anak lebih dr dua berarti secara finansial sudah hrs cukup dan bukan golongan",2025-04-30T11:41:42.000Z,
twitter,"Pria Ini Sudah Vasektomi tapi Miliki Anak Lagi, Dokter Harus Bayar Hampir Rp1 Miliar",2025-04-30T11:40:25.000Z,
twitter,"Jangka pendek emang bagus, kok, tapi gak akan menyelesaikan masalah secara keseluruhan. Bayangin aja kamu punya tumor, tumor meski udah diangkat tetep harus dikasih obat dan perawatan, kan? Nah kebanyakan anak tuh ya gini kasusnya, vasektomi cuma jawaban cepat aja",2025-04-30T11:37:02.000Z,
twitter,"Km mikirnya tlalu kmn2. Klo di awal km blg itu paksaan, jelas bukan. Trs lanjut ke hak2 org miskin. Dmn2 hak dan kewajiban hrs sejalan biar adil. Org2 beranak byk tp ga bs membiayai pdhl itu tanggung jwb sbg ortu. vasektomi utk mencegah anak makin byk utk kaum tsb. Adil mnrtku",2025-04-30T11:36:45.000Z,
twitter,"Ni lagi opini tolol. Ga ada yg maksa buat vasektomi. Gubernur memberikan pilihan, kalo gamau yaudah. Lebih jahat mana punya anak tapi ga bisa mencukupi kebutuhannya?",2025-04-30T11:36:42.000Z,
twitter,"Syarat vasektomi: punya 2 anak, apakah doi permanen? Enggak, bisa balik lagi antara 1) bedah perbaikan atau 2) balik sendiri — kalo ga kontrol ke dokter. “kalo mau punya anak 3 gimana ” ya pindah sana ke kalimantan noh ga usah di jabar ",2025-04-30T11:36:33.000Z,
twitter,"Kalau sudah vasektomi, orang gak bisa punya anak lagi. Karena banyak opsi lain, ide vasektomi itu sangat konyol.",2025-04-30T11:36:20.000Z,
twitter,"sebenernya simple sih kak, misal ga butuh bansos ya ngga perlu vasektomi juga. toh vasektomi kan ada syarat2nya juga, salah satunya sudah punya dua anak. jadi ya ga serta merta memaksa rakyatnya vasektomi",2025-04-30T11:36:14.000Z,
twitter,"yang blg gabole punya anak gaboleh nikah sapa dah? lo ini kalo mau kritik kencengin literasi dulu dah bang. kebijakan vasektomi enih juga punya syarat ga asal semua org miskin di kb in. umur harus diatas 35, udah punya anak minimal 2, persetujun istri dan miskin",2025-04-30T11:36:14.000Z,
twitter,Vasektomi itu ada syaratnya yg harus dipenuhi juga. Dia bilang yg punya anak keempat atau kelima minta bantuan operasi sesar. Yang mana mau beranak itu harus punya tanggung jawab penuh. Kalo biaya persalinan aja nggak sanggup gimana mau biayain anak?,2025-04-30T11:32:35.000Z,
twitter,"Kb dan vasektomi beda jauh. Jangan lu samain. Kb bisa off kapan aja, vasektomi? Selamanya coy. Kalo lakinya nikah lagi karena istri meninggal terus istri barunya mau anak dari si laki gimana? 

Bullshit yg ngomong vasektomi bisa dibalikin. Kalopun bisa, emg duitnya ad? Chancenya?",2025-04-30T11:32:12.000Z,
twitter,berargumen pake kata2 kasar argumen kosong tak berisi mending pulang ke ortumu dan minta makanan bergizi untuk support perkembangan otakmu. In the end of the day kau pun tak menyanggupi kasi makan anak dr laki2 yg nolak vasektomi meski kesusahan kasi anaknya makan toh ,2025-04-30T11:31:51.000Z,
twitter,"baca dulu ketentuan vasektomi baru komen. klo lo merasa mampu besarin lebih dari 2 anak ya artinya ekonomi lo bagus, ngapain masih minta bansos klo mampu?",2025-04-30T11:31:40.000Z,
twitter,"Sampai saat ini aman belum nambah anak lagi, kalau tetiba kecolongan paling vasektomi sih.. but ngilu nya sebulan itu lho bikin takut. ",2025-04-30T11:30:57.000Z,
twitter,"syarat vasektomi udah punya anak maksimal 2, bukan gaboleh punya anak sama sekali. ini lama2 jadi aplikasi kandang monyet ya koar2 gak jelas. konsepny ya kalo lo bisa punya lebih dari 2 anak artinya lo yakin ekonominya mampu, ngapain minta bansos kalo mampu?",2025-04-30T11:29:57.000Z,
twitter,gueh salah satu orang yang gak suka beliau tapi ni reading comperehen kalian kemana sih itu dia mencanangkan vasektomi tuh buat bapak2 dari keluarga miskin biar gak bikin anak lagi. karena ibaratnya ni orang bikin anak mulu tapi idup ngegantungin dari bansos,2025-04-30T11:29:27.000Z,
twitter,Vasektomi gratis btw di beberapa daerah karena program pemerintah. Kalo nolak vasektomi krn lo mau anak lebih 2 ya berarti lo ngerasa mampu ngapain minta bansos? Kok maunya dimanjain terus apa apa dibiayain negara tapi ga mau introspeksi diri mampu ga sebelum beranak,2025-04-30T11:25:15.000Z,
twitter,"sekarang coba lu pikir, ada dua tipe orang tua, yg A peduli dengan pendidikan anak, yg B tidak peduli dengan pendidikan anak.. lalu yg A setuju untuk vasektomi demi anaknya, yg B tidak setuju dan bodoamat.. anak2 yg A berhasil meraih pendidikan tinggi, anak2 yg B cuma tamatan SMP",2025-04-30T11:25:02.000Z,
twitter,ditambah syarat vasektomi biar gratis harus min. punya anak 2?? hadeeeeeeeeee negara gila,2025-04-30T11:24:31.000Z,
twitter,"poin utamanya ada di MANDATE. setolol tololnya yg punya anak belasan tp gabisa kasih makan anaknya, ttp aja gabisa diwajibkan buat vasektomi. sedangkan bantuan negara emang udah kewajibannya negara",2025-04-30T11:24:22.000Z,
twitter,"Gue pun selalu komen kalau ngerasa belum mampu financial dan mental ya gak usah punya anak anjir, cuman kan ini sebatas komentar aja bukan gue nyuruh lo jangan hamil biar lo gue kasih abc. Kalau orang mulai nyuruh pemerintah bikin iklan atau anjuran vasektomi kek kb sih oke",2025-04-30T11:23:42.000Z,
twitter,wkwkwkwkwk tolol! giliran perempuan disuruh kb pada diem?? laki di suruh vasektomi yg minim bgt efek samping di bilang belanggar otoritas(?) gaada anak yg minta dilahirin jd orang MISKIN,2025-04-30T11:22:32.000Z,
twitter,"Pikirin lagi coba, dia punya duit dia mampu ngapain vasektomi?, tujuan vasektomi kan biar org susah ga nambah anak, hidup lagi susah malah nambah anak pikirin lah anaknya gimana nanti. Anak 2 tuh cukup dan buat didik dan besarinnya ga mudah",2025-04-30T11:22:14.000Z,
