platform,komentar,timestamp,sentimen
twitter,"kalo kaya gitu artinya kan ada kompromi internal. mungkin ttp ada suami2 yang ga maksa istrinya kb. tapi kalo tentang negara yang maksa, suami maksa/ga maksa, kamu harus ttp kb. case ini simetris sama vasektomi yang lagi jadi diskursus",2025-05-01T02:43:33.000Z,
twitter,"mau nya jalanin saja UUD
rakyat miskin dan terlantar ditanggung negara.

apakah ada embel2 harus vasektomi ?

apa yg terjadi jika semua freechild.
negara tanpa penduduk ?",2025-05-01T02:42:09.000Z,
twitter,"mitos: gak bisa ngapa2in lagi dong? masih tetep bisa yaa, impoten? enggaa, coba dibaca lagi. banyak di threads laki laki udh mencoba vasektomi sebagai bentuk salah satu support utk istrinya, krn ga harus semua2nya itu perempuan.",2025-05-01T02:39:57.000Z,
twitter,"terus setelah vasektomi apa? iya mereka dapat bansos, tapi yakin kalo itu akan mencukupi kebutuhan mereka? harus tetap disediakan lapangan kerja kan? sistem harus tetap dibenahi kan? iya kalo gak dikorupsi dan bansos berjalan benar. kalo setelah itu lepas tangan gitu aja gimana?",2025-05-01T02:39:45.000Z,
twitter,"nooo, kamu harus ngerti kenapa mereka bebal, gitu aja dulu. mindsetnya harus dibenerin, banyak dari mereka bebal karna KB seperti bertentangan dengan ajaran agama dan atau vasektomi disamakan dengan kebiri, maka promotif nya harus menyasar ke 2 isu ini kak bukan yg lain",2025-05-01T02:39:45.000Z,
twitter,"jadi gemana pasal dengan orang miskin dan terlantar dipelihara negara ?
NB = syarat harus vasektomi ????",2025-05-01T02:39:39.000Z,
twitter,"ya dikasih bansos, tapi tetep harus vasektomi supaya anaknya ga nambah jadi 4 5 6 7 begok",2025-05-01T02:38:24.000Z,
twitter,"Gue sbg laki2 heran knp lu pada kyk cacing kepanasan kalo ngmgin vasektomi. Knp si? Kalo semisal mau punya anak lg kan ada yg reversible? (well meski ktnya kadang fail)

Lagian, sebagus apa sih genetic makeup lu? Segitu cakepnya kah sampe harus diturunkan ke manusia lain? Wkwkwk",2025-05-01T02:36:35.000Z,
twitter,"Tanpa vasektomi pun, seorang pria sudah hilang pride dan maskulinitasnya kalau dia sampai harus menerima bansos. Kerja woiii, mungutin botol plastik juga bisa jadi duit, nunggu pemerintah mah sama aja kaya mana duluan, ayam atau telor?",2025-05-01T02:25:34.000Z,
twitter,"Rakyat : Pemerintah tolong cari solusi mengatasi kemiskinan
pemerintah : oke kami kasih bansos
rakyat : horeee... 
pemerintah : tapi syarat dapat bansos harus vasektomi 
rakyat : .......",2025-05-01T02:22:52.000Z,
twitter,"Saya iyakan saja, tapi saya sebenarnya usul tidak harus vasektomi tapi syarat keluarga penerima bansos harus jadi peserta KB, baik  vasektomi, tubektomi, atau setidaknya IUD (untuk keluarga yang sudah punya 2 anak).",2025-05-01T02:21:48.000Z,
twitter,"Gue juga heran knp yg cenblu cenblu pada marah padahal udah jelas yg anaknya 2, bukan yg brrti g ad anaknya harus vasektomi",2025-05-01T02:21:36.000Z,
twitter,"Nah yg kyk gini nih, vasektomi aja ga cukup, harus di steril kykny ",2025-05-01T02:19:51.000Z,
twitter,Kalau syarat bansosnya harus vasektomi sebenarnya itu bukan lagi pilihan. Itu namanya pemaksaan yg trselubung. Tdk semua paksaan harus kayak aturan satu anak di Tiongkok. Tiongkok aja sdh revisi aturannya.,2025-05-01T02:17:29.000Z,
twitter,"walaupun pendapat kita beda, tp gue setuju vasektomi semi maksa ini konsepnya mirip sm harus vaksinasi buat diterima di sekolah. karena dr kmrn banyak yg denial bilang beda jauh. well, emang ga 100% plek plekan, tp secara konsep mirip.",2025-05-01T02:11:03.000Z,
twitter,"imho, mungkin memang kita harus tolak kebijakannya, tapi juga harus lantang bersuara buat sosialisasi vasektomi ini ke rakyat indonesia.",2025-05-01T02:07:16.000Z,
twitter,"laki-laki tuh emg mostly pd kyk tai ya? perkara syarat terima bansos harus vasektomi aja ngamuk2nya kyk apaan, segala blg pemerintah udah mengatur ranah privat. yeee monyet! perempuan dr dulu jg udah kb segala macem jenis, kaga ada tuh kita koar2",2025-05-01T02:06:43.000Z,
twitter,"Ubah undang undang dulu kalo gitu di undang2 bilang orang miskin dipelihara negara kok ga ada harus KB 
Yg jelas blm dilakukan negara itu mencerdaskan kehidupan bangsa, itu dulu kalo masyarakat udah di edukasi mau vasektomi kek mau child free pasti sdh dgn sendirinya tersadarkan.",2025-05-01T02:06:40.000Z,
twitter,"vasektomi memang solusi, tapi harus atas kesadaran pribadi. bukan paksaan, apalagi yang maksa negara, lewat kebijakan yang merebut hak orang miskin atas pendidikan dan jaminan kesehatan.",2025-05-01T02:05:11.000Z,
twitter,"Lagian vasektomi itu syaratnya harus udh punya anak dulu, dan ada minimal usia anaknya juga baru boleh vasektomi.

Bansos beasiswa juga kan ditujukan ke anak, kalo blm ada anak ya buat apa dpt beasiswa dan gak usah vasektomi juga",2025-05-01T02:04:46.000Z,
twitter,"Vasektomi utk bansos dicounter minimal kasih sekolah gratislah.. lah kan udah ada itu sekolah gratis, dicounter lagi ya sekolah swasta harus gratis juga. Karepnya penduduk Indonesia itu semua gratis yak? Weeehh weehh weeehh",2025-05-01T02:04:27.000Z,
twitter,"iya kak. makanya menurutku memang harus di kaji lagi, jangan sampe mereka mau vasektomi biar dapet bansos aja. kalo kayak gitu, ya mereka ttp nyaman dalam kemiskinannya",2025-05-01T02:01:23.000Z,
twitter,"hadeh susah ngomong sama cowo patriarki, lagian itu syarat nya kalo udh punya min 2 anak goblogg. lu ga pernah liat apa orang yang (maaf) kurang mampu, terus anaknya banyak sampe mereka harus jualan diumur yang masih muda banget. dikira vasektomi bkal motong titit lu kali ya",2025-05-01T01:59:50.000Z,
twitter,"belum lagi kak, kalau misalkan program bansos harus vasektomi itu beneran di setujui dan berjalan, bisa aja dikecam sama  dunia karna melanggar HAM",2025-05-01T01:58:30.000Z,
twitter,"intinya lu takut dan gamau kalo harus vasektomi, straight to the point aja sih mas gausah bawa bawa orang miskin ",2025-05-01T01:55:13.000Z,
twitter,"aku pribadi sangat setuju dengan program vasektomi, tp dengan dikaitkannya dengan penerimaan bansos sepertinya harus dikaji lagi.",2025-05-01T01:54:43.000Z,
twitter,"Enggak, itu si alun kaya, bisa beliin anaknya rubicon. Tp anaknya jadi beban masyarakat, mukulin org lain. Harusnya yg diharusin vasektomi bukan cuma penerima bansos, krna ngebesarin anak itu bukan cuma harus kuat secara ekonomi aja",2025-05-01T01:53:11.000Z,
twitter,"Ya emg kalo miskin mau punya berapa anak sih??? Vasektomi pun harus udah punya 2 anak. mau punya berapa anak lagi? Mau beranak lagi tapi minta bansos tuh maksudnya 'kita tetep mau ngewe tembak dalem dan menghamili istri, tapi pemerintah yg urus anak kita' gitu?",2025-05-01T01:53:00.000Z,
twitter,"Kl cewe harus kb berarti gapapa? Tp kalo cowo ga boleh soalnya masuk ranah privat? Simply kl lu mampu berarti ga harus vasektomi, udah tuh gabakal deh diobrak-abrik ranah privat lu",2025-05-01T01:49:15.000Z,
twitter,bukan setuju atau engga vasektominya tapiapakah vasektomi itu dipaksakan atau engga. kontrasepsi kaya gitu tuh harus suka rela tanpa adanya tekanan. jangan sampe melanggar uu tpks,2025-05-01T01:48:43.000Z,
twitter,"Lapangan pekerjaan ditambahin, sulit bro kalau populasi gk terkontrol lo liat srilanka, pemeritntah susah payah ngebuat loker krn populasinya gak terkontol. Jd kesadaran rakyat harus ada. Kalau gak mau vasektomi ya sudah sadar diri 2 anak aja ckup. Nytanya apa bebal kan",2025-05-01T01:44:49.000Z,
twitter,"Gw sederhana aja.

Hal yg harus diperhatikan soal vasektomi ini adalah apakah pantas seorang anak dilahirkan untuk mengalami penderitaan oleh ketidaksiapan lingkungan tempat ia dilahirkan?",2025-05-01T01:44:09.000Z,
twitter,"Penerima vasektomi gratis itu dia harus sudah menikah dan punya 2 anak, udah sesuai saran negara. Terus kalau gamau vasektomi ya gausah terima bansos ege ribet amat hidup lu, hidup ngandelin bansos aja sok pengen punya anak? Mikir! kucing liar aja suntik mati kalau kebanyakan",2025-05-01T01:43:46.000Z,
twitter,"Iyaaa kalo kita liat sisi positifnya sih, sebenernya vasektomi bagus untuk menekan kelahiran dan ngajak laki-laki turut serta ke program kb. Jadi ga sepenuhnya kb itu dibebankan ke perempuan

Iyasih sekali lagi langkah kebijakannya harus bener-bener bijak, kalo cuman menekan-",2025-05-01T01:43:35.000Z,
twitter,"aturan harus vasektomi itu untuk dapetin bansos buat yang ga mampu, menurut kamu orang yg ga mampu itu bisa menghidupi anaknya jika terus beranak pinak tanpa dikontrol?

oke i admit it cara nya yg memaksa itu salah, tp menurut km harus gmn ya biar mereka mau vasek dgn sukarela?",2025-05-01T01:40:25.000Z,
twitter,"Pdl ya ada batasan min umur jg lho  harus punya anak 2, yg miskin blm punya anak ya gk ada kewajiban vasektomi. Lagian malah menguntungkan gk sih, gak takut kebobolan  dpt bansos. 2 anak aja cukup. Kenapa kok keknya takut banget vasektomi.",2025-05-01T01:38:55.000Z,
twitter,Makanya vasektomi harus disosialisasikan juga biar joss tapi ga pakai embel embel bansos ya,2025-05-01T01:38:11.000Z,
twitter,"Yg ditakutin syarat bansosnya kak, masa iyh anaknya dpt KIP bapaknya harus vasektomi, kalo bapaknya takut gimana? Kasian anaknya nanti jadi ga kuliah",2025-05-01T01:37:31.000Z,
twitter,"Terus kalo yang takut vasektomi, karena mereka gak tahu tentang vasektomi bagaimana, edukasi vaksin ajah pemerintah masih banyak yang gagal, apalagi vasektomi, masa mereka harus gak menerima haknya, terus hak mereka mau di kemanain, kemungkinan besar ya dikorupsi..",2025-05-01T01:24:14.000Z,
twitter,"Kalo orang miskin yang gak ter edukasi mana bisa dia berfikir logis sih.. sudahlah pendidikan kacau, mau makan haknya pun harus dituntut vasektomi..",2025-05-01T01:21:53.000Z,
twitter,"I know vasektomi wajib itu fasis, tapi harus mikir jg gimana caranya biar HAM ibu dan anak juga terpenuhi dalam waktu dekat. Ngatasin struktural itu prosesnya panjang, makin banyak ibu dan anak yg dikorbanin menunggu ini semua sampe merata dan stabil",2025-05-01T01:21:44.000Z,
twitter,"Jujur bingung baca soal vasektomi ini, tapi ini juga masuk akal. Diedukasi kalau suaminya tolol mendarah daging, yg kasian istri dan anak. Si ibu harus hamil terus2an, anaknya hidup kurang layak Emang short term dan long term harus jalan berbarengan biar nyelesein yg ini jg.",2025-05-01T01:18:32.000Z,
twitter,"Ya memang kacau juga MBG banyak kok yang keracunan, dan lu bayangin bapaknya mau terima bansos harus prosedur vasektomi dulu dan bisa jadi mereka puasa dan besoknya ketika anak harusnya senang karena dapet makan MBG malah keracunan makanan.. jangan terlalu kebijakan aneh kek gini",2025-05-01T01:17:14.000Z,
twitter,"Mohon baca artikel mengenai vasektomi dulu ya kak , prosedur ini tidak permanen, bisa dilakukan vasovasectomy. Ini bukan kebiri/steril. saya tidak setuju dengan pernyataan DM, tapi memang harus ada upaya untuk menggalakkan KB.",2025-05-01T01:14:10.000Z,
twitter,"dm bikin kebijakan vasektomi. jadi inget bestiku dari kecil, syarat kalo mau nikah ma dia si cowo harus mau vasektomi, alasannya ""cewe dah hamil, lahirin, msh dikasih beban kb yg ngobrakabrik hormon, fisik.""",2025-05-01T01:12:56.000Z,
twitter,"vasektomi sejak kapan dimandulin permanen, kan ada yg sistem ikat aja. tpi tiap thun harus cek ikatannya, klo dh longgar diikat lagi.",2025-05-01T01:12:43.000Z,
twitter,the essence dari kebijakan terkait syarat bansos harus vasektomi (setelah punya 2 anak) makes so much sense karena negara punya duit sebanyak apa sih buat menanggung dan memelihara orang kurang mampu yg terus beranak pinak. akan efektif kalau anaknya sedikit,2025-05-01T01:10:16.000Z,
twitter,"Ngga setuju orang yang katamu ""kurang mampu atau bahasa kasarnya kere miskin"" vasektomi, yang vasektomi itu harus orang kaya, pejabat korup, dan keluarga mulyadi mulyono.",2025-05-01T01:09:20.000Z,
twitter,"Orang kek gini tuh seolah bilang kalian semua harus vasektomi, kecuali saya. Berbeda dari kb yang lain, vasektomi ini sifatnya irreversible. Sekarang yang mau dilanggar cuman hak melanjutkan keturunan, nanti hak hidupnya sekalian. Orang miskin di negara ini emang lebih baik mat*",2025-05-01T01:05:50.000Z,
twitter,"BtW Kebijakan Vaseknomi itu tidak UU tentang syarat penerima bansos kok, kenapa harus dipaksa, padahal itu sudah jadi haknya orang miskin, nanti bisa jadi modus baru untuk alasan korupsi dari bansos yang tdk diberikan karena alasan vasektomi..",2025-05-01T01:02:14.000Z,
twitter,"Ituu kan udh ada syaratnya kak klk mau bantuan max punya 2 anak dan harus vasektomi untuk menekan angka kelahiran, kadang ada yg mau enaknya doang tapi pas jd ga mau bertanggungjawab, tapi klk ga mau vasektomi ya resikonya tidak dpt nerima bantuan karna dianggap mampu.",2025-05-01T01:01:07.000Z,
twitter,Syarat vasektomi minimal harus punya 2 anak.,2025-05-01T00:57:29.000Z,
twitter,"Gimana bisa vasektomi mau diwajibkan untuk orang miskin tapi anak anaknya orang miskin tersebut nantinya gak paham alat kelamin sendiri. Apa nanti mereka paham, besar nanti kenapa harus vasektomi?",2025-05-01T00:48:59.000Z,
twitter,Itu pilihan tidak memaksa harus vasektomi.,2025-05-01T00:43:42.000Z,
twitter,"Selain vasektomi, harus dibikin aturan juga buat tiap kepala keluarga penerima bansos dilarang merokok, kalo masih merokok ya gausah dikasih bansos. Buat beli rokok mampu tapi buat kebutuhan pokok kok minta bantuan.",2025-05-01T00:43:06.000Z,
twitter,"tadinya pemikiranku juga kaya km kak, tapi kalo di pikir pikir kan cewe selama ini KB karna kesadaran. kalo disni vasektomi kan kasusnya ""kalo mau bansos harus vasektomi dulu"" jatuhnya pemaksaan, blm lagi kali ternyata orang itu gatau vasektomi apa krna blm di sosialisasi",2025-05-01T00:42:57.000Z,
twitter,"kategori fakir miskin di 262/HUK/2022 kan sebanyak ituu... 
mau gak mau mereka harus di edukasi keras tentang kesadaran vasektomi bukan??",2025-05-01T00:40:33.000Z,
twitter,"diskursus vasektomi ini sebelumnya sempat rame perkara cowok rela vasektomi tpi ceweknya hamil sama cowok lain, dan respon orang"" di X pada kontra vasektomi. gk lama dari ini, muncul pernyataan kdm mengenai syarat ambil bansos harus vasektomi dan kb, tiba"" banyak yang dukung di X",2025-05-01T00:33:48.000Z,
twitter,"Gue pribadi salut sm laki2 - Suami2 yg memutuskan utk vasektomi karena alasan sayang sm istrinya dan stop punya anak. Tp tetep aja, KB Pria dengan cara dipaksa pemerintah is bad way. Setelah itu, apalagi yg mau diatur sm pemerintah? Cewek harus nikah sblm 30th? Hih",2025-05-01T00:32:19.000Z,
twitter,yaaa ini mksdnya kdm yg menerima bansos harus vasektomi. kenapa pada gak setuju heran deh?,2025-05-01T00:27:03.000Z,
twitter,"Nah, kl kayak gini penerapannya sih masuk akal, tinggal cara sosialisasi yg bagusnya ke mereka gmn. 

Kl bener2 disyaratkan pukul rata harus vasektomi baru kebuka fasilitasnya meski anak cuma 1 atau belum punya anak samsek sih ngawur ya kl menurutku.",2025-05-01T00:24:46.000Z,
twitter,"gak akan begini menurutku mas.
Syarat 2 anak itu dari BKKBN langsung. Dan ada range umurnya juga. Harusnya udah konsultasi sama BKKBN soal ini.

Jadi yg masih 1, gak harus vasektomi",2025-05-01T00:21:31.000Z,
twitter,"Banyak lagi kasus gini 

Iya programnya sih bagus menurutku, karena kan bukan ngelarang ga boleh sama sekali beranak ya. Maksimal 2 dan umur 35 baru boleh di vasektomi. Jadi kalo nikah muda mah ga harus vasek dulu. semoga bisa dikaji dan dipertimbangkan baik buruknya lah",2025-05-01T00:19:59.000Z,
twitter,"Harus adil mbak... Kalo lakinya vasektomi, wanitanya tubektomi... Habis itu bolehlah dapat seratus rebuk...",2025-05-01T00:19:34.000Z,
twitter,"kb ke pihak perempuan itu menganggu hormon yang ga baik buat kesehatan perempuannya, sementara vasektomi nggak ngaruh samsek. Masa pihak perempuan sudah melahirkan, nifas, masih harus begelut sama hormon yang ga stabil seumur hidupnya?",2025-05-01T00:17:45.000Z,
twitter,"Keluarga sender juga harus ikut vasektomi, si Mulyadi ikut vasektomi juga...seluruh warga jabar harus ikut vasektomi...biar g jadi hama di Indonesia tercintah",2025-05-01T00:15:37.000Z,
twitter,"Lg jg dibikin begitu biar org-org yg ga mampu secara finansial mikir, klo mau punya anak banyak ya harus siap uang yg lebih dari cukup. Org miskin disuruh vasektomi buat dpt bansos ya oke oke aja, ini jg termasuk buat ngurangin anak kecil yg disuruh ngemis, ngamen, dll",2025-05-01T00:14:14.000Z,
twitter,"*ada narasi mandat vasektomi*
: urusan pribadi (s*ks) jangan ikut campur pak! 

*ada pasangan dipermalukan umum karena s*ks tanpa pernikahan*
: harus ada social punishment!",2025-05-01T00:01:40.000Z,
twitter,"vasektomi syaratnya harus punya anak minimal 2 dan minimal umur 35. ga asal langsung divasektomi gitu aja. 

jadi kalo lo belum 35, belum punya anak minimal 2, kalo lo terdaftar orang miskin penerima bansos ya masih tetep dapet tanpa kudu vasektomi. baca lagi bang beritanya.",2025-05-01T00:00:31.000Z,
twitter,"Kalo laki diwajibkan vasektomi, janda miskin beranak 2 juga harus angkat rahim supaya adil... Gimana??",2025-04-30T23:56:07.000Z,
twitter,Gw nyusul vasektomi kalau gw udah punya anak dua dan nunggu si Mulyadi beserta keluarganya Vasek juga...vasek bukan buat orang miskin doang...orang bejat mau kaya kek miskin kek juga harus vasektomi,2025-04-30T23:53:15.000Z,
twitter,"laki laki disuruh vasektomi ketar ketirnya udah kayak mau dihukum mati aja. apa kabar lah kaum perempuan yg udah mens, hamil, melahirkan, blom lagi dalam masa nifas suaminya ngewein trus hamil beranak lagi. udah gitu masih juga harus menanggungjawab penuh soal KB???",2025-04-30T23:47:58.000Z,
twitter,Engga kalo mau diurus negara. Harus vasektomi. Udah gabisa bayar pajak malah nambah anak. Anaknya jadi beban negara lagi,2025-04-30T23:45:44.000Z,
twitter,"Terlepas dari pro kontra vasektomi buat bansos, gw salut sama si beliau. Cara dia bikin konten gimik, ngeluarin kebijakan kontroversial yang bisa naikin namanya itu jos. Entah ada tim di balik layar atau murni idenya sendiri, jelas gw harus banyak belajar dari beliau .",2025-04-30T23:45:42.000Z,
twitter,"Lu yg pake logika, hanya karna lu miskin dan butuh bantuan trus lu harus vasektomi???... kalo bantu ya bantu aja Jing... Besok2 KLO Nerima bansos harus angkat rahim  boleh juga dong???",2025-04-30T23:32:00.000Z,
twitter,Suruh keluarga si Lea utk vasektomi juga dan keluarga Mulyadi itu sendiri...yang suruh suruh vasek harus wajib vasektomi juga hehe,2025-04-30T23:28:39.000Z,
twitter,"Dalam kasus ini, vasektomi ngga dipaksa. Kalo mau terima bansos, kondisi udh punya 2 anak, yaa harus vasektomi.

Klo ternyata anaknya banyak, dgn asumsi keluarganya mampu, artinya gausah terima bansos.",2025-04-30T23:26:42.000Z,
twitter,"https://x.com/rsky_apns/status/1917188451822452790…

Yang gue maksud di sini itu komentarnya KDM soal vasektomi tapi harus dilakukan kalau mau dapetin bansos.

Lalu yang kedua itu komentar orang kalau kita melihat vasektomi bukan dari komentar ya KDM tapi sebagai vasektomi itu sendiri.",2025-04-30T23:23:53.000Z,
twitter,"Kok kontradiksi ya

Tadi bilang maksa orang vasektomi itu salah 

Tapi di sini bilang ortu harus di cek stabilitas ekonomi sebelum punya anak. Lah kalo ga stabil? Apa berati ga boleh ? Atau apa ?

Kan tujuannya sama akhirnya. Membatasi toh ?",2025-04-30T23:23:32.000Z,
twitter,"Woy jing. Vasektomi ya buat laki², terus korelasi lu tanya gini apa?? Ya kalo udah di vasektomi ya udah kaga bisa ngehamilin. Lagian lahiran SC itu harus ada indikasinya dulu, sebab dan akibat. Gak yg tiba² pen SC, apalagi kalo pake BPJS.",2025-04-30T23:17:54.000Z,
twitter,Kalau bisa si Mulyadi suruh juga vasektomi...kalau udh vasektomi juga gw ikut vasektomi. Pemimpin harus jadi tauladan untuk rakyatnya.,2025-04-30T23:17:15.000Z,
twitter,Kalau bisa si Mulyadi suruh juga vasektomi...kalau udh vasektomi juga gw ikut vasektomi. Pemimpin harus jadi tauladan untuk rakyatnya.,2025-04-30T23:17:15.000Z,
twitter,"Kalau dipaksa vasektomi/tubectomy berat juga ya, ini melanggar sumpah dokter juga. Pemerintah bikin aturan, tapi pelaksana kan dokter. Ujung2nya dokter dianggap antek2 pemerintah. Tindakan operasi seminimal apapun harus atas persetujuan pasien Pak!",2025-04-30T23:11:24.000Z,
twitter,"lagian kalaupun syarat vasektomi emg harus punya 2 anak dulu ya yaudah toh emg common sensenya kalau mau punya 2 anak atau lebih setidaknya tau kapabilitas lu dan berada, ini miskin gegayaan banyak anak",2025-04-30T23:09:56.000Z,
twitter,"Lah? Ya gagitu. Gak ada pemaksaan semua orang miskin harus vasektomi, cuma kalo mau terima bansos aja itupun udh punya anak 2 dan itu yg harus disejahterakan , bukan yg anaknya sampe 8 biji tp cuma bisa makan kertas. Bansos buat 8 anak itu bisa dipake buat 2-4 keluarga lain.",2025-04-30T23:05:15.000Z,
twitter,"Topiknya bukan soal vasektominya, tapi pemaksaannya dg ancaman haknya tidak diberikan. Penyanderaan hak. Bansos ya hak yang harus diberikan pemerintah ke rakyat miskin tanpa harus diwajibkan vasektomi/tubektomi.",2025-04-30T23:04:25.000Z,
twitter,"Topiknya bukan soal vasektominya, tapi pemaksaannya dg ancaman haknya tidak diberikan. Penyanderaan hak. Bansos ya hak yang harus diberikan pemerintah ke rakyat miskin tanpa harus diwajibkan vasektomi/tubektomi.",2025-04-30T23:04:09.000Z,
twitter,"Topiknya bukan soal vasektominya, tapi pemaksaannya dg ancaman haknya tidak diberikan. Penyanderaan hak. Bansos ya hak yang harus diberikan pemerintah ke rakyat miskin tanpa harus diwajibkan vasektomi/tubektomi.",2025-04-30T23:02:57.000Z,
twitter,"not a fan of kdm. ntahlah gmn solusinya. tp menurut gue dorongan vasektomi untuk yg miskin dan beranak lebih dari 2 harus digenjot bgt. maybe not for bansos. tp tetep harus ada, karena edukasi udah gak mempan ke mereka 

-ttd keluarga yang menjadi donatur si miskin beranak pinak",2025-04-30T23:00:47.000Z,
twitter,"Justru kesannya sekarang memiliki kebebasan memilih metode KB senyamannya itu jdi privilege org kaya doang. Org miskin tidak punya kebebasan memilih metode KB, pokoknya mau bansos harus vasektomi. ""Bu bidan saya mau IUD"" ""wah nanti kamu gak dpt bansos. Harus suami vasektomi"" ",2025-04-30T23:00:37.000Z,
twitter,Ya kalau bisa kerja sendiri mah gak dapat bansos gpp dong jadi gak harus vasektomi,2025-04-30T22:54:39.000Z,
twitter,"ya ttp aja sih di thread itu bilang kalau mau jangan pemaksaan harus di kasih edukasi, kamu tau ga  laki tuh ga akan mau vasektomi bahkan ada dri mereka yg bilang ""udh ceweknya aja yg kb kan banyakan kb cewe aku takut"" lah lemah amat mentalnya, giliran dh kebanyakan anak pusing",2025-04-30T22:52:01.000Z,
twitter,"kalo kata lu persetan konteks, sayangnya emg harus liat konteks. mereka hujat pejabat yg dukung vasektomi (sebagai syarat terima bansos). 

beranak itu hak asasi,
bansos itu hak warga negara,
masa untuk dapet hak warga negara harus trade dengan hak asasi?

nah, di situ problemnya",2025-04-30T22:47:09.000Z,
twitter,"Baiknya dipahami dulu, vasektomi ini gak ngelarang kita u/ gak punya anak, justru syaratnya harus punya anak dlu. Sama dengan KB, tujuannya u/ menjaga kelahiran dan laju populasi agar tidak over, terkhususnya u/ masyarakat yg belum bisa menafkahi anaknya secara mandiri dgn layak",2025-04-30T22:41:32.000Z,
twitter,Yang namanya jadi kepala daerah itu gak bisa semena mena gitu juga. Tetep ada mekanisme hukum yang udah sesuai UU. Kalok misalnya ngotot pingin dapet bansos wajib vasektomi ya artinya UU nya harus di ubah melalui mekanisme di DPR. Lah kalok asal ngomong gitu ya ngawur,2025-04-30T22:41:00.000Z,
twitter,"iya betul kok kak, ada program pemerintah gratis buat vasektomi ini, ya memang ga dipaksa sama seperti kb lainnya sih

tapi banyak laki laki yang menolak sih kak, tetep harus perempuannya yang kb/tutul kandungan dengan segala efek sampingnya",2025-04-30T22:31:53.000Z,
twitter,Kang Dedi juga sudah Vasektomi belum yah? Harus dicontoh dulu,2025-04-30T22:19:08.000Z,
twitter,"Soal KB, spesifik dong sebutkan jenis KB nya apa? Kalau vasektomi menurutku harus dipikirkan lagi solusi yg lain.",2025-04-30T22:18:27.000Z,
twitter,Aku sebagai cewe pgn punya suami vasektomi (dgn catatan nanti dibuka lagi jika sudah dipersiapkan). Tapi buat program ini aku kontra. Lebih baik dimaksimalkan dalam edukasi dan solusi yg lebih baik lagi tentunya dgn minim biaya krn bakal banyak bgt dana yg harus dikeluari,2025-04-30T22:16:25.000Z,
twitter,"Kontol lo simpel, vasektomi jg sesimpel itu knp harus koar-koar smpe ngotot segala",2025-04-30T22:13:14.000Z,
twitter,Nah harus begitu . Kabar nya yg laki laki malah di suruh vasektomi,2025-04-30T22:10:05.000Z,
twitter,Vasektomi ini harusnya tanpa imbalan hak merrka sebagai warga. Iya setuju emang harus dinormalisasikan tapi caranya yang salah mass mikir gini aja ga bisa,2025-04-30T22:01:04.000Z,
twitter,"Efek yg akan jd berkelanjutan akan jd concern nantinya, karena untuk mendapatkan haknya dia harus menyerahkan otoritas tubuh orang tersebut. Sekarang vasektomi ke depannya bisa jd tubuh perempuan juga diatur untuk mendapatkan hak yg seharusnya.

Ni org jg kontradiktif sm ideolo-",2025-04-30T22:01:02.000Z,
twitter,"Jujur aku setuju sih.
Memang fatwa MUI haram vasektomi tanpa urgensi medis. Tapi dgn kebijakan ini, org kalau mau punya anak lebih mikir, siapkah secara finansial?
Kalau gak mau vasektomi > jangan nerima bansos > artinya harus matang scr finansial.
Lelah melihat anak2 terlantar",2025-04-30T21:58:29.000Z,
twitter,"Kenapa dah perkara syarat dapet bansos harus vasektomi laki laki pada tantrum??? Padahal tetep bisa ngemtottt, kecuali kalo abis vasektomi langsung gabisa ngancnggg baru dah lu pada protes wajar. Lagian apa dipikiran orang orang tuh vasektomi ky kucing di steril gitu yaa??? Heran",2025-04-30T21:52:45.000Z,
twitter,"Yang membuat ketrigger adalah vasektomi. Ini memang harus dikaji dengan serius. 

Tapi, kalau kamu ogah vasektomi atau KB permanen, ya, jangan ambil bansos. Silakan beranak pinak sampai 10 orang sebanyak mungkin, tapi kamu tidak akan mendapatkan bansos",2025-04-30T21:48:40.000Z,
twitter,"Bukan gak boleh punya anak, tp harus dibatasi. Syarat vasektomi itu anak minimal 2.

Km tau gak byk bgt keluarga sangat miskin, makan aja kudu minta tetangga anaknya >5 itupun emaknya masih hamil lg? Bahkan anak dikasih2in ke org2 yg gak jelas siapa. Rumah kecil dan udh mau rubuh",2025-04-30T21:45:05.000Z,
twitter,emang orang miskin anaknya berapa sih? sampe harus vasektomi? ada yg punya kenalan mungkin? (bertanya dengan nada lembut),2025-04-30T21:30:02.000Z,
twitter,"jumat pagi mereka bisa debat  tentang orang miskin jangan punya banyak anak, sabtu sore tentang vasektomi yang harus diterapkan, minggu sore tentang misoginis dan patriarki. dan guess what, hari ini tentang vasektomi sebagai upaya preventif untuk meminimasi dampak kemiskinan",2025-04-30T20:12:52.000Z,
twitter,"tapi setelah dipikir-pikir lagi, masalah vasektomi/kb dan bansos nggak seharusnya disatuin. pemerintah harus cari solusi tersendiri untuh masing-masing problem. harusnya pemerintah kasih wadah buat mereka keluar dari kemiskinan. udah saatnya juga sistem ordal dihapus",2025-04-30T20:11:28.000Z,
twitter,"betul, karena harusnya vasektomi ini ga cuma menarget masyarakat miskin
tapi semua segmen juga harus kena

mau kaya mau miskin, kalo sudah punya 2 anak, yasudah stop sampai situ
jangan timpang sebelah",2025-04-30T20:07:57.000Z,
twitter,lah vasektomi skrg juga gratis kok. knp cuma cewe aja yg harus kb? yg doyan ngewe kan laki?,2025-04-30T20:07:03.000Z,
twitter,"Aku setuju bgt sm vasektomi ini, 2 anak lebih baik memang harus diterapkan di keluarga miskin. Aku 6 bersodara, smpe gede pun ttp jadi sandwich gen. Cape bgt, ngerasa gaadil bgt dunia kita juga udh disuru kerja dari kecil coba deh sudut pandangny diubah ke si anak",2025-04-30T20:03:04.000Z,
twitter,"salahnya KDM langsung narget ke masyarakat miskin

padahal harusnya semua segmen ditekan buat vasektomi 
mau kaya atau miskin, kalo punya anak lebih dr 2 harus lgsg di stop suppliernya",2025-04-30T20:02:01.000Z,
twitter,"faktanya orang miskin selalu melhirkan generasi miskin selanjutnya, jd harus di vasektomi si miskin itu",2025-04-30T19:57:33.000Z,
twitter,"iya ya harusnya yang vasektomi itu semua kelas, ga hanya masyarakat miskin

semua segmen harus ikut andil dalam overpopulasi
program vasektomi gratis would be good",2025-04-30T19:52:31.000Z,
twitter,"Ini krn vasektomi, laki-laki harus berkorban makanya jadi heboh, kalau cewe yang di suruh kb paling diem, mereka bisa berpikir urusan pengendalian jumlah anak itu urusan perempuan, makanya aneh kalau ada emak-emak anak yg udh lbh dr 3 gk setuju wacana ini alasannya apa ",2025-04-30T19:49:55.000Z,
twitter,Hey i'd have to disagree here. Bukannya berarti pemerintah gagal buat nyediain lingkungan yang kondusif biar orangtua nya bisa kerja dan anak anaknya bisa dapet gizi yang layak? Bansos itu nggak bakal bikin mereka keluar dari gizi buruk either apalagi yang harus sampai vasektomi.,2025-04-30T19:48:06.000Z,
twitter,lu vasektomi enggak bakal bikin lu matiiiiiii.  kenapaaaa sihhhh hidup harus melulu tentang buat anak?,2025-04-30T19:47:22.000Z,
twitter,"Setuju soal vasektomi itu, karena kerjaan gw tahun lalu sudah membuktikan kejamnya orang dewasa demi bansos. Riset lapangan gak bohong, guys. Memang mereka2 ini harus di vasektomi karena ada yg sengaja beranak banyak biar bansosnya gede.",2025-04-30T19:43:05.000Z,
twitter,Kenapa loh kok kayaknya ngerasa gak banget sama vasektomi sih? Harus perempuan lagi kah yang harus KB atau pasang spiral?,2025-04-30T19:29:44.000Z,
twitter,lah yang ditolak mah kebijakan pemerintah yang memaksa hak orang miskin ditukar dengan hak lain. masa bansos udah diatur secara wajib harus jadi bersyarat dengan vasektomi? mau menurunkan angka kemiskinan dgn kebijakan yg instan lagi ya ga akan beres masalah kemiskinan juga,2025-04-30T19:29:39.000Z,
twitter,"jelas pro dong, kalo mau dapet bantuan ya harus taat sm peraturan pemerintah toh gaada salahnya juga kan kb/vasektomi drpd tiba2 beranak terus tapi ga kebiayain, ingat ya kawan2 ngurus anak dan ngebiayain hidup anak itu tidak mudah jgn sampe anak kita kesusahan",2025-04-30T19:23:39.000Z,
twitter,"ok, mandat dia emg menyalahi human rights.. tapi gue dukung kampanye vasektomi, cukup muak kalo cewe terus yang harus ditekan society dan cowo bisa bebas  sekali lagi, gue dukung kampanyenya tp ga kalo dijadiin kebijakan buat dapetin hak masyarakat",2025-04-30T19:09:16.000Z,
twitter,"suddenly it’s a crime whoaaaa.. gada yg lebih kejam di mata lo pada selain mau bansos harus vasektomi dlu ya.

anak-anak 5-10 bersaudara dari keluarga miskin ahhhh kecil lah yaaa mgkin ortunya dulu khilaf, namanya hiburan orang miskin",2025-04-30T19:05:14.000Z,
twitter,"soal blunderan si dedi itu, ya emang ga jelas bgt. manusia dianggap kucing liar ""lo harus gue steril baru gue kasih makan"",  doomed. tapi gue mendukung buat kampanye vasektomi, ilangin penekanan dari society kalo perempuan harus kb sedangkan laki laki bebas :)",2025-04-30T19:01:42.000Z,
twitter,"Tau sih promosi itu bisa tahunan-puluhan tahun, tapi itu harus dilakukan.

Drpd iming2 bansos dan beasiswa mending gandeng ulama terkenal suruh dia promosi vasektomi kemana2, itu akan lebih efektif dan low cost (g prlu ksh imbalan ke warga miskin).",2025-04-30T18:51:13.000Z,
twitter,"Skrg yg hrs dilakukan promosi utk bikin vasektomi jd pilihan kb yg lebih baik, lebih efisien dan menguntungkan buat pasutri. Bukan memaksa orang miskin harus vasektomi, mereka hrs diarahkan dan diberitau.",2025-04-30T18:49:21.000Z,
twitter,"Mjb kak, terus keluarga yang mau dapat bansos di daerah situ tapi belum punya anak atau anaknya 1, syaratnya gimana? Ngga harus disuruh punya 2 anak dulu terus vasektomi dulu kan? (Bertanya dengan nada bingung dan lembut)",2025-04-30T18:46:27.000Z,
twitter,tapi serius emg ga habis pikir sama wacana kebijakan vasektomi untuk dpt bansos itu.. kek kenapa sih ga bikin kebijakan yang bikin masyarakatnya mandiri ajaa instead of ngurusin siapa harus pake apa. kebiasaan suka ikut campur ranah privat rakyat.,2025-04-30T18:46:04.000Z,
twitter,"Ya stauku mah harus anak 2 dulu baru boleh program vasektomi yg dari pemerintah. Ya kalo emang begitu harusnya sih ga ada protes berlebihan ya.. 2 anak cukup lahh, masa harus koleksi bikin kesebelasan baru puas? padahal ga bisa biayain ",2025-04-30T18:43:30.000Z,
twitter,"Bacanya harus secara komprehensif emang, jangan malas. Ini itu bukan diskursus baru, terjadi prolonged violence on women sampai sekarang di daerah² yang gencar forced vasectomi karena vasektomi itu traumanya permanen seumur hidup",2025-04-30T18:43:25.000Z,
twitter,"Ya keputusannya ini Masih blm dijelasin detailnya juga sih. Apakah sejak muda abis lulus SMA, demi beasiswa dan bansos harus di vasektomi apa gimana. Padahal sbg yg udah pernah baca mengenai vasektomi, kl mau vasektomi itu syaratnya ga mudah dan emang udh harus punya anak dulu.",2025-04-30T18:40:46.000Z,
twitter,"ga apple to apple lah, vasektomi harus sampe operasi dan total gabisa punya anak lagi, kalo kb ga sampe operasi dan potensinya masih ada belegug",2025-04-30T18:35:41.000Z,
twitter,"kan balik lagi sasarannya yang kurang mampu, kak. setau ku syarat vasektomi minimal udh punya 2 anak (cmiiw). pun mungkin kalo peraturannya bisa disempurnakan lagi buat lebih detail, misal yg harus kb itu klo anaknya udh 2, i agree soal KB itu ranah pribadi, dan—",2025-04-30T18:32:43.000Z,
twitter,"Perempuan udah kb dan ga ada paksaan/syarat. Begitu juga vasektomi ya pilihan aja jangan jd syarat bansos.

Lo mau biar dpt bansos harus angkat rahim? Ya nggak gitu juga kan. Kewajiban negara sejahterain rakyatnya kok pake syarat syaratan",2025-04-30T18:03:58.000Z,
twitter,gue lihat di beritanya pun gak ada bilang pemaksaan atau apapun itu ke golongan miskin. cuman ngasih pilihan kalau MAU dapet bansos ya harus vasektomi biar terkontrol perngentotannya. pemaksaan dari mananya ya itu coba jelasin?,2025-04-30T18:02:29.000Z,
twitter,"vasektomi memang dibiayai pemerintah nder, bahkan beberapa dpt uang dapet uang imbalan.

cumaaa, persyaratan vasektomi ini ga semudan kb buat para istri/ibu. 
ada beberapa persyaratan yg harus dipenuhi salah satunya batas usia dan jumlah anak ",2025-04-30T18:00:13.000Z,
twitter,"Kasus tertentu boleh, bahkan utk kasus yg ada korelasi vasektomi yg ini malah harus. Jawa barat udah kebanyakan penduduk, udah susah ngaturnya. Ini udah terjadi di negara maju, bedanya biaya mahal. Jangan sok edgy, open minded and modern people kalo belum paham substansi nya ya.",2025-04-30T17:57:00.000Z,
twitter,"sebenernya kalau misalkan suami gak mau vasektomi asalkan mau pakai kondom harusnya gak masalah ya, aku ngerti sebenernya knpa banyak cewe ribut2 dan menuntut cowok ""harus"" vasektomi krna disuruh pake kondom pda gamau dengan alasan ""tidak nyaman""-",2025-04-30T17:55:25.000Z,
twitter,kenapa klo bilang laki2 yg KB/vasektomi tuh kea seakan2 kejam bgt (?) ibu gw kemaren abis ganti spiral KB trs dia bilang 'kak nnti KBnya spiral aja bagus' trs gw nyaut 'lah kenapa harus aku yang KB?' trs2 tb2 ayah gw sewot 'LAH TRUS SUAMINYA SURUH DIKEBIRI GITU?' lah lohh,2025-04-30T17:42:53.000Z,
twitter,"ga usah ngomongin vasektomi this vasektomi
that, edukasi dulu aja secara merata. ga semua orang punya privilege menjangkau pengetahuan yang setara, lagi-lagi emang salah pemerintah ‘kan? kemiskinan struktural itu mindset bangsa, yang bebenah harus dengan skala besar.",2025-04-30T17:25:42.000Z,
twitter,"mending di kasih reward yang menarik biar semua lapisan masyarakat tertarik sm program tsb, dan juga edukasi dan sosialisasi terkait vasektomi juga harus kenceng",2025-04-30T17:23:29.000Z,
twitter,"vasektomi bisa jadi salah satu alternatif memutus rantai kemiskinan dengan tidak memperbanyak anak tanpa harus 'mengorbankan' ibu yg harus mengkonsumsi KB dalam jangka panjang. Untuk perihal itu termasuk persyaratan bansos dll saya ga ikutan, saya hanya menyampaikan dri sisi wnta",2025-04-30T17:22:01.000Z,
twitter,"Pro. Ngapain buat anak terus, setiap kebobolah nyalahin istri. Suami lah harus vasektomi",2025-04-30T17:19:27.000Z,
twitter,Hal kaya vasektomi atau pil KB/IUD gini tuh gak bisa datang dengan pemaksaan. Harus emng dari kesadaran di pasangan itu sendiri. Karena mereka yang merencanakan kehidupan mereka.,2025-04-30T17:15:21.000Z,
twitter,"Worst case nih, ternyata gak sepengaruh itu dan anak2nya sakit-sakit dan meninggal. Lalu si pasutri yang masih dikisaran umur 30an pengen dong punya keturunan lagi, tapi gak bisa karena udah vasektomi. Lalu kalo kaya gini harus gmn?",2025-04-30T17:11:29.000Z,
twitter,"tapi kalo dia udah punya anak 2 kak 
sekarang dia (maaf miskin) anak banyak masa mau ngandelin bansos mulu 
klo belum punya anak mah ttp dapet bansos tanpa vasektomi ka, syarat vasektomi aja harus punya anak 2 dulu.
ini tuh cara buat ngurangin rantai kemiskinan kaaaa",2025-04-30T16:44:24.000Z,
twitter,"Jika suaminya gao mau Vasektomi, ibunya diam2 kedokteran buat putusin tali rahimnya biar gak bisa hamil lagi, jgn salahkan laki-laki , wanita juga harus cerdik bertindak",2025-04-30T16:44:11.000Z,
twitter,"lagian keliatan ini juga tim dia ada yang ngikutin diskursus twitter. kebijakannya tuh ""twitter"" banget.

1. Miskin dilarang punya anak
2. Laki-laki harus vasektomi

2 ini selalu jadi diskursus yang rame di twitter

emang mau nyari suara aje",2025-04-30T16:43:49.000Z,
twitter,Kalo mau dapet bansos harus vasektomi. Tapi kalo lagi masa kampanye gak perlu tuh,2025-04-30T16:39:14.000Z,
twitter,manalagi pas mau nikah harus di vasektomi karena terdeteksi miskin,2025-04-30T16:36:29.000Z,
twitter,dibaca sampe abis cok statement nya. konteksnya membahas “kalau cowo gamau vasektomi tapi perempuan harus minum pil KB” pahami dulu konteksnya apa.,2025-04-30T16:32:18.000Z,
twitter,"Vasektomi ga boleh dijadiin syarat buat bansos karena ada UU yang menyatakan peserta KB itu harus sukarela dan tidak didasarkan paksaan. Tapi bagaimana dengan hak anak2  yang lahir dari keluarga yang tidak mampu dan tidak ingin KB? Anak udh bnyk, gk dpt hak semua, tapi gk mau kb?",2025-04-30T16:28:00.000Z,
twitter,"Miskin harus vasektomi, pejabat punya istri 4, punya anak belasan dan bikin Dinasti politik di daerahnya ya gapapa asal ga miskin dan ga jadi beban Negara. Yang begini disebut jadi kebijakan progresif pula. Gaaasss all in Gibran-KDM buat 2029  !!!",2025-04-30T16:19:51.000Z,
twitter,"Mbak itu kalo suaminya gamau vasektomi dan istrinya gamau kb ya beli kondom.
Kb tinggal dateng ke puskemas anjir program kb udah dari jaman soeharto masih bilang ga ada sosialisasi?
Ke puskemas masih harus punya pendidikan?",2025-04-30T16:17:46.000Z,
twitter,suamiku ga setuju vasektomi but gladly dia ga masalah kalo pake kondom terus buat menjarak kehamilan karena dia ga tega kalau aku harus kb ,2025-04-30T16:15:30.000Z,
twitter,"itukan bicara idealisme, bagi orang miskin idealisme itu gaada artinya percayalah. lihat juga realita di lapangan, ini tuh bansos lho bantuan sementara dengan syarat harus vasektomi itu ibaratnya “lo boleh main sama kita tapi lo harus siap ikutin kita-doesnt matter bnr/slh”",2025-04-30T16:12:32.000Z,
twitter,"Tapi nganak mulu anjerr, gua tuh ngeliatnya kasihan, kdm menurut gua niatnya juga baik sih, toh yg vasektomi minimal harus punya anak 2, kenapa ga fokus besarin anak 2 itu biar mereka dapet gizi dan pendidikan yang bagus.",2025-04-30T16:11:05.000Z,
twitter,"Gak ada yg bilang vasektomi melanggar ham btw, “persyaratan dapet bansos harus vasektomi” yg melanggar ham… (gue gatau ini perlu gue ulang berapa kali, udah ya ini terakhir)",2025-04-30T16:07:56.000Z,
twitter,"disagree, pendek banget jalan pikirnya karena orang miskin beranak terus terus buat solusi pendeknya bansos harus vasektomi. satu lagi bukti konkrit they never really touch the grass",2025-04-30T16:07:30.000Z,
twitter,"imo tentang pejabat yang bilang harus vasektomi untuk dapat bantuan itu menurutku hmmmm kenapa rakyat yang dikorbankan ya? setelah perempuan yang dikorbankan dengan program KB sekarang ganti laki-laki dengan vasektominya, tapi disini aku bukan mau membahas tentang itu",2025-04-30T16:02:34.000Z,
twitter,"Isu ini ga lewat di TL gw jd ga gw bahas, apakah gw harus selalu ada di setiap isu? Wkwk
Dan gw jg bilang gw ga menolak kampanye vasektomi tp bukan menjadikan vasektomi suatu kewajiban untuk memperoleh hak mereka yg harusnya didasarkan pada kebutuhan.",2025-04-30T15:57:40.000Z,
twitter,"imo tentang pejabat yang bilang harus vasektomi untuk dapat bantuan itu menurutku hmmmm kenapa rakyat yang dikorbankan ya? setelah perempuan yang dikorbankan dengan program KB sekarang ganti laki-laki dengan vasektominya, tapi disini aku bukan mau membahas tentang itu",2025-04-30T16:02:34.000Z,
twitter,"Isu ini ga lewat di TL gw jd ga gw bahas, apakah gw harus selalu ada di setiap isu? Wkwk
Dan gw jg bilang gw ga menolak kampanye vasektomi tp bukan menjadikan vasektomi suatu kewajiban untuk memperoleh hak mereka yg harusnya didasarkan pada kebutuhan.",2025-04-30T15:57:40.000Z,
twitter,"Kalo orang miskin harus vasektomi mereka kehilangan salah satu hak mereka sebagai mahluk hidup yaitu berkembang biak. Jadi ayo sekolahhh, makan yang bergizi, jaga kesehatann dan nabung biar ga miskinnn.",2025-04-30T15:56:40.000Z,
twitter,"Disclaimer:
Gw setuju tindakan vasektomi buat diri gw nanti jauh sebelum issue pagub KDM rame di medsos

Tujuan gw simple, gamau istri gw nanti capek harus KB ini itu
Udah cukup istri capek fisik melahirkan aja gausah dibikin capek KB hormonal blablabla",2025-04-30T15:56:35.000Z,
twitter,"tapi disatu sisi ada yang menyuarakan, yang KB ‘jangan cuma cewe, cowo juga harus vasektomi berani ga?’ bingung",2025-04-30T15:54:22.000Z,
twitter,"Bukan “vasektomi sebagai paksaan” ya pukimak. “Aturan penerima bansos harus vasektomi,” itu gak berperikemanusiaan. Sama halnya pemerintah gak bisa menyediakan sistem pendidikan yg memadai, sistem ketenagakerjaan yg adil, lapangan pekerjaan yg luas.",2025-04-30T15:52:08.000Z,
twitter,Sifatnya permanen. Vasektomi pria ejakulasi g bisa kluat sperma lagi. Misal punya anak 2 karna hal yg g diinginkan dtang ntah prrcraian atau kmalangan anaknya. Trus gmana mau balikinya?. Klo kb ce yg sifatnya non permanen aja bnyak knpa harus yg permanen ?.,2025-04-30T15:44:13.000Z,
twitter,"pasal 34 UUD 1945: 
fakir miskin dan anak-anak terlantar dipelihara oleh negara

*s&k berlaku: harus vasektomi

INKONSTITUSIONAL",2025-04-30T15:41:40.000Z,
twitter,"Mau dibilang fasis juga aku kayanya ttp setuju aja kalo penerima bantuan miskin disuruh vasektomi. Kalo mau dibantu ya harus mau ""dibenerin"" sesuai syaratnya. Kalo org yg bisa biayain anak sih bebas mau punya anak berapa. Kasarnya: ""Yen miskin yo ojok kakehan polah.""",2025-04-30T15:41:09.000Z,
twitter,dia dulu aja yg di vasektomi wkwkkw. pemimpin yang baik harus menjadi contoh di setiap programnya,2025-04-30T15:38:06.000Z,
twitter,"Vasektomi harus jadi pilihan bebas bagi tiap individu. Mewajibkan = mengatur tubuh individu. Apalagi jika diwajibkan bagi satu kelompok, maka itu adl bentuk diskriminasi. Siapa yang jadi korban kebijakan ini? Ya masyarakat marjinal. 

Disclaimer: saya pro vasektomi.",2025-04-30T15:26:21.000Z,
twitter,"Stop it laki laki emang harus di paksa untuk vasektomi, apa yang kamu harapkan dari laki laki di negara patriarkis untuk meng edukasi diri mereka sendiri",2025-04-30T15:25:01.000Z,
twitter,"Vasektominya gak salah. Bagus malah, kalo bisa semuanya. Kebijakan yang dikaitkan sama kewajiban negara yang salah. Itu hak mereka dan negara harus menyalurkan. Ada baiknya diberikan insentif untuk yang mau vasektomi seperti donor darah, diberi reward. Bukan nahan hak.",2025-04-30T15:07:28.000Z,
twitter,"and i am hella not KDM glazers but masalahnya gk sesimpel ""harus vasektomi dulu baru dapet bansos""",2025-04-30T15:06:15.000Z,
twitter,"Kata aku mah drpd jadi syarat penerima bansos mending kasih reward yg lain geura buat yg mau vasektomi. Kepaksa harus keluar anggaran sih. Soalnya kalo jadi syarat bansos mah paling mereka mikirnya gapapa nunggu habis periode KDM, nanti juga bakal dapet lagi kalo udah diganti.",2025-04-30T15:02:43.000Z,
twitter,"Makanya baca dulu dari tweet yg gw reply.  Statement ""orang miskin jangan punya anak"" ini diprotes karena dianggap punya anak itu hak. Menurut ts, orang miskin dan kaya harus sama2 diuji kemampuan finansial masa depannya, supaya fair. Jadi ts bukan protes soal vasektomi",2025-04-30T15:02:23.000Z,
twitter,"kok. Angka penggunaan kb juga terus meningkat, bidan2 puskesmas sekarang udah terampil pasang kb jadi orang2 gak harus ke rs. Sekarang mewajibkan vasektomi sebagai syarat penerimaan bansos itu artinya pemaksaan.",2025-04-30T14:58:57.000Z,
twitter,"bener kak. Dikira pemerintah masalahnya orang miskin dan KB saja. Padahal pemerintah perlu mikirin pembangunan supaya bisa jd negara maju, dll. Justru bagus kalau ada proker vasektomi kayak gini. Di edukasi KB 2 anak ttp jadi, mau ga mau harus tegas ya vasektomi!",2025-04-30T14:56:12.000Z,
twitter,Perkara harus vasektomi utk bisa dapet bansos ini pada jadi ribut besar ya,2025-04-30T14:54:39.000Z,
twitter,"Bukan cowok, tp persyaratan harus vasektomi buat syarat beasiswa dan bansos yang ngga setuju. Campaign vasektomi bagus, selain itu kebijakan ini absurd dan cenderung ambil jalan pintas.",2025-04-30T14:53:40.000Z,
twitter,"Ya emang ga ada malih, maksud gw klpun dibuatnya kebijakan harus istrinya ya bisa jg, tapi vasektomi lbh baik BUAT YG ANAK UDAH BANYAK.

Knpa ga boleh? Ada aturan ga boleh? Dmn undang2nya? Soal kawin, cerai, aborsi, negara bs atur kok. BUKAN berarti harus, tapi BUKAN ga boleh",2025-04-30T14:51:07.000Z,
twitter,"Vaksektomi kan termasik KB untuk laki laki
Masak kalau mau KB harus perempuan juga? Hamil sudah perempuan, lahiran, menyhsi juga perrempuan, laki2 gk boleh gitu menanggung beban istri/ perempuan dengan salah satu KB yaitu vasektomi

Mungkin maksutnya vasektomi untuk yg sudah",2025-04-30T14:49:53.000Z,
twitter,"Kalau ini setuju banget. Bagus kalau dibuat sistem yang bisa evaluasi anak di keluarga ini terlantar atau nggak. Kalau iya, ortu harus dipaksa vasektomi sekalian. Cuma sulit sih. Karena ini baru jadi maksa",2025-04-30T14:47:19.000Z,
twitter,Vasektomi atopun tubektomi itu sifatnya harus sukarela atas keinginan/kesadaran orgnya. Krn klo dipaksakan misal ada efek samping operasi gmn? Lbh setuju buat penerima bansos yg msh nambah anak bansos distop.,2025-04-30T14:46:57.000Z,
twitter,Aing ga ngerti. Ini dia beneran ngomongnya loncat2 begini? Syarat terima miskin harus vasektomi tapi basisnya biar tidak selalu membebani wanita dalam reproduksi.,2025-04-30T14:45:50.000Z,
twitter,"intisari: 

-Kalau logikanya berangkat anak punya hak hidup enak, berarti sebelum punya anak semua calon ortu harus dicek kestabilan ekonominya di masa depan.

-Edukasi vasektomi beda dengan maksa orang miskin vasektomi untuk mendapatkan HAK Bansosnya.",2025-04-30T14:45:24.000Z,
twitter,"kalo di negara ini di support sama pemerintah, dikasih dukungan finansial, kalo di indo banyak koruptor nya wkwkwkw  mau dpt bansos aja harus kb sama vasektomi. padahal kekayaan negara untuk kesejahteraan rakyat. duit pajak, duit hasil keruk alam, kemana larinya",2025-04-30T14:30:10.000Z,
twitter,Sebenarnya kalau dipikir pikir lagi. KDM ada kebijakaan penerima bansos harus vasektomi dulu tu dia mikir jeleknya nder. Karena gamau yg jeleknya itu kejadian makanya dia buat kebijakan itu terutama ke yg ekonomi under. Dia sayang cuma orang lain nganggep nya itu diskriminasi,2025-04-30T14:28:39.000Z,
twitter,"kalo gmau ya harus wajib cari alternatif KB yg lain. Pasangan yg ga setuju vasektomi bkn berarti mreka mau beranak pinak sebanyak2 nya kok, tp mungkin ada hal lain yg dipertimbangkan. Respect sm pria yg bersedia vasektomi, tp lebih respect lg sm orang yg bisa ngehargain perbedaan",2025-04-30T14:28:23.000Z,
twitter,"nice, kalo kebijakan yg mau di terapkan KDM  itu cenderung mengarah fasis... mbak,masak syarat dpt bansos 500k harus KB vasektomi permanen ke pria??? mengatasi kemiskinan ga hanya KB,Ada Cara2 lain yg lebih bijak,pak harto yg identik militeristik saja tdk smpe fasis kaya gitu...",2025-04-30T14:21:56.000Z,
twitter,"Terlepas dari semua, aku tetep dukung vasektomi, tapi juga harus dibarengi dengan usaha pemerintah buat ngasih peluang pekerjaan untuk usia produktif, juga pendidikan memadai untuk para anak yang sudah ada. Biar beneran teratasi itu kemiskinan untuk jangka panjang :')",2025-04-30T14:21:49.000Z,
twitter,"berarti cowo tuh emg doyan ngewe ya, vasektomi aja pada gamau wkwkw
giliran cewe kb dibilang ""ya itu harus biar ga kebobolan"" heh, sel telur itu bisa jadi anak kalo ketemu sel sperma yang masih aktif masih subur. Kalo lo pada ga vasektomi masih ngewe keluar dalem ya ttp kebobolan",2025-04-30T14:13:43.000Z,
twitter,"Kan bisa Crut diluar, gak harus juga vasektomi.",2025-04-30T14:11:02.000Z,
twitter,"nah makannya itu kita seharusnya ganti sistematika bansos nya aja biar lebih efektif ketimbang harus ngganti sk yang mana bakal ngeluarin uang berlebih juga buat vasektomi. vasektomi juga butuh uang loh btw, ada kemungkinan korupsi juga dari situ….belum bansos nya….",2025-04-30T14:08:27.000Z,
twitter,"Fokusnya itu knp kok harus vasektomi buat dapat bansos, kan bansos itu hak rakyat miskin dan wajib diberikan oleh pemerintah, contohlah cina mereka ga ada program vasektomi tapi sukses nekan angka kelahiran",2025-04-30T14:06:44.000Z,
twitter,"Bukan masalah itu. Uu nya aja gak ada. Terus tiba² keluar statemen dari kepala daerah ""kalok mau bansos vasektomi dulu"" Ngaco namanya itu. Lah di uu bansos aja gak ada aturan seperti itu kok ini kepala daerah main trabas aja. Harus ikut prosedur, ajukan dulu rancangan uu nya",2025-04-30T14:05:54.000Z,
twitter,"Kita ini dikutuk apa gimana ya? Buat dapetin hak dasar kayak pendidikan aja, di suatu tempat di Indonesia ada yg harus vasektomi??? HARUS??? Biar bisa lanjut sekolah????",2025-04-30T13:58:32.000Z,
twitter,"Kayaknya pada salah kaprah soal vasektomi? 
Vasektomi bkn berarti gaboleh punya anak sama sekali lho, syarat vasektomi aja harus ud punya anak 2, ada jarak usia minimal dsb gitu :"")

Fungsinya sama kayak KB = menekan populasi, & bisa menekan by hidup jg kalo ga banyak anak :"")",2025-04-30T13:56:16.000Z,
twitter,"Gue cewek jg gasetuju. Tp perlu digaris bawahi kalo yg gak disetujui itu CARANYA, karena yg dikejar bukan lg value soal vasektomi, tp udh ngerendahin org karena punya anak banyak. Gaada yg berhak ngatur tubuh kita, bahkan agama aja gaada yg ngatur lu harus steril umur sekian2.",2025-04-30T13:49:45.000Z,
twitter,"Mungkin dua2nya bisa dikombinasikan gak sih, kakk?? Tohh vasektomi memang mengarah jelas ke keluarga2 miskin yang udh 'kebanyakan' anak juga, kann?? Ada persyaratan juga minimal harus udh punya anak duluu. Jdi sbnrnya mnrtku, kebijakan ini tuhh gk nyakitin pihak manapun.",2025-04-30T13:48:09.000Z,
twitter,"Santai, negara harus PUNYA solusi, salah satu solusinya KB (VASEKTOMI).. KALO KAMU PUNYA SOLUSI APA??",2025-04-30T13:40:52.000Z,
twitter,"Sbg ibu2 beranak 3 yg sdh tubektomi plus ga cocok KB bahkan IUD sekalipun. Saya setuju vasektomi. KB bagi wanita itu luar biasa butuh pengorbanan.Kodrat wanita itu mens,hamil,menyusui. Slain itu trmasuk KB bukan sepenuhnya harus d tanggung wanita.",2025-04-30T13:40:02.000Z,
twitter,"Kali ini saya kontra. Banyaknya rakyat miskin ulah pemerintah yg gagal. 

Ingat, kemiskinan di kita adalah kemiskinan struktural. Itu yg harus dibenahi. 

Siapapun punya hak tuk punya keturunan. Klo vasektomi, otomatis si laki2 tak bisa punya keturunan lg. Beda dg KB biasa.",2025-04-30T13:25:38.000Z,
twitter,"betul.. yg aku tau juga vasektomi kan syaratnya banyak, gak di perkenankan klo blm menikah atau blm punya anak... tapi mungkin yg di highlight lebih ke gmna caranya kelola bansos tanpa harus intervensi 'badan org' dan menaikan taraf hidup dengan pembenahan lapangan kerja dsb",2025-04-30T13:24:48.000Z,
twitter,"Loh, memang dg mewajibkan orang kismin vasektomi biar dapat bansos bukan pikiran ngaco? Menyedihkan. Diskriminatif. Banyak anak gak harus banyak uang, negara punya andil menjadikan seorang anak tumbuh produktif atau tidak. Salahin negaranya, bukan orang kisminnya.",2025-04-30T13:23:13.000Z,
twitter,"program bagus tp mungkin penyampaiannya kurang tepat sehingga mancing, ini buruk
vasektomi is good broh. gua klo dah punya anak jg mending vasektomi daripada istri gua yg harus KB, efeknya lebih ngeri perempuan, ga akan tega gua",2025-04-30T13:22:29.000Z,
twitter,"Jadi nanti yg masih miskin di usia 35 keatas dan udah punya 2 anak, jika masih mau nerima bantuan. Harus mau vasektomi.
Tujuan utama nya ya memutuskan dulu rantai kemiskinan nya. Biar bantuan sosial nya itu cukup.
Soalnya kalo terus""an bikin anak ya susah beranjak dari kemiskinan",2025-04-30T13:22:14.000Z,
twitter,Ya emang akar permasalahannya di situ kalo anggaran dipake Dengan bener ga dikorupsi. Kemiskinan bisa ditekan tanpa harus maksa orang buat vasektomi,2025-04-30T13:21:21.000Z,
twitter,"kalau konteksnya keluarga tsb udah punya anak banyak dengan kondisi ekonomi di bawah rata-rata, barulah opsi kontrasepsi berupa vasektomi ini harus berjalan beriringan dengan penggunaan kondom juga kalau memang vasek dirasa merenggut hak sbg manusia.",2025-04-30T13:19:54.000Z,
twitter,"KB apapun bentuknya itu hak perorangan ga bisa dipaksakan, harusnya kalaupun itu jadi syarat bansos harusnya ada pilihan KB-nya ngga harus vasektomi",2025-04-30T13:19:28.000Z,
twitter,Vasektomi harus udah ada 2 anak duluan kan,2025-04-30T13:18:57.000Z,
twitter,"lalu klo vasektomi ini dimajukan, kenapa menjadi syarat bansos? kenapa hanya untuk rakyat miskin? bansos itu hak rakyat miskin, masa buat dpt hak harus ngorbanin hak yg lain?",2025-04-30T13:18:39.000Z,
twitter,"1. Akses pendidikan makin susah kalau ortunya gak sadar dia punya banyak anak tapi nggak punya duit cukup untuk memenuhi kebutuhan sekolah
2. Again, kalau emang kekeh gak mau vasektomi ya harus sadar kalau dia butuh banyak uang buat nompang ekonominya

Ini udah ke akar sih imo",2025-04-30T13:18:34.000Z,
twitter,"Adil dan gk adil jd 1.
Kalo laki2 vasektomi, bisa asal celup sana sini tanpa khawatir, tanpa memikirkan tanggung jawab perbuatannya.
Urusan ini harusnya dr pribadi masing2, ntah laki atau perempuan harus membicarakan hal ini dgn baik dr awal pernikahan. Sm halnya dgn keuangan",2025-04-30T13:13:52.000Z,
twitter,"Tapi kalo cara gini berapa puluh tahun lagi kali dif bisa terwujud lelaki mau vasektomi 
Cara instannya ya emang harus dari kebijakan, cuma mungkin dibikin supaya gak 'terkesan' memaksa.",2025-04-30T13:06:57.000Z,
twitter,"Alasannya cukup logis kok, kalau ada keluarga terima bansos, brati gak mampu, kalau gak mampu, ya punya anaknya dibatasi dong.. kalau gak kasian anak dan ibunya.. dan suami harus bertanggung jawab untuk itu, makanya vasektomi, jangan si ibu yg disuruh pake alat.",2025-04-30T12:59:03.000Z,
twitter,"2)
oke kita berandai saja jika kebijakan ini berlaku dan yg mau dapat bansos, si bapaknya harus Vasektomi.

jika dikemudian hari ada kasus, ibu & bapak penerima bansos vasektomi ini cerai,
kemudian si ibu nikah lg sama bujangan miskin tdk bertanggung jawab lalu si ibu hamil lg,..",2025-04-30T12:58:53.000Z,
twitter,"Elu klo ga mau vasektomi ya udh, ga usah jadi miskin, anak elu juga berhak dapet kehidupan layak yg ga harus bergantung dengan bansos mulu",2025-04-30T12:56:21.000Z,
twitter,"Gw tetep gak setuju sih. KB atau Vasektomi itu harus lewat didikan dan lewat kerelaan, gak boleh lewat tekanan ekonomi untuk mengatur otonomi tubuh, apalagi di dalam dunia medis Vasektomi itu treament permanen (risk besar gak bisa direverse).",2025-04-30T12:54:35.000Z,
twitter,"standar ganda bgt, statementnya bilang kalau punya anak harus siap finansial, pas ada syarat beasiswa buat vasektomi aja malah pada marah. dasarrr",2025-04-30T12:53:59.000Z,
twitter,Gua ngerti tolol ... Lu hidup gak Napak tanah apa gimana? Ya tinggal cabut bansos nya blacklist seumuran hidup clear. ... Kenapa harus maksa vasektomi? Biarin aja kalau punya anak lagi hidup tambah miskin tinggal cabut hak bansos nya ... Clear?,2025-04-30T12:53:28.000Z,
twitter,"Kalo dipaksa sampe mempengaruhi hal krusial sih perlu di pikir juga, tapi vasektomi emang penting aku ambil positif yg ini karena jujur capek juga ngasih penjelasan apalagi ke orang orang yg udah berani melangkah ke jenjang pernikahan, HARUS BANGET NGERTI",2025-04-30T12:52:56.000Z,
twitter,"Tergantung sih kebijakan yang mana dulu, kalo demi pendidikan dan kesejahteraan warga ya kenapa gak? Misal kek study tour/wisuda yang harus ngeluarin budget gede tp orang tua gak mampu. Kalo yg vasektomi, ini harus di edukasi dulu warganya, ngomong mah gampang. Lah warganya gmn?",2025-04-30T12:52:07.000Z,
twitter,Nikah itu emang tujuannya bikin anak kak. Pemerintah harus edukasi Rakyat bukan malah nyuruh Vasektomi.,2025-04-30T12:51:48.000Z,
twitter,Maaf Tante harus bgt vasektomi emg nya ? Wkwkwkwk gak permanen? Pahamin dlu prinsip vasektomi lu kira buat disambung ulang .. siapa juga yang mau bayarin orang miskin buat nyambungin ulang udah pasti buat permanen logika berfikir lu kebalik,2025-04-30T12:50:18.000Z,
twitter,Perasaan dari kemarin orang2 yg dituduh bigot konservatif paling berisik soal syarat bansos harus vasektomi.,2025-04-30T12:34:19.000Z,
twitter,Aku dah baca syarat vasektomi dan betul syaratnya harus minimal pny 2 anak. Tapi syarat lain jg umur di atas 35thn. Kalau program ini jalan nanti orang miskin d bwh 35thn ga bisa dapet vansos dong karena ga bisa vasektomi? Apa gimana?,2025-04-30T12:33:32.000Z,
twitter,Gak nyambung..topik diatas itu soal yg berhak mendapatkan bansos harus vasektomi.,2025-04-30T12:33:25.000Z,
twitter,"emang permasalahan ini sebenernya gampang dah. vasektomi atau engga is ur choice, ga ada yg mewajibkan, kecuali butuh bansos, baru harus mengikuti snk yg ditetapkan ",2025-04-30T12:32:08.000Z,
twitter,"masa tau-tau orang miskin ditodong, MAU BANSOS? VASEKTOMI DULU.

ngeri ih.

nanti takutnya kebijakannya makin melebar dan subjektif. contoh, syarat kerja kalau belum menikah. atau misal kalau mau beli rumah, harus punya 2 anak. gitu² deh ke yang ranah privasi.",2025-04-30T12:30:27.000Z,
twitter,"Gue pro karena apa? selain kb vasektomi ke laki2 jauh lebih dikit side effectnya dibandingkan kn perempuan, laki2 bisa dalam 1 waktu menghamili bbrp perempuan sementara perempuan kl udah hamil minimal setahun dl jaraknya, trs jg kalau kurang mampu harus kb mengingat hak anak.",2025-04-30T12:29:42.000Z,
twitter,"untuk mengontrol laju natalitas suatu populasi masyarakat kurang mampu, edukasi kan ga cuma di Bapaknya yang melakukan vasektomi, ada anaknya yang harus diedukasi juga toh, kan mereka nantinya jadi orang tua. Strategi edukasi kontrasepsi bagi masyarakat kurang mampu yang paling",2025-04-30T12:28:53.000Z,
twitter,"""syarat"" bansos. berarti kalau mau dapat bansos, mereka harus vasektomi. padahal bansos memang amanah UUD buat diberikan kepada rakyat miskin.

mending yang digalakkan itu sosialisasi tentang vasektominya, biar mereka melakukan itu dengan kemauannya sendiri tanpa dipaksa².",2025-04-30T12:20:39.000Z,
twitter,"Sebagai  “KB mantap”, Dokter Nur menyarankan bahwa vasektomi harus dilakukan atas keyakinan penuh untuk tidak punya anak lagi.",2025-04-30T12:19:24.000Z,
twitter,Saya ngerti kok. Saya sudah sering banget nyimak diskursus vasektomi ini dari tahun lalu. Belum lama ini juga ada diskursus soal ini. Poin di sini harus EDUKASI dulu. Contoh orang yang vasektomi di X pada umumnya dari golongan teredukasi.,2025-04-30T12:18:43.000Z,
twitter,"A: saya kok gak dapat bantuan bansos
B: Bapak belum vasektomi dan bukan peserta KB
A: Lhah... umur saya 75 dan istri 70 taun. masak harus vasektomi?",2025-04-30T12:13:14.000Z,
twitter,"ga sepenuhnya setuju sama pendapat org miskin harus vasektomi baru dapet bansos. tapi fakta lapangan orang miskin yg anaknya banyak tu juga nyusahin, karena mereka jadi ga tanggungjawab buat anak""nya. kalo kebijakannya diganti jadi yang berhak menerima bansos yg anaknya maks 3",2025-04-30T12:10:53.000Z,
twitter,"permasalahannya adalah sebagai syarat untuk menerima bansos yg secara ga langsung merupakan sebuah paksaan, vasektomi bagus tp harus atas kehendak sendiri, kenapa ga perlahan lewat edukasi? emang keliatan bgt pemerintah ini males cari solusi",2025-04-30T12:09:11.000Z,
twitter,"emg harus dipaksa karna kemiskinan struktural gaada ujungnya klo berkembang biak terus dan dipelihara, lagian yang diharuskan emg ke orang yang perlu bansos yang artinya tidak mampu, syarat vasektomi pun kalau sudah memiliki 2 anak, bukan melarang untuk punya anak sama sekali",2025-04-30T12:08:53.000Z,
twitter,"Betul mas, tidak ada yang mempermasalahkan program vasektomi sukarela, itu harus didukung. Hal yang jqdi masalah itu ketika jadi kewajiban dan malah jadi syarat agar dapat bantuan dari negara.",2025-04-30T11:41:07.000Z,
twitter,"Pria Ini Sudah Vasektomi tapi Miliki Anak Lagi, Dokter Harus Bayar Hampir Rp1 Miliar",2025-04-30T11:40:25.000Z,
twitter,"Ya kalau mau bansos, harus mau vasektomi. Yang mau-mau aja ini mah. Ga mau vasektomi, ga usah pengen dikasih bansos.",2025-04-30T11:40:02.000Z,
twitter,"I mean vasektomi itu bagus bila atas kesadaran sendiri. Pemerintah daripada memaksa harusnya lebih massive melakukan edukasi perihal seks dan kehamilan. 

Harus vasektomi biar dapet bansos is ain't a good decision. Tubuh itu ranah privat. Tidak boleh dijajah sama siapapun.",2025-04-30T11:38:31.000Z,
twitter,"Jangan jadikan vasektomi sebagai ‘ancaman’ agar mereka dapat bansos, sudah kayak peliharaan aja, yang harus nurut sama ‘majikan’ biar dapat makanan.

Cobalah sekali-kali, kalian, orang pemerintah tuh muhasabah diri. Banyak kok dosa kalian yang bikin jumlah orang miskin bertambah.",2025-04-30T11:38:15.000Z,
twitter,"Kalau dari berita yang ada, vasektomi sebagai syarat untuk dapat bansos dan beasiswa. Bahwa sekarang ada program mendorong vasektomi itu bagus dan harus didukung, tapi bukan jadi syarat untuk mendapatkan bantuan negara. Itu bibit eugenik.",2025-04-30T11:37:54.000Z,
twitter,"Jangka pendek emang bagus, kok, tapi gak akan menyelesaikan masalah secara keseluruhan. Bayangin aja kamu punya tumor, tumor meski udah diangkat tetep harus dikasih obat dan perawatan, kan? Nah kebanyakan anak tuh ya gini kasusnya, vasektomi cuma jawaban cepat aja",2025-04-30T11:37:02.000Z,
twitter,"yang blg gabole punya anak gaboleh nikah sapa dah? lo ini kalo mau kritik kencengin literasi dulu dah bang. kebijakan vasektomi enih juga punya syarat ga asal semua org miskin di kb in. umur harus diatas 35, udah punya anak minimal 2, persetujun istri dan miskin",2025-04-30T11:36:14.000Z,
twitter,"Ga gitu dong logikanya  
Bansos itu harus mudah diakses oleh masyarakat miskin. Bukan masalah ""diambil"" atau ""gausah diambil"". Bahkan seharusnya bansos itu ""diberikan"" karena udah kewajiban konstitusional negara. Kalo vasektomi dijadiin alat tukar untuk bansos,",2025-04-30T11:35:34.000Z,
twitter,Vasektomi itu ada syaratnya yg harus dipenuhi juga. Dia bilang yg punya anak keempat atau kelima minta bantuan operasi sesar. Yang mana mau beranak itu harus punya tanggung jawab penuh. Kalo biaya persalinan aja nggak sanggup gimana mau biayain anak?,2025-04-30T11:32:35.000Z,
twitter,"mbak belajar HAM dulu gih wkwk bukan dari perspektif vasektominya, tapi lebih ke kenapa harus yg miskin diwajibin demi dapet bansos? bansos hak mereka bagi yg miskin, tapi dihalangi oleh kebijakan melanggar HAM. gw ga against vasektomi, ASAL ATAS KESADARAN MANUSIANYA SENDIRI",2025-04-30T11:32:03.000Z,
twitter,"Dilapangannya banyak yg sengaja banyak"" lahirin anak cuma karna dapet bansosnya biar gede.
Disitu bukan diiming""i, justru disyaratkan kalo mau dapet harus vasektomi biar neken angka kemiskinan terstruktural.",2025-04-30T11:25:40.000Z,
twitter,"gue cewek dan gue nggak setuju. gue nggak menolak vasektomi, tapi gue nggak setuju kalau vasektomi harus dilakukan supaya orang dapat bansos. mau pake KB apapun tuh hak tiap individu, negara nggak boleh ngatur sampai segininya.",2025-04-30T11:22:09.000Z,
twitter,"hidup harus realistis ka, apalagi skrg apa2 mahal, inget yah ka vasektomi buat orang yg kurang mampu, semoga Allah memampukan kita, memberikan kita rejeki yang cukup & halal yah ka, biar bisa memberikan hidup yg layak untuk anak saya, dan anak kakak nantinya Aamiin ",2025-04-30T11:21:53.000Z,
twitter,"apapun keputusan kita sbg kepala keluarga ttg vasektomi, yakinlah itu yang terbaik.
kita boleh salah, tapi tidak boleh berhenti belajar.

kl mindos ada disisi yang setuju vasektomi, dg catatan mindos harus pny 2 anak dulu.",2025-04-30T11:19:27.000Z,
twitter,Bansos itu udah hak orang miskin. Kalo mau dapet bansos tapi harus vasektomi dulu ya ITU NAMANYA PAKSAAN!,2025-04-30T11:16:41.000Z,
twitter,"Ada, tapi gak segampang langsung nikah bisa vasektomi, ada kualifikasinya, setau gw minimal punya 2 anak, umur harus sekian(lupa).",2025-04-30T11:15:58.000Z,
twitter,Otak lu yang harus di vasektomi ferizandra,2025-04-30T11:12:47.000Z,
twitter,"Bagusnya sosialisasi dari BKKBN juga harus ada materi tentang vasektomi, di daerah2 jg klo bisa rombak besar2an untuk struktur organisasinya, ada perempuan dan ada laki2. Biar bisa bangun kepercayaan utk ke 2 gender ini. Krna kebanyakan pejabatnya cewek jd yg dirangkul ibu2",2025-04-30T11:11:57.000Z,
twitter,"harus vasektomi, orang mampu punya anak dikit biar memastikan kesejahteraan dan kasih sayang ke anak bisa semaksimal mungkin, yg mana orang miskin ga mikirin itu yg bikin anak terdzolimi",2025-04-30T11:07:53.000Z,
twitter,"serem sliperry slopenya, kalo vasektomi dijadiin syarat bansos buat laki2, bisa2 di masa depan perempuan dapet syarat bansos harus pernah melahirkan minimal 2 anak.",2025-04-30T11:07:23.000Z,
twitter,"jangan pada kaget kalau ada akademisi pecah pendapat soal vasektomi. 

kedua faksi pasti pny sisi yang memang harus diperjuangkan.
itu bagian dr khasanah berbangsa dan bernegara. 

(1/3)",2025-04-30T11:05:36.000Z,
twitter,"harus vasektomi, orang mampu punya anak dikit biar memastikan kesejahteraan dan kasih sayang ke anak bisa semaksimal mungkin, yg mana orang miskin ga mikirin itu yg bikin anak terdzolimi",2025-04-30T11:04:06.000Z,
twitter,"gpp bgt km nolak vasektomi, cuma ya harus tanggungjawab ajg. jangan pada dzalim ke anak istri. ngewe gaspol, tapi ngasih nafkah ngandelin pemerintah",2025-04-30T11:03:05.000Z,
twitter,"yg jadi masalah bukan vasektominya. tapi itu dijadikan syarat bansos yang sudah menjadi hak warga miskin. hari ini wajib vasektomi, besoknya (misal) wajib tes iq, besoknya lagi harus (isi sendiri). bansos jadi alat paksa buat orang miskin. paksa orkay bayar pajak dulu bisa ngga?",2025-04-30T11:02:50.000Z,
twitter,"Betull. Kalo dari vasektomi sendiri, setauku di medispun kalo ga ada urgent memang harus dipotong emang boleh juga dari dokternya.

Kalau fatwa muinya boleh katanya, karena perkembangan jaman vasektomi itu bukan memotong saluran mani tapi bisa disambung lagi. Bukan jadi mandul",2025-04-30T10:58:50.000Z,
twitter,maksudnya gimana? bukannya selama ini juga diatur? cuma seringnya kalo wanita dinormalisasi dengan sebutan KB pdhl kadang prosesnya namanya TUBEKTOMI. apa bedanya sama VASEKTOMI. apa harus selalu wanita yg di steril di otak atik tubuhnya?,2025-04-30T10:55:04.000Z,
twitter,"menurut gw, kebijakan yg menyentuh akar struktural, seperti pendidikan, pemberantasan kemiskinan, kesehatan, transportasi, harus lebih duluan di-aplikasikan dibanding kebijakan vasektomi (vasektomi oke, tetapi harus secara sukarela)",2025-04-30T10:52:47.000Z,
twitter,"Betapa sakitnya jadi orang miskin, mau dapat bansos saja harus vasektomi. Soeharto saja ga pernah syaratkan KB dalam pembagian bantuan²nya. Gubernur gila engagement.",2025-04-30T10:52:20.000Z,
twitter,"Berarti kalo ada orang miskin yang punya 1 anak, tetap dapat bansos yaa kak meskipun gak mau vasektomi? Atau harus bikin lagi untuk dapat bansos?",2025-04-30T10:51:26.000Z,
twitter,"Harus di vasektomi bukan berarti gk boleh punya anak, tapi anaknya dibatasi, kalau orang tuanya gk mampu menghidupi juga kan kasian anak anaknya. IMO sih kalo tujuannya ""dibatasi"" masih belum melanggar ham..",2025-04-30T10:50:31.000Z,
twitter,"Lah kan vasektomi harus punya 2 anak dlu syarat nya. Ya bener, kalo butuh bansos berarti dia ga mampu. Ga mampu tapi punya anak banyak tuh logika nya dimana",2025-04-30T10:50:08.000Z,
twitter,padahal vasektomi pun masih bisa ngentot wkwk bebas gak takut harus cabut singkong,2025-04-30T10:49:20.000Z,
twitter,"kontra, karena kesalahan di mewajibkannya vasektomi kalau mau dapet bansos dan beasiswa, kalau caranya diganti jadi yang mau dapet tambahan bansos harus ikut vasektomi dulu gw pro",2025-04-30T10:48:47.000Z,
twitter,"setiap manusia punya otak sih, sudah tau ekonomi engga stabil 1 atau 2 anak cukup! kalau masih mau hubungan badan dan ngga ngehasilin anak, beli kondom atau kb. toh vasektomi masih bisa ngaceng kok. jadi anak ngga harus menderita dikeluarga yg serba kekurangan!",2025-04-30T10:44:44.000Z,
twitter,"makanya itu kemarin-kemarin kemana aja? lagi alat kontrasepsi itu sudah seyogianya diperuntukkan ke laki-laki, bukan perempuan. istri udah mengandung, melahirkan, lah dituntut jadi yang harus kb juga. kalo bahas soal vasektomi taruhannya nyawa, dipikir melahirkan nggak?",2025-04-30T10:44:12.000Z,
twitter,"Berarti kalau gitu wordingnya harus jadi ""orang yang sudah melakukan vasektomi berhak memperoleh bansos & beasiswa"" boleh dong. Gak diwajibkan, tapi haknya jadi diberikan kepada yang mengikuti mekanisme. Bansos dan beasiswa itu bukan ""wajib"", tapi bentuk dari jaminan sosial.",2025-04-30T10:41:40.000Z,
twitter,"Bukan isu gender ya, lu pikir coba, hari ini kebijakan jadi, vasektomi semua orang miskin, lu pada ""Oh, okay, it happens"" 6 bulan kemudian perempuan juga harus, lu pikir orang yang sama nolak bakal langsung ""Oh oke good"" apa? Kaga, malah ""Kan, udah dibilang kemarin"" dan nolak.",2025-04-30T10:41:35.000Z,
twitter,"Lagian vasektomi itu syaratnya 2 anak dulu kok. Mau punya anak brp? Selusin? Gw ngomong gini itu liat pengalaman liat mantan gw sampe ptsd gara2 harus kerja menuhin keluarga, liat trauma generasi keluarga gw",2025-04-30T10:39:48.000Z,
twitter,"I get your point, tapi apa kita masih bisa percaya sama pemerintah? Bansos pun gk nentu, masalahnya ini kejadian sama laki laki, oke vasektomi, besok perempuan harus kb juga, masa kita mau nurut terus? Besoknya apa? Seandainya aja pemerintah mau denger sama mau cari real solution",2025-04-30T10:37:03.000Z,
twitter,"mkny klo g mau vasektomi ya harus bs mencukupi finansial, klo emg uda berduit dan bs menghidupi gausa kb² an jg g mslh. even buat si cwe atau cwo.",2025-04-30T10:30:03.000Z,
twitter,"Itu kan syarat vasektomi BKKBN, sedangkan dari kemarin saya nyari berita masalah vasektomi versi KDM gak ada nyebut masalah syarat ini.
Yang ada semuanya mencantumkan ""seluruh laki-laki/suami penerima bantuan di JaBar"".
Kalau membabi buta harus semua kan sudah offside KDM.",2025-04-30T09:41:45.000Z,
twitter,Prooo— gue mau ngajuin perjanjian pra nikahnya calon suami harus dan wajib vasektomi setelah punya anak satu.,2025-04-30T09:41:23.000Z,
twitter,"Perbedaan nya tuh karena yang satu nya diwajibin, padahal kalo misal nya mau kasih insentif buat yang ngejalanin vasektomi tuh harus nya jangan bansos atau beasiswa.

Orang-orang nih gampang banget ""oh kalo gamau yaudah berarti gadapet, gitu aja susah"" 

Abuse of power",2025-04-30T09:39:48.000Z,
twitter,"kang ngent-t kelabakan padahal vasektomi masih bisa ngent-t juga kenapa harus takut? udah miskin, doyan ngent-t pas punya anak gabisa ngasih makan, nyekolahin, ujung - ujungnya anak jadi gembel,  pengamen, gangster, kriminal. Hadeuh.",2025-04-30T09:37:46.000Z,
twitter,"kasian jg loh anaknya kalo lahir di keluarga ga mampu, beberapa hak anak jg ga tercukupi. makanya syarat bansos dibuat harus vasektomi dulu tuh malah bagus...",2025-04-30T09:36:27.000Z,
twitter,Disaat yg sama gwe sepakat kalau harus lebih banyak kasus2 pemaksaan kontrasepsi dan sterilisasi yg korbannya perempuan yang dapat respon seganas penolak vasektomi paksa ala KDM ini,2025-04-30T09:34:46.000Z,
twitter,nah ini contoh nyata kenapa vasektomi harus digalakkan,2025-04-30T09:31:25.000Z,
twitter,"Setau saya udah ada insentif buat vasektomi.
Tunjangan kerja aja juga cm buat 2 anak.

Nah sekarang kalo kasusnya spt yg dibahas Dedi? 

Anak udah 10, lagi hamil anak ke-11, anaknya disuruh kerja jualan, apakah insentif ini ampuh? Atau emang ni orang ga niat KB dan harus dipaksa?",2025-04-30T09:31:18.000Z,
twitter,"Salah satu syarat vasektomi di Google: Memiliki Jumlah anak yang cukup minimal dua orang, dan anak paling kecil harus sudah berumur diatas dua tahun",2025-04-30T09:29:32.000Z,
twitter,"Ini pemaksaan utk vasektomi, apalagi persyaratan bansos. Sebenarnya ini sudah melanggar hak hidup orang untuk memiliki anak. Kalau mau menyelesaikan masalah kemiskinan struktural. Saya rasa pemerintah harus mengkaji permasalahan kemiskinan, dan membuka lapangan pekerjaan.",2025-04-30T09:29:30.000Z,
twitter,"Yes! Untuk birth control sendiri itu kesepakatan dua belah pihak dan harus dibicarakan dengan mendalam dengan pasangan masing masing, yang paling efektif, nyaman dan aman sejauh ini memang vasektomi.",2025-04-30T09:21:18.000Z,
twitter,"hmm apa ya… bingung sih knp harus vasektomi dlu buat dapet bansos sm beasiswa, kyk ganyambung aja gitu",2025-04-30T09:21:14.000Z,
twitter,Setuju dgn vasektomi nya tapi nggak dgn bansos atau beasiswa itu. Harus nya vasektomi diperuntukkan bagi keluarga miskin,2025-04-30T09:20:24.000Z,
twitter,"jujur aja kasih edukasi ke mereka itu suuuuuusaaahhh minta ampun, mereka itu biasanya bebal dan malas cari informasi, mereka itu harus 'disuapin' atau ditegasin baru pada nurut, KDM ini mungkin juga muak dan pengen yang hasilnya keliatan cepet kali ya makanya maksa vasektomi",2025-04-30T09:18:54.000Z,
twitter,"But, the thing is, sepanjang timeline di Twitter, pro kontra dari vasektomi ini selalu antara cewe dan cowo. Ku amati kebanyakan yg pro adalah cewe dan kontra kebanyakan adalah cowo. Harus diakui mmg selama ini beban reproduksi selalu ditanggung perempuan dg segala risikonya.",2025-04-30T09:15:22.000Z,
twitter,ngerti ga si syarat vasektomi aja harus punya 2 anak dulu??? maksudnya kan biar pada ga beranak pinak ampe 3 lebih anjirrrr,2025-04-30T09:12:54.000Z,
twitter,"Berarti pemikiran, moral dan kesadaran nya yg harus di vasektomi. Sistem yang lebih struktural dan lebih baik akan mencegah kemiskinan struktural dari individunya. Karena kualitas orang2 dan SDM nya jg baik",2025-04-30T09:12:16.000Z,
twitter,"Siap² ya kalo kalian yang pro kebijakan kdm jatuh miskin dan butuh bansos harus vasektomi dulu .

Oiya disini kan pada mau childfree ya haha. Lupa.

Sekarang coba kalian ucap kalimat pertama ke orang² awam yg pengen punya 3-4 anak. Kira² melanggar hak ngga?",2025-04-30T09:10:30.000Z,
twitter,"harusnya sih gak jadi dilakuin ya,
karena klo beneran diberlakukan kebijakan,
""untuk dapat bansos, lelaki harus vasektomi dulu,
atau, untuk dapat bansos, wanita harus KB dulu""

kebijakan ngaco, masa hak rakyat miskin untuk dapat bansos musti ada syarat seperti itu, aneh",2025-04-30T09:04:34.000Z,
twitter,bener banget  giliran cewek KB yang beresiko pun mereka gak gembor gembor. giliran kaumnya harus vasektomi langsung kebakaran jembut alias ngamuk ahahahah,2025-04-30T09:03:20.000Z,
twitter,WKWKWKWKWK kenapa ngamuk deh para laki ini perihal vasektomi? Padahal memang sumber anak kan ada di sperma bukan dari rahim tiba tiba ada anak  jadi yang harus dikendalikan memang spermanya bukan rahim ,2025-04-30T08:58:32.000Z,
twitter,"Yg salah RAKYAT MISKIN, pokoknya rakyat miskin harus di vasektomi, pokoknya rakyat miskin gak boleh punya anak banyak, rakyat miskin itu beban... Kalo pejabat bebas bebas aja silakan mau mencuri merampok menghina",2025-04-30T08:58:16.000Z,
twitter,"kebijakan bansos yang harus vasektomi menurutku bagus sih. kalo mau dapet bansos ya syaratnya jangan nambak anak. jangan cuma ngandelin bansos buat hidup, kalo mau punya banyak anak.",2025-04-30T08:52:22.000Z,
twitter,"Ayo kak kita perempuan- perempuan harus koar koarin ini, gemes banget liat cowo-cowo yg kesentil egonya karena KB Vasektomi dikira dipotong ttdnya. Padahal Vasektomi dan Kebiri 2 hal yg berbeda.",2025-04-30T08:52:04.000Z,
twitter,"Maunya begini :
Ga mau tau pokoknya fasilitas harus tersedia oleh banyak orang, boleh banyak anak yg hidupnya ditanggung bersama dari keluarga dan pemerintah. Untuk vasektomi adalah sebuah pilihan dan bukan kewajiban",2025-04-30T08:48:13.000Z,
twitter,"nuh uh. Salah satu syarat KB Vasektomi itu minimal sudah memiliki 2 anak dan anak paling kecil harus sudah berumur di atas 2 tahun. Jadi bukan berati ga boleh punya anak kak, tapi ga boleh punya banyak anak. Anak banyak tapi kebutuhan nya ga bisa di penuhi, itu kriminalitas kak.",2025-04-30T08:45:44.000Z,
twitter,"bukannya untuk vasektomi jg harus ada syaratnya ya? gak sembarang semuanya bisa divasek. kaya minimal umur berapa, sudah menikah dan minimal anaknya 2, dsb",2025-04-30T08:45:37.000Z,
twitter,"Memang. Tapi itu salah satu cara yang patut dicoba. Lah wong kb aja sudah dijalankan bertahun tahun tanpa protes yang berarti. Kenapa vasektomi jadi polemik yang harus jadi bahan gunjingan. Lagian syaratnya masih bisa berubah, programnya belom berjalan 100%.",2025-04-30T08:44:08.000Z,
twitter,"Gimanapun dikatakan emang faktanya banyak anak itu menyusahkan. Tetanggaku anaknya 12 sampai anaknya g bisa kuliah dan harus kerja padahal termasuk anak pintar. Tapi ya terputus karena ekonomi. 
Kalau ditanya apakah vasektomi bisa menyelesaikan masalahnya?",2025-04-30T08:42:04.000Z,
twitter,"Knp harus vasektomi, tinggal kasih syarat aja yg berhak terima bansos kalau jumlah anak kurang dari sekian misalnya.",2025-04-30T08:39:08.000Z,
twitter,"Problemnya lebih dari sekedar vasektomi/ngga. Ada bbrp issue.

Medis
1. Vasektomi, sama seperti banyak tindakan medis, harus berbasis consent, bukan paksaan.
2. Ada bbrp kondisi medis yang ngga disarankan vasektomi. Kalo si miskin punya kondisi medis ini, gmn? Apa jd ga berhak?",2025-04-30T08:37:50.000Z,
twitter,"Ya berarti harus adil atuh. Kalo si kaya ga wajib, yg miskin juga ga wajib. Kalo kita mulai menerapkan aturan kayak gtu ya ketimpangan sosial makin parah atuh. 

Itu vasektomi pun masalah si miskin ga bakalan hilang. Kemiskinan diberantas bukan dengan vasektomi.",2025-04-30T08:37:07.000Z,
twitter,"Iya itu yg di maksud saya mah...
Kl soal vasektomi buat org  yg kurang mampu.
Dan yg terima bansos, harus di kb vasektomi..cara itu gak adil.
Sangat gak setuju..",2025-04-30T08:36:09.000Z,
twitter,"Ya makanya itu kak, syarat buat vasektomi juga minimal harus punya 2 anak dulu.

Itu tu aslinya ya biar sadar kalo belum mampu ngebiayain kehidupan anaknya nanti tu ya jangan nambah anak.",2025-04-30T08:18:02.000Z,
twitter,"Dr kmrn bacain isu ini gimana ya

Program kb digalakkan untuk perempuan dari dulu, kenapa giliran vasektomi banyak yg debat? Make sense juga program ini karena buat menghidupi anak itu ga murah

Tapi, kalau syarat dapet bansos harus vasektomi tuh kayak.. terlalu memaksa?",2025-04-30T08:17:59.000Z,
twitter,"Gak harus vasektomi, banyak kok anak muda zaman sekarang yang membatasi punya anak cuma 1 atau 2 ada juga yg childfree, yg vasektomi kan yg gak bisa mengontrol diri dalam membuat anak kayak KB pada perempuan. Gak paham juga?",2025-04-30T08:15:10.000Z,
twitter,"Kita harus bisa membedakan antara vasektomi pada pria dan KB pada wanita..
Vasektomi otomatis lu akan mandul selamanya, sedangkan KB pada wanita tidak memberikan efek mandul selamanya. Silahkan pilih...",2025-04-30T08:14:47.000Z,
twitter,"Apaan tolol opini lu tolol jelas jelas itu buat yang dapet bantuan harus vasektomi biar ngentot sana sini kaga jadi tolol, bayangin kalau jadi, anaknya kasian ajg",2025-04-30T08:12:16.000Z,
twitter,"kb itu pilihan, bukan kewajiban. bedaaa... 

gw setuju vasektomi asalkan juga menjadi sebuah pilihan bukan hal yang perlu menjadi syarat dapat bantuan/beasiswa dll. kesannya kek gw harus sakitin diri sendiri dulu biar diperhatiin pemerintah gitu.",2025-04-30T08:03:39.000Z,
twitter,"menurutku, vasektomi/kb harus dilakukan secara independen, sadar, dan tanpa paksaan.

saat negara bikin syarat itu sebagai alat kontrol sosial buat masyarakat kelas bawah, menurutku itu bukan cuma ngelanggar hak tubuh warganya tapi juga bentuk biopolitik secara terang-terangan!",2025-04-30T07:58:33.000Z,
twitter,"itulah kak harusnya begitu, yg miskin harusnya lebih berpengalaman agar anaknya tidak hidup miskin juga, tapi banyak dilapangan malah tidak memikirkan dampak ini, beranak sesukanya. harusnya tanpa dipaksa vasektomi mereka sudah membatasi sendiri, sudah harus tau konsekuensinya.",2025-04-30T07:57:10.000Z,
twitter,"Iya betul hak dasar masyarkat kurang mampu. Tapi masyarakat kurang mampunya juga harus bantu pemerintah dari segi pengendalian dengan cara vasektomi atau kb, kb bisa juga tpi efek samping buat badan perempuan lumayan banyak udhlah mengandung 9 bulan trs ngurus anak",2025-04-30T07:55:36.000Z,
twitter,Ini gua setuju cuma lu bayangin aja syarat beasiswa harus vasektomi tuh nalarnya dari mana?,2025-04-30T07:54:45.000Z,
twitter,Bukannya bagus ya kalau ada kebijakan mengenai vasektomi? Karena setahuku harus punya anak 2 dulu kalau mau ikutan.,2025-04-30T07:50:17.000Z,
twitter,"ya terus hubungannya apa? katanya biar sejahtera angka kelahiran harus turun. yaudah vasektomi aja semua orang miskin. gausah pake syarat.

kok malah disuruh baca syarat, apasih?",2025-04-30T07:49:40.000Z,
twitter,"Oh tenang saja, setelah aturan yg mau dapat bansos harus vasektomi berlaku nanti mungkin bakal tambah banyak pahlawan kelamin nya ",2025-04-30T07:49:14.000Z,
twitter,"Vasektomi tuh syarat nya harus punya anak 2 dulu, umur 35 bari vasektomi. Bukan ngelarang buat punya anak.",2025-04-30T07:45:33.000Z,
twitter,"Intinyan kasian banget buat orang2 miskin di luar sana yang minim akses dan edukasi soal kontrol angka kelahiran. Lalu tiba2 muncul aturan, “lo kalo mau dapet bansos, harus vasektomi dulu”.
Itu gak adil banget sumpah. Jatohnya pemaksaan. :’(",2025-04-30T07:45:18.000Z,
twitter,"That's so true. Whatever is the background, sosialisasi vasektomi harus jelas bahwa ini utk mencegah kehamilan, bukan IMS.",2025-04-30T07:44:49.000Z,
twitter,"Lagian Vasektomi kan udah ada syarat nya sendiri, umur harus udah 35 sama udah punya anak 2. Kb buat perempuan kenapa pada ga diribetin kaya gini. Pdhl klo kebobolan, punya anak lagi yg ngurus juga perempuan, kebanyakan bapak nya ga mau ngurus anak, apalagi yg miskin",2025-04-30T07:44:00.000Z,
twitter,"Intinyan kasian banget buat orang2 miskin di luar sana yang minim akses dan edukasi soal kontrol angka kelahiran. Lalu tiba2 muncul aturan, “lo kalo mau dapet bansos, harus vasektomi dulu”.
Itu gak adil banget sumpah. Jatohnya pemaksaan.",2025-04-30T07:42:09.000Z,
twitter,"Intinyan kasian banget buat orang2 miskin di luar sana yang minim akses dan edukasi soal kontrol angka kelahiran. Lalu tiba2 muncul aturan, “lo kalo mau dapet bansos, harus vasektomi dulu”.
Itu gak adil banget sumpah. Jatohnya pemaksaan. :’(",2025-04-30T07:41:20.000Z,
twitter,"Caranya kan sama"" menekan angka kelahiran. Ibaratnya kalo mau melakukan usaha ya harus efektif, kondom dkk dinilai gak efektif karena rawan robek dll. Kalo vasektomi sudah jelas keamananya karena emang jalur sprem diputus yang artinya udah pasti sel telur gabisa dibuahi",2025-04-30T07:39:11.000Z,
twitter,"nah jalan satu satunya KB,banyak jenis KB knp harus vasektomi yang jelas jelas melanggar hukum Islam dan diperkuat oleh fatawa daimiyah,jdi jangan menghilang 1 resiko ke resiko lain yang bertentangan dengan hukum Islam itu sendiri",2025-04-30T07:30:52.000Z,
twitter,"Beda konteks bang, ini kan khusus untuk yg ga sanggup aja. KLO misalkan Abang nya miskin tapi masih sanggup membiayai anak""nya kelak ya ga perlu vasektomi. Tapi ya, KLO orang kaya sih biasanya kebanyakan anaknya dikit. Karena mereka mikir semua kebutuhan anaknya harus tercukupi.",2025-04-30T07:29:31.000Z,
twitter,"Bener. Efek KB tuh nyata banget. Kasian sama ibu"" yang harus rutin suntik, minum pil, belum lagi kalau kb spiralnya patah. Dan itu pun masih ada kemungkinan kebobolan. Beda sama vasektomi.",2025-04-30T07:29:24.000Z,
twitter,"Kira2 kenapa masyarakat sulit menerima penyuluhan yg diberikan?
Kalau tau jawaban di atas, bisa ketemu titik yg sebenarnya harus diperbaiki.

Membatasi beasiswa untuk anak yg bapaknya yg ga mau vasektomi di kelompok fakir miskin hanya akan menimbulkan evil loop .",2025-04-30T07:26:43.000Z,
twitter,"VASEKTOMI AJA SYARAT NYA HARUS PUNYA 2 ANAK, ANJINGGGG.
KALO 2 AJA MASIH NGAREPIN BANSOS DAN GAK BISA NGEHIDUPIN SECARA LAYAK TAPI TETEP MAU NAMBAH ANAK, GAK TAU DIRI NAMA NYA. BRENGSEK.",2025-04-30T07:24:58.000Z,
twitter,"emang segitu daruratnya ya kita harus menekankan vasektomi?
TDR Jawa Barat menurut sensus 2020 cuma 2.11 (normal 2.1)

permasalahan orang miskin anak terlantar ini masalah individu apa sistem?",2025-04-30T07:22:18.000Z,
twitter,"Bukan kah case nya disini adalah yang dapat bansos harus vasektomi kan? 
Nah penerima bansos adalah keluarga yang (maaf) kurang mampu, dengan menerima bansos ini berarti keluarga tersebut dianggap kurang mampu membesarkan anak, salah satu tujuan vasektomi disini adalah cont-",2025-04-30T07:21:15.000Z,
twitter,Jujur yang bikin ane belum 100% support vasektomi ya ini tapi tetepan kasian sama bini besok kalau harus kb karena efeknya ngeri semua,2025-04-30T07:00:49.000Z,
twitter,"KB perempuan banyak yang KB sementara, sedangkan vasektomi masuknya KB permanen. Kalau mau membandingkan vasektomi harus dengan tubektomi(steril) bukan dengan KB iud atau suntik. Itu alasan vasektomi lebih diributin karena seperti dipaksa untuk “mandul”.",2025-04-30T06:57:25.000Z,
twitter,"BEWARA WARGI JABAR
⁣
Syarat penerima bantuan di Jawa Barat akan diperketat. Gubernur Dedi Mulyadi mengusulkan agar penerima bantuan harus mengikuti program Keluarga Berencana (KB) lebih dulu.⁣
⁣#detikjabar #vasektomi 

FULL : https://detik.com/jabar/berita/d-7891670/suami-di-jabar-harus-ikut-kb-jika-mau-terima-bantuan-pemerintah?utm_campaign=detikcomsocmed&utm_medium=oa&utm_source=twitter&utm_content=detikjabar…",2025-04-30T06:56:02.000Z,
twitter,"kalo emg mau kb, aplikasi kebijakannya harus menyeluruh dan serentak menargetkan semua wni yg berkelamin laki-laki. kalo requirement bansos harus pake vasektomi, kalangan atas yang mau belanja bulanan di farmers market mesti vasektomi juga. itu baru adil.",2025-04-30T06:55:57.000Z,
twitter,Padahal vasektomi tidak seburuk itu wahai para lelaki. Vasektomi gratis program bkkbn pun syaratnya harus 2 anak dulu dan umur diatas 35 tahun.,2025-04-30T06:48:11.000Z,
twitter,"Boleh ki, syarat vasektomi harus punya 2 anak dulu. Sesuai dengan program kb dua anak cukup.",2025-04-30T06:38:26.000Z,
twitter,Syarat buat dapat bansos itu harus Vasektomi karena orang miskin jgn pny banyak anak . Nah orang2 yg dapat bansos (seharusnya) orang miskin atau gak mampu. Kalau negara mau ngasih ngasih aja. Itu kewajiban. kenapa harus begini begitu.,2025-04-30T06:37:43.000Z,
twitter,"Rata2 yg setuju sama pernyataan KDM soal orang kismin kalau mau dapat bansos harus vasektomi itu adalah 'KELAS MENENGAH NGEHE'. Dalam pandangan mereka orang kismin udah kayak anjing/kucing, yg wajib dikebiri. Padahal negara elunya aja yg bego.",2025-04-30T06:34:43.000Z,
twitter,"Dua isu terpisah: 1) korupsi, 2) masyarakat miskin tidak KB. Solusinya bisa berjalan beriringan. Tidak perlu yg satu harus jalan dulu, baru yg lain boleh jalan.

Solusi pemaksaan vasektomi memang tidak tepat. Tapi bukan berarti kita boleh menutup mata terhdp problem tersebut ...",2025-04-30T06:34:16.000Z,
twitter,"Rata2 yg setuju sama pernyataan KDM soal orang kismin kalau mau dapat bansos harus vasektomi itu adalah 'KELAS MENENGAH NGEHE'. Dalam pandangan mereka orang kismin udah kayak anjing, yg wajib dikebiri. Padahal negara elunya aja yg bego.",2025-04-30T06:34:10.000Z,
twitter,"udah banyak yg jelasin dari yg aku repost, jadi tolong pahami letak salahnya kebijakan ini di mana, bukan karna ego kesentil si cowo yg harus vasektomi, bukan itu, itu cuma pucuk gunung es nya, yg bermasalah kan ""kewajiban vasektomi biar dapet bansos"" pdhl bansos itu ""hak"" mereka",2025-04-30T06:33:32.000Z,
twitter,"Bro, vasektomi itu akan diwajibkan, bukan masalah reward, ini kejahatan yg dilakukan dngn dalih mengatur tingkat kelahiran, yg pdahal, negara tidak sanggup dan abai menjamin hajat hidup rakyatnya.
Yg harus memperjuangkan bukan kamu, tapi negara. Jangan permissive ke negara gagal.",2025-04-30T06:32:25.000Z,
twitter,"Bener. Itu memaksa kok. Pemberian bantuan itu harusnya tanpa syarat. Bantuan miskin, harus diberikan ke orang miskin. Jangan sampai ada additional terms disana, misalnya vasektomi. Karena utk urusan keluarga, itu hak manusia. Pd dasarnya minta vasektomi ini ya udh melanggar HAM",2025-04-30T06:21:03.000Z,
twitter,"Kyaknya ini Pak Dedi juga ada terms and conditions yg harus terpenuhi sebelum suami bisa vasektomi teu ujug²,kalo baca dr judul doang kdang suka salah paham nya Waots",2025-04-30T06:16:42.000Z,
twitter,"Dengan ngewe.. disitulah penyebabnya.. maka dari itu.. edukasi tentang bahaya dari propaganda ""banyak anak banyak rejeki"" ini harus diadakan. Mungkin dengan cara vasektomi dari blio ini udah cukup untuk menyintas kemiskinan walaupun banyak consnya.",2025-04-30T06:14:11.000Z,
twitter,Itu bukan kewajiban khi. Antum ga harus vasektomi kok khi. Tapi jangan berharap bansos.,2025-04-30T06:13:52.000Z,
twitter,"Baca, dan gua tetep bilang kalo maksa vasektomi itu pelanggaran ham. Pemerintah gk bisa ngatasin kemiskinan ya itu issue mereka, kenapa yang disalahin orang miskin? Ditambah orang orang kayak lu dukung. KB itu gk bisa lu paksa ke orang, apalagi bikin kondisi mereka harus nerima.",2025-04-30T06:13:18.000Z,
twitter,"coy orang tua kerja itu tanggung jawab dia, harus menafkahi, anak2 yg gak harusnya lahir karna miskin tapi dipaksa lahir itulah yg melanggar ham anak. jgn dibolak balik membenarkan yg salah. vasektomi solusi untuk memangkas akarnya.",2025-04-30T06:09:32.000Z,
twitter,"Ga mau tau pokoknya harus cukup, boleh banyak anak yg hidupnya ditanggung bersama dari keluarga dan pemerintah. Untuk vasektomi adalah sebuah pilihan dan bukan kewajiban",2025-04-30T06:09:20.000Z,
twitter,makanya skill to read between the lines itu penting dan harus diasah supaya kita ga gampang kemakan propaganda jahat. pemerintah maksa vasektomi --> pemerintah dapet kontrol atas tubuh orang miskin --> ngeluarin policy semena2 untuk ngontrol populasi orang miskin -->,2025-04-30T06:09:04.000Z,
twitter,"Vasektomi gratis setauku kan gak serta merta bisa dilakukan , harus minimal anak udah 3 , persetujuan istri juga , kyaknya anak 3 dalam 1 keluarga udah cukup",2025-04-30T06:07:48.000Z,
twitter,"Keputusan siapapun terkait kesehatan reproduksi, harus sepenuhnya bersifat sukarela. Tidak boleh ada penekanan sosial atau kebijakan yang menyudutkan. Lebih baik fokus pada penyediaan akses vasektomi dan edukasi menyeluruh kepada masyarakat terkait opsi KB.",2025-04-30T06:05:49.000Z,
twitter,"Mending cari tau dulu, maksud KDM kan yg harus vasektomi tuh rakyat miskin yg anaknya banyak, ya baguslah daripada nelantarin anak mending di kb lakinya, gw ga milih KDM tapi setelah liat kebijakannya ini gw jdi dukung KDM, gubernur macam monyet? Elu kali yg kaya monyet.",2025-04-30T06:05:26.000Z,
twitter,"Ini vasektomi lur, bukan euthanasia.

Lebih sedih sama anak-anak yang harus kerja keras malam-malam tanpa tau standar anak yang kayak itu harusnya seperti apa.
Berkembang biak itu hak. Tapi memberikan kehidupan yang layak bagi anak sebagai bentuk kewajiban ngga semua orang paham.",2025-04-30T06:04:14.000Z,
twitter,"Krn ada sebut2 soal KB kayaknya cuman maksimal anak 2...
Kl mau beasiswa n bansos, vasektomi...

Salahnya dmn... Drpd nanti anaknya nambah lagi, trus pemerintah harus bantuan lg gitu?

Faktanya org miskin memang anaknya lebih dr 2. Fakta dilapangan emank gitu ",2025-04-30T06:02:58.000Z,
twitter,"Pernah baca lwt tl klo mau kb vasektomi dr pemerintah syaratnya harus punya anak dulu, jadi bukan gak boleh punya anak.",2025-04-30T06:01:32.000Z,
twitter,"Yaa baguslah kaya semua, itukan yg diharapkan. Masa iya kamu gak mau jadi orang kaya. Ini bahas vasektomi malah mleber kemana2. Semua itu harus diberantas, koruptor, mafia, para orangtua yg gak bertanggung ke anak istrinya dll",2025-04-30T06:00:39.000Z,
twitter,"Bro berpikir mengedukasi lelaki untuk vasektomi itu cukup sosialisai meskipun sosialisasi gimanapun kalau kebentur mindset jadul ""KB harus wanita"" ya susah, apalagi ini khusus penerima bansos yang udah beda kualitas pendidikan. Emang jalan satu² nya ya setengah maksa.",2025-04-30T05:56:58.000Z,
twitter,"Say setuju mba kalo bisa berjalan beriringan, tetapi sampai saat ini aja kita belum merasakan kebijakan struktural pendidikan gratis tingkat univ, transportasi yang merata dan lapangan pekerjaan. Kenapa harus statement bahwa vasektomi ini yang harus diutarakan terlebih dahulu",2025-04-30T05:55:05.000Z,
twitter,Yg dapat bansos harus vasektomi...( KDM ).,2025-04-30T05:54:45.000Z,
twitter,"lagian vasektomi jga ada syarat nya jir, harus punya anak minimal 2. sama aja kaya kb tp ini lebih ga beresiko buat tubuh. kata gue sih banyak2in baca jir jangan kepikiran nya ngewe mulu org aneh. lagian lu vasektomi jga masih bisa reproduksi kok tenang aja jir",2025-04-30T05:49:28.000Z,
twitter,Jadi anak2 yang ditanggung negara..bapaknya harus vasektomi ?,2025-04-30T05:49:07.000Z,
twitter,"kemarin ada wacana syarat bansos salah satunya laki harus vasektomi, kalo kasusnya kayagini aku setuju sih",2025-04-30T05:46:11.000Z,
twitter,ya itu tugas pemerintah ngeedukasi rakyatnya. ga harus vasektomi jg.,2025-04-30T05:45:43.000Z,
twitter,"Syarat terima beasiswa harus vasektomi? Lo dukung? 
Sakit jiwa lo pada. 
#beasiswa 
#vasektomi",2025-04-30T05:44:23.000Z,
twitter,Vasektomi wajib bukan solusi terbaik dan bukan solusi yang bagus untuk jangka panjang. Ngebuat kondisi dimana orang harus vasektomi untuk nerima bansos itu pelanggaran ham karena itu masuk kategori penyalahgunaan kekuasaan disitu.,2025-04-30T05:43:17.000Z,
twitter,ya ga harus vasektomi??,2025-04-30T05:43:13.000Z,
twitter,"jadi vasektomi adalah solusi KB yg bgus krna sekali bedah doang dan itupun ditanggung pemerintah. 
fakta lapangan banyak  bgt loh anak stunting krn ga tercukupi gizi nya, bnyk anak ga sekolah, harus tinggal dirumah tdk layak, jd buka mata aja walopun pahit",2025-04-30T05:42:20.000Z,
twitter,"Yaitu sebagian memang ada tp konteksnya semua yg miskin dapat bansos harus vasektomi, banyak yg nerusaha semaksimal mungkin bekerja tp miskin itu bagaimana? Boro boro mikir ngewe, kadang gak pulang karena g dapat hasil",2025-04-30T05:41:50.000Z,
twitter,"vasektomi cuman ptong sel telur laki dan gada efek sampingnya aja harus di debatin heran, malahan lebih enak bisa crot di dalem tanpa takut jadi anak, tanpa takut nmbah biaya lahiran nafkah anak baru dll, se takut itu kah vasektomi cowo²? kalo cewe² kb gpp ya? walaupun badan rusk",2025-04-30T05:41:33.000Z,
twitter,"Kewenangan Intelijen di RUU Kejaksaan Harus Diatur Ketat: Itu Hanya untuk Penuntutan Saja

#Essence_Baekhyun_D19 Vasektomi Baila The Bucks",2025-04-30T05:41:01.000Z,
twitter,"Sorry tapi bansos diberikan dengan syarat miskin dan vasektomi, lucu juga galau dipikir. Kayak ada yg missed antara bantuan miskin dan vasektomi. Tbh gue setuju orang miskin mending tunda punya anak sampe stabil, cuma kalau mau dapat bantuan miskin harus vasektomi agak gimana gt",2025-04-30T05:40:51.000Z,
twitter,"Vasektomi sifatnya permanen lho.. Kb lelaki g harus vasektomi, bisa kondom atau di ""luar"" Dan istri pake kb jg g memberatkan,dan tidak permanen..",2025-04-30T05:33:19.000Z,
twitter,"edukasi itu dua arah, pemerintah sudah bikin program 2 anak cukup tapi gak diperdulikan. benar masih ada cara tapi harus ditekan juga angka kelahiran dari keluarga miskinnya agar gak turun temurun begitu trs, harus distop. vasektomi salah satu solusi yg boleh dicoba.",2025-04-30T05:32:08.000Z,
twitter,"sosialisasi akan vasektomi dan edukasi akan kehidupan seks yg baik itu penting dan harus disetujui. tpi kalo udh kayk gini, vasektomi dijadiin syarat buat dapet bansos itu udh pemaksaan namanya, bansos itu kan emg HARUS disalurkan ke rakyat miskin, ga ada tpi2an ga ada syarat",2025-04-30T05:29:04.000Z,
twitter,"baru kali ini setuju sama program pemerintah, yaitu syarat nerima bansos sm beasiswa harus vasektomi. skrg apa2 mahal bro, punya anak susah kalo ekonominya menengah ke bawah",2025-04-30T05:27:20.000Z,
twitter,"lu ngerokok bebas lah dimana saja kecuali kawasan bebas rokok, apalagi didepan anak lo, kalau kaya gini benar, orang miskin harus vasektomi!!",2025-04-30T05:27:09.000Z,
twitter,"Gak cuman penerima bansos, tapi penerima beasiswa juga harus vasektomi kata KDM ... padahal penerima beasiswa biasanya anak muda yg mau menempuh pendidikan sarjana, rata2 jelas gak memenuhi syarat untuk vasektomi juga ...",2025-04-30T05:25:23.000Z,
twitter,"sbagian ada bener nya..tetangga saya
tinggal di kost petakan,1 keluarga 8 orang...anak no 3sampe yg terahir masih pada sekolah (smp-sd) tp gak harus vasektomi juga kali
para pejabat juga tuh sering bikin anak di luar prkawinan
bikin susah keluarga jg,cmn beda nya,gk dpt bansos ",2025-04-30T05:22:30.000Z,
twitter,"pertanyaan moralitasnya, apakah keluarga miskin yang terus-terusan bikin anak lebih dari 4-5 anak harus diberi bansos juga? dan emang kurang tepat juga sebenernya kebijakan vasektomi ini. alternatifnya apa syarat bansos perlu dibuat lebih spesifik biar lebih tepat sasaran lagi?.",2025-04-30T05:21:21.000Z,
twitter,"Masalahnya data menunjukan lain, mau dibilang kesadaran diri sendiri juga banyak yg gak sadar, karna pemikirannyg pendek dan sempit, mau gimana? Ya bener harus ada push kayak gini, seenggaknya bikin mikir perlu atau nggak Vasektomi itu.",2025-04-30T05:18:36.000Z,
twitter,"Ini sama aja kek program KB buat cewe, malahan kalo vasektomi ga ada tuh perubahan hormon atau fisik.

Syarat vasektomi jg kan harus punya 2 anak, bukan memberantas si tp mengurangi.",2025-04-30T05:15:09.000Z,
twitter,"ga adil banget rasanya. walaupun vasektomi itu sukarela, tapi harus mikirin juga buat kedepannya (untuk si cewe yg KB), jangan egois. apalagi kalo nyuruh si cewe mulu yang KB, lu juga harus bisa take care juga sama dampak-dampak yang bakalan kejadian kedepannya. karna efek KB -",2025-04-30T05:12:35.000Z,
twitter,"lu memahamin kalimat aja gabisa, kalo lu miskin dan lu butuh bantuan pemerintah ya lu sebagai bapak harus vasektomi tp kalo lu gabutuh bantuan yaudah gapapa jir. ini kan yg mau mau aja, repot dah lu.",2025-04-30T05:12:16.000Z,
twitter,"Langkah Gub 
@DediMulyadi71
 beberapa sangat bagus . Contoh yg paling bagus adalah pembedahan, perubahan dan trnsparasi anggaran...

Cuma juga harus objektif, tidak semua bagus dan tidak masalah seharusnya dikritisi..
Penerima bansos harus vasektomi misalnya... Terlalu jauh ga fair",2025-04-30T05:10:20.000Z,
twitter,"kalau aparat dan pejabat divasektomi berapa anggaran yg bisa dihemat negara karena tidak harus mengeluarkan berbagai macam tunjangan ini itu buat anak2 mereka?  

kira2 benefitnya lebih banyak mana daripada vasektomi org miskin?",2025-04-30T05:09:28.000Z,
twitter,"yang nanya “kenapa bansos harus bersyarat?” ya harus bersyarat lah supaya efektif. tepat guna. syaratnya juga masuk akal kok, vasektomi after punya 2 anak, kalo ekonomi sulit jgn nambah anak. bukankah sama kayak program KB? cuma karena targetnya cowo aja makanya lu pada tantrum.",2025-04-30T04:57:46.000Z,
twitter,"pas liat berita KDM bikin syarat penerima bansos harus vasektomi. beh komennya para bapak2 kenceng bgt ngeluarin dalil agama. giliran ditanya istri lu kb gak? eh pada mingkem. 
mereka laki2 gak mau kb, giliran perempuan kayak dianggap emang udah takdirnya pakai kb/tubektomi.",2025-04-30T04:49:57.000Z,
twitter,"KB/Vasektomi itu memang pilihan, tapi penerapan ini terpaksa harus dilakukan untuk menekan jumlah kelahiran yg tidak berbanding lurus dengan pertumbuhan ekonomi. 

Jika sosialisasi sudah di upayakan, namun tidak menunjukkan hasil gimana? Karena selalu di benturkan agama.",2025-04-30T04:48:07.000Z,
twitter,"Wacana penerima bansos harus sudah KB, di mana preferably laki-lakinya yang pakai vasektomi, menarik.

Sejauh ini, gue gak setuju sih kalau ga boleh punya anak samsek, karena salah satu hak asasi manusia adalah hak membangun keluarga. UUD pun menjamin hak melanjutkan keturunan.",2025-04-30T04:46:49.000Z,
twitter,"apa ga lebih kasihan kalo si bapak gamau vasektomi maka keluarganya juga menanggung dengan ga dapet bansos? alhasil si ibu harus bekerja lebih keras karena selama ini dapet bansos tapi malah distop, anaknya pun terancam ga dapet beasiswa yg artinya harus kerja lebih ekstra lagi",2025-04-30T04:45:39.000Z,
twitter,Sudah jelas vasektomi itu ada syarat wajib yang harus di penuhi yaitu hanya boleh di lakukan jika sudah punya 2 anak bukan menyasar mereka yang lajang atau yang belum. Memiliki anak. nya kok jadi pemusnahan massal. ,2025-04-30T04:44:04.000Z,
twitter,"Negara salah karena tidak hadir menyediakan pendidikan layak, shg rakyat menjadi miskin & kerepotan punya anak adl tepat. Rakyat salah krn tdk mau melihat realita. 

Kewajiban Vasektomi ini bs menjadi bijak, krn syaratnya harus punya 2 anak dulu, bukan gk punya ank sama sekali.",2025-04-30T04:33:55.000Z,
twitter,"https://youtube.com/watch?v=YI9NZ6pYYK0…

Dari wawancara demul ini ga disebutkan kata wajib sih tapi ya emang soal gini harus hati2, salah2 fatal. 

Tapi tetep masalah vasektomi itu gaboleh dipaksa bahkan wajib untuk nerima bansos.",2025-04-30T04:33:45.000Z,
twitter,"Mohon maaf... kalau pernah komunikasi langsung dgn orang miskin tapi punya anak 8 biji... bukan cuma harus di vasektomi, dibuntungin habis aja itu barangnya. Saking bebalnya. Udah miskin, gak mau pakai otaknya untuk berhenti beranak pinak.",2025-04-30T04:33:14.000Z,
twitter,kalo gantian gmna? . kalo mau nyalon harus vasektomi,2025-04-30T04:32:53.000Z,
twitter,"Ehh dongo, syarat vasektomi itu harus sudah punya anak .. Udah tau miskin jangan pengen punya anak banyak, kaya mampu aja ngehidupin .. Ngabisin bansos aja orang modelan lo",2025-04-30T04:29:55.000Z,
twitter,"Ya salah satu akar masalahnya kan keluarga tidak terencana. Strategi Cina memberantas kemiskinan juga membatasi keturunan, bahkan hanya boleh 1 anak. Lagian kata kuncinya adalah harus ikut program KB, bukan hanya vasektomi",2025-04-30T04:28:37.000Z,
twitter,"Lah emang kenapa? Gue malah stuju harus divasektomi dulu

Apalah artinya terima bansos tp bikin anak mulu, emang sanggup? Lagian vasektomi kan ditanggung bpjs",2025-04-30T04:03:02.000Z,
twitter,"laki-laki harus vasektomi: 
perempuan kb: ",2025-04-30T03:58:47.000Z,
twitter,"Vasektomi = bentuk program KB (harus diingat mereka ini human dilarang punya anak, tapi dibatasi dlm jumlah yg dinilai cukup agar bisa lebih sejahtera), dalam hal ini jadi edukasi sekaligus jadi syarat bantuan sehingga bansos gak jadi sekadar short-term approach",2025-04-30T03:57:47.000Z,
twitter,"Maaf bang. Saya pernah dikelas bawah. Dan jujur jadi anak dari keluarga miskin banyak anak itu nyiksa! Bahkan sampai gede pun kami harus jadi sandwich gen lho gegara ortu ga bisa nyukupin hidup adik. 
Vasektomi untuk keluarga miskin dengan anak >=2 aku kira fair.",2025-04-30T03:54:48.000Z,
twitter,Kl harus vasektomi sih agak aneh.,2025-04-30T03:50:02.000Z,
twitter,Padahal even vasektomi tetep bisa ngaceng. Ga perlu operasi besar kaya cewe ngangkat indung telur atau rahim. Ga kaya kb yg ngaruh ke hormon. Knp saat pencegahan birth rate harus cewe terus yg di korban kan? Sementara yg bikin hamilnya cowo. Aneh emang monyet2 ini,2025-04-30T03:49:53.000Z,
twitter,"Dipaksa tanpa harus mengalami tindakan diskriminatif (syarat dapat bansos & beasiswa). Mencerdaskan rakyat & memelihara fakir miskin & anak terlantar itu amanat konstitusi UUD 45, tanpa embel2 wajib vasektomi.",2025-04-30T03:49:48.000Z,
twitter,"ini bagus si mnurut gue, ga selalu harus perempuan yg kb, toh vasektomi kan ada syarat2, menurut gue bagus menekan angka kelahiran supaya ga banyak anak2 yg jualan di pinggir jalan karena kekurangan uang",2025-04-30T03:46:35.000Z,
twitter,elu ga sih yg harus research?? kan yang ikut vasektomi itu syaratnya udah punya anak,2025-04-30T03:44:26.000Z,
twitter,klo syarat harus vasektomi org miskin yg udh punya 1 anak ya itu kebijakan yg bagus bgt. knp para banci nih takut bgt sm vasektomi? pdhal itu reversible dan yg beda cuma air mani kelen ga mengandung sperma. gausah ngomongin dosa dlu. lu beranak bnyk klo gbsa nafkahin juga dosa,2025-04-30T03:43:38.000Z,
twitter,"Saya ga setuju hanya dengan vasektomi!!

Seharusnya perbudakan dihidupkan kembali!!

Mereka yg miskin, kere kere bertingkah itu harus dijadikan budak!! Kalau perlu, bunuh massal semua!

Penggunaan vasektomi demi genosida suatu ras itu tindakan pengecut!

HWANA harus mati!

Titik!",2025-04-30T03:23:21.000Z,
twitter,"Gubernur caper, apa² disenggol
Kan bansos bkn dari kantong lu, tapi dari pajak, kok ngatur². Bansos cuma 300rb+sembako doang sampe harus vasektomi. Klo gitu UUD 45 diganti bunyinya jadi ""orang miskin & anak terlantar dijadiin konten pemerintah""",2025-04-30T03:22:06.000Z,
twitter,"Mulai dari bedain aturan dan kebijakan/keputusan politik dulu. 
Aturan memang sifatnya mengatur dan memaksa kalau satunya ga harus. 
Buat kebijakan harus ikut aturan gak bisa seenaknya aja. Kalau di kasus ini vasektomi sbg syarat itu udah gak sesuai sama aturan yg sudah ada.",2025-04-30T03:21:40.000Z,
twitter,Nggak harus vasektomi dong solusinya..,2025-04-30T03:18:32.000Z,
twitter,"Lagian simple ga sih, klo dia ga mau vasektomi ya ga usah Terima bansos, klo mw bansos ya harus vasektomi. Dia masih punya pilihan pdhl.",2025-04-30T03:18:26.000Z,
twitter,Syaratnya vasektomi aja atau harus miskin juga?,2025-04-30T03:15:32.000Z,
twitter,"Lah klo tujuan nya meningkatkan taraf hidup rakyat ya harus begitu,dorong lapangan kerja woy. Udh ada KB,skrg hrus vasektomi? Lo kira ga nambah masalah?
Mending selesaikan masalah pengangguran sekaligus mengurangi kemiskinan.",2025-04-30T03:13:49.000Z,
twitter,"Gua setuju kalo orang-orang harus mikirin kontrol atas “memperbanyak keturunan ini”. Tapi menjadikan Vasektomi sebagai syarat dapat bansos, itu udah keterlaluan sih. Tindakannya udh terlalu ekstrem. Program KB aja bentuknya himbauan dan edukasi loh, bukan pemaksaan kaya DeMul.",2025-04-30T03:11:16.000Z,
twitter,"buruan dibikin aja, daripada nanti tambah syaratnya harus vasektomi",2025-04-30T03:09:58.000Z,
twitter,"Gak harus vasektomi juga. 
Ada kondom. 
Trus dr pada ributin vasektomi, mending dia kasih penyuluhan pentingnya KB. 
Dinsosnya ngapain aja sih itu...",2025-04-30T03:08:57.000Z,
twitter,"lelaki heboh perihal vasektomi, padahal wanita udah melahirkan dan menstruasi masih harus pasang iud, suntik kb, minum pil setiap hari, yang banyak banget efek samping nya",2025-04-30T03:07:59.000Z,
twitter,"Pagii mowning Goblok 
@PTJASAMARGA
 @KemenPU
 @kemenhub151
 klo nda buka GT in/out Japek 2 Burangkeng ke Sadang & Jkt, krn bnyk perumahan sini yg potensi masuk GT itu, termasuk miftah sarapan karena vasektomi, apa JASAMARGA ingin itu tuk cuan biar orng sana harus masuk tol JORR2 dulu",2025-04-30T03:07:07.000Z,
twitter,Yg fasis itu adalah tdk mengindahkan hak kelas menengah pembayar pajak yg harus terus menerus berkorban demi mensubsidi irresponsible poor (and that's you) & kebijakan vasektomi itu perlu di tengah masyarakat PATRIARKI yg selalu memaksa perempuan utk mengalami ketidaknyamanan KB,2025-04-30T03:05:54.000Z,
twitter,"Point lu: anak berkecukupan ortunya juga harus vasektomi, orang kaya juga harus vasektomi.

Point dr topik utama: vasektomi menjadi syarat BAGI PENERIMA BANSOS, syarat vasektomi: SUDAH MEMILIKI 2 ANAK. Nyambung ga?",2025-04-30T03:02:40.000Z,
twitter,siapa yang harus di vasektomi? laki atau bini?,2025-04-30T02:59:47.000Z,
twitter,"Syarat jadi Asn dan Pejabat daerah jabar aja yg harus vasektomi. 
@DediMulyadi71",2025-04-30T02:58:23.000Z,
twitter,"pdhl mksd dia kan yg udh punya 2 anak dan masuk kategori miskin harus vasektomi jika ingin menerima bansos agar tidak ada lg keluarga miskin yg anaknya banyak dan terlantar… kalau ingin anak lebih dari 2 emng seharusnya cm buat yg mampu, bukan buat yg miskin",2025-04-30T02:42:01.000Z,
twitter,"yeu itu egois namanya pemikirannya yang perlu dirubah, mindset nya perlu diperbaiki perlu edukasi juga,jangan semena mena gt ke2 belah pihak harus setuju,secara hukum vasektomi gbisa ya ambil jalan lain",2025-04-30T02:40:42.000Z,
twitter,"A good idea on paper, tapi penerapannya untuk penerima bansos tuh klasis! Bagaimana lu bujuk orang-orang yang refused ataupun bomat soal pentingnya KB? Memang bener vasektomi tuh syaratnya harus punya anak dulu, but??? Bentuk komparasi ini juga... Lu kira semua orkay Ronaldo?",2025-04-30T02:38:30.000Z,
twitter,"Bodoh amat sm MUI, gw klo udah beranak 2, mau vasektomi, anak titipan Allah SWT yg dimana kita harus bertanggung jawab penuh, lha klo kita ga bisa bertanggung jawab dan bikin anak kelaparan (secara Jasmani dan Rohani) apa malah ga diamuk nanti sm Allah SWT",2025-04-30T02:36:23.000Z,
twitter,"katanya syarat  vasektomi harus punya anak 2 dulu. ini cowo2 yg gaterima niatnya mau ngapain? mau ternak anak apa gimana?anak udah 2 ya udah cukup lah. lagi pula ini syarat buat beasiswa dan bansos, berarti yg dapat golongan ga mampu. mau punya anak lebih???? wkwkwkw",2025-04-30T02:34:00.000Z,
twitter,emang konteks penerima bansos yang wajib vasektomi ini kata dedi itu harus punya 2 anak dulu? adakah dia bilang kalo belum punya 2 anak gawajib vasektomi?,2025-04-30T02:33:09.000Z,
twitter,elu anak fisip yang oon apa gmn hello? vasektomi itu PART OF KONTRASEPSI yang sama dengan segala macem KB untuk perempuan so its EQUAL! apa salahnya coba? emang KB harus ditanggung sama perempuan doang?,2025-04-30T02:27:47.000Z,
twitter,"Rakyat miskin = negara harus hadir 

Rakyat miskin = harus vasektomi 

Hahahahahahahahaha",2025-04-30T02:25:10.000Z,
twitter,"Nah. Belom lg banyak yg cuma bisa bikin anak tapi gak mau ngurus anak (& istrinya).

Knp harus suami yg vasektomi? Ya krn istrinya udah bagian hamil + lahiran & biasanya suami yg susah ngendaliin napsu.",2025-04-30T02:24:44.000Z,
twitter,"Memberantas orang miskin?
Vasektomi itu kan syaratnya udah punya anak minimal 2. Berarti udah ada keturunan toh? Sesuai juga sama slogan keluarga berencana ""Dua anak saja cukup""

PS: Bukan pendukung kebijakan harus vasektomi klo mo dpt bansos.",2025-04-30T02:22:31.000Z,
twitter,"sebenarnya gue setuju sih soal laki laki harus vasektomi dulu sebelum dikasih tuh bantuan keluarga... 

soalnya kalau gak gitu dia ngewong mulu, mana kebanyakan kasus tuh si istri gaboleh kb dengan alasan pas diewong gak enak, kan jancok",2025-04-30T02:14:42.000Z,
twitter,"Vasektomi minimal harus punya anak dlu begooo, maksimal 2 anaknya baru boleh vasek, research dlu baru koar",2025-04-30T02:11:16.000Z,
twitter,Oh pasti nggak paham juga bahwa yang dikritik bukan vasektomi tapi pemaksaan secara halus via bansosnya. KB adalah hak. Negara harus memberikan layanan untuk memenuhi hak tapi nggak bisa maksa.  Kalau mau kasih insentif bukan maksa. Mari biasakan tidak fasis sejak dalam gagasan.,2025-04-30T02:09:39.000Z,
twitter,Ini bukan kritik terhadap vasektomi. Kritik kepada metode pemaksaan. Vasektomi adalah hak. Negara harus edukasi warga supaya bisa paham bahwa KB itu penting dan vasektomi adalah KB yang efektif. Tapi bukan maksa. Mari biasakan untuk tidak fasis sejak dalam gagasan.,2025-04-30T02:06:42.000Z,
twitter,"Kalo tujuannya neken populasi dan yg miskin doang dilarang punya anak, yg kaya bebas punya anak banyak? Jadi tujuannya populasi apa ngatasin kemiskinan? Trus gimana sama banyak kasus buang bayi yg masih idup? Siapa yg harus disuruh vasektomi sedangkan bapaknya aja gatau?",2025-04-30T02:05:14.000Z,
twitter,Coba ditelaah kang. Itu vasektomi kan sebagai syarat menerima bansos. Semisal gamau ya udah ga usah ngandelin bansos. Tapi harus dikaji juga ini mayoritas miskin tuh karena struktural apa emang pilihan. Kalo struktural diterapin gini ya baru dzolim,2025-04-30T02:03:33.000Z,
twitter,Inilah knp gw kmrn setuju (kali ini doang) sm si kdm untuk mewajibkan vasektomi d keluarga MISKIN..cuman memang msh harus d kaji lg syarat2 dan caranya..ga serta merta pukul rata tanpa ada screening dulu...,2025-04-30T02:00:28.000Z,
twitter,"Maksimal 2 anak, habis itu HARUS vasektomi. Wajib. Atau status WNI dicabut dan diusir dari Indonesia.",2025-04-30T01:59:53.000Z,
twitter,"Kalau vasektomi haram, apakabar KB yg banyak macamnya itu. Kenapa cuma perempuan yg harus berjuang ",2025-04-30T01:57:06.000Z,
twitter,"Tidak, gak pernah wajib untuk vasektomi itu. Kenapa terima bantuan harus melalui cara eugenik macam Nazi Jerman?

Negara bubarin ajalah kalo gini, buang Pancasila & UUD 1945 ke tempat sampah kalo negara gak mampu mengurus fakir miskin.",2025-04-30T01:42:47.000Z,
twitter,Ada yang bilang KDM harus vasektomi lebih dulu pejabat-pejabat karena banyak yang nyimpen ani-ani sampe punya anak. Bodoh.,2025-04-30T01:42:44.000Z,
twitter,"Dari bkkbn ada syaratnya juga kok buat yg mau vasektomi. Minimal harus punya 2 anak, dan anak yg terakhir minimal usianya 5 tahunn. Jadi, bukan menghalangi rezeki dari Allah perihal anak ya, tp membatasi. Kebanyakan yg komen disini langsung judge perihal rezeki",2025-04-30T01:41:26.000Z,
twitter,"kalo ada orang tua anaknya 10 tapi semuanya berprestasi di sekolah, nilainya bagus, ya 10 anak itu dikasih beasiswa, kenapa engga? kenapa harus vasektomi dulu? aneh",2025-04-30T01:40:14.000Z,
twitter,"aku sangat amat mendukung vasektomi sebagai kb yang lebih aman tapi kdm nih pemaksaan banget. seolah orang miskin harus mau diatur negara padahal negaranya yang ga bisa mensejahterakan rakyat.

mengurangi masalah ≠ menyelesaikan masalah",2025-04-30T01:37:37.000Z,
twitter,"Tembak diluar yang jadi masalah lakinya kan bisa aja gak aba aba, cewe cuma ngerasa anget aja... Nah  itu pokok masalah harus adanya vasektomi.. kalau semua laki sadar gak perlu vasektomi",2025-04-30T01:29:30.000Z,
twitter,"Vasektomi jg punya aturan gak sembarang orang juga lolos screeningnya. Be wise ya teman2, punya keturunan adalah hak tetapi jg harus direncanakan",2025-04-30T01:27:39.000Z,
twitter,"Vasektomi dibiayain pemerintah, kalo kondom nanti harus beli sendiri",2025-04-30T01:26:56.000Z,
twitter,Ya kalau ga dipaksa mau pake cara apa? Intinya kalau masih ngarepin bantuan pemerintah berarti harus ada yg dikompromikan yaitu soal jumlah keturunan. Kdm taulah vasektomi lbh efektif. Krn istri kb ga menutup suami kawin lagi beranak lagi,2025-04-30T01:26:32.000Z,
twitter,"ada gubernur yg bikin syarat dapat bansos harus  vasektomi. tp rame yg hujat. skrg liat kek gini, yg goblok siapa sbnrnya",2025-04-30T01:20:10.000Z,
twitter,"agama itu membatasi, vasektomi itu pemutusan saluran sperma dan penyambungan juga susah nder hanya sepersekian persen yang berhasil disambung lagi dan biaya juga tergolong harga langit,KB ga harus cwe kok,ada namanya alat kontrasepsi,ada metode azl ,ga mululu cwe korbannya",2025-04-30T01:18:35.000Z,
twitter,"Wk patriarki makin muncul saat ada gubernur yang mengeluarkan kata2 sensitif 'harus vasektomi' Broo itu salah satu cara untuk memutuskan rantai kemiskinan yang merajalela turun temurun, santai aja kali.",2025-04-30T01:08:50.000Z,
twitter,"Saya sepakat kok mas kalo selama perempuan mengalami beban ganda dalam masyarakat yang patriarkis ini. Termasuk beban harus KB. Saya juga menentang itu ketika perempuan 'dipaksa' oleh masyarakat untuk tidak punya pilihan. 

Tapi, pemaksaan vasektomi oleh negara kepada masyarakat",2025-04-30T01:03:54.000Z,
twitter,"indo vibes:

cewe KB: ya mmg harus begitu 
cowo vasektomi: kelewatan  fatwa mui ",2025-04-30T01:03:43.000Z,
twitter,"Kalau ceritanya ""memutuskan rantai kemiskinan"", Vasektomi JALAN PINTAS, bukan JALAN KELUAR. Hak Reproduksi harus dilindungi di negara demokrasi, kecuali lu tipikal Komunis. 

Trus kalau ada orang miskin ga mau divasektomi lu mau halangi hak konstitusinya untuk disupport negara?",2025-04-30T00:53:39.000Z,
twitter,"Bener Kebijakan KDM kemarin, kalo dapet bansos wajib vasektomi kalo gak ya gini jadinya.
Harus diterapkan semua wilayah harusnya jangan jabar aja",2025-04-30T00:52:28.000Z,
twitter,"China emang ga pake vasektomi karena mungkin mereka lebih sadar,kalo ada yg ketauan lebih 1  juga denda atau harus di aborsi. Ini indonesia belum bisa menerapkan itu.",2025-04-30T00:50:43.000Z,
twitter,"Lu lebih hebat dari ulama? mereka berijtihad (bersungguh sungguh) menemukan hukumnya di kitab suci atau hadis. Kitab nya turun ribuan tahun sebelum masalah vasektomi ada artinya para ulama itu harus punya keilmuan, bukan soal percaya atau enggak. Lu punya kemampuan enggak?",2025-04-30T00:49:27.000Z,
twitter,"Mandul kan sudah punya anak. Kenapa harus membuahi lagi? Kalo butuhnya cuma sex, vasektomi masih bisa tanpa harus lu ngebuahi. GOBLOK",2025-04-30T00:48:57.000Z,
twitter,"Pak, lu vasektomi sekarang, kalo ga mau, ibu yg harus tubektomi. HARUS.",2025-04-30T00:47:24.000Z,
twitter,"Kapan ya org ngerti kalau yg begini tuh ga menyelesaikan masalah ekonomi SELAMA ekonomi makronya ga diperbaiki. 

Banyak juga org miskin yg ga punya anak tetep miskin, harus vasektomi juga?

Masalah kemiskinan itu bukan krn beranak terus, tapi krn negara gagal mensejahterakan",2025-04-30T00:40:49.000Z,
twitter,"1. Yg nyantumin kriteria harus mau bantu rawat ortu yg sakit2an pada mundur + ngehujat. 
2. Jadi istri yg berbakti di twt berasa dibisikin setan yg intinya ""kok mau sih?""
3. Yg punya pilihan vasektomi dgn alas kesehatan malah influence ke yg blm nikah.",2025-04-30T00:40:34.000Z,
twitter,Masalah lebih utamanya Ekonomi harus jalan dulu maka kesadaran akan fertility rate akan bertambah sehingga akan lebih menyiapkan kalau punya anak. Kalo vasektomi memaksa gini mah gila namanya pemaksaan. Kalo jalan programnya anak miskin berkurang tapi orang tuanya tetep miskin,2025-04-30T00:36:17.000Z,
twitter,"Kemiskinan itu diturunkan. Kalau setiap orang miskin beranak banyak, kasihan anaknya, gak dapet pendidikan dan kehidupan yang layak, udh gede masih harus disuruh bantu beban orangtua, nambah potensi orang miskin baru. Vasektomi sama kaya KB di ibu ibu, lebih efektif, tetep bs HS.",2025-04-30T00:31:19.000Z,
twitter,"Ktika vasektomi akan jadi kebiasaan dan menjadi dasar untuk CHILDFREE Maka hilanglah generasi penerus bangsa, pertanyaanya: anak negri di paksa harus mau di Mandulkn tetapi knapa pendatang China dibiarkn berdatangan memenuhi sudut negri, agenda apa yg di bawa si gubernur konten",2025-04-30T00:30:35.000Z,
twitter,"vasektomi itu ada syaratnya kak. salah duanya kalo gak salah harus di atas 30 tahun dan udah punya dua anak (sesuai anjuran bkkbn).
ya menurutku sih, kalo mau punya anak lebih dari dua, artinya dia gak memenuhi syarat penerima bansos.",2025-04-30T00:01:02.000Z,
twitter,"Naaaahhhhhh ini contoh org miskin yg gk tau diri
Contoh org yg dzolim sama anaknya sndiri. 
Knp harus vasektomi ? Untuk mengurangi hal sperti ini. Lagian bu knp gak kb sih? Krn gw yakin bides pasti menyarankan untuk kb, kalopun gk gablek duit suka ada ko kb gratis  !!!!!",2025-04-29T23:56:59.000Z,
twitter,"Ini kayaknya ada benernya KDM buat orang"" kaya gini ya harus vasektomi,klo cewenya di KB gak menutup kemungkinan si laki menghamili cewe lain jadi ya sama aja boong,ini mah itungannya udah dzalim sih k anak sendiri",2025-04-29T23:56:56.000Z,
twitter,Kemiskinan di Indonesia itu struktural ... Sebelum kemiskinan terjadi pemerintah harus punya aturan bukan ngurusin vasektomi nya orang orang dan lu kenapa getol bgt harus  ...,2025-04-29T23:50:47.000Z,
twitter,"Punya anak itu harus ekonomi nya stabil, jangan malah bikin anak ikut susah sama kehidupan miskin, kalau ekonomi kamu stabil, ya gak perlu lah kamu repot-repot protes kebijakannya, kan gak bakal minta bansos dan gak bakal dipaksa vasektomi? Berani punya anak, berani ngerawat juga",2025-04-29T23:50:38.000Z,
twitter,"salah mulu ajg, kemarin lo pada yg rewel cowok gantian harus vasektomi terus blg ""klo miskin jgn punya anak"", giliran direalisasikan ngebacot aja pada. ga jelas ajg warga X lama2, sok ngerasa paling pinter dari warga tiktok aslinya mah sama begonya.",2025-04-29T23:44:57.000Z,
twitter,Sebenernya ada metode lain selain angkat rahim kak. Yaitu sterilisasi rahim dan jauh sebelum ada isu vasektomi pada pria sudah banyak perempuan yang menggunakan metode ini dengan sukarela tanpa harus ada program pemerintah.,2025-04-29T23:40:29.000Z,
twitter,"Punya anak itu harus ekonomi nya stabil, jangan malah bikin anak ikut susah sama kehidupan miskin, kalau ekonomi kamu stabil, ya gak perlu lah kamu repot-repot protes kebijakannya, kan gak bakal minta bansos dan gak bakal dipaksa vasektomi? Berani punya anak, berani ngerawat juga",2025-04-29T23:50:38.000Z,
twitter,"salah mulu ajg, kemarin lo pada yg rewel cowok gantian harus vasektomi terus blg ""klo miskin jgn punya anak"", giliran direalisasikan ngebacot aja pada. ga jelas ajg warga X lama2, sok ngerasa paling pinter dari warga tiktok aslinya mah sama begonya.",2025-04-29T23:44:57.000Z,
twitter,Sebenernya ada metode lain selain angkat rahim kak. Yaitu sterilisasi rahim dan jauh sebelum ada isu vasektomi pada pria sudah banyak perempuan yang menggunakan metode ini dengan sukarela tanpa harus ada program pemerintah.,2025-04-29T23:40:29.000Z,
twitter,"Sebelumnya uda diingatin masalah apa yg terjadi saat KM50,malah diketawain,akhirnya skrg kena sendiri,diingatin bahaya doxing,malah didukung,akhirnya kena lagi,diingatin bahaya syarat dapat bansos harus vasektomi,malah dianggap nentang vasektomi,pada paham ga sih maksud kta apa?",2025-04-29T23:40:28.000Z,
twitter,"Memang si Mb E ada dasarnya saat memberikan pendapat.

Tp kultur dan sifat orang Indonesia agak beda dengan orang India.
Dan, kalau gk dikasih ""ancaman"" withholding beasiswa/bansos, kmungkinan pd gk m vasektomi. Orang Indonesia mang harus dgituin.",2025-04-29T23:30:20.000Z,
twitter,"kyk paham ga sih ni org miskin tdk di encourage untuk bekerja tp bergantung sm bansos yg harus vasektomi jg yaampun kasian amat wkwk, mnurut gue ga akan solve the problem jg deh :/",2025-04-29T23:28:39.000Z,
twitter,"Lu nya yang tolol

Pilihannya itu bukan cuma ""beranak banyak"" atau ""vasektomi wajib""

Ga harus hitam atau putih & ujung ekstrem kaya gitu, ada opsi lain yg ga harus sampe maksa vasektomi tapi bisa ga beranak banyak

Paham ga",2025-04-29T23:27:20.000Z,
twitter,"sbnrnya pas baca ini gue mixed feelings dah, ok cool tp kyk.. knp harus bansos deh wkwk i believe that vasektomi itu harusnya datang dr kesadaran diri sndiri. kita kan jumlah manusianya udh trlanjur membludak knp gk sdiain lapangan pekerjaan aja sih.",2025-04-29T23:26:37.000Z,
twitter,"ini lagi juga gajelas. Sejak kapan terima beasiswa syaratnya harus Vasektomi? Padahal beasiswa yang dicari itu cuma kepintaran dan prestasi anak itu sendiri, lah ini?? Gubernur gajelas, otaknya miriing, stres.",2025-04-29T23:08:03.000Z,
twitter,"Karena vasektomi KB permanen. KB banyak macamnya. Ga harus yg permanen kayak vasektomi. Gua dan istri ga sreg dengan KB pil maupun suntik. Kami sepakat KB alami dengan hitung masa subur. 3 tahun ini masih berhasil.

Intinya kesepakatan, bukan pemaksaan",2025-04-29T22:59:35.000Z,
twitter,Ide divasektomi itu bagus. Tinggal minta fatwa ulama saja disertai penjelasan kenapa harus vasektomi dulu. Semoga MUI Jabar mau mengerti utk mengeluarkan hukumnya mubah kalau ada beberapa ulama yg mengharamkan. Saya yakin mengharapkan karena kondisinya berbeda.,2025-04-29T22:57:12.000Z,
twitter,Nah ini different topik lagi nih  Apakah vasektomi yang di 'wajibkan' menjawab pemikiran pemaksaan hamil pada perempuan? Terus apa hubungannya vasektomi dengan pemberantasan kemiskinan ? Kenapa harus vasektomi? Memangnya ngak ada jalan lain?,2025-04-29T22:56:45.000Z,
twitter,Itulah ciri orang indo ga pernah baca narasi sampai habis. cuma setengah2. hasilnya nol. padahal jelas tujuan kebijakannya untuk membatasi jumlah natalitas. boleh punya anak tapi maksimal 2 kemudian harus vasektomi klo ingin dapat bantuan,2025-04-29T22:56:14.000Z,
twitter,"Bang, btw syarat di vasektomi itu harus udh punya anak minimal 2 jadi kalo udh di vasektomi ya udah pasti itu orang udah punya anak, bukan gaboleh punya anak :(",2025-04-29T22:53:37.000Z,
twitter,"...Cewe cewe setuju sama statement cowo wajib vasektomi itu sama aja kyk cowo cowo setuju cewe harus tubektomi ga sih..

Padahal ini kan persetujuan dan preferensi keluarga. Lebih baik meningkatkan kesadaran dan libatkan keluarga dalam perencanaan populasi di level RT-Kelurahan.",2025-04-29T22:49:40.000Z,
twitter,"Berarti pengamatan u cuma sekedar baca tuitnya doang ga dipahamin masalah dari tuitnya. Habis itu lu treak reading compre orang. Logika lu dmna?
Yg diamuk itu fasisme nya. Kenapa harus wajib untuk dapat beasiswa/bantuan?
Vasektomi itu pilihan bukan kewajiban.",2025-04-29T22:45:32.000Z,
twitter,"Nnti pasti ada yg komen “yaudah yg cewe aja yg KB kenapa harus cowo yang di vasektomi” ya bapak ini menekankan MASALAH REPRODUKSI JANGAN DIBEBANKAN KE WANITA SAJA 
sebagai cowo ya harus ikut tanggung jawab juga dong.",2025-04-29T22:44:39.000Z,
twitter,"Karena hanya berlaku untuk orang miskin yang ingin mendapatkan hak mereka untuk beasiswa sekolah contohnya. 

Kalau orang kaya mau beasiswakan anaknya, bapaknya tidak perlu divasektomi. Sementara khusus orang miskin harus vasektomi dulu. Tidak terlihat diskriminasi kah?",2025-04-29T22:39:30.000Z,
twitter,"bukan orang miskin ga boleh punya anak, orang miskin gaboleh naik kelas. karena vasektomi itu permanen. jadi miskinnya juga harus permanen.",2025-04-29T22:16:29.000Z,
twitter,Hah ngandelin bansos? Wkkwk tuh dedi di atas blg klo mau nerima bansos harus vasektomi. Simple artinya lu mampu,2025-04-29T22:05:24.000Z,
twitter,Ngerti kan kenapa harus vasektomi?,2025-04-29T22:05:12.000Z,
twitter,"Emangnya orang yg hobi beranak sampe 22 ekor trus anaknya disuruh ngemis dijalan,ngamen,jualan kue bakal nurut kalo sekedar dikasih “edukasi”?

Ya rakyat bebal hrs ditegasin lah, “lu anak 1-2 cukup, kalo mau dpt bansos harus vasektomi dulu”

Kenapa berasumsi “gaboleh punya anak”?",2025-04-29T21:00:13.000Z,
twitter,"Berarti sebelum vasektomi harus di fikir kan , karena akan permanen biasanya",2025-04-29T20:35:19.000Z,
twitter,"kang cabul dan pemerkosa yang harus di vasektomi, noh yang kasus tahun lalu pada lupa kan",2025-04-29T20:22:11.000Z,
twitter,"pendidikan dan hak hidup layak itu kewajiban negara yang harus dipenuhi, gadak hubungan tidak vasektomi bisa membatalkan hak rakyat yang harus dipenuhi negara. stop permisif sama kelakuan pejabat yang suka nakut-nakuti rakyat.",2025-04-29T20:12:13.000Z,
twitter,jgn standar ganda lah! kalau gak setuju vasektomi berarti harus gak setuju juga sama KB. Jgn ngenormalisasi KB tapi menentang Vasektomi. Sama sama masih bisa seks anjir cuma jalan sperma lu aja di sumbat!,2025-04-29T20:09:13.000Z,
twitter,"otak lo isinya tai apa gimana?

kalo gak punya anak siapa yg dikasih beasiswa anjing?

brrti jelas syarat vasektomi harus ada anak dluu bangsat. kesel gw sg ketololan ini",2025-04-29T20:08:08.000Z,
twitter,Ya emang kenapa harus nurutin feminisme gitu? Wkwwkkw ada namanya pengaman  kenapa harus maksa .. lagian simple yang cowo gak usah vasektomi yg cewe gak usah KB simpel anjg,2025-04-29T20:03:48.000Z,
twitter,Mau udah punya anak kek mau belum kek  kenapa harus vasektomi? Padahal yg dijual di Indomaret melar melar juga banyak,2025-04-29T20:01:56.000Z,
twitter,"Harus vasektomi karena kebanyakan orang 'miskin' itu maunya enak doang gak tau resiko. Udah diedukasi panjang lebar padahal.

Pemikiran banyak anak banyak rezeki itu udah mendarah daging. Padahal semuanya tergantung kesiapan. Kalau udah siap ya konsep tadi bakalan bekerja.",2025-04-29T19:59:54.000Z,
twitter,"Coba,adakah cara lain untuk menekan populasi penduduk?
Karna udh over populasi mknya ada program kb,tapi untuk cwe pun itu gk terlalu mempan karna gk semua cwe bisa kb meskipun yg non hormonal,mknya cwo jg harus VASEKTOMI biar bisa menekan populasi.",2025-04-29T19:57:43.000Z,
twitter,"Wkwkwkwk untuk mencegah lahirny manusia seperti lo ya harus VASEKTOMI,jangan cwe mulu yg KB.
Katanya laki,VASEKTOMI KOK TAKUT!!!",2025-04-29T19:54:48.000Z,
twitter,pengecut bngt koar koar gajelas gara-gara kdm kasih statement buat vasektomi. dih terusssss harus cewe lagi gitu yg nanggung? kb ini kb itu steril lah bablabla baru lu pada rela? najis,2025-04-29T19:53:33.000Z,
twitter,"Terus di lihat juga anaknya apakah semuanya sehat atau tidak, kalau sehat semua ya oke gak masalah vasektomi. Setuju sih sama ungkapan jangan membebankan reproduksi hanya pada wanita saja tapi laki"" juga harus peran andil",2025-04-29T19:52:09.000Z,
twitter,"Maksudnya sadar yang KB gak cuma cewek doang, cowok juga harus vasektomi",2025-04-29T19:35:17.000Z,
twitter,"Their body their choice kan? Kenapa harus diwajibin cuma buat nerima bantuan? Aku dukung vasektomi, tapi kalau kebijakannya begitu ya masalah lah..",2025-04-29T19:31:44.000Z,
twitter,"Kalau mau menerapkan sesuatu itu ya harus pada semua warga,bukan pada golongan tertentu spt penerima bantuan.Gua termasuk setuju vasektomi,tapi jangan disasar cuma buat penerima bansos doang,fasis itu namanya.",2025-04-29T19:31:32.000Z,
twitter,"Yang kayak gini tuh yang harusnya vasektomi. Udah gapunya pekerjaan, tapi bikin anak dijadiin hobi. Pas anak gabisa makan baru nangis-nangis sedih. Sebelum punya anak nggak mikir dulu apaaa
Kasian anaknya harus ikut menderita",2025-04-29T18:34:02.000Z,
twitter,"Terus yg harus kb siapa bang??? Perempuan?Inilah alasan vasektomi biar lakik ga nyebar benih dimana mana, cukup rawat anak yg sudah lahir aja, kalo urusan meninggal ya itu takdir, manusia gabisa ngendaliin.",2025-04-29T18:18:01.000Z,
twitter,"Agak aneh sih ini , ini untuk penerima bansos yang notabene nya miskin kan? Dan syarat dapet bansos itu harus vasektomi, tau ga sih biaya vasektomi tuh mahal , kecuali pihak pemda mau bayarin biaya operasi nya pake APBD lagi ga nih? Dan ini bener² g akan bisa beranak lagi",2025-04-29T18:14:38.000Z,
twitter,"Hahahahhaha si tolol,makanya BELAJARRR vasektomi slh stu syarat nya HARUS SUDAH punya anak 2,jangan asal nyocot lo otak bokep",2025-04-29T18:09:34.000Z,
twitter,"Yg hamil cewe, yg ngelahirin cewe, yang kb HARUS cewe, yg ngurus anak cewe. Ini cewe kalau disuruh nafkahin diri sekaligus anak juga udah bisa banget, laki ngapaij si bisanya? Disuruh vasektomi aja udah berasa dunianya runtuh ",2025-04-29T18:02:49.000Z,
twitter,"Kukira orang sini pada faham vasektomi  ternyata mereka yang miskin takut harus vasektomi , vasektomi bagi orang miskin yang sudah punya anak dan stop punya anak , dan vasektomi juga memulai kan perempuan karena yang di vasektomi itu pria , gw yakin",2025-04-29T17:58:45.000Z,
twitter,"kalian harus tau realitanya org miskin itu memang demen bikin anak. aku sih setuju dg ini, meski harus dikaji lg krn ga mungkin jg semua langsung diwajibkan vasektomi (mungkin bisa liat jumlah anaknya dl). kenapa pada emosi sama kb pria? your pride hurted?",2025-04-29T17:27:50.000Z,
twitter,"hak berbeda dengan kemampuan atau engga..

katakanlah, 
A punya anak 2, (rencana ingin punya anak 3)
dan dia butuh bansos
harus vasektomi 

2-3 tahun kemudian, dia sudah naik kelas 
tak perlu bansos

apakah ada jaminan bisa dikembalikan?

bansos ga dapet,
tapi anak juga ga dapet",2025-04-29T17:24:26.000Z,
twitter,"Kayak, its not that bad. Vasektomi tuh just another way to not produce a kid aja. Itu aja harus di cek berkala kayak kalo perempuan kb aja bedanya ini lakiknya yg di program. Kenapa takut? Kan nanti kalo mau promil bisa dibalikin lagi. Di whats with the fear?",2025-04-29T17:23:16.000Z,
twitter,"Gini amat ya liat org2 berpikirnya bukan biner lagi, tapi 2D. 1 perspektif dan wawasannya tipis.

Entah memandang vasektomi sbg ancaman, atau sebagai satu-satunya solusi pragmatis yg harus dilalui. 

Bukan dipandang sbg pilihan individual.",2025-04-29T17:21:49.000Z,
twitter,Ini yg harus di vasektomi ikut programnya gubernur jabar,2025-04-29T17:21:46.000Z,
twitter,"Di satu sisi SETUJU BANGETTTT, tapi yang lebih concerning adalah gimana pendekatan yang tepat untuk membumikan vasektomi ke masyarakat. Apalagii most of them are conservatives  memang harus bertahap, soalnya break down stigma & kultur yang udah mendarah daging tuh challenging-",2025-04-29T16:51:22.000Z,
twitter,kmrn keknya oke oke aja orgorg pd dukung vasektomi. emg salah kl harus vasektomi?,2025-04-29T16:48:40.000Z,
twitter,"Di uu tpks akan tumpang tindih sama kebijakannya KDM (walau sbtulnya belum jelas skemanya kaya gimana, cmiiw). Toh bkkbn udah memasifkan & encourage vasektomi kok. Tinggal bikin kebijakan pendukung aja, emang harus bertahap karena masyarakat akar rumput masih awam dg vasektomi.",2025-04-29T16:46:22.000Z,
twitter,"Syarat vasektomi minimal punya anak dua ya kalo penerima masih lajang atau belum punya anak ya engga harus,kalo petugas nya bilang harus ttp vasektomi berarti goblok, nyalahi aturan.",2025-04-29T16:45:24.000Z,
twitter,"Perkara vasektomi aja udah ketar ketir kya ayam mau dipotong kepalanya, padahal kalo dicermati dan di search apa itu vasektomi bukan hal yang sangat menakutkan sampe harus bawa"" ham.",2025-04-29T16:44:04.000Z,
twitter,"Dan ya, pasti ada syaratnya dong buat ngelakuin vasektomi. Misal minimal harus sudah punya dua anak, atau memang keinginan dari diri sendiri. 
Sependek pengetahuanku jarang banget laki2 mau ngelakuin kb. Kebanyakan pada ngebebanin kb tuh ke perempuan.",2025-04-29T16:43:28.000Z,
twitter,"Kenapa harus menolak penekanan populasi? Gua udah terapin buat dirisendiri, yang gua tolak kebijakan tolol kdm karna untuk memberatas kemiskinan dengan cara VASEKTOMI, bukan benerin pendidikan dulu. poin gua disitu loh dari tadi, gua udah jelasin panjang lebar masak gapaham paham",2025-04-29T16:41:23.000Z,
twitter,"Knp ya giliran laki suruh vasektomi marah2, cewek suruh kb dr dulu pd diem aja apa ga pada protes? 

Knp selalu cewe yg harus mikir untuk ngalah?",2025-04-29T16:29:39.000Z,
twitter,"Lho kenpa? Dari awal lagi bahas syarat bansos ama beasiswa yg di perketat dengan vasektomi kan? Elu amalah bilang kalo itu jaminan setiap wni yg harus nya tanpa syarat, wkwk elu yg kepelest itu mh ",2025-04-29T16:28:49.000Z,
twitter,"Kan udah nikah? Yg di vasektomi tu keluarga yg sudah punya banyak anak, agar ga bertambah, klo yg belom berkeluarga atau belom punya anak ya ga di vasektomi, salah satu syarat subsidi vasektomi oleh pemerintah aja anaknya harus 2 atau lebih",2025-04-29T16:25:32.000Z,
twitter,"Kayaknya kebijakan di negara ini rata"" ngambang ya? Termasuk soal wacana kebijakan vasektomi, yang seharusnya jadi pilihan, bukan pemaksaan. Harus ada edukasi yang lebih menyeluruh dulu, baru bisa ngomongin solusi konkret yg sesuai. Gitu bukan sih mas?",2025-04-29T16:21:44.000Z,
twitter,"kalopun memang mau galakin vasektomi, kasih iming2/insentif ga sih. jangan bansos atau pendidikan yg memang by default harus dikasih sm negara.
kayak program KB 2 anak kan insentifnya dengan tunjangan anak 1 dan 2, tp anak ke3 ga dapet tunjangan lg.",2025-04-29T16:19:29.000Z,
twitter,"Ya harus mau  gimana caranya gak ngelanggar aturan agama, dan gak punya anak lagi tanpa KB KB an ... Ya yang kayak gitu yg egois berarti ... Tapi gua heran pada maksa vasektomi padahal ada cara yg lebih 'aman' daripada rugi kedua belah pihak",2025-04-29T16:14:11.000Z,
twitter,"Vasektomi massal juga ngeri sih, wacana KDM ini emang riskan bgt. Tapi aku juga dukung dari sisi gendernya, harapannya biar orang lebih peka sama pentingnya KB untuk semua gender, bukan cuma cewek aja. Cuma ya, tetep harus hati-hati, karena pemaksaan juga nggak bisa jadi solusi:(",2025-04-29T16:11:21.000Z,
twitter,"Ini giliran yg laki disuruh vasektomi koar-koar mulu, ngomong a b c d e. Lah giliran perempuan disuruh tubektomi?. Padahal perempuan dah hamil, melahirkan, menyusui, belum lg kalau lakinya patriarki harus ngurus rumah.

Disuruh berkorban dikit doang lagaknya dah paling tersakiti.",2025-04-29T15:55:38.000Z,
twitter,"kelasss, suka nih gw yang begini , KB gak cuma vasektomi aja ada banyakk, cowo bisa pake pelindung/kond*m, atau bisa pake KB kalender (harus ahli wkwkw), cari tau dampaknya penggunaan KB apa aja, abis tu sepakati tanpa membebani salah satu pihak istri maupun suami ",2025-04-29T15:35:08.000Z,
twitter,"Kalo ga salah syarat vasektomi kan harus udah punya anak minimal 2 (gue lupa baca di mana) bukan melarang orang miskin punya anak, tapi pilihan. Jadi intinya kalo miskin, anaknya jangan banyak-banyak karena nanti ga keurus -_-",2025-04-29T15:34:08.000Z,
twitter,"Bro, itu maksudnya apa terkait vasektomi dengan penerima beasiswa? 

Logis dikit lah.. Emangnya beasiswa pada umumnya diperuntukan untuk aki² yg dah gak bisa ngaceng gitu? 
Bro, jadi mereka generasi muda harus vasektomi dulu gitu untuk dapet beasiswa?",2025-04-29T15:33:26.000Z,
twitter,"Yg salah bukan anak nya, tapi orang tua nya, makanya di usulkan vasektomi biar bisa mengurangi anak yg harus menanggung kesalahan bapak dan pemerintah nya",2025-04-29T15:30:19.000Z,
twitter,"orgil?? bukannya kemaren pada debat kusir bahwa laki-laki juga harus kb melalui vasektomi, dan sekarang giliran rencana realisasi kb vasektomi untuk mengurangi penyintas kemiskinan kok malah dihujat? padahal, KDM jelas memaksudkan kb vasektomi untuk keluarga (maaf) miskin yang",2025-04-29T15:29:14.000Z,
twitter,"Cost dari lu putuskan vasektomi sampe lu sambungin kembali tuh saluran sperma, itu gede. Belum lagi chance keberhasilan jika ingin kembali hamil, bisa sampe IVF dan itu gak murah. Makanya program ini harus penuh kesadaran dan standar yg gak bisa digampangin demi bansos dsb.",2025-04-29T15:28:16.000Z,
twitter,"terus apa salah anaknya yg berprestasi? kenapa harus ikut menanggung bebalnya orang tua karena ga mau vasektomi?

ngapain anak dipaksa ikut menanggung kewajiban orang tua?",2025-04-29T15:26:30.000Z,
twitter,"Tololl tololl, lu yang goblog, syarat vasektomi tu harus punya anak 2, goblok",2025-04-29T15:25:51.000Z,
twitter,"Yang mau dapat bansos, para bapak2 nya harus di VASEKTOMI  biar anak gak berantakan kemana mana ",2025-04-29T15:25:49.000Z,
twitter,"Bukan Vasektomi yang harus didorong. Tapi 1. HUKUMAN MATI & SITA SELURUH ASET KORUPTOR & KELUARGA INTI-NYA, 2) Laporan Kekayaan Pejabat DIAUDIT oleh auditor internasional independen dan info kenaikan sebelum dan sesudah menjabat dibuka ke masyarakat !!!",2025-04-29T15:22:41.000Z,
twitter,"Saya setuju banget kok soal vasektomi sebagai alternatif KB. Tapi ya, itu harus berdasarkan pilihan individu atas kesadarannya. Bukan atas dasar paksaan negara apalagi dengan acaman bansos segala macam. 

Pola pikir pejabat yang timpang, bias dan diskriminatif ini yang saya coba",2025-04-29T15:12:17.000Z,
twitter,"Pak PRESIDEN Prabowo saja kasih MBG ke anak anak Indonesia tanpa syarat lha ini Gubernur Jabar mau kasih bansos dan beasiswa dgn syarat harus vasektomi...
di agama Islam  VASEKTOMI diharamkan di jabar malah dihalalkan??",2025-04-29T15:08:03.000Z,
twitter,Dedi Mulyadi Syaratkan Pria Harus Vasektomi Jika Ingin Bansos,2025-04-29T14:49:57.000Z,
twitter,Dedi Mulyadi Syaratkan Pria Harus Vasektomi Jika Ingin Bansos,2025-04-29T14:49:39.000Z,
twitter,Dedi Mulyadi Syaratkan Pria Harus Vasektomi Jika Ingin Bansos,2025-04-29T14:49:30.000Z,
twitter,Dedi Mulyadi Syaratkan Pria Harus Vasektomi Jika Ingin Bansos,2025-04-29T14:49:11.000Z,
twitter,"sebenernya soal kb kenapa harus vasektomi juga?
kan optionnya kb juga ada yang lainnya, udah kaya hewan aja",2025-04-29T14:47:18.000Z,
twitter,"kurang efektif sih. kan di indo juga di anjurkan 2 anak, faktanya masih banyak yg punya banyak anak padahal keluarga dia miskin.
dan 1 hal lagi vasektomi itu ada syaratnya dalam dunia medis yaitu harus punya anak minimal 2 baru boleh vasektomi...jadi oke"" aja sih kebijakan beliau",2025-04-29T14:43:36.000Z,
twitter,"Selama ini B aja sih sm ide idenya KDM, cenderung nolak (terutama yg PNS masuk jam 6.30 di bulan puasa wkwkw )
Tapi pas denger syarat penerima bansos harus vasektomi, GUE SETUJU BAT ANJIERRRRRRLAHHHH SETUJU PAKKKKK",2025-04-29T14:39:37.000Z,
twitter,"Aneh. Orang syarat utama vasektomi itu harus punya 2 anak kok dulu, ya ga bakal bahayain populasi lah. Beda lagi klo di Jepang, mereka mah bener"" ga mau nikah. Sama salah satu solusi buat kejahatan seksual ya, nikah, tapi kan bukan brati ga bisa buat anak. Klo ga kebiri aja",2025-04-29T14:37:18.000Z,
twitter,"Dedi Mulyadi, menyarankan supaya penerima bansos harus divasektomi.
Saya tidak akan bahas pro kontra soal ini ya, cuma saya tergelitik dengan banyaknya komentar pada berita tersebut yang masih salah paham soal vasektomi.
Saya akan bahas karena saya sudah menjalani vasektomi",2025-04-29T14:35:46.000Z,
twitter,wkwk kita harus cari tau biaya vasektomi dan nyambungnya lg.. bakal full ditanggung atau tidak dan dampaknya..,2025-04-29T14:32:50.000Z,
twitter,"Vasektomi kalau memang anaknya sudah banyak + ekonomi dibawah garis kemiskinan ya sah2 aja. Tau ga kalau ada istri yg harus di steril tubektomi saat anaknya udah banyak? Kejadian tubektomi ini udah lumrah di RS, apalagi buat yg udah 3x SC.kalau suaminya andil vasektomi lbh baik",2025-04-29T14:31:25.000Z,
twitter,"ya emang bener harus berhenti, syarat vasektomi kan harus punya 2 anak, bukan berarti ga boleh beranak, yang kontra punya masalah apa sih, demen lo beranak semua",2025-04-29T14:30:56.000Z,
twitter,kenapa harus vasektomi? kenapa ga buat rakyat hidup sejahtera?,2025-04-29T14:24:54.000Z,
twitter,"Yang harus diperbaiki dan diurusin itu ekonominya, bukan tititnya.

Ini udah loker susah, sembako mahal, bijinya pulak yang kena. 

Tu orang bisa ga sih kalo bikin kebijakan diliat dulu akar masalahnya. Kenapa ga kntl dia itu aja dulu yang di vasektomi.",2025-04-29T14:23:19.000Z,
twitter,"Kenapa di setiap skenario harus perempuan yang KB, laki juga harus berani vasektomi dong, berani ewe berani potong",2025-04-29T14:22:37.000Z,
twitter,Apa seperti ini harus vasektomi dulu baru terima bansos,2025-04-29T14:16:44.000Z,
twitter,"sekarang diriku sudah punya standar buat calon suami nnti, pokoknya w harus nikah sama non perokok + yg mau vasektomi nntinya! ",2025-04-29T14:16:00.000Z,
twitter,Kenapa harus vasektomi yak,2025-04-29T14:12:45.000Z,
twitter,"Kalau syarat utk dapat beasiswa hrus menjalan  program Vasektomi, yg di vasektomi orang tua nya apa anak yg mau dapat beasiswa, klu anak yg harus divasektomi, maka ini adalah program gila,",2025-04-29T14:11:11.000Z,
twitter,"Edukasi edukasi, kalo cuma modal ngomong udah langsung paham Indonesia gak bakal gini gini aja kali. Lagian edukasi nya harus gimana lagi? Masalah vasektomi aja mereka langsung judge buruk sebelum tau vasektomi sebenernya apa. Km jg baca dong beritanya yg bener.",2025-04-29T14:10:24.000Z,
twitter,"Ehh Mon maap, mau vasektomi itu harus ada anak dulu 2, dan Dedi Mulyadi bikin aturan ini buat anaknya yang banyak dan mau dapet bansos, bukan yang belum punya anak ya anjeng",2025-04-29T14:09:57.000Z,
twitter,"Apaan sih lu, dari dulu jg program pemerintah itu KB! 2 anak doang.
Emg org org miskin aja pada kaga mau KB, nah skrg sama KDM dipertegas penerima bansos harus vasektomi dulu! Biar ga beranak mulu",2025-04-29T14:09:47.000Z,
twitter,"Kalo untuk poin ini aku setuju sama programnya, kalo program “KB 2 anak lebih baik gagal” dan memberatkan ibu ya jalan lain hrs vasektomi ke laki2 itu harus wajib demi membatasi jumlah anak dlm keluarga. Inget ya cowok itu nafsunya gede, vasektomi itu cocok drpd dikebiri",2025-04-29T14:04:50.000Z,
twitter,"kewajiban kb vasektomi emg agak aneh, tp yg emg harus di highlight itu sbnrnya, ‘berhenti bikin anak kalau tdk sanggup’ udh gt aja.",2025-04-29T14:04:27.000Z,
twitter,ya makanya diberlakukan syarat bang. harus memenuhi ga asal maen langsung tindak vasektomi. lagian pemerintah indo kan suka pada asbun. gatau nanti teknis pelaksanaannya gimana.,2025-04-29T14:04:27.000Z,
twitter,btw persyaratan boleh vasektomi harus punya anak minimal 2 hehehe,2025-04-29T14:00:26.000Z,
twitter,"Berarti harus jelas banget, sasarannya itu orang gak punya. Btw vasektomi pada cowok kalo gak salah ada dua cara yg satu putus, yg satu kasih cincin. Tp vasektomi berapaan dah?.",2025-04-29T13:59:34.000Z,
twitter,"not gonna debating kenapa harus vasektomi krn setuju (+ vasektomi hrus punya anak min 2 bru boleh)

yg dipertanyakan, tdi sebelumnya lewat berita yg dapet bansos DAN BEASISWA itu yg vasektomi. jdi mana yg benar?",2025-04-29T12:52:05.000Z,
twitter,"Benar... Sakit, protes, dan memiliki keturunan adalah hak asasi setiap manusia.

Sebab, negara gak mampu mengakomodasi penghidupan layak untuk rakyatnya punya keluarga yg bs terpenuhi kebutuhan dan keinginannya, jadi kamu yang harus ngalah; dengan vasektomi, buat ngurangin beban.",2025-04-29T12:51:16.000Z,
twitter,Bloon si ieu orang vasektomi harus punya 2 anak dulu,2025-04-29T12:48:04.000Z,
twitter,"Pembela nya bilang ""vasektomi mah khusus org miskin, lah dia mah mampu, ngapain harus vasektomi""",2025-04-29T12:47:00.000Z,
twitter,nalar lu dipake lah dalam aturan medis kalo mau vasektomi itu minimal harus punya 2 anak lagian bansos seperti blt dan pkh itu untuk mereka yg sudah berkeluarga dan punya anak,2025-04-29T12:46:52.000Z,
twitter,Ngikutin dedimul donk harus vasektomi..,2025-04-29T12:45:46.000Z,
twitter,"Masalahnya itu vasektomi ngga benar2 reversible. Setelah naik taraf ekonomi dan ingin punya anak lagi, apa yang harus dilakukan penerima? Apa ada tanggungan risiko apabila proses reversal gagal? Programnya harus cover kasus pasca eksekusinya juga.",2025-04-29T12:43:21.000Z,
twitter,Ngapain harus vasektomi kalau di ciptakan alat kontrasepsi? Padahal se simple itu yang cewe gak perlu KB apapun itu yang cowo pake alat kontrasepsi... Simple ?,2025-04-29T12:42:33.000Z,
twitter,"KB ada  banyak. kenapa harus vasektomi. ??

Pasti jadi polemik, karena kontroversi  vasektomi itu haram.",2025-04-29T12:41:32.000Z,
twitter,"Yang gak setuju kaum laki2 kak entah dipikiran mereka itu gamau karena apa, antara hak atau masih pgn ngewe. Udah bener tu bansos lakinya harus vasektomi dulu artinya jgn sampe nyusahin pemerintah udah anak banyak tp miskin. ",2025-04-29T12:41:30.000Z,
twitter,"banyak ya yg kesentil egonya “kb mah banyak, gak harus vasektomi” orang miskin dilarang punya anak banyak, ya betul. buat bertahan hidup aja susah, mau nambah anak. ingat ya, kejahatan tuh gk selalu tentang membunuh, melahirkan anak dalam keadaan miskin tuh kejahatan.",2025-04-29T12:40:07.000Z,
twitter,Dedi Mulyadi Syaratkan Pria Harus Vasektomi Jika Ingin Bansos,2025-04-29T12:40:00.000Z,
twitter,"Malam Genkz.. 
Makin ""PANAS"" aja nih Kebijakan DPR RI dan Pemerintah terkait RUU Kejaksaan yg dah masuk Prolegnas 2025, 

Ada pakar hukum yg minta , soal hak imunitas seorang Jaksa HARUS DIHAPUS dlm RUU tersebut..!! 

Tolak RUU Kejaksaan...!! 
Nonton Tv Vasektomi Danantara Baia",2025-04-29T12:29:12.000Z,
twitter,Yauda kalo lo dukung vasektomi. Lo deh vasektomi dulu. Nanti tunjukin ke gw buktinya ke gw. Tunjukin kalo lo emg dukung lo harus lakuin,2025-04-29T12:23:15.000Z,
twitter,"iya juga ya, kenapa laki-laki harus kb vasektomi kalo bisa suntik mati https://x.com/golekkeringet//golekkeringet/status/1917157690540961848…",2025-04-29T12:20:12.000Z,
twitter,"Very good. 
Bukannya jahat.... warga miskin memang harus diwajibkan vasektomi atau KB spiral. Krn kalau tidak kerjaanya beranak mlulu.",2025-04-29T12:11:32.000Z,
twitter,"Syarat vasektomi harus punya anak 2, jd mutus garis dimanannya?",2025-04-29T12:08:23.000Z,
twitter,"Lah, gw bilang di atas, kalo mau reward ya harus penuhi ketentuan nya, kenapa ketentuan nya harus vasektomi? Ya sekalian biar program KB nya jalan, masa logika laya gitu aja ga masuk, yaampun",2025-04-29T12:00:59.000Z,
twitter,"Sejak kapan orang punya dua anak harus  tua? Wkwkwkw logika cacat kek gini harusnya yang di vasektomi biar kegoblogan terstruktur hangus dinegara ini. 
Ini yang gua maksud loh kalo sdm rendah tidak selalu datang dari orang miskin",2025-04-29T12:00:55.000Z,
twitter,"Vasektomi harus konsen. Suami dan istri. Itubaja yang udah mau setengah baya minimal 35 tahun anake minimal 2 orang, yg terkecil kalo gak salah 5 tahun.",2025-04-29T11:59:53.000Z,
twitter,bansos 300rebu trus harus vasektomi!! hahahaaa,2025-04-29T11:52:53.000Z,
twitter,"Kalian bisa kira-kira dulu dari pernyataan ini. Kenapa tuh beasiswa harus vasektomi? Kenapa dulu aku tanya??? Aku paham kalo mutus rantai brojol, tapi ini dulu dah, kok bisa?

Negara otomatis ga mau anak-anak yang layak mendapatkan beasiswa? Kontradiksi banget.",2025-04-29T11:52:29.000Z,
twitter,Ada gubernur. Dia dibayar buat memperbaiki sistem. Kalo g mampu idealnya “mundur”. Jadi untuk urusan vasektomi “harus” itu menurut gw too much dan berlebihan. Inget ya Bansos dari masyarakat untuk masyarakat.,2025-04-29T11:47:45.000Z,
twitter,"Syarat beasiswa pendidikan harus vasektomi? kasian juga 'masyarakat prasejahtera' yang mau menempuh pendidikan, meskipun eligible kalo belum vasektomi gak bakal jadi awardee ",2025-04-29T11:42:26.000Z,
twitter,"Bener, gue bukannya idolain kdm, kalau orang miskin yg cuma jadi pengemis jangan nambah anak, asli. Dan btw pernah denger syarat vasektomi itu anaknya harus 2, cmiiw",2025-04-29T11:42:01.000Z,
twitter,Beasiswa itu umumnya untuk umur berapa? Penerima beasiswa juga harus vasektomi?,2025-04-29T11:41:10.000Z,
twitter,"Kalo aku tinjau lebih lanjut, ini lebih tepat kalo sebagai pembatasan. Nikah bisa terbilang gratis, tapi biaya mengurus anak ini harusnya dibatasin aja maksimal 1 buat warga miskin.

Penerima bansos harus Vasektomi, mau ga mau. Tubektomi terlalu beresiko juga soalnya.",2025-04-29T11:39:10.000Z,
twitter,Saya bapak bapak usia 44 dah anak dua. Usia 15 dan mau 13 th. Malah ingin banget vasektomi. .. Sadar diri klo punya anak itu harus tanggung jawab.. Rencana gak ingin punya anak lagi,2025-04-29T06:49:41.000Z,
twitter,"Yang kaga bisa nahan napsu kan kaum lelaki, merkosa, hobi kawin. Makanya kaum lo harus dikerasin vasektomi",2025-04-29T06:45:31.000Z,
twitter,"Revisi Kitab Undang-undang Hukum Acara Pidana (RKUHAP), RUU Polri, dan RUU Kejaksaan adalah satu kesatuan produk hukum yang harus dibahas bersama. Pasalnya, tiga UU itu merupakan satu rangkaian dalam criminal justice system.

Vasektomi Danantara BUMN",2025-04-29T06:25:03.000Z,
twitter,"ga ada yg bahaya, biasa aja, kl dipikir pakai akal sehat. mau vasektomi mau KB, intinya keinginan si sperma utk keluar harus dikontrol kl perlu diajarin berhitung dulu spy anak yg lahir nanti tidak menjadi beban ekonomi keluarga wkwkwkwk",2025-04-29T06:12:57.000Z,
twitter,"Adaa banyak faktor yang harus dikaji, dipertimbangkan, diperhitungkan, &  didiskusikan, termasuk vasektomi. Jangan sampai setelah divasek, si Tomi malah gak bisa bangun, padahal sdh minum extra joss. Gitu Kang Dedi.

Telek! ",2025-04-29T06:04:08.000Z,
twitter,"Beasiswa harus vasektomi, maksudnya gimana nih",2025-04-29T05:30:59.000Z,
twitter,Gua harus objektif sih...ngikutin KDM sejak 6 tahun lalu. Dan dari dulu juga KDM selalu menganjurkan vasektomi untuk kaum miskin yang banyak anak. Ko baru rame sekarang ya?,2025-04-29T05:26:31.000Z,
twitter,"Nongol peraturan aneh nih kang 
@DediMulyadi71
 , knpa harus vasektomi penerima bansos dn bea siswa?
Lama² Jabar bisa krisis popuLasi manusia, sprti yg dialami jepang.",2025-04-29T05:11:41.000Z,
twitter,In this economy kayaknya KB dan vasektomi emang harus dikerasin sih..,2025-04-29T03:40:28.000Z,
twitter,"Ini bukan di vasektomi

Emang harus disteril lanangan gathel koyok ngene",2025-04-29T03:23:32.000Z,
twitter,Yang bener ini laki kudu vasektomi apa enggak sih giliran didorong ribut lagi. Masa harus pake program dan cara yg di propose ama orang orang tertentu saja?,2025-04-29T03:11:23.000Z,
twitter,"Penduduk JABAR mayoritas muslim, Islam mengajarkan kebijakan harus membawa keadilan dan rahmat bagi seluruh rakyat. Menjadikan vasektomi sbg syarat bansos akan memperberat masyarakat miskin, pdhal Rasulullah SAW mengajarkan u/ memudahkan urusan umat, bukan menyulitkannya.",2025-04-29T02:55:11.000Z,
twitter,WOAH I'm all about supporting vasektomi! Tapi kalau seperti ini HARUS DIKAJI ULANG....,2025-04-29T02:23:36.000Z,
twitter,"Tunggu, gimana caranya penerima beasiswa harus vasektomi? Ini beasiswa S2 kah? Kalau S1 gak mungkin disuruh vasektomi kan???",2025-04-29T02:17:56.000Z,
twitter,"Kacau sih kalau sampai diwajibkan, 
Misal ada suami isteri hidup masih ditaraf kemiskinan, tapi blm diberikan keturunan, mau dpt bansos atau beasiswa malah harus KB vasektomi, 
Pupus lah harapan ""pejuang 2 garis"" 
Mendingan berantas Premanisme, Judol, dll",2025-04-29T02:14:32.000Z,
twitter,"Pemimpin yang baik itu tidak menyuruh,tapi mencontohkan. Maka itu dedi harus mencontohkan ke masyarakat kalo vasektomi aman dengan memvasektomi dirinya sendiri. Agar masyarakat percaya,operasi harus digelar di lapangan bola, direkam & upload ke channel youtube belio yg rame itu",2025-04-29T01:47:20.000Z,
twitter,"Ngeri juga ini sepertinya precursor dsri agenda depopulasi di Konoha
@truthspace_
 @ThatSun510
 

Memang negeri Konoha rerutama Jawa Barat udah overpopulation dan kebanyakan IQ rendah

Tapi lama2 kita semua juga bakal kena. Kalau mau boleh makan, harus vasektomi dulu!",2025-04-28T15:23:45.000Z,
twitter,"Jika perempuan tidak mau KB dengan alasan ini itu, alangkah baiknya jangan menyarankan suami untuk vasektomi, biar adil. 
Dan keduanya harus saling mengerti, Jika tujuan vasektomi hnya untuk tidak punya anak lagi, lebih baik safe sex kecuali tujuannya nembak dalam tanpa khawatir.",2025-04-27T09:45:54.000Z,
twitter,"mana bisa, syarat vasektomi aja harus minimal punya 2 anak dulu",2025-04-27T07:11:10.000Z,
twitter,"Gak boleh istri meminta suaminya untuk vasektomi jika tidak ada keadaan yg membahayakan tubuhnya ketika hamil. 

Suami juga harus tahu, ada metode 'azl dalam islam untuk memberi waktu/jarak kehamilan. 
Jadi istri tidak perlu kb atau bahkan angkat rahim. 

Suami dan istri bahagia",2025-04-27T05:30:40.000Z,
twitter,Ciri ciri suami yang harus di vasektomi ,2025-04-26T05:36:40.000Z,
twitter,"Lah, emang ada ya orang yang mau hidup susah? Kemaren paling baru, gue bilang gue mau pny pernikahan setara, kalo gue ngelahirin, laki gw harus mau vasektomi. Dia bilang, kasian cowoknya. Lah kagak kasian ama cwek yg ngelahirin apa? Trs dia bilang,",2025-04-25T20:20:39.000Z,
twitter,"eh bicara soal vasektomi, guru pembimbing olim biologi aku pas smp tuh suaminya vasektomi deh, padahal kelihatan sangat religius, ternyata emang harus ada ilmu dulu deh",2025-04-25T04:09:42.000Z,
twitter,"Disuruh aborsi mereka bilangnya my body my choice, tapi disisi laen maksa2 laki harus vasektomi. Padahal titit lakik ya authority laki juga. Peler kambing",2025-04-25T01:35:56.000Z,
twitter,Bukannya aturannya harus punya 2 anak dulu baru bisa vasektomi? Cmiiw,2025-04-24T12:15:59.000Z,
twitter,Vasektomi masih bisa crot aja harus dijelasin sama cewe yg pro-vasektomi dulu. Heran kok yg punya penis malah gak paham sama penisnya sendiri,2025-04-23T05:08:00.000Z,
twitter,"Trus dia ketemu jodoh harus cari yg punya anak atau yg mau child free intinya ya, 

Kecuali si anak ikut bapaknya semua yg itu jg bisa jd beban jg buat calon istrinya nanti buat trima dia, 

Intinya vasektomi ini ga sesimple masalah libido, ada masalah sosial saat nikah lagi",2025-04-23T03:55:45.000Z,
twitter,"ini si bukan pembelajaran tapi kebodohan, sudah jelas untuk melakukan vasektomi ada aturan dan syarat yang harus di penuhi, lah ini jelas masih muda malah melakukan vasektomi, anda goblok malah curhat curhat segala.",2025-04-23T02:20:19.000Z,
twitter,"Ga nyalahin siapa2.. Mau vasektomi atau engga kalau istrinya mau selingkuh ya selingkuh aja, justru suami nya sangat beruntung dijauhi dari orang seperti itu.. kalau mas nya menikah lagi dan istrinya ya harus bisa menerima kalau mau pny anak kandung harus rekanalisasi atau ivf..",2025-04-23T02:19:32.000Z,
twitter,"Let people overheard first about that narration because it is part of education.

Skeptis boleh, tp bukan berarti edukasi seks tentang KB harus dihentikan hanya karena beberapa orang misinterpret tentang vasektomi.

Justru kalau kita paham, kita yang bantu edukasi, start from us!",2025-04-22T13:27:19.000Z,
twitter,Pasang IUD/minum pil KB gak masuk opsi karena vasektomi diharapkan dapat mengurangi beban biologis perempuan yg udah hamil+mengandung eh masih harus menanggung efek kontrasepsi hormonal. IUD pun tetap punya efek hormonal.,2025-04-22T08:43:04.000Z,
twitter,"Entah, dari tadi saya engga ada nyinggung ngewe brutal.. Kalo vasektomi merupakan suatu bentuk komitmen terhadap pasangan, seharusnya perempuan juga harus lakuin histerektomi.. komitmen itu terjadi antara kedua belah pihak.. ibarat ngorbanin tangan kanan dengan tangan kanan..",2025-04-22T06:39:50.000Z,
twitter,"Vasektomi itu sakit setiap kali crot njir, belum lagi pas baru banget dipotong lu harus minum terus pereda nyeri , Vasek itu khusus yg beneran permanen bukan buat nunda. 
Kalo emang istri gamau KB ya gw jg gamau di Vasek lah oon
Ada solusi lain yg gw sebutin diatas",2025-04-22T06:14:18.000Z,
twitter,"Diselingkuhi udah sakit banget, apalagi ditambah rela vasektomi demi pasangan. Wuajor poll.
Atleast win win solution. Lakinya vasektomi, Perempuannya juga harus histerektomi. Terkadang yang namanya cinta bikin buta
BTW, Vasektomi itu haram.",2025-04-21T21:16:52.000Z,
twitter,"istrinya emng salah. 
tapi vasektomi tu beda sama kebiri bisa di kembalikan lagi, bahkan ada yg harus secara berkala di cek itu vasektomi masih bagus atau perlu di ulang.",2025-04-21T16:28:53.000Z,
twitter,"Kemarin dapat selebaran vasektomi
Disyaratkan untuk pria yang sudah menikah minimal umir 35 tahun dan sudah punya anak minimal dua dan anak terakhir harus sudah berumur minimal 5 tahun. 

Jadi vasektomi sebelum nikah adalah jelas menyalahi kodrat laki2.",2025-04-21T16:19:49.000Z,
twitter,"Yah tergantung orangnya sih. Tapi salut bagi cowo yang mau vasektomi Gimana beratnya cewe yang harus KB implan, spiral, pil, suntik, belum lagi pasca melahirkan.",2025-04-21T10:11:24.000Z,
twitter,Satu fakta yang Anda harus tahu saya menolak  tubektomi dan vasektomi..,2025-04-21T10:00:29.000Z,
twitter,"vasektomi udah diturutin, lantas harus gimana lagi biar perempuan ga selingkuh?",2025-04-21T09:08:44.000Z,
twitter,"mereka skrg teriak teriak ""makanya harus pake kontrasepsi"", lahh kalian aja kemarin pada nolak mentah vasektomi yg udh jelas sebagai kontrasepsi dgn rate keberhasilan paling tinggi wkwk",2025-04-21T09:05:04.000Z,
twitter,"Iya faktanya emang bisa cuma banyak yg ga mau tau
Liat aja itu komentar laki” soal vasektomi kemaren gimana
Ada yg kasih tau jg tp ga mau baca wkwkwk tetep punya dalih sendiri
Pokonya harus cewe yg berkorban ",2025-04-21T07:41:14.000Z,
twitter,"""Kamu hrs vasektomi yaa, ga mau tau harus pokoknya!!!!!""

Aku dengan kesadaran penuh:",2025-04-20T15:01:30.000Z,
twitter,Lah itu makanya manusia itu dinamis.. Hidup harus terus berjalan. Kalau minta suami vasektomi dan tahu tahu meninggal duluan  dan suami nikah lagi sama wanita lain . Wanita mau hamil juga kira kira zalim gak?? Manusia itu dinamis pikiranna,2025-04-20T14:53:43.000Z,
twitter,"Gak ada, makanya kamu pake ""bagaimana jika"" kan??? MASIH BAGAIMANA JIKA KAN? Terus di narasimu WHAT IF si istri yg meninggal duluan??

Vasektomi aja harus keputusan kedua belah pihak kok, kenapa menyebut perempuan (saja) yg merebut hak perempuan lain?",2025-04-20T14:44:33.000Z,
twitter,"kalau vasektomi semudah itu utk di reverse, trs knapa bkkbn mensyaratkan akseptor harus punya minimal 2 anak? harus diatas 5 tahun pula ",2025-04-20T14:39:36.000Z,
twitter,"Kondisi mengharuskan seperti apa pak yai? Apakah ketika istrinya akan mati jika dibuahi, jadi terpaksa harus vasektomi? benarkah begitu?",2025-04-20T14:36:04.000Z,
twitter,"Byk KB dgn kontrasepsi yg bisa dijadikan pilihan dan yg dah dewasa harus ngerti jd edukasi seks kuncinya, KB vasektomi tuh kan utk cowo bisa. Dgn hamil apalagi aborsi itu tubuh cwe yg hancur dluan, tingkat risiko aborsi jg tinggi utk cwe, cowo mah lepas tanggung jwb.",2025-04-20T13:11:00.000Z,
twitter,"bisa, dan harus lebih digalakkan lg. krn informasi vasektomi tuh blm banyak yg tau klo di daerahku. ditambah yg tau vasektomi ya mrk responnya masih negatif. kemarin aja ada yg pamer kalo suaminya vasektomi aja disalty-in. dan syarat vasektomi jg agak ribet kan kalo di indo?",2025-04-20T12:10:05.000Z,
twitter,"Syarat Tentram Menggunakan X:

1. Pro Anies
2. Membenci pemerintah 
3. Menolak AI
4. Laki-laki wajib vasektomi 
5. Jgn menggunakan Jersey KW
6. Mendewakan kucing
7. Berargumen pke b. ing meski ga nyambung konteks
8. Harus sependapat, ga boleh beda biar gak di judge penyepong",2025-04-20T11:24:23.000Z,
twitter,"tumben cowo ada yg mau vasektomi, biasanya berprinsip kb harus di cewe",2025-04-20T11:24:21.000Z,
twitter,"Brody, previlej itu ga melulu tentang uang. Tp juga edukasi.. good for u kalo ngerti soal kb, kondom dan vasektomi. tp lu harus sadar ga semua lapisan masyarakat ngerti, kemarin ada istri pamer suami vasektomi aja masih dihujat kok. Coba main ke perkampungan padat penduduk ",2025-04-20T05:34:32.000Z,
twitter,"Obrolan pagi di teras rumah sambil minum kopi bersama suami. “Ayah vasektomi aja gpp siap, kasian Abu harus ganti ganti KB.” ",2025-04-20T00:37:34.000Z,
twitter,"jarvis anj, bangsat, mau vasektomi dia, tai tai. 
I mean its okay kalo kondisinya lu sama ajel emg sama” gamau punya anak.
TAPI INI KAN AJEL BELUM SIAP? BUKAN GAMAU? Maksud lu vasektomi apa anj? biar lu enak hs terus sama hazel tanpa harus mikir bakal kebobolan? anj bgt lu vis",2025-04-19T03:13:13.000Z,
twitter,"bahkan aku dah bilang ke pacarku klo aku yang bakal vasektomi, soalnya kasian jir klo harus dia lagi yang pasang KB",2025-04-19T03:12:34.000Z,
twitter,"masalah vasektomi ini ga kelar kelar. aku ga akan masalah semisal suatu saat vasektomi, karna mikir aja ajgg nnti istriku dah hamil 9 bulan, ngelahirin, belum lagi klo lahiran normal harus digunting bagian vaginanya, trus masa harus ditambahin beban pasang IUD ato minum obat trs",2025-04-19T03:11:50.000Z,
twitter,"sial gua pikir setelah pembicaran lu berdua, lu mau memutuskan untuk mau sembuh dr trauma meskipun harus lewat pskiater, taunya malah mau vasektomi
sungguh diluar nalar pemikiran lu pis pis, pen gua gebuk lu pis lama” ",2025-04-19T02:08:52.000Z,
twitter,"Posisi ajel baru aja mulai mau menerima kenyataan kalau dia istimewa + kehilangan bayinya,disaat kayak gini bisa-bisanya Jarvis bilang mau vasektomi damnnnn
Trauma lo separah itu ya jarvis?aku ngerasanya beneran selalu ajel yang harus ngertiin Jarvis",2025-04-18T18:52:10.000Z,
twitter,Knp syarat vasektomi harus punya anak dulu yaa? Gabisa apa yaa yg ga mau punya anak pengen vasektomi juga?,2025-04-18T16:25:10.000Z,
twitter,"Pake kondom, atuh, harus telaten dan benar2 diperhatikan? Kalau ga bisa atau ga mau kb atau vasektomi",2025-04-18T12:28:48.000Z,
twitter,"Kak, kita2 ENGGA ADA yang bilang cowo ga wajib vasektomi, tapi ya, ditegaskan harus ada pencegahan lain, gitu, jangan sampai lalai sampai kebobolan. Cowo2 tuh menghardik cowo2 yg melakukan vasektomi, dikatain ga manly lah, apa lah. Aneh. Makanya, pada jelasin dan lain2 begitu",2025-04-18T12:27:59.000Z,
twitter,"kok bisa vasektomi dibandingin sama angkat rahim? beneran ga habis pikir, operasi sekecil itu berkelahi sama histerektomi, aneh. ada banyak perempuan yang sedih karena harus angkat rahim, kenapa? karena histerektomi itu operasi besar mas dan kamu nge-tweet begini?",2025-04-18T11:53:02.000Z,
twitter,"Kalo ga mau hamil baiknya emang pake kondom aja, udah bini taruhan nyawa mati lahirin anak, belum kena PTSD pasca melahirkan, eh harus pasang KB lagi yang memengaruhi hormon, padahal anak butuh ibu. Meanwhile laki. Ga mau vasektomi karena takut ga bisa hamilin cewe lain",2025-04-18T10:52:23.000Z,
twitter,"menurut ku ini perihal stigma berkeluarga itu harus punya anak, jadi umumnya itu orang-orang merasa kalo mereka vasektomi “impian” keluarga beranak itu gaada lagi. Padahal urgensi vasektomi bukan cuman itu aja. I agree with you",2025-04-18T10:47:53.000Z,
twitter,"Pastikan jg gadunnya udh vasektomi agar ia bebas dr tuntutan harus menafkahi anak yg lahir dr rahim seorang wanita yg gak becus ngurus anak, SDM rendah & afkiran. Ditambah lg kebanyakan dr wanita feminis itu problematik & manipulatif, bisa saja dia hamil anak dr laki2 laen.",2025-04-18T09:47:40.000Z,
twitter,Dalam agama tdk ada perintah laki2 harus vasektomi utk mencegah kehamilan. Kalo anak sudah dirasa cukup yah stop ngewe..fokus merawat anak dan cari rejeki.,2025-04-18T08:52:03.000Z,
twitter,"Jadi, beberapa bulan lalu aku mengajukan diri untuk Vasektomi,
Hasilnya ditolak,
Aku tanya kenapa ditolak?
Bkkbn bilang, umurku belum 35 tahun,
Oke anakku udah 2, katanya minimal anak kedua harus berumur 5 tahun,
Sama dengan Vasektomiku bakal di acc di umur 37, vakingsyit.",2025-04-18T06:50:53.000Z,
twitter,"nah iya ini, dokter nya om saya jg menganjurkan kok kalo istrinya memang tdk bisa kb ya mau gk mau suaminya yg harus vasektomi, tp cowok2 di X ini mereka gk dpt poinnya cuman tau haramnya aja, karna kb perempuan itu beresiko tinggi dibanding vasektomi",2025-04-18T06:31:35.000Z,
twitter,Kalo dipikir-pikir ada cowo mau vasektomi nggak merugikan dia juga kenapa harus dinyinyirin? Separah itu crab mentality-nya? ,2025-04-18T04:09:02.000Z,
twitter,"Vasektomi itu harus nya dibandingin nya sama angkat rahim karena permanen
Bukan sama KB,",2025-04-18T03:58:09.000Z,
twitter,"Kenapa harus vasektomi, gak pakai metode yg lain aja bang?",2025-04-18T03:38:49.000Z,
twitter,"vasektomi ada syaratnya. anak minimal harus 2 dan yg anak terakhir minimal umur 5th.
mana kb banyak jenis belum tentu cocok di badan",2025-04-18T03:30:57.000Z,
twitter,"Harusnya terharu, saat istri ucap ""Puji Tuhan, Alhamdulillah, ya ampun suamiku baik bgt, dll"" Hanya karena suaminya mau di Vasektomi.

Tau, kenapa? Karena mereka terbebas dari SATU kesakitan yg harus ditanggung, karena gak banyak suami mau ambil bagian dlm hal ini.",2025-04-18T03:23:47.000Z,
twitter,"semoga lu nantinya cocok KB ya pe, dan kalo ngga semoga laki lu ngerti kalo vasektomi tu gapapa. jadi cewe udah haid, hamil, melahirkan, tapi masih harus dipaksa KB padahal efek jangka panjangnya tu bahaya",2025-04-18T03:03:42.000Z,
twitter,"Pikir baik2 ya cil, setelah menikah punya anak lalu cerai mati, setelah berselang beberapa bulan/tahun ingin menikah lagi, ternyata vasektomi reversalnya gk berhasil, kasian suami udh ditinggal istri mati trus udh gk bsa punya anak lagi, ini yg gw sebut rencana itu harus matang",2025-04-18T02:36:42.000Z,
twitter,"BRO THE WAY I MELT?????
AND NOTE THAT waktu ini tuh gw ga begitu aware soal vasektomi sebagai KB. I mean gw tau itu tuh ada, cuma ga pernah terbesit di pikiran karena sistem patriarki tuh selalu ngajarin kalau cewe yang harus KB. Gw bahkan ga ada ngusulin ke dia soal ini.",2025-04-18T02:06:29.000Z,
twitter,"Intinya bukan disitu, intinya di vasektomi, krna gak semua vasektomi bisa dikembaliin 100%,
Mikir tuh kedepan, idup harus punya rencana, tentu saja rencana paling aman yang dipilih",2025-04-18T01:12:26.000Z,
twitter,"Vasektomi itu langkah yang besar, harus dipikirkan matang2, idup harus punya plan dan plan yang resikonya paling sedikit itu kemungkinan yang dipilih, heran sama kaum kalian ini plan orang kok sampe dikatain k*nt*l",2025-04-18T01:09:41.000Z,
twitter,"Iya memang harus begini, yuk semua cewe naikan standar kalian jangan turunkan, mending jadi perawan tua dibanding nikah, kita turunkan rate child birth dan pernikahan, kasih laki2 standar min income, min attitude, min physical, min not smoking, min taat agama, min mau vasektomi",2025-04-18T00:51:32.000Z,
twitter,"jujur konsep vasektomi dan angkat rahim itu beda. gue tiap ada cowok yg blg ""angkat rahim kan jg bs?"" pas gue lagi bahas vasektomi, rasanya mau marah bgt. kenapa sih harus cewek mulu yg menderita? monyet.",2025-04-17T13:02:22.000Z,
twitter,"lha kocak logika nya ga nyampe dan ga jalan.. padahal kesetrum listrik, tenggelam di laut pun ga mesti suami bahkan istri pun bisa, kenapa harus suami yang perlu disangkutpautkan? kenapa vasektomi masih dianggap sebagai hal yang SEBERBAHAYA ITU? padahal kb juga sama bahayanya",2025-04-17T12:46:09.000Z,
twitter,"Suami gw harus mau vasektomi pokonya, gw gamau kb anjir tana kb aja hormon gw udah kacau",2025-04-17T12:45:26.000Z,
twitter,"-maka sebaiknya suaminya yg di vasektomi.

*note: ini sepemahaman aku ya, karena yg aku baca itu mengikuti nasihat dokter dan melihat kondisi medis. Oh iya dan tentu aja harus dengan kesepakatan kedua belah pihak",2025-04-17T12:37:21.000Z,
twitter,"laki ngobrolin vasektomi kayak prosedurnya including their dicks being cut in half pdhl laparoscopic jelas dibius, perempuan iud memeknya harus dimasukin SPECULUM, uterusnya disonde, serviksnya dijepit TENACULUM all those with no anesthesia not even local",2025-04-17T11:29:47.000Z,
twitter,"Tanteku angkat rahim karena ada miom udh besar, dibelek panjang terus keadaan paska op menurun harus masuk HCU, 1bln gk bisa ngapa²in, bekas jaitan ada seumur hidup, kayanya gak bisa dibandingin sm vasektomi.",2025-04-17T11:24:23.000Z,
twitter,Vasektomi pun ada syarat2nya. Harus udah nikah n anak minimal 2. Ya mungkin kalau istri hamil lagi bisa berbahaya mungkin bisa dibahas lagi.,2025-04-17T11:14:15.000Z,
twitter,"Hal lain yang mesti dipertimbangkan ini makanya motivasi memilih vasektominya harus dari kemauan dirinya sendiri, bukan karena paksaan dari istri.

Laki-laki yang masih ragu soal vasektomi ini coba lihat perempuan / ibu dan istrimu itu runutkan kesulitan yang harus mereka hadapi.",2025-04-17T10:37:21.000Z,
twitter,"Vasektomi = pengangkatan rahim, jelas harus matang karena permanen. Sekalipun bisa kembali chancenya kecil",2025-04-17T10:15:40.000Z,
twitter,"Ada laki-laki yang rela vasektomi, itu keren. Tapi bukan berarti yang nggak vasektomi itu nggak sayang keluarga. Pengorbanan nggak harus selalu bentuknya prosedur medis",2025-04-17T09:47:28.000Z,
twitter,Lah trus anak pertama dari istri yang meninggal ga diurus lagi? Kenapa harus kepikiran punya anak lagi padahal alasan vasektomi biar ga nambah anaknya? Ga paham deh sama yang kayak begini,2025-04-17T09:13:10.000Z,
twitter,": Bagaimana pendapat bpk ttg vasektomi?
Gue: Ah bebas we. Titit titit situ kenapa gue harus mutusin. Ingat slogan kita bersama:

My body my authority, My tytyd my adventure. 

You mau vasektomi, mau mandibola, bebas. Cuma ya tolong jgn berkeliaran bebas mengganggu ketertiban umum",2025-04-17T09:09:27.000Z,
twitter,"tapi kan kalo educated men harusnya lebih setuju vasektomi yaa. soale KB buat wanita emang menyiksa (kecuali cowok masokis wkwk)

tapi syarat harus 35 tahun, anak 2 dgn anak terakhir min. 5 tahun",2025-04-17T07:44:13.000Z,
twitter,"guys dia ngomong gini karena dia boti guys, dia cantik and lemah gemulai jadi dia atut kalau harus vasektomi, maunya nyakitin perempuan aja.",2025-04-17T07:29:27.000Z,
twitter,"Nah, saya komentari soal efek vasektomi.
Perempuan harus effort kan balikkan badan yg habis melahirkan?
Vasektomi efeknya gak bisa menghamili. Badannya tetap gak perlu dia olahraga dan diet",2025-04-17T06:15:46.000Z,
twitter,"Cowo ga bakal dibebankan reproduksi seberat cewe. Cowo cuma dibebankan vasektomi yang minor operasi tanpa sakit, udah koar-koar berasa nyawanya bakal diambang jurang. Sedangkan cewe? Harus berjuang melahirkan atau operasi pengangkatan rahim dengan resiko meninggal dunia ",2025-04-17T06:01:29.000Z,
twitter,"Emang terserah masing2
Tapi kalo emang bener bakal vasektomi harus bener2 dipertimbangkan krn buat undo gak mudah
Kecuali si cewek ada di kondisi yg bahaya kalo hamil lbh baik vasektomi, thats why aku bilang sendernya kurang menjelaskan kondisinya",2025-04-17T05:45:43.000Z,
twitter,"Nah justru itu poinnya. Karena keresahan utama adalah soal posisi perempuan yang selalu dibebani, kita harus bongkar akar kenapa beban itu terus terjadi & salah satu akar kuatnya ya karena konstruksi sosial soal peran gender. Ketika kita ngomongin vasektomi, itu bukan cuma soal—",2025-04-17T05:34:24.000Z,
twitter,"padahal kalau tidak setuju ya tidak setuju aja, toh vasektomi atau KB dikembalikan lagi ke pasangan yang menjalankan, ga perlu bilang atau mencela keputusan orang untuk vasektomi itu ga baik. ga ada yang bilang HARUS. Vasektomi, KB, dan lain-lainnya dikembalikan—",2025-04-17T04:59:54.000Z,
twitter,"Kalau ga mau vasektomi yauda, hargain yg mau vasektomi. Kalau ga cocok bersama ga usah maksain harus bersama. Cewe juga jgn terlalu tergantung sama cowo biar ga diinjek, liat aja komen2 vasektomi, KB, Caesarea, masy masalahin banget cowo sakit dikit, tapi cewe sakit dimaklumin",2025-04-17T04:55:30.000Z,
twitter,"Aku dan suami sepakat buat vasektomi, malah suami yg ngmongin duluan dia mau vasektomi, katanya kasian klo aku yg harus kb terus, blm lg efek sampingnya. Tp skrg blm memenuhi syarat kalau yg gratis (hehehe), sementara aku yg kb dulu sampe 4 tahunan kedepan",2025-04-17T04:34:20.000Z,
twitter,"lah kan betul om “ada suami” ya suaminya bu nonik yang mau vasektomi, lagian emng itu si rizal udah tenggelam dilaut atau mati kesetrum listrik kah? kyknyaa kamu deh om yang harus buka lagi buku sdnyaa, bahasanya berantakan banget soalnya…",2025-04-17T03:47:53.000Z,
twitter,"as a cowok, selalu benci sm laki2 yg maksa perempuan untuk ngerasain ""sakit"" terus2an, kl konteks di atas laki2 kayak ga boleh ngerasain ""sakit"" alias ga boleh vasektomi dalam keadaan mendesak pokoknya harus utuh sempurna, sdgkn perempuan malah dibilang harus angkat rahim",2025-04-17T03:10:49.000Z,
twitter,"Astaga, suudzon beud
Klo cerai mati?? 
Maksudnya hidup tuh nggak ada yg pasti jdi si cwo harus mikirin matang"", bgtu juga sebaliknya 
Mau vasektomi mau tubektomi, klo nggak urgent, jgn lakuin",2025-04-17T02:50:02.000Z,
twitter,"pagi hari membahas vasektomi dengan cowoku, tebak jawabannya apa? dia pro, dan ga keberatan kalo harus vasektomi. karna obrolan dari awal pun dia udah bilang ""kamu mau punya anak alhamdulillah, kalo gamau juga aku gapapa banget""",2025-04-17T01:46:41.000Z,
twitter,BTW kak Gama (suaminya kak Dori) vasektomi setelah mereka punya 3 anak. Gak cuma kak Dori doang yang harus pasang KB. ,2025-04-17T01:42:28.000Z,
twitter,"Lah vasektomi kan emang baru boleh dilakukan setelah punya keturunan dan dirasa sudah cukup atau sudah tidak dianjurkan srcara medis buat punya keturunan lagi. apa lagi yang harus dipikirkan matang2? Istri kamu uda hamil dan melahirkan, gantian kamu yang vasektomi masa gabisa?",2025-04-17T01:40:38.000Z,
twitter,"Waw all these Vasektomi things got me like, ternyata bisa loh ambil keputusan bersama yang bener2 sacraficenya sama2 juga. Bukan si Puan doang yang harus sacrifice lebih.",2025-04-17T01:35:03.000Z,
twitter,"Udah pernah bahas ini sm pacar, dan sebenernya KB memang gk harus mengorbankan organ dalamnya
Gak harus vasektomi buat cowok, gk harus pasang spiral jg buat cewek
Ambil jalan tengahnya, dan gk perlu judge mereka yg punya pendapat berbeda jg",2025-04-17T00:59:21.000Z,
twitter,"Perdebatan vasektomi masih seru aja. Cowok merasa perempuan yang harus KB. Cewek udah hamil, mens pun masih disuruh pasang/minum KB yang efeknya terlihat jangka panjang. Tuh onderdil perut udah diacak2 buat lahirin anak kamu lho. Buat cowok, jaga istri kamu ya!",2025-04-17T00:47:15.000Z,
twitter,"""Takut ga bisa menghamili ya?"" 

Seketika sadar, ""bisa menghamili"" dianggap power bagi mereka. Jadi vasektomi dianggap melucuti powernya, sdgkan bagi laki2 hamil di perempuan hal yg harus terjadi, makanya laki2 terganggu kalau perempuan ngerasa ga perlu punya anak wkwkkw",2025-04-16T23:58:40.000Z,
twitter,"kenapa harus perempuan lagi yang harus kaya gitu sih mas? kaya, perempuan udah ngelahirin sama menyusui, kadang kl uda sc 2-3 kali disuruh angkat rahim (tubektomi) sm dokter, kenapa ga suami yg vasektomi? ga fair rasanya kalo begitu, smg bsk pemikiranmu berubah kl dh ada istri",2025-04-16T23:49:39.000Z,
twitter,"Tolong googling dulu resiko angkat rahim,kebanyakan yg harus angkat rahim akan menjadi pincang,krn rahim jg merupakan salah satu otot yg terhububg dgn pinngang bagi wanita,lalu auto tdk kuat menahan kencing,krn longgarnya area otot perut,beda dgn vasektomi yg minim resiko,stpd",2025-04-16T23:43:34.000Z,
twitter,"Ini nih, lagi-lagi cewek yang disalahin.

Bahas vasektomi, kenapa harus melebar sampai laki tenggelam, kesetrum dsb terus mati!? Padahal vasektomi ga merengut nyawa ataupun jati diri, tapi laki merasa direndahkan oleh vasektomi? Kalian sakit batuk aja berasa dah mau mati, ALAY",2025-04-16T23:29:34.000Z,
twitter,"Syarat simple milih suami/ partner buat gue adalah: ga mau nambah anak lagi dan mau vasektomi. 

Karena gue jg Jed aja cukup dan ga mau nambah lagi. Maka gue akan KB juga. 

Jadi kalo laki gue nanti ga mau nambah anak lagi, dia juga harus mau responsible dengan KB.",2025-04-16T23:24:16.000Z,
twitter,"Kenapa harus vasektomi?
kalo emang udah ga mau punya anak yaaa tinggal gausa bikin, gitu aja kok repot",2025-04-16T23:04:54.000Z,
twitter,"Immature man itu mah. Knp kayak perempuan terus yg harus bertanggung jawab sm perilaku keji laki2

Lagian kalo udh sampe vasektomi berarti dia tanggung jawab sama dirinya",2025-04-16T22:29:32.000Z,
twitter,"Jaman gak mudah cari uang sama buat survive hidup seperti masa sekarang gk harus vasektomi juga udah mikir buat beranak pinak. 
Begitu juga buat cewe gk harus
KB. Crot luar masih bisa.",2025-04-16T22:28:51.000Z,
twitter,"Vasektomi haram karena memutus keturunan, gitu kan maksudnya? Tapi skrg vasektomi ada yg bs reversible alias bs disambung lg. Dibandingkan istri yg harus menderita kesakitan bukannya sang suami justru dosa?",2025-04-16T17:49:12.000Z,
twitter,Atau ada syarat tertentu buat bisa vasektomi harus menikah dulu?,2025-04-16T17:46:42.000Z,
twitter,"EH BABI LU PIKIR NIKAH TU BERANAK DOANGKAH  aku tu bukannya blg vasektomi itu wajib, intinya kan semua emg harus didiskusiin aja dan melihat risikonya kb buat cewe lebih byk masalahnya, tapi kesel aja bjir rata2 opini orang tu menormalkan cewe tu emg udah takdirnya menderita",2025-04-16T17:45:33.000Z,
twitter,"Kenapa harus berdebat… padahal laki-laki lain bisa memilih diam karena yang vasektomi adalah suami kak 
@noniksipit
 sendiri.",2025-04-16T17:45:32.000Z,
twitter,"Vasektomi sound good tapi menurut ku jangan fomo harus di pikirin matang matang misal ada menyangkut resiko tertentu soal kehamilan ibu yang ancam nyawa, ini makanya di kasih syarat punya anak 2 dulu karena sering kejadian kehamilan bersiko.",2025-04-16T17:37:57.000Z,
twitter,"perempuan hamil yg risikonya badan rusak permanen -> udh kodratnya emang harus begitu
perempuan pasang kb, IUD/hormonal dgn segala risikonya -> ya harusnya begitu

laki2 vasektomi -> keputusan besar harus dipikirkan matang2

Perempuan seks bebas dan body count 10 -> gas teruss!!",2025-04-16T17:34:03.000Z,
twitter,aaaahhh kakk. akupun senang. sudah ada rencana menikah dan aku buat persetujuan kalau hamil harus dihadiahin mercedez benz (:D) sama supaya calon suami vasektomi stlh punya 2 anak wkwkwk,2025-04-16T17:24:42.000Z,
twitter,"Vasektomi ga bisa hindarin dari PMS setau aku, jadi ini mah pinter pinter lakinya aja klo ga bisa jaga napsu tetep kena juga sih dan harus dipertimbangin juga dari segala aspeknya.",2025-04-16T17:16:16.000Z,
twitter,Seorang ibu rela berjuang mengandung bayi 9 bulan dan bertaruh dengan ajal saat melahirkan. Gak peduli tubuhnya bisa rusak setelah itu pun yang penting anaknya selamat dan sehat. Terus laki-laki harus pikir matang-matang soal vasektomi yang bahkan minim efek samping?,2025-04-16T17:07:40.000Z,
twitter,"Kak kenapa vasektomi itu harus di pikir matang"", karena itu mandul permanen kak",2025-04-16T17:05:57.000Z,
twitter,"Aku aja dah pengen kali vasektomi, tapi berhubung umur belum mencukupi jadi harus nunggu 4 atau 5 tahun lagi, pdhl Alhamdulillah anak sudah 2, kesian istri harus pengorbanan terus :(",2025-04-16T14:33:14.000Z,
twitter,"man lukman...
syarat vasektomi tu harus punya anak 2 dan mencapai 35...
gw mau vasek nanti tunghu 2 tahun lagi...
mangkanya punya anak dulu baru vasek ...gobl9k bener lu man",2025-04-16T14:33:00.000Z,
twitter,"najis lu, vasektomi tuh operasi yang MINOR banget, bahkan side effectnya aja nggak ada, nggak mikir apa cewe udah hamil, melahirkan, menyusui, trus harus kb juga???? otak lu di tanah ya?",2025-04-16T14:28:58.000Z,
twitter,"ka vasektomi d bkkbn harus punya anak dulu 1 ya?, kalo rencana childfree bisa ga kak di acc?",2025-04-16T14:25:41.000Z,
twitter,"sebenernya bisa kb indomaret tapi itu ga ngejamin aman kadang bisa aja bocor, orang tua aku bertahun tahun KB kalendar karna sama sama menjaga juga, intinya laki laki pun harus mau bekerja sama, vasektomi urutan terakhir bgt deh",2025-04-16T14:24:21.000Z,
twitter,"Ngomongin vasektomi, dlu pernah pas lagi nongkrong sama teman2 ada yg bahas 'laki-laki ntar klo punya istri, anak, mau vasektomi ga?' jawabannya beragam tp paling jleb ada yang bilang 'ngga lah kaya binatang aja gw' buset dikata cewe yg harus kb karena binatang? Lgsg illfeel bgt https://x.com/noniksipit/sta/noniksipit/status/1911950577011200362…",2025-04-16T14:17:48.000Z,
twitter,"Yaudin, gini aja klo nanti suami kamu vasektomi kamu jg harus tubektomi gimana?",2025-04-16T14:12:29.000Z,
twitter,"Vasektomi memiliki risiko yang lebih rendah, tetapi tetap merupakan prosedur permanen yang harus dipertimbangkan dengan matang.",2025-04-16T14:09:44.000Z,
twitter,"gigi nya rontok? gak cuma itu kak, resiko meninggal juga ada. imo aku ngerasa vasektomi untuk seorang wanita apalagi seorang ibu itu jahat, mereka udh bawa anak di perut 9 bln, melahirkan, ngerawat si anak, ini masih harus vasektomi dgn dalih kasian si suami gk bs pnya anak lagi",2025-04-16T14:03:23.000Z,
twitter,"vasektomi “keputusan besar buat cowo dan harus dipikirkan matang” menurut beliau ini memang umum muncul dari kalangan boomers dan milenial (faktor : background pendidikan, kecerdasan EQ, lingkungan) dan bukan hal yg salah

namun harus ingat wanita lebih punya hak akan “kehamilan”",2025-04-16T13:56:38.000Z,
twitter,Harusnya kalo laki2 mau punya anak berarti dia juga harus mau berkorban diri. Istrinya bagian hamil ya suami bagian vasektomi. Dan ini harus atas kesepakatan bersama karena pernikahan ga cuma buat sex sm punya anak tp juga buat kebahagiaan antara suami istri.,2025-04-16T13:56:25.000Z,
twitter,"Jaman sekarang istri ikut nyari duit juga banyak. Udah kerja yg menurut kamu itu menderita, ditambah lagi harus KB dengan bermacam efek sampingnya. Aku menghargai kalo kamu ga setuju sama vasektomi, tapi gausah adu nasib yg ga sepadan gitu",2025-04-16T13:56:06.000Z,
twitter,Sebelum nikah kan tdk boleh menutup nutupi hal yg penting. Jadi istri barunya ya harus tau dong kalo dia vasektomi dan kalo tetep nikah lalu tiba2 istri baru minta anak ya salah istri barunya ga si bukan salah suami/mantan istrinya ,2025-04-16T13:53:40.000Z,
twitter,"cuma vasektomi njir bukan potong titit, heran gw kenapa takut banget deh, harus cewek mulu yang berkorban",2025-04-16T13:44:27.000Z,
twitter,"""Kirni yg nimininyi kiti nikih iti pisti pingin pinyi kitirinin""

Kan syarat vasektomi tuh harus punya anak dulu minimal 2 atau semampu dan semaunya ya blogggg. Ah gue tampol juga ni lukman.",2025-04-16T13:29:12.000Z,
twitter,"Aku yg pengin vasektomi, istri yg mencak2  tapi yah ujung nya buang luar, harus menghormati keputusan istri juga",2025-04-16T13:27:34.000Z,
twitter,"Vasektomi -> keputusan besar harus dipikirkan matang2
Punya anak -> gak dipikirin matang2 dan berlindung dibalik kalimat ""udah takdirnya"" + resiko gede diselingkuhi ketika istri hamil
Kondom -> mikir mahal mending crot diluar
Rokok -> gk mikir mahal sing penting ngudud",2025-04-16T13:22:12.000Z,
twitter,"Bahwa seorang perempuan, istri, dan ibu dipaksa harus menjelaskan dirinya sendiri kanapa “bukan dia aja yang angkat rahim di saat darurat, tapi malah suaminya yang vasektomi” ke lelaki bejat yang nggak bisa liat laki-laki mau rela melakukan apapun untuk istrinya. https://x.com/noniksipit/sta/noniksipit/status/1912428560557740208…",2025-04-16T13:17:33.000Z,
twitter,"Iya ya, kan persyaratan vasektomi itu harus udh punya anak min 2. nah amit² istrinya meninggal pas dia udh vasek knp dia cemas karna takut g bisa punya anak lg(klo nikah lgi) kan udh punya anak 2, knp g fokus ngerawat 2 anak yg udh ada itu aja y, malah sibuk mikirin kawin lgi",2025-04-16T13:12:45.000Z,
twitter,"Majelis Ulama Indonesia (MUI) melalui Fatwa No. 3 tahun 2009 memperbolehkan vasektomi dengan syarat tertentu. Pertama, harus ada persetujuan bersama antara suami dan istri. Kedua, dilakukan karena alasan yang sah, seperti kesehatan atau jumlah anak yang cukup. Ketiga, idealnya",2025-04-16T12:58:35.000Z,
twitter,Ih sumpah ini Twitter 50% laki2 ny harus kebiri sih jngn vasektomi,2025-04-16T12:55:10.000Z,
twitter,"dari hal gini aja laki"" mana mau berkorban, perempuan yang harus dan wajib berkorban untuk kb xixixi. laki"" lemah perihal vasektomi aja disuruh pikir matang""",2025-04-16T12:54:20.000Z,
twitter,"Ya kasian. Nah kalo mereka bs vasektomi kan menguntungkan mereka jg. Naik2 gedung, benerin kabel di laut dll, pas pulang gajinya ga harus di alokasi buat beli susu, makanan bergizi, ama nyekolahin anak",2025-04-16T12:53:54.000Z,
twitter,"Betul perempuan hamil trs melahirkan aja udah penuh risiko masi harus pasang KB jg yang ke depannya ga tau ntar bakal ada efek samping pa engganya, pdhl vasektomi tu ngga sebahaya pasang IUD, suntik, dan minum pil KB lo risikonya",2025-04-16T12:42:30.000Z,
twitter,"gue ngomong sama cowo gue, kalau nikah, udah punya anak 1 dia harus vasektomi  https://x.com/noniksipit/sta/noniksipit/status/1911950577011200362…",2025-04-16T12:36:35.000Z,
twitter,"Begitu pula untuk tubektomi. Sama harus dipikirkan lebih matang. Vasektomi untuk pria, tubektomi untuk wanita. Tidak usah dibenturkan. Untuk yg permanen/semi-permanen wajar harus dipikirkan jauh lebih matang dibanding KB sementara.",2025-04-16T12:29:21.000Z,
twitter,"Kehamilan, penggunaan alat KB, apa pun itu, perlu dipikirkan matang-matang bersama. Untuk kasus vasektomi harus lebih matang dipikirkan, bahkan ada syarat yg harus dipenuhi ketika akan melakukan tindakan tsb melalui program bkkbn, mulai dari umur sampai sudah punya anak berapa.",2025-04-16T12:26:12.000Z,
twitter,"Hamil, pasang kb iud atau hormonal, vasektomi, semua itu harus dipikirkan matang matang, namun sebelum itu adalah memilih pasangan yang juga jangan asal asalan biar nanti ga kecewa lalu bikin thread nyalahin satu pihak wkwkwk",2025-04-16T12:24:10.000Z,
twitter,"""karna yg namanya kita nikah itu pasti pengen punya keturunan""
kita? lu aja mungkin wkwkwk

""Vasektomi keputusan besar buat cowo, harus dipikirkan matang²""
ya sama, cewe KB pun keputusan besar, harus dipikirkan matang², aneh lu",2025-04-16T12:17:37.000Z,
twitter,"mas nya tau ga ya kalo dalam islam laki laki harus punya martabat dan kagak drama kayak gini? tidak perlu ngamuk ngurusin istri yang bukan istri dia. mereka punya suami mereka yang jadi nahkoda mau vasektomi kek apa kek, itu bukan ranah lu. gue muak berasa paling suci lu setan",2025-04-16T11:19:58.000Z,
twitter,"Gua rasa sosialisasi vasektomi ini harus diubah caranya biar tetep ""male-centered"" (kek yg mereka pada suka tuh).

""Ayo vasektomi untuk kontrol kelahiran anak""
""Ayo vasektomi agar bisa CROT CROTTT BEBAS TANPA WORRY""  https://x.com/noniksipit/sta/noniksipit/status/1911981778266689976…",2025-04-16T11:17:23.000Z,
twitter,"Pernah banyak review orang yang pernah vasektomi, syarat dari dokternya harus punya anak dulu, atau minimal umur 35",2025-04-16T11:15:34.000Z,
twitter,"Vasektomi tu setau gw cuma motong saluran yang ngebawa sperma, tapi air maninya masih bisa keluar. PUN bisa dilakukan ketika sudah punya anak sesuai target si pasangan. Kenapa utk urusan kontrasepsi harus dititik beratkan ke perempuan? Laki2 kan juga bisa ikutserta.",2025-04-16T11:06:04.000Z,
twitter,"Oke angkat rahim bisa, lebih dari vasektomi jg harus bisa dong contohnya dipotong...",2025-04-16T11:00:55.000Z,
twitter,"Sebenarnya aku ga memaksa kelak punya suami harus vasektomi, lihat dulu kondisinya bagaimana nanti buat diriku dan dirinya.",2025-04-16T10:56:56.000Z,
twitter,"banyak cowo yg cupu bgt anjritt, sama sakit aja takut, luka kecil doang nangis, maluu anj itu cewe tiap bulan udh dihajar abis abisan badannya, ditambah harus hamil & melahirkan yg pertaruhin nyawa, dan lo pada vasektomi doang takut? Pemimpin macem apa dah cemen begini",2025-04-16T10:54:24.000Z,
twitter,Argumen mas gak valid karena vasektomi harus punya anak dulu minimal 2,2025-04-16T10:51:44.000Z,
twitter,"satu aja udah cukup, ngapain kl si cwo vasektomi lalu ada keharusan si cwe tubektomi?

sekarang dibalik, kl si cwe lakuin tubektomi, si cwo harus vasektomi jg gk?",2025-04-16T10:31:58.000Z,
twitter,"Mikirmu ini vasektomi tuh kontol sama telurmu dipotong semua jadi rata kayak aspal kah?

Minimal belajar biologi, ada YouTube, Google, ChatGPT buat akses seputar vasektomi dan sebagainya. Se-egois itukah kalian sampai apapun terkait reproduksi yang dikorbankan harus wanita?",2025-04-16T10:29:54.000Z,
twitter,"Apa sih bilang kalau vasektomi itu keputusan besar yang harus dipikirkan matang-matang bukan berarti kesimpulannya malah seolah KB, hamil, kelahiran ga harus dipikirkan matang-matang plis",2025-04-16T10:25:06.000Z,
twitter,"Aku gak punya kontol ni ya, tapi aku paham kalo vasektomi itu reversible. Lagian laki tu apa semua gini ya, bini meninggal HARUS kawin lagi. Yg dipikirin kawin kawin kawin.",2025-04-16T10:19:46.000Z,
twitter,Syaratnya juga harus punya anak dulu kaliiii baru bisa vasektomi,2025-04-16T10:18:04.000Z,
twitter,tau ga angkat rahim itu operasi yang besar banget dibanding vasektomi. gue kek wow istri harus hamil iya melahirkan iya angkat rahim pun iya  semoga seluruh perempuan baik di dunia ini dijauhin sama suami yang kayak gini.,2025-04-16T10:16:08.000Z,
twitter,"Kenapa sih syarat vasektomi harus punya anak minimal 2
Kalo cmn mau punya 1 gimana? Kalo gamau punya anak gimana? Heran gua sama pemerintah
Nikah ga selalu ttg anak
Kenapa minimal umur juga 35
Kalo 30 udah mau vasektomi emang gaboleh???",2025-04-16T09:53:18.000Z,
twitter,jadi inget dulu bantuin ibu2 usia 45 lahiran normal berujung rahimnya gamau kontraksi (kemungkinan faktor usia) terus perdarahan dan harus angkat rahim (operasi besar) haduuuhhhh coba bapake vasektomi ya bu,2025-04-16T09:52:24.000Z,
twitter,gak habis pikir sama yg alesan gamau vasektomi karena takut heh apa kabar istrimu yg harus hamil dan melahirkan berkali-kali minimal mikir  https://x.com/noniksipit/sta/noniksipit/status/1911981778266689976…,2025-04-16T09:51:32.000Z,
twitter,Betul banget. Kata against itu bikin orang2 mikir mbaknya gak setuju banget sama vasektomi. Padahal poinnya gak harus vasektomi kalo dianya mau pake kondom. Disini kan gak ada cewek yg dirugikan. Kalo cowoknya bersedia sendiri buat vasektomi ya Alhamdulillah.,2025-04-16T09:44:50.000Z,
twitter,"Ka aku mau tanya, suaminya umur berapa pas vasektomi? 
Suami ku belum ada 35 taun, dan tadi mau daftar visek lewat Posyandu, katanya ga bisa, harus diatas 35
Kalo jalur yg bayar mandiri apa boleh ya ka? Soalnya aku udah ga mau pasang kb lagi, pengen steril tapi ga dibolehin suami",2025-04-16T09:34:15.000Z,
twitter,"Aku di Papua kak, di Merauke. Udah tanya orang sini juga katanya memang dokter di sini belum ada yg bisa vasektomi. Dan kalo misal ikut program gratisnya harus nunggu dokter dari kota yg lebih besar(?)",2025-04-16T09:06:27.000Z,
twitter,"mslh vasektomi itu kdng bkn cm di cowok yg jadi mandul. Kadanv istri n keluarganya malah takut suaminya selingkuh, karena jadi aman kan, bisa keluar di dalam tanpa takut ngehamilin. Jadi edukasi harus di kedua pihak emang kalau soal vasektomi ini",2025-04-16T09:05:31.000Z,
twitter,Syarat bisa vasektomi anak harus 2 ya kak minimal?,2025-04-16T08:41:51.000Z,
twitter,"Inget banget overheard percakapan pasangan yang suaminya dengan kesadaran penuh minta vasektomi dengan alasan ga tega liat istrinya kesakitan pas hamil, harus kb juga ",2025-04-16T08:37:55.000Z,
twitter,"""seneng bgt calon suamiku setuju buat vasektomi"" padahal ada kata ""setuju"" berarti gada paksaan ke si lakik, nape jadi luh yang kagak setuju bah  lagian mau vasek kan harus ttd surat persetujuan yg artinya 100% otoritas si lakik. Kalo cewenya seneng, nape jadi unethical?  ",2025-04-16T08:26:04.000Z,
twitter,syarat vasektomi emg harus punya anak dulu,2025-04-16T08:19:23.000Z,
twitter,"Belum nikah mungkin, krn untuk bisa jalani prosedur vasektomi harus udah menikah / dalam hubungan pernikahan dulu",2025-04-16T08:05:18.000Z,
twitter,"- anak 4 & jarak cuma 2 tahun
- istri udah kb & tetep kebobolan
- istri udah saranin vasektomi, tapi suami takut bro takut vasektomi, tapi ga takut harus ngehidupin 4 anak. gue sekedar ngebayangin ngebiayain 1 anak in this economy aja belum sanggup",2025-04-16T07:48:02.000Z,
twitter,Planning anak itu penting. Sender nya ga bilang ga bakal punya anak. Bisa jadi vasektomi nanti waktu udah punya anak karena emang harus udah diomongin sebelum menikah. Lagian kalau memang calonnya mau vasektomi sebelum menikah kenapa? Kamu kan ga tau tujuan mereka menikah apa,2025-04-16T07:39:03.000Z,
twitter,"anak 2 mantok, harus vasektomi okelah gw dlu yg KB dari anak pertama ke anak ke 2 sisanya sumber nya aja yg KB",2025-04-16T07:21:01.000Z,
twitter,"Polemik vasektomi ini menurut gw yang udah nikah, gak perlu menginvalidasi kalau ada cowok gak mau vasektomi mungkin dia ada pandangan lain. Untuk cowok kalau memang gak mau vasektomi ya HARUS pake kondom lah harganya murah kagak ada efek samping dan efektif.",2025-04-16T07:18:28.000Z,
twitter,mau tapi harus punya anak dulu ya. aku pengin abis nikah langsung vasektomi karena gamau punya anak ,2025-04-16T07:11:37.000Z,
twitter,vasektomi harus di rs apa di puskesmas ada ya kak?,2025-04-16T06:55:29.000Z,
twitter,"Sorry ikutan join, maaf jg kalo oot, aku cewek umur 30 tahun mau KB aja gak dibolehin sama bidannya  katanya harus punya anak dulu baru KB, takut nnti jd gak bisa punya anak, lah justru aku emang niatnya childfree  intinya, minta KB aja ribet apalagi vasektomi sih kak ",2025-04-16T06:52:04.000Z,
twitter,"Cuma pengen anak satuuu, suami jg sama pengennya satu trus vasektomi. Tp klo mo gratis harus 2 anak ",2025-04-16T06:51:42.000Z,
twitter,"Agak diskriminatif ya syaratnya harus punya anak dulu, mana 2 pula  Sedangkan banyak lho orang yg vasektomi karena emang childfree alias emang gamau punya anak samsek",2025-04-16T06:49:35.000Z,
twitter,"Kalo udah nikah jarang banget laki Indo mau pake kondom. Kontrasepsi ya KB. Kalau vasektomi jangan ‘dipaksa’, KB juga harusnya enggak. Tapi faktanya? Perempuan udah harus KB dari dulu. So, normalize & celebrate vasektomi 
Also, talk by data, liat core issue, gausah sok idealis",2025-04-16T06:48:59.000Z,
twitter,Kan syarat vasektomi harus sudah punya anak. Kalau tidak salah 2. Temenku vasektomi anaknya 2 dan istrinya tidak bisa kb karena pendaratan terus. Anaknya sekarang sudah SMA. Aman aman aja.,2025-04-16T06:36:13.000Z,
twitter,"Dipikirnya kalo vasektomi bakal dipotong atau dibuang kali, padahal cuma biar spermanya gak keluar aja. Apa ruginya njir udah gak akan pernah waswas lagi. Bandingin sama perempuan yang harus KB, rusak sebadan-badan. Siapa deh yang egois",2025-04-16T06:35:55.000Z,
twitter,"Vasektomi harus di-rebranding. Jangan pakai istilah ribet, yg oon ga nyampe yg cemen tetep takut. Bilang aja ""cuti sehari demi ngewe sepuasnya tanpa jadi anak""",2025-04-16T06:32:07.000Z,
twitter,"Suami aku udh mau vasektomi dr dulu, tp kontak ke BKKBN dr tahun lalu ga ada respons, trus research sendiri dari testimoni orang2 di X kalau mau gratis, usianya minimal 35 tahun. Kalo di bawah 35 th belom bisa. Sebel banget kak knp juga harus nunggu 35 th utk stop punya anak",2025-04-16T06:25:44.000Z,
twitter,"Suami aku udh mau vasektomi dr dulu, tp kontak ke BKKBN dr tahun lalu ga ada respons, trus research sendiri dari testimoni orang2 di X kalau mau gratis, usianya minimal 35 tahun. Kalo di bawah 35 th belom bisa. Sebel banget cuy knp juga harus nunggu 35 th utk stop punya anak",2025-04-16T06:23:40.000Z,
twitter,"Suami aku udh mau vasektomi, tp kontak ke BKKBN ga ada respons, trus research2 sendiri dari testimoni orang2 di X kalau mau gratis (BKKBN), usianya minimal 35 tahun. Kalo di bawah 35 th belom bisa. Sebel banget cuy knp juga harus nunggu 35 th untuk stop punya anak",2025-04-16T06:22:29.000Z,
twitter,Ternyata vasektomi harus min umur 35thn dan anak terakhir umur 5tahun??? Masih lama bgt baru bisa 2030 ,2025-04-16T06:15:29.000Z,
twitter,"mama gue ga kolot, bliau nyuruh nikah sama orang yang harus mau vasektomi karna mama udah ngerasain rasanya kb sampe kena kista dan rahimnya diiket, tiap mens sakit banget karna bekas kista kb itu. gue lebih mendengarkan pendapat yang sudah merasakan daripada orang kek begini ",2025-04-16T05:10:33.000Z,
twitter,"Jujur ini masih jd bahasan, kek.. gue jg cape jir hamil, ngelahirin, nifas, mens. 

Tibang vasektomi lbh less resiko gitu, dan ga ngubah hormon. 

Yakali gue udh ribet hormon harus diribetin lg sama pil kb",2025-04-16T05:05:16.000Z,
twitter,Recovery nya lama ga ya? Rencana nanti kalo udah punya anak 2 atau 3 gitu pengen vasektomi. Ga tega kalo istri yang harus KB. Takut ada efek samping ke kesehatannya,2025-04-16T04:37:43.000Z,
twitter,Kenapa vasektomi harus ada minimal anaknya? Gimana kalo emang ada orang yang sama sekali ga niat punya anak? Masak harus punya anak buat genepin syarat?  https://x.com/noniksipit/sta/noniksipit/status/1912158963988070641…,2025-04-16T04:25:29.000Z,
twitter,"ih aku senang, aku udah dari beberapa tahun lalu mulai paham tentang vasektomi dan waktu itu masi tabu banget. Tapi sekarang mulai banyak yang mensosialisasikan. Senang karena salah 1 alasan aku ragu untuk nikah adalah harus kb blablabla ",2025-04-16T04:13:03.000Z,
twitter,"pas ntar mau nikah, yang pertama kali aku bilang ke calon suami adalah ""aku ga mau kb, jenis apapun itu"".

terserah mau dia keluar di luar kek, dia yang harus selalu sedia pengaman kek, atau vasektomi, setelah jumlah anak yang disepakati, aku ga akan mau kb. https://x.com/noniksipit/sta/noniksipit/status/1911950577011200362…",2025-04-16T04:07:51.000Z,
twitter,Akupun nanti kalo sudah lunya anak dua kalo harus vasektomi setuju kok! https://x.com/noniksipit/sta/noniksipit/status/1911950577011200362…,2025-04-16T04:07:50.000Z,
twitter,"Soalnya dari bkkbn sendiri itu ada target untuk pertahunnya harus ada yg kb, itu program mereka, please tanya aja ke kelurahan atau desa pasti dibantuin untuk dilanjutkan ke pihak bkkbn, gk cuma vasektomi aja ada kb yg lain dan mereka kerjasama sama puskesmas dan rumah sakit",2025-04-16T03:59:44.000Z,
twitter,"kalau takut biaya, vasektomi itu gratis dan dikasih uang istirahat/insentif pula. 

dan vasektomi tidak memengaruhi kemampuan lakik untuk orgasme dan ejakulasi. 

perempuan udah sakit haid, mengandung 9 bulan, melahirkan, nifas, masa KB juga tetep harus di perempuan.",2025-04-16T03:57:20.000Z,
twitter,"Mami vasektomi harus dipikirkan benar benar karena tindakannya irrevesible, temen temen juga banyak yang mulai sadar untuk vasektomi mandiri tapi beberapa dokter masih banyak prokontra.",2025-04-16T03:51:22.000Z,
twitter,"Salah satu syarat vasektomi yg dr pemsrintah anak harus ada 2 dan yg paling kecil umur 5 tahun cmiiw
Mungkin klo swasta gak ada syaratnya",2025-04-16T03:44:14.000Z,
twitter,"Laki-laki ga berani vasektomi tapi istrinya dibikin hamil dan harus bertaruh nyawa pas lahiran. Padahal luka vasektomi cuma 1cm, ga seberapa ama luka robekan lahiran normal atau luka sepanjang kepala bayik kalo sc.
Cemen juga ya mental patriarki",2025-04-16T03:43:30.000Z,
twitter,Kenapa harus ada syarat 2 anak ya? Gw mau vasektomi tapi anak baru 1 dan maunya cukup 1 aja.,2025-04-16T03:30:48.000Z,
twitter,Kayanya perempuan sekarang harus masukin vasektomi ke perjanjian pra nikah deh,2025-04-16T03:17:43.000Z,
twitter,"Indonesia keknya depopulasi nunggu 2500th lagi dan tiap taun ada 500 org vasektomi baru deh. Lagian ya, pilihan pribadi knapa harus mikirin populasi negara dah ",2025-04-16T01:46:12.000Z,
twitter,aku pro vasektomi dan sebelum melanjutkan ke hubungan pernikahan POKOKE KUDU HARUS BANGET BOJOKU GELEM VASEKTOMI. THX,2025-04-16T01:13:46.000Z,
twitter,"perempuan hamil yg risikonya badan rusak permanen -> udh kodratnya emang harus begitu
perempuan pasang kb, entah IUD atau hormonal dgn segala risikonya -> ya harusnya begitu

laki2 vasektomi -> keputusan besar harus dipikirkan matang2

wkwkwkwkwk",2025-04-16T01:06:40.000Z,
twitter,"Ini tweetnya agak aneh sih kak, keknya emang mau test ombak aja. Gtw dah ya sendernya pindah kewarganegaraan atau laki nya orang luar dan gmana tapi yang jelas SYARAT vasektomi di indo ga segampang itu ; harus punya 2 anak dlu dan anak ke 2 udah berusia 5 tahun, harus berusia 35",2025-04-16T01:05:03.000Z,
twitter,"gw cowo udah nikah 11taun...
anak 2 sehat alhamdulilah...tapi syaratnya harus 35..
.mau vasektomi juga,nunggu 2 taun lagi...
doakan samapai usia itu..heheh",2025-04-16T00:42:49.000Z,
twitter,"agak sedih, laki-laki punya pilihan untuk ngga melakukan vasektomi. Meanwhile in some society, perempuan ga punya pilihan buat ngga melakukan KB. Kek udah otomatis harus KB aja gitu",2025-04-16T00:35:04.000Z,
twitter,"Alasan kenapa vasektomi di faskes 1 harus ada syarat:
1. Minimal berusia 35 tahun atau
2. Punya 3 anak atau
3. Anak ke-2 berumur minimal 5 tahun adalah:

Takut anak pertamanya meninggal.",2025-04-16T00:30:51.000Z,
twitter,"Orang-orang harus belajar, seimbang bukan berarti sama besar.

Suami vasektomi, istri tubektomi itu mubazir, bukan adil.
Resiko vasektomi jauh lebih kecil dari tubektomi.
Waktu istri hamil dan melahirkan, suami gak ikut nanggung dan menyusui toh? Apa itu adil?",2025-04-16T00:28:32.000Z,
twitter,"SDM rendah, nulis vasektomi aja salah. Mau sok2an childfree sebagaimana kaum SDM rendah lainnya ya? Bagus dah, SDM rendah memang harus childfree biar kagak melahirkan generasi afkiran sampah peradaban.",2025-04-16T00:11:03.000Z,
twitter,"Orang kalo mau vasektomi banyak syaratnya, harus punya anak brp, harus xxx, dll. Udah punya anak banyak masa mau punya anak lagi? Plus vasektomi bisa dibalikin walaupun gak gampang sih, atau pake prosedur ivf kalo mau. Lagian mutusin vasektomi tuh ga kaya mau beli permen‍",2025-04-15T23:46:58.000Z,
twitter,"“Bisa ninggalin jejak aja lelaki pada nekat.”

Nah itu tau, laki kalau bangsat mah bangsat aja. 

Kenapa harus rela vasektomi yg katanya sakit & mengerikan itu, 

hanya biar bisa celap celup & ga ninggalin jejak?",2025-04-15T23:26:23.000Z,
twitter,"Tubektomi resikonya lebih tinggi dibanding vasektomi. Sbg suami yg udh nyaksiin gimana perjuangan istri selama kehamilan dan melahirkan, gw udh berniat vasektomi, dri pada istri gw yg harus tubektomi. Itu cara gw menghormati dia",2025-04-15T22:21:44.000Z,
twitter,"Itu yg lagi ribut vasektomi karena merasa dipaksa & melanggar otoritas tubuh
Pdhal yg dipaksa itu malah sunat anak, karena anak2 masih belum bisa memberi consent, cuma bisa manut2 ortu
tp mereka diem, soalnya kan alasannya agama, kalau alasannya agama, semua selalu harus diem",2025-04-15T21:40:05.000Z,
twitter,bukannya vasektomi itu syaratnya harus udh punya anak minimal 2 ya? yg dimana anak yg paling kecil itu udh diatas 5 tahun???,2025-04-15T15:49:45.000Z,
twitter,"Biasa saja tidak ada perubahan dalam hal hasrat seksual, 12x HS atau ejakulasi setelah vasektomi harus pakai kondom ya, untuk memastikan vas deferens bersih dari sel sperma lalu cek mandiri di klinik untuk memastikan sudah benar2 steril",2025-04-15T15:30:03.000Z,
twitter,"Pas nikah nanti gue gak mau kb, laki gue yang HARUS vasektomi.",2025-04-15T15:17:38.000Z,
twitter,"kalo kamu menolak cowo harus vasektomi, berarti secara ga langsung kamu setuju kalo cewe harus KB terus-terusan pun klo mau stop KB jalan satu-satunya harus tubektomi? padahal vasektomi itu ga membahayakan sama sekali, ga mengurangi gairah seksual juga malah justru ningkatin cont",2025-04-15T15:15:36.000Z,
twitter,"Ini untuk yang pakai BPJS ya kak. Kalo berbayar aku gatau deh. Kayaknya memang vasektomi sendiri masih jadi perdebatan di kalangan ulama. Jadi memang syarat2nya harus bener2 yang paling genting.

Kadang suka ga adil sama perempuan ya? ",2025-04-15T15:12:05.000Z,
twitter,"Emm kan, tp di indo syarat vasektomi sendiri minimal harus punya 2 anak dulu HEHEHEHE",2025-04-15T15:02:25.000Z,
twitter,Kak please jawab apakah harus punya anak dulu baru bisa vasektomi?? ,2025-04-15T14:58:13.000Z,
twitter,"Kak... anak tuh harus banget minimal 2 kah? Meskipun umur suami udah di atas 35 tahun???

Soalnya aku cuma pengen punya anak 1 doang dan biar suami aja yang vasektomi :""))",2025-04-15T14:57:36.000Z,
twitter,"Setauku vasektomi ada beberapa syarat, salah satunya harus punya minimal 2 anak dulu dan ada syarat umur. Nah dari situ bisa disimpulin sender mau punya anak atau gak",2025-04-15T14:57:00.000Z,
twitter,"Pov dari laki-laki yang mau vasektomi, buat kak 
@vulpeslycalopex
 juga yang mempertanyakan. Kenapa mau?
1. KB perempuan terlalu banyak risiko, banyak efek samping;
2. Mata gua sakit kalo tiap mau KB harus baca petunjuknya yang bikin blenger;
3. Kenapa bukan kondom? (C.)",2025-04-15T14:39:16.000Z,
twitter,"Wah kak makasih .. bener bener bsru tau . Tapi kak, ada ga kayak dijelasin gitu kenapa harus sudah ada anak dulu? Mungkin kan ada ya kayak pasangan childfree gitu. Btw keren kak udh vasektomi .",2025-04-15T14:13:30.000Z,
twitter,"jd inget deh pemikiran tololku klo misalnya nikah nnt cowoku aja yg vasektomi krn aku gmw punya anak, ternyata syarat vasektomi harus beranak uhmm okay emg ini w disuruh fokus studi dan karir dulu https://x.com/noniksipit/sta/noniksipit/status/1911950577011200362…",2025-04-15T14:10:07.000Z,
twitter,"Laki-laki yang belum punya anak aja ga dibolehin vasektomi di Indonesia. Tinggal baca tuh syarat-syarat vasektomi. Punya anak minimal 2 dan usia harus di atas 30 tahun 
@local_pride77",2025-04-15T13:52:52.000Z,
twitter,"Suami aku, mau vasektomi cenah guys! (Hamdalah bye iud) Tp pas nanya ke orang bkkbn harus nunggu anak terakhir udah 5 tahun, emang iya?",2025-04-15T13:38:05.000Z,
twitter,kak kl mau vasektomi lewat bkkbn pertama harus kebagian apa? nyari infonya di website bkkbn ko ga nemu,2025-04-15T13:37:49.000Z,
twitter,"Semoga ketika aku menikah nanti, suami aku bisa menawarkan diri dia untuk melakukan vasektomi dari pada harus aku yang kb, Amiin  https://x.com/noniksipit/sta/noniksipit/status/1911950577011200362…",2025-04-15T13:13:14.000Z,
twitter,"Padahal tadi bahas otoritas tubuh masing-masing orang, tapi ketika ada laki-laki yang mau vasektomi instead of condom, kenapa tiba-tiba malah dia yang mau ngatur otoritas tubuh orang?

Kenapa harus vasektomi, lah elu kenapa ngatur pilihan orang.",2025-04-15T12:46:52.000Z,
twitter,"semoga nanti, disaat ak dh punya beberapa anak (2 aj sih wkwk) suamik ak lebih memilih untuk vasektomi, dibandingkan harus ak yg kb iud,dll",2025-04-15T12:39:30.000Z,
twitter,"Kak... maaf mau tanya bole ndak?? (Bertanya dengan raut wajah tersenyum manis) Syarat vasektomi itu pasangan harus udh punya anak dulu kah? Jodohku belum ada sih kak, tapi bakal aku usahain suami masa depanku ikut kb ini . Makasih ya kak... (membungkuk 90°).",2025-04-15T12:15:24.000Z,
twitter,"Saya mau vasektomi malah gak boleh, katanya harus nunggu 2 tahun setelah kelahiran anak terakhir. Gak tau maksudnya apa",2025-04-15T11:57:21.000Z,
twitter,"Like u said mba flo, itu keputusan dari si ""suami"" kok. Gaada yg maksa. Terus terkait celebrate vasektomi kenapa harus jadi masalah??",2025-04-15T11:56:50.000Z,
twitter,"lah yaudah makanya namanya udah dewasa dan menikah di situ pasangan harus diskusi dan membuat persetujuan. kalo emang lakinya mau vasektomi, siapa elu pake ga setuju segala wkwk seperti kata lu semua gender berhak otoritas tubuh sendiri, that means perempuan jg berhak ga KB",2025-04-15T11:50:40.000Z,
twitter,"Pertanyaan gua adalah katanya ada vasektomi yang gratis di bkkbn atau apalah itu namanya, kalo bayar kerumah sakit atau ahlinya berapa ya?
Terus kalo mau balikin lagi harus bayar berapa?",2025-04-15T11:13:35.000Z,
twitter,"((fase paternal instinct muncul))

Vasektomi di Indo susah by request tanpa memenuhi syarat.
Harus umur ttt, punya anak lebih dr 2, umur anak harus sekian sekian.

Udah punya anak banyak, mau nambah anak lagi?",2025-04-15T10:43:40.000Z,
twitter,"siapa yang ngga ada harga diri? vasektomi ngga bikin kamu jadi kayak MC nya ""Seperti Dendam, Rindu Harus Dibayar Tuntas"" kok",2025-04-15T10:21:14.000Z,
twitter,Kenapa lu harus against vasectomy kalo lakinya emang sukarela pengen vasektomi? Kenapa lu harus memberikan pengecualian kalo cowoknya gamau pake kondom? Bukannya ini insinuating kalo lu bakalan maksa laki buat vasektomi?,2025-04-15T09:49:51.000Z,
twitter,"kalau kita percaya semua gender berhak atas tubuhnya sendiri, kenapa harus against vasektomi???? DAWG",2025-04-15T09:41:28.000Z,
twitter,"Genuinely asking, kenapa harus ada syarat minimal 2 anak. Kalo memutuskan 1 anak, gimana? harus vasektomi berbayar? https://x.com/noniksipit/sta/noniksipit/status/1911696694112326131…",2025-04-15T07:09:13.000Z,
twitter,"kapan itu bahas alat kontrasepsi sekeluarga, trus bapak gw bilang ""kalo harus vasektomi ya gpp gas aja. papa jg tetep bapak2."" tp ga perlu sih soalnya anak paling kecilnya aja udh kuliah

bapak gw aja bgini, i'd never settle for less. https://x.com/noniksipit/sta/noniksipit/status/1911950577011200362…",2025-04-15T06:34:56.000Z,
twitter,"Kemarin temen gua yang ""agamis"" bilang vasektomi dilarang agama. Lalu temen gua yang ""agamis"" lainnya bilang semua program KB dilarang agama.

Calon suami gua: ""Aku gak akan biarkan kamu menderita, kesakitan dan tersiksa. Kalo kamu mau kita punya anak, aku gak mau kamu harus",2025-04-15T06:21:13.000Z,
twitter,"Suamiku mau vasektomi tapi syarat umurnya belum terpenuhi, trus ternyata udah harus punya 2 anak dan anak pertama umurnya minimal 5 tahun

Padahal 1 anak cukup buatku sama suami https://x.com/noniksipit/sta/noniksipit/status/1911950577011200362…",2025-04-15T05:50:18.000Z,
twitter,vasektomi kan harus ada consent... maaf ini statementnya kontradiktif bgt,2025-04-15T05:46:13.000Z,
twitter,"kalo suamimu tidak skill issue beberapa cara dibawah bisa dilakukan dan harus siap sedia untuk kuras habis spermatogenesis
https://x.com/i/grok/share/ra3OfUNomo0chZ6PMMzSgTj54…

tapi kalo skill issue, vasektomi udah paling bagus selagi dia bukan orang yang suka sembarangan buang cairan semennya",2025-04-15T05:34:55.000Z,
twitter,"lho persoalannya karena gak mau disuruh istrinya?

bener kan, ada golongan lakik yg gak mau vasektomi karena merasa gak mau diatur dan dapet saran darj istrinya

padahal kalo sebaliknya, suami nyuruh istri, sang istri 'harus mau', karena dianggap kodrat dan keharusan",2025-04-15T05:29:06.000Z,
twitter,"Setauku vasektomi itu nggak bisa ujuk ujuk langsung disetujui kalo konsul ke tenaga kesehatan. Mereka punya syarat tertentu kek udah harus punya anak dulu, minimal anaknya berapa dan bagaimana kondisi suami dan istri. Tapi koreksi kalo aku salah ya.",2025-04-15T04:38:10.000Z,
twitter,vasektomi syaratnya memang harus dr awal sudah punya anak,2025-04-15T01:59:36.000Z,
twitter,"KB memberatkan perempuan pak, pil kb, iud, dll semuanya efek sampingnya kuat banget ke perempuan. Vasektomi juga ga sembarangan dilakuin kok pak, setau aku ada anjuran kayak harus minimal umur ga boleh dibawah 30 dsb ,  tentunya dokternya bisa nolak kalau dibawah 30",2025-04-15T01:58:32.000Z,
twitter,Setau saya vasektomi syaratnya sudah punya 3 anak dan usia minimal 30 tahun. Berarti ya kamu minimal harus siap punya 3 anak nantinya.,2025-04-15T00:58:18.000Z,
twitter,"Tambahan lagi, anaknya harus diatas usia 2 tahun. I know bc suamiku juga mau vasektomi abis aku lahiran anak kedua tp msh blom boleh. Di bali minimal usia 35 tahun btw krn bupatinya program KB 4 anak ",2025-04-14T23:40:31.000Z,
twitter,"Vasektomi kan nderrr? sama, tp syarat di indo harus 2 dulu anaknya ",2025-04-14T15:06:09.000Z,
twitter,soalnya mau vasektomi/steril itu harus punya minimal 2 anak dan minimal umur 35th. klo dibawah itu dan gapunya anak ya tetep gabisa.,2025-04-14T14:59:37.000Z,
twitter,"Tau tuh... Masa dari semua harus cewek yg ngerasain. Dari hamil, lahiran, KB... Masa cowok vasektomi aja banyak yg nentang. Pdhl di cowok efeknya lebih kecil dari cewek ikut KB",2025-04-14T14:58:00.000Z,
twitter,"vasektomi sangat dianjurkan untuk menekan birth rate, terutama yang skill issue.

di islam juga ada aturan soal keluar di luar sebenernya, namun hal ini bisa dilakukan oleh orang yang professional dalam ngatur mood dan emosi ketika sedang berhubungan.

kenapa harus pro? cont-",2025-04-14T14:08:26.000Z,
twitter,"kemarin liat sw mamanya murid yg krja di puskes, lagi ngadain vasektomi gratis. syaratnya emg kudu udh punya minimal 2 anak. kalo program reguler bayar, harus ttp ngikut syarat inikah?",2025-04-14T13:37:28.000Z,
twitter,"Vasektomi ini bner2 harus org terpilih yg ngejalanin wkwk kalo pikiran, mental dan tabiatnya suka selingkuh, jajan sana sini malah jadi boomerang buat istri. 

Ibaratnya dia bisa crat crot sana sini tanpa takut menghamili wanita lain, tapi gak menjamin jg bakal aman dr HIV dkk.",2025-04-14T12:27:28.000Z,
twitter,"Selamat, Nder! Hanya setahuku, vasektomi di Indonesia ada syaratnya, deh. Kalau gak salah harus udah punya 2 anak dulu (?) dengan tujuan pemerintah itu untuk menghindari depopulasi, katanya.",2025-04-14T11:12:24.000Z,
twitter,"Hi 
@grok
 apa akibat vasektomi pro kontranya apa apakah harus ada pertimbangan jika mau melakukan prosedur?",2025-04-14T11:06:14.000Z,
twitter,iya ya gue jd kepikiran semoga nanti suami gue di masa depan mau vasektomi ya soalnya gue tidak bisa membayangkan gue harus kb kyk iud gitu aduh............... lemes,2025-04-14T07:42:34.000Z,
twitter,maksa gue harus kb sedangkan gue udah jelasin kalo gue punya gen kanker payudara. Dia ga mau vasektomi. Belum lagi maksa pindah dom tanpa minta pendapat gue kek gimana.,2025-04-11T06:49:20.000Z,
twitter,"gapapa tp klo misalnya mau kb, dia yg suntik kb/vasektomi, yakali gua dh hamil tp setelah itu msh harus suntik kb juga, gue semua tuh yg nanggung rasa sakitnya? emoh, kecuali dia mau hamil gua suntik kb gpp",2025-04-10T01:15:16.000Z,
twitter,"Dih najis! Opini lo jelek! Kalau maunya hb terus & istri gak hamil, ya vasektomi! Kalau mau punya anak, ya lo harus tau resiko selama hamil sampe nifas. Punya otak kok ya gak dipake mikir?  Emosi gue.",2025-04-07T06:14:50.000Z,
twitter," Njirr aku baru kepikiran kak. What if Si mada vasektomi, bilangnya sih biar ngerasain apa yg jani rasain, jani terharu dan akhirnya jani beneran sayang dan...

 TUHANKU.... kerennn  kalian harus baca gais ini telenya. HAHAHA... #tellonym",2025-04-06T09:52:01.000Z,
twitter," Bisa pake kondom seumur hidup kenapa harus vasektomi
 Ngetik gini seolah-olah si sali sali itu demen pake pengaman (litereli dua2nya) #telloree",2025-03-29T14:34:00.000Z,
twitter,"update list perjanjian pra nikah:
-Nafkah lahir batin ga bleh skip
-Rutin couples therapy
-punya anak 0-2 aja
-anak udh 2 suami harus vasektomi
-ga boleh dukung rejim jahanam (updated)
-yg selingkuh atau melanggar perjanjian harus menyerahkan 80% harta",2025-03-17T23:57:22.000Z,
twitter,"benar, syarat vasektomi harus 2 anak dan umur 35++",2025-03-16T10:22:49.000Z,
twitter,"Bisa pake kb pil, tapi harus dipahami juga kalau kb pil minumnya harus setiap hari dan selalu di jam yang sama ga boleh telat atau kecepetan. Kalau suaminya mau, bisa vasektomi(ini aku ga paham karna mama ga pernah bahas, maaf ya)",2025-03-16T08:20:45.000Z,
twitter,"Kondom si nder, harus komitmen ya tapi. Atau klo mw lebih aman ya vasektomi  lebih praktis",2025-03-16T06:31:08.000Z,
twitter,"Kombinasi KB suami & istri sih. Suami kalo mau vasektomi mantap banget, kalo gak mau bisa kondom. Kalo istri nih yang harus bener2 periksa dulu ke spog. Soalnya efek kb ke badan cewek beda2. Jadi periksa dulu aja.
Kalo saya pribadi pake kombinasi kondom (suami) sama iud (istri).",2025-03-16T05:03:19.000Z,
twitter,"trs juga ya... ini kesal kali kenapa harus perempuan yang harus ""kb"" kalau ga mau punya anak kenapa ga lakik aja vasektomi njir ",2025-03-14T23:32:29.000Z,
twitter,setauku vasektomi tuh gabisa sembarang sih kak. persyaratannya kaya minimal harus udah punya berapa anak gitu,2025-03-13T21:26:06.000Z,
twitter,"cewek yg hamil, cewek yg ngelahirin, cewek yg rusak badan, blm harus kb jg KEK KENAPA HARUS CEWEK YG TANGGUNG SEMUA ITU semoga calon suami gw nanti setelah punya anak mau vasektomi jgn cwknya yg mesti kb",2025-03-11T15:11:37.000Z,
twitter,"Karena beli rumah ga sesederhana itu Kak. Harus ada dana nya, dan cadangan dana. Mereka kan kewajibannya ga cuman ke istri tp jg ke ortunya. 
Btw suamiku calon vasektomi, cuman belum dapat acc dr dokter.",2025-03-10T14:32:58.000Z,
twitter,"Ini ni yang harus diperhatikan ortu ketika ingin punya ANAK, lu gabisa tiba2 bawa2 kehendak Tuhan dan pasrah trus berharap sama anak lu yg lain buat nanggung akibat dari kelakuan lu sendiri, selama alat kontrasepsi dan vasektomi eksis maka lu bisa meminimalisir itu",2025-03-10T10:39:55.000Z,
twitter,"Mamanya udah hamil lagi, udahlah ga usah disalahin, lagian kenapa juga harus mamanya yang kb? Kenapa ga salahin bapaknya aja yang ga pake kondom? Kenapa ga suruh bapaknya vasektomi aja?",2025-03-10T10:19:30.000Z,
twitter,"Makanya gue sangat mendukung laki2 buat vasektomi, bahkan kalo itu suami gue pasti nanti bakal gue paksa dia harus mau. Bagus lu korbanin tuh laki lu drpd lu kebobolan trus akhirnya malah ngorbanin anak2 lu (terutama si sulung). Jahat banget asli ortu2 kayak gini https://x.com/csakkyv/status/csakkyv/status/1899012065299415516…",2025-03-10T10:02:49.000Z,
twitter,Kondom dan vasektomi exist kenapa harus beranak lagi sih  https://x.com/csakkyv/status/csakkyv/status/1899012065299415516…,2025-03-10T09:29:37.000Z,
twitter,"diem di rumah ngurus suami sama anak, mau ngewe sakit, pas hamil makin sakit, pas ngelahirin harus bertaruh nyawa, terus kebanyakan lelaki gamau vasektomi jadi wanita yang harus kb, udah ngelakuin segala hal eh diselingkuhin, pake baju apapun tetep aja dilecehin tapi yang",2025-03-08T15:12:15.000Z,
twitter,"1. Gw setuju krn ini sebenernya perlu 
2. Tp perlu dicari tahu juga penyebab umum perceraian apa, ekonomi misal
3. Syarat dispensasi usia nikah <19 harus di perketat lagi
4. KB, Vasektomi, dan Kondom perlu di normalisasi, spy gk ada yg kawin cuma krn kebobolan",2025-03-07T16:20:52.000Z,
twitter,"Benefit yg lu dapat jadi laki2 bajingan dari cewek 
Dapat free sex tanpa harus mengeluarkan mahar, mikirin biaya dream wedding, nafkah wajib, gak dituntut vasektomi, tidak terikat kewajiban setiap https://x.com/sbyfess/status/sbyfess/status/1897535154987454558…",2025-03-06T15:12:04.000Z,
twitter,"Sepertinya sosialisasinya harus lebih kenceng kek KB deh, soalnya di daerah gw istilah vasektomi di nakes aja masih tabu, apalgi org awam non nakes",2025-02-28T14:39:17.000Z,
twitter,"Liat perjuangan mengASIhi ditiktok, sampe demam dan kena mastitis... 
Perjuangan ibu berat sekalii, belum lagii harus KB.
Udah pada melek vasektomi ga ya :'""""''",2025-02-28T14:33:15.000Z,
twitter,"Diskursus soal ini sempet rame juga tahun kemarin deh, sampe ada mba yang kena tumor payudara dan harus operasi akibat KB jangka panjang.

Auto nyari info soal vasektomi dan turns out “boleh juga” setelah ngeliat proses serta plus minusnya.

Istriku nanti, aku aja yg KB.",2025-02-28T10:28:50.000Z,
twitter,"konteksnya masalah vasektomi kemaren.... kita cewe2 ngerasa kontrasepsi tuh hal yg lumrah terus knp mereka ngerasa kayak harga dirinya tercoreng... women have done that for decades menn. perempuan yg hamil, perempuan yg sakit pas&pasca melahirkan, knp u yg harus vasektomi gamau",2025-02-28T08:59:52.000Z,
twitter,"Iseng nanya temen cowok kira2 mau gak kalo nanti istrinya nawarin dia vasektomi....

""Tapi dia harus mau tubektomi saat itu juga. Fair.""

Well..............................",2025-02-28T07:30:31.000Z,
twitter,"numpang tanya dong, kalo vasektomi kan syaratnya harus ada 2 anak ya. kalian pasutri yg childfree pake kb apa dong selain vasektomi?",2025-02-28T07:24:11.000Z,
twitter,"Sebenernya pernah kayak nyelip2in di obrolan ringan gitu masalah KB ini, tp ya udah sambil lalu aja gitu. Trus semalem beneran yang ngobrol serius, ternyata suamiku concern jg sama IUD dan resikonya. Akhirnya dia mau vasektomi, setelah nanti masanya aku harus ganti IUD gitu",2025-02-28T06:38:42.000Z,
twitter,"Aku juga setuju!! Dan iya emg krn patriarki sebelumnya yg bikin seolah2,”masa laki2 yg harus berkorban?” 

Aku bahkan ga setuju kalau vasektomi harus punya 3 anak dulu. Krn itu hak setiap orang kan..",2025-02-28T03:55:56.000Z,
twitter,"aku sudah menikah dan anak 2,  gapake KB nder, kb cabut aja. jarak anak 1 dan 2 4 tahun. 
sekarang anak kedua udah 3 tahun Alhamdulillah aman..

tapi ada syaratnya kalo mau KB cabut, intinya ada di suami, minta kerjasamanya..  aku blg kalo dia gamau kerjasama harus vasektomi.",2025-02-28T03:01:18.000Z,
twitter,"Akhirnya gue udah ditahap ngomongin ini sama suami dan sama-sama sepakat : setelah nanti udah mau habis masa berlaku IUD gue dan harus ganti, dia yang vasektomi jadi gue bebas dari pakai KB apapun 

Alias dia yang KB ",2025-02-27T23:07:33.000Z,
twitter,"rentan. dan lagi ada internalized misogynist yg selalu bilang ""cewe harus KB"" dll tp ""nanti kalo vasektomi cowonya selingkuh"". jd tolong jgn nambahin beban cewe dengan join diskursus ini tp malah ngeluarin opini yg nyudutin perempuan itu sendiri",2025-02-27T22:49:34.000Z,
twitter,"Ih gw geram bgt sama ini anjay, seakan² semuanya harus cewe cewe cewe, cowo mau enaknya aja, padahal KB cowo juga ada kan, kalo gasanggup vasektomi ya minimal kondom lah, yaAllah jauhkanlah aku dari lelaki spt ini aamiin https://t.co/xvAOceZY5j",2025-02-27T15:53:42.000Z,
twitter,"nangiiiss bgt...... my future husband harus mau vasektomi yeee enak aja lu udh gue yg hamil & melahirkan (kalau diberi rezeki, 1 anak cukup) masa harus gue juga yg kb ",2025-02-27T14:04:21.000Z,
twitter,"Oh God, lagi-lagi wanita yang harus menanggung, kalo ada kesempatan bisa nikah pengen dapet suami yang mau vasektomi ",2025-02-27T03:53:06.000Z,
twitter,"USG untuk mengetahui letaknya pas atau tidak. 
IUD di aku aman2 aja. Kontrol dua bulan sekali utk ngecek posisi IUDnya. Selalu ditanyain ada keluhan atau tidak. Dan selama proses itu paksu harus ikut sih. Biar tau lah. 
Vasektomi masih dipikirin. Nanti mungkin.",2025-02-27T01:37:18.000Z,
twitter,"Vasektomi solusinya, lu bisa ngentot brutal tanpa kondom tanpa harus takut hamilin dia https://x.com/kikiadnankarim/kikiadnankarim/status/1894813901587652746…",2025-02-27T01:17:51.000Z,
twitter,"Steril kan ada syaratnya ya kak? Aku pinginnya punya anak 1, suami mau vasektomi tapi syaratnya harus anak 2 atau umurnya lebih dari 35th.",2025-02-27T00:52:56.000Z,
twitter,"Ya Yesusku….

Vasektomi yang dipikirin kalo bubar, nikah lagi, terus nambah anak lagi….. 

Kayanya syarat ga tertulis vasektomi tuh emg “harus berakal” deh. Kalo yg kaya gini mah kebiri aja langsung",2025-02-26T20:11:13.000Z,
twitter,Lagi rame vasektomi ya? Jalan terbaik sih. Harus dibahas sama doi sebelum nikah nanti eheeee..,2025-02-26T16:52:57.000Z,
twitter,Sepertinya harus di wajibkan untuk lelaki vasektomi deh. Soalnya resiko ny gak banyak Seperti perempuan,2025-02-26T16:51:31.000Z,
twitter,"Dari dulu gue bhs soal ini tp pasti jawabnya selalu yg namanya perempuan ya harus mau kb biar nggak banyak anak, yg laki laki mah mana bisa nahan. Pake kondom atau vasektomi tuh laki nggak bakal nyaman, dikira perempuan bakal nyaman kali ya, lu yg kepengen yg jd korban siapa",2025-02-26T16:39:13.000Z,
twitter,Ya opsi lainnya vasektomi. Resikonya rendah juga toh. Kenapa harus nunggu KB suntik bahkan KB pil jg buat laki?,2025-02-26T16:20:03.000Z,
twitter,pengen vasektomi sendiri. kalau aku melahirkan harus di rs terbaik. semisal aku ga bisa punya anak dia ga masalah. kalau ada di kondisi harus memilih selamatkan ibu atau bayi dia dg tegas jawab aku. ga masalah caesar atau normal yg penting kenyamananku. nyariin asuransi syariah,2025-02-26T16:12:54.000Z,
twitter,"alhamdulillah diberi suami yg sangat open minded soal ini, gamau aku kb karena bahaya buat akunya, pengen vasektomi tapi sayang harus punya anak dulu. akhirnya dia dg sangat sukarela kb kondom. punya suami yg punya kesadaran tinggi ttg kesehatan istri itu rezeki yg luar biasa.",2025-02-26T16:07:15.000Z,
twitter,"cewek cewek kata gw mah kalo mau nikah sm cowok mending pd bikin perjanjian cowoknya yg harus vasektomi, kalo dia nolak mending lgsg tinggalin.",2025-02-26T15:41:18.000Z,
twitter,"masi banyak teman teman perempuan dengan rajin jawabin cowok yang fafifu kb.

intinya mereka gamau vasektomi dan gak nyaman kondom. mereka mana ngerti diajak bahas alasan kompleks tetep harus birth control karna ekonomi, populasi, kondisi medis perempuan kalo hamil mulu.",2025-02-26T14:13:48.000Z,
twitter,"Lah anda lupa konteksnya sendernya ngomong kan KB ny gender , kemudian dia bilang laki kan bisa vasektomi dibanding istrinya harus minum pil kb, suntik.
Lalu saya ngomong itu ga apple to apple antara suntik minum pil KB dengan vasektomi . Its simple as that.
Tiba2 byk yg nyamber",2025-02-26T13:22:27.000Z,
twitter,dulu juga ada giring nidji yg mau vasektomi karena alasan yang sama kasihan istrinya yg udah hamil melahirkan harus kb lgi trus jdi bnyak komen ngejekin nanti gk bsa ngac*ng yada yada,2025-02-26T13:14:43.000Z,
twitter,"Inalillahi.. Sorry for hear this sender, lihatlah sulit dan berkorban banget jadi cewe, dia yg harus kb, dia yang harus hamil, dia yang harus melahirkan, dia yang harus menyusui, tapi yg cowo diminta pake kb vasektomi aja ngamuk, pakai kondom aja gak mau, sialan.",2025-02-26T13:11:43.000Z,
twitter,"dulu nenekku jg gini tau beb, udh lewat batas jadinya udh banyak daging n lemak nempel disitu. Jadinya harus operasi, untungnya gaada komplikasi apa2.

Emang paling oke tuh vasektomi udah.. gaada efek apa2 ke laki2, ga ganggu hormon jg, ga kayak kb ",2025-02-26T13:03:22.000Z,
twitter,"Haruuus, jan sampe kek aku nih harus nanggung resiko IUD
Suami disuruh vasektomi gamau, keknya emang masih mau nambah anak.
Akunya gamau nambah, maunya 1 aja",2025-02-26T12:31:24.000Z,
twitter,"makanya sebelum nikah harus ditanya si cowo klo kb harus vasektomi.. klo nolak, udh ikhlasin aja, msh ada cowo yg lbg baik",2025-02-26T12:26:46.000Z,
twitter,"Gak akan nikah kalo calon laki gak vasektomi, dan kayaknya gak pengen punya anak juga. Hidup aja nih tanpa harus kb, resiko sakit jantung aja tinggi",2025-02-26T12:21:26.000Z,
twitter,Setelah masuk jurusan kesehatan terutama kesmas dan banyak ngebahas tentang KB… kalau ak nantinya punya suami yang KB (vasektomi) harus dia masak udh gue yg ngelahirin anak gue juga yg rusak tubuhnya gara2 KB,2025-02-26T12:18:48.000Z,
twitter,"Nanti pas mau nikah gua harus ngasih syarat ini ke suami, dia yg vasektomi gua ga mau kb. Kalau ga mau ya berarti eue terus pake kondom‍",2025-02-26T12:13:06.000Z,
twitter,"mohon titik koordinatnya kak

pdhl histerektomi/operasi angkat rahim itu perlu sayatan perut yg lebar dan harus bius total. vasektomi mah bius lokal jg bisa, sayatan maksimal 1 cm, selesai tindakan bisa langsung pulang wkwkw cemen bgt ah, ada aja alibinya",2025-02-26T11:46:12.000Z,
twitter,"Cowok harus diginiin dulu baru ngerti vasektomi, inget ini bukan cuma cowo Indon doang, western men pun masih suka salah kaprah, ampun laki-laki masalah biologi masih banyak yang 0 https://x.com/noniksipit/sta/noniksipit/status/1894257859275493577…",2025-02-26T08:16:21.000Z,
twitter,gwa harus mencari suami yang mau vasektomi disaat udah punya anak cukup,2025-02-26T07:39:06.000Z,
twitter,"hamil, menyusui, nyari uang, saya tidak melarang vasektomi tetapi poin saya adalah suami istri yang punya banyak anak memang harus KB dikarenakan biaya hidup. tetapi keputusan harus matang di karenakan wanita dan pria punya resiko untuk KB.",2025-02-26T07:37:40.000Z,
twitter,"Ibu gw kena kanker mulut rahim krn kb nya

Ayah gw akhirnya disarankan vasektomi, dan tetap nolak bahkan setelah ibu gw kena kanker

Now...gw punya 3 org adik yg harus dibiayai, perkara bp gw gk mw vasektomi

THE PROBLEM IS MEN",2025-02-26T05:54:47.000Z,
twitter,pas ada bahasan vasektomi aku langsung keinget ayah si duta vasektomi banyak laki laki yang harus diedukasi sama ayah wkwkwk,2025-02-26T05:06:58.000Z,
twitter,Lu liat dah ampe harus dijelasin sebablas ini buat bikin cowok ngerti vasektomi tuh gimana aowkaowk https://x.com/noniksipit/sta/noniksipit/status/1894257859275493577…,2025-02-26T04:49:17.000Z,
twitter,gue bersyukur bgt punya laki pinter. dia ngerti vasektomi & kebiri itu 2 hal yg berbeda + dia bersedia klo emg dia yg harus di vasektomi. puji Tuhan puji Tuhan… msh dapet laki waras diantara banyak yg ga waras,2025-02-26T04:34:40.000Z,
twitter,"Lagian liat Rep kakaknya vasektomi bnyk syaratnya jg, salah satunya lu harus udh punya anak > otomatis udh nikah lama dong, kalo pun ujungnya tu laki slengki ya berarti salah dia, bukan salah lu sbg istri yg pengen suami vasektomi.

Beda urusan lg itu",2025-02-26T03:03:00.000Z,
twitter,"Vasektomi itu cuma insisi skrotum 1-2 cm, Mas. No-Scalpel Vasectomy malah 3-5 mm. Meanwhile istrimu ada kemungkinan caesar yang harus dibelek lebar berlapis-lapis. Lahiran per vaginam pun bakal ada resiko robekan atau bahkan episiotomi perineum yang sifatnya intentional.",2025-02-26T02:38:07.000Z,
twitter,"If i ever get forced to marry someone, pokokna dia harus lulus pad aku tanya pendapat tentang vasektomi",2025-02-26T02:31:40.000Z,
twitter,yauda intinya dia harus vasektomi dong,2025-02-26T02:26:24.000Z,
twitter,trus knp harus cewe yg pake kb knp cowok2 gak di sosialisasikan vasektomi jg bruh https://x.com/noniksipit/sta/noniksipit/status/1894257859275493577…,2025-02-25T23:30:44.000Z,
twitter,"Katanya belajar, dikasitau kok ngeyel.
Normally, resiko vasektomi lbh kecil dibanding struggle yg dialami wanita ketika beban kontrasepsi ada di perempuan. Normally, hormonal itu life disrupting, iud sakit & berulang, tubektomi harus belah perut 7 layer.",2025-02-25T23:07:36.000Z,
twitter,"Sebelumnya km harus baca dulu, prosedur vasektomi itu bagaimana. Jadi bukan berlandaskan ""menurut saya""",2025-02-25T19:58:25.000Z,
twitter,"Vasektomi tuh bener bener game changer sih, gausah ribet pake caps, cewenya ga harus kontrasepsi, tapi bisa bebass",2025-02-25T18:51:03.000Z,
twitter,Sayangnya vasektomi harus anak 2 dulu  https://x.com/noniksipit/sta/noniksipit/status/1894257859275493577…,2025-02-25T14:15:24.000Z,
twitter,"bre, yg mau vasektomi pun syaratnya harus berkeluarga dan punya anak minimal 2 dengan umur +- 5 tahun (cmiiw) lo  https://x.com/Namecannotbeco/status/1894377692948246726…",2025-02-25T13:49:49.000Z,
twitter,"dikotaku vasektomi gratis, dikasih tau pas penyuluhan KB di kecamatan, jd kalau mau vasek harus ada persetujuan suami istri dan beberapa pemeriksaan, jd ada RS rujukan sendiri untuk yg gratis ini",2025-02-25T11:43:42.000Z,
twitter,Memang benar vasektomi adalah kontrasepsi tetapi resikonya sama seperti wanita. Jadi kalau kita ngomongin soal pernikahan suami istri harus ada yang mengalah. Kalau seks bebas takut hamil lebih baik jangan.,2025-02-25T11:03:36.000Z,
twitter,Iya vasektomi tu bahaya. Ttd lu klo dipotong lgsg yg ga bahaya. Trs mksdnya semua2 harus cewe???!!! Dikira kb ga bahaya??!! Ga lulus smp kon iki,2025-02-25T10:54:45.000Z,
twitter,"gue laki , dukung dan siap buat vasektomi. menurut gue untuk satu ini si suami yg harus ngalah krn bunting lalau melahirkan sudah ditanggung istri sakitnya tp syaratnya harus min 2 anak, gue maunya satu doang pdhal",2025-02-25T10:41:10.000Z,
twitter,"gue tiap lihat kakak gue kesakitan habis pasang kb sedih, dia udah melahirkan kenapa dia harus menderita rasa sakit untuk kb. gue udah saranin buat suaminya vasektomi aja, suaminya gak mau banyak alasan pas disuruh beli kondom alasan malu. pengen gue lempar batu bata dikepalanya",2025-02-25T10:25:33.000Z,
twitter,"""Sakit mens aja lebay""
""Darah mens tuh ditahan, jgn sampai tembus""
""Lahiran gak boleh sc, harus normal""

Paling heran sama cowok yg sok tau bahkan sampai ngatur urusan tubuh perempuan. Padahal urusan tubuh mereka sendiri aja gak paham.

""Vasektomi bahaya karna gak bisa crot""  https://x.com/noniksipit/sta/noniksipit/status/1893906792582681062…",2025-02-25T09:59:56.000Z,
twitter,vasektomi sebagai lelaki bukan keputusan ringan cuy... sama seperti wanita kalau mau IUD dkk. pasti salah satu harus mengalah dan ini adalah maksud saya. kalau GUA GUA GUA ya cerai dah lama lama.,2025-02-25T09:54:24.000Z,
twitter,Apa seks bebas harus vasektomi dulu?,2025-02-25T09:43:03.000Z,
twitter,"Kayanya guru ipa mulai smp harus nerangin vasektomi juga deh biar kerjaan dokter gak terlalu berat, bodo amat itu anak smp dicekokin ilmu vasektomi daripada gedenya begini",2025-02-25T09:26:53.000Z,
twitter,"Gini ya Tojay, vasektomi cuma op 30 menit udah skortum kanan kiri. Sedangkan perempuan yg paydr nya harus diangkat akibat KB hormonal butuh 2 jam op untuk SEBELAH doang. Baru tau ya?",2025-02-25T08:56:58.000Z,
twitter,"1. Lo mikir kayak gini karena kemakan miskonsepsi klo laki harus masturbate atau ngews supaya spermanya keluar, karena klo gak bahaya ya?
2. Klo udah vasektomi, spermanya bakal direabsorpsi atau diserap kembali sama tubuh lo. Tubuh lo emang punya kemampuan kayak gitu. Jadi aman",2025-02-24T16:55:34.000Z,
twitter,"meledug biji lu bang. konon prabowo jadi monokotil gara2 forced vasectomy sama fretilin, makanya beliau jadi omeganya jokowi sekarang. pokonya kalo udh vasektomi setiap habis ngecrot harus pasang timer 12 jam buat nguras sperma di biji lu. sayangi bijimu ngecrot 2 kali sehari!",2025-02-24T16:52:55.000Z,
twitter,"Apapun itu, mau melakukan vasektomi, apalagi sudah berumah tangga, dikatakan harus penuh concern dan perhitungan.",2025-02-24T12:22:46.000Z,
twitter,Gimanapun keluarga ya jgn lepas tangan namanya kita ama orang ga dikenal aja punya empati masa sm sedatah bomatan? Suami dia HARUS ikut pindah ke rumah kalian biar ikut tanggung jawab. Pasti mau gamau dia ikut bantuin dlm hal apapun. Suruh lakinya vasektomi jgn beranak.,2025-02-24T09:11:00.000Z,
twitter,"Nurul harus vasektomi 

CHILL TIME WITH DUNK
#ITSSKINxDunkNatachai",2025-02-22T09:00:33.000Z,
twitter,"Kayanya saya harus jadi aktor bokep jepang, tapi harus vasektomi ya",2025-02-18T10:45:12.000Z,
twitter,btw syarat vasektomi anaknya harus 2 dan minimal 35thn. jd ga bisaaa yg blm/cm punya anak 1 buat nunda punya anak ,2025-02-09T13:29:55.000Z,
twitter,"Iya gapapa. Pendapat saya jg begini. Karena urusan celup sana-sini ini ga perlu harus vasektomi jg. Kalo udah menikah masih mikir risiko seperti itu, saya rasa sih belum siap u/ menikah. Malah bisa2 setiap saat akan hidup dalam kecurigaan dengan pasangan ",2025-02-09T04:51:19.000Z,
twitter,Lah dikira cewek2 yg harus kehilangan pd karena kena kanker bukan merubah juga? Sementara vasektomi pun ada yg bisa reverse juga. Udh jelas padahal banyakan mudharatnya yg mana,2025-02-09T01:12:28.000Z,
twitter,"Kalo mau KB udah paling bener lakinya yang KB. Perempuan mengandung 9 bulan, melahirkan taruhan nyawa, mesti harus pake kb dengan segala efek buat fisik/hormon dan ada kemungkinan bocor, YANG PALING BENER LAKINYA YANG VASEKTOMI.",2025-02-08T17:19:05.000Z,
twitter,vasektomi tu yg kalo misal mau punya keturunan lagi harus ad operasi penyambungan lagi gaksi kak?,2025-02-08T06:36:20.000Z,
twitter,Vasektomi harus digaungkan. Gausah nikah lah kalo orientasinya perempuan cuma jadi pabrik anak,2025-02-07T17:05:18.000Z,
twitter,"besok2 klo gw pake iud, laki gw jg harus vasektomi biar bisa krimpia sepuasnya",2025-02-07T08:41:07.000Z,
twitter,"ril yg gw tau jg gini, gaboleh ngerusak tubuh. tapi sadly jd gaboleh jg donor atau ngelakuin vasektomi utk kontrasepsi. 

tapi imo kasus modern gini perlu pendekatan fikh yg berbeda, krn hukum2nya gabakal ada di kitab tradi kan. harus ijtihad lg soalnya kalo diliat dr 5 kaidah -",2025-02-05T15:54:25.000Z,
twitter,mereka harus di vasektomi,2025-01-29T16:40:26.000Z,
twitter,"6. Vasektomi Setelah Cuti Ayah
Aku sama istriku punya anak di usia yang udah nggak muda lagi dan kita sepakat cuma mau punya satu anak, jadi aku mau vasektomi. Di tempat tinggalku, harus ada rujukan dokter dulu.
Kebetulan, jadwal buat dapetin rujukan itu pas sama minggu pertama",2025-01-29T09:49:14.000Z,
twitter,"Knp harus vasektomi?
Sbg laki2, dirimu ga perlu bawa beban selama 9 bln, ngerasain perubahan2 hormon yg luar biasa sp pasca melahirkan, badan dibajak, manusia hidup yg bergantung penuh pd dirimu, tdk terlindung, terayomi oleh penegak hukum Negara",2025-01-24T13:18:20.000Z,
twitter,"Dok debat mcm isu vasektomi la..Mufti Malaysia kta Haram, kita ikut je dan bila mufti kluar ftwa IB hukum harus nk kta mufti slh pulak..we are in Malaysia dan 'uruf  x sma dgn tmpt lain n further more, kita org awam shj.Hukum harus je, nk buat loan buat, xnk buat smpn lah duit.",2025-01-23T15:42:20.000Z,
twitter,harus yg mau vasektomi,2025-01-18T06:26:36.000Z,
twitter,"ya cowonya harus tanggung jawab lah. wajib pake kondom, vasektomi, dll. sayangnya cowo banyakan bajingan. harusnya cowo nya dipenjarain karna pelecehan pertama, cewenya refleksi kno udh dilecehin masih mau barengan. kl takut revenge porn, mending disebar sekali drpd gini jadinya",2025-01-15T10:37:30.000Z,
twitter,"Vasektomi syaratnya umur 35+ udah punya anak 2 gitu aja kayanya
Tapi yg susah nyadarin laki²
Ga banyak laki melek soal vasektomi
Ini nakes harus lebih gencar harusnya edukasi laki²",2025-01-15T02:20:20.000Z,
twitter,"Betul, setuju!!

Syarat calon suamiku nanti: Harus mau vasektomi!
Enak aja aku dah hamil, melahirkan, menyusui. Masa harus mau pakai KB lagi?? ",2025-01-10T02:49:46.000Z,
twitter,"KB ga harus perempuan, bsa juga laki2. Entah pake pengaman dll. Utk vasektomi krn msih byk pro kontra, aku&suami blm bhas lgi. Aku pake IUD yg bsa sampe 10 thn. Udh 3 thn&aman2 aja, ga ada gangguan kenyamanan. Aku jg rajin kontrol.",2025-01-09T23:08:51.000Z,
twitter,Yg enak itu bapak lu 9 bulan sebelum lu lahir ngecrot ke dalem emak lu. Padahal kalo tahan dikit vasektomi omongan tolol gini ga harus kebaca sama mata gua https://x.com/djnx_eo/status/djnx_eo/status/1876950791887466765…,2025-01-09T06:09:33.000Z,
twitter,ni komenan pada ngeluh make KB emang sblm nikah ga diomongin ama pasangan dulu?? enak bener cowo cuma ngerasain ngewenya giliran kb harus cewe yg nanggung. suami lo tuh suruh vasektomi,2025-01-09T04:52:18.000Z,
twitter,Enakan vasektomi padahal. Lebih praktis dan istri nya ga harus nelen bahan kimia mulu,2025-01-09T02:43:48.000Z,
twitter,mkanya penanganan kalau orang ga cocok sama semua jenis kb itu ada lagi seperti tubektomi (pemotongan saluran tuba falopi) ini harus persetujuan suami-istri atau untk suami namanya vasektomi (2 hal ini hrs dokter penanganannya). dibaca ya mba biar tmbh pintar,2025-01-08T23:11:43.000Z,
twitter,"-misoginis
-percaya bumi datar
-penggemar nazi dan adolf hitler
-antivaksin
-gak percaya ilmu science dan kedokteran
-percaya mitos dan terlalu bermindset tradisional
-Percaya perempuan manusia kelas 2 dan inferior
-Jumlah anak harus sesuai kemauan dia
-anti KB dan vasektomi",2025-01-04T11:14:12.000Z,
twitter,"Kes birth control pun jadi isu ke?

Dah agama kata vasektomi haram, masih ade cara lain. Kondom ada, buang diluar pun ada.

Tapi kalau nanti, tiba2 hukum vasektomi ubah jadi makruh or harus, then go for it right?",2025-01-02T01:04:10.000Z,
twitter,"Wait, bukannya kita punya yang namanya vasektomi buat cowo? Emangnya harus banget cewe yang KB? Kan cowo juga bisa?",2024-12-28T10:43:24.000Z,
twitter,"prosedur (ex. KB hormon itu salah satu faktor risiko kanker, vasektomi dan IUD harus melalui prosedur tertentu dan termasuk KB jangka panjang jd kalo mau hamil ya harus melalui prosedur pelepasan ‘alat’ itu lagi). kondom adalah KB paling gampang",2024-12-28T07:48:45.000Z,
twitter,"Bukan rumor tapi emang banyak kasus kb buat perempuan yang gak ternyata bahaya buat tubuh, pun kalo mau vasektomi pasti harus lewat masa diskusi panjang sama suami, sama dokter (yg biasanya suka bilang 'masih muda pak/bu' 'tambah anak lagi dulu aja baru vasektomi' dll",2024-12-28T02:00:38.000Z,
twitter,"Tabu apanya asu. Gw udh nikah, sering beli kondom di Alfa. Tabu??
Knp harus malu??? Knp harus pake delivery service?? Gw dan istri memutuskan untuk pny 1 anak. Gw dah bilang ke istri buat vasektomi, tp kata istri jgn, krn dia khawatir gw knp2. Terus gw beli kondom itu tabu???",2024-12-27T10:35:23.000Z,
twitter,Nder lu kalau pengen bener2 childfree steril dulu. Dua2nya harus. khususnya suami lu harus vasektomi. Soalnya sel sperma kalau sampe ke sel telur jadinya bayi nder. Bukan duit ,2024-12-26T11:27:58.000Z,
twitter,suamiku harus mau vasektomi,2024-12-26T05:29:48.000Z,
twitter,Vasektomi dong. Bisa creampie sepuasnya. Btw ya harus cari pasangan yg sesuai visi misi. Kalo lo childfree tp maksa hubungan sama yg pengen punya anak ya sulit wkwwk,2024-12-24T17:12:47.000Z,
twitter,"Vasektomi bisa di-undo, suntik kb harus rutin bbrp bulan sekali. Ga permanen kok itu",2024-12-24T17:05:43.000Z,
twitter,"Kenapa harus vasektomi atau suntik kb? Itu kan kek bener2 absolut gak sih childfreenya? Imo usia muda mending pke pengaman aja takut2 nih tiba2 berubah pikiran mau punya anak, jadi makin ruwet.",2024-12-24T12:05:25.000Z,
twitter,Sebenernya yg ditekankan kb jg cuma istri sih. Suaminya juga. Udah tau libido tinggi harusnya vasektomi biar ga ternak anak kaya gitu. Sadar diri pendapatannya sulit untuk menghidupi anak segitu banyaknya. Percaya rezeki udah ada yg ngatur itu boleh tapi ttp harus realistis ,2024-12-22T13:07:00.000Z,
twitter,"Ada yang membahas vasektomi, jadi keingat mutual X yang mau dinikahi tapi syarat langsung melakukan itu, atau paling tidak perjanjian dulu saat first atau seterusnya HS kudu keluar diluar atau harus memakai kondom.",2024-12-19T05:07:43.000Z,
twitter,"Nitip pertamyaan wi…
Suaminya pake KB metode apa y?

Serius tanya soalnya cuma tahu vasektomi.
Itu jg KB buat cowo yg permanen.
Ada sih metode vasektomi yg cuma diiket / dilepet saluran spermanya tp ribet aja klo mau punya anak kan harus buka iketan.",2024-12-06T05:16:25.000Z,
twitter,"""Makanya KB banyak anak lu sendiri kan yang bingung"" - udah kb kok tapi kebobolan  makanya eza harus vasektomi kalau mau tetap teraratur hs nya tanpa takut punya anak lagi  tapi yaa gitu kebobolan lagi  #noaheza",2024-11-26T04:05:20.000Z,
twitter,"wkwkw ril, ini jg alasan knp bnyk cowo koar"" gamau vasektomi tp cewe klo tubektomi fine"" aja. pemikiran cewe klo udh pny anak ya udh fokus urus anak, bahkan rela ngubur mimpi. sedangkan cowo cm takut klo nanti gaada yg ngurus dia, harus selalu terlihat macho krn bs menghamili dll",2024-11-25T10:09:40.000Z,
twitter,Vasektomi memang harus digaungkan seperti KB,2024-11-25T08:24:48.000Z,
twitter,"Gaji 300ribu
Punya bini dua anak 14 biji.
Skrg masih tanya kenapa vasektomi adalah cara yang HARUS SANGAT dipertimbangkan?
Laki laki tolol cuma tau ngentot gatau nafkahi istri anak harus dipotong tititnya.",2024-11-23T04:13:33.000Z,
twitter,"Mami cerita beratnya jadi perempuan. Dari sakit haid tiap bulan, mual2 pas hamil, melahirkan, ngasih ASI, ngurus bayi, belum lagi perempuan yang masih harus pasang KB (iritasi, hormon, BB naik) kalau suami gak mau vasektomi.",2024-11-22T11:55:37.000Z,
twitter,"Mitos Vasektomi yang Harus Dipatahkan

> ""Vasektomi tuh sakit!"" Nope, ini KB permanen yang lebih mirip sunat aja.

> ""Nanti libido gue gimana?"" Vasektomi nggak ngubah hormon atau gairah seksual.

> ""Indonesia bakal depopulasi."" Hah  Indonesia punya 319 juta orang! Santai aja,",2024-11-18T08:03:04.000Z,
twitter,"HALO! Hari vasektomi sedunia diperingati setiap Jumat ketiga bulan November. Lho, kenapa bikin threadnya hari ini? Yaudah lah…

Fokusnya adalah laki-laki boleh (dan harus!) ikut andil dalam urusan kontrasepsi. Ini udah bukan cuma tugas perempuan!",2024-11-18T08:03:02.000Z,
twitter,"Pokonya bagi cowo, cewe tuh harus selalu sesuai apa yg ada di kepala mereka aja. Nantang cewe buat ngasih penjelasan, tp tetep ga terima pas udah dijelasin. Mereka teriak my body my choice tuh pas bahasan vasektomi doang, giliran cewe yg ngomong pada marah",2024-11-15T09:31:30.000Z,
twitter,"Kapan hari gw sempet ngobrol soal kb bareng ibu gw sama budhe gw
Gw bilang gw pengennya suami gw nanti yang vasektomi (walau aslinya gw gamau nikah, gw harus ikutan pembahasan ini wrwrwr)
Terus dibilangin ""ya kalau vasektomi, pas selingkuh gak ketauan dong""",2024-11-13T09:24:09.000Z,
twitter,"Mau HS tiap hari atau setahun sekali kek, tetep harus vasektomi biar beliau gak hamil lagi
Soal hukum agama taat sama suami, itu ada syaratnya dan ketentuannya

Jelek banget literasinya ",2024-10-24T08:24:59.000Z,
twitter,"even di hubungan seperti pernikahan pun ketubuhan perempuan sering bukan miliknya lg, seperti byk ibu-ibu yang berKB sembunyi2 kl terang2an harus izin suami (misalnya suami konservatif yg menganut doktrin ga boleh membatasi keturunan), tp laki2 diminta vasektomi jg ga mau.",2024-10-24T06:57:40.000Z,
twitter,Jahat bgt reply nya malah pada ngelecehin mbaknya padahal suaminya vasektomi krnriwayat kehamilannya jelek bahkan anaknya meninggal. Kata2 mbaknya pas quote twit emg bitter karena twit sebelumnya juga bitter loh. Blg istri yg minta suami vasektomi harus dipulangin ke rmh ortu ,2024-10-24T02:54:48.000Z,
twitter,"yaudah dah vasektomi aja, jgn apa apa yg di suruh cewe dah bang, dikira kb enak apa? udh yg melahirkan cewe, kelar melahirkan harus pakai apa si yg bola bola buat balikin elastisitas miss v, trus byk perawatan buat miss v biar paksu seneng lagi, melahirkan belum tentu lancar jaya",2024-10-23T17:44:02.000Z,
twitter,"KB banyak kekurangannya utk istri dan suami. Pernah psg spiral malah luka2 di otong itu jadi makanan sehari-hari. Kalau dipotong ujungnya, istri akan sakit ketika harus diganti. 

Iya vasektomi aman dan lebih mudah dibanding sterilisasi wanita.

Kalau smua ga mau ya gambling aja.",2024-10-23T08:09:20.000Z,
twitter,"Threads yang berkaitan dengan vasektomi: 
https://x.com/hasyimmah/status/1809026157440082040?t=BbhYc6NKJ7bdt8Kumxi8_A&s=19…

Jadi, trauma istri gabisa disalahin juga. Harus diobati, bantu dia buat ke psikiater pernikahan, obati traumanya. Jangan egois hanya satu sisi doang. 
Yang ga ada uang buru2 ke bpjs buat handle biaya +",2024-10-23T01:34:09.000Z,
twitter,"dipikirin juga.. 
Udah bagus mau vasektomi, gamau selingkuh, tinggal bicarakan semua in private, bawa ke psikolog pernikahan. 

Selama medical treatment, istri juga harus disayang, dihargai karena sudah ngurus anak2 nya, dan isi penuh lagi kasih sayang ke hatinya dia. +",2024-10-23T01:29:00.000Z,
twitter,"ngapain sedih kalo emang udah niat vasektomi anjer??? dikira yang harus ngurusin biar nggak kebobolan cuma cewek kah?? KOCAK 
vasektomi bukan berarti ur dick dipangkas ya jancok",2024-10-23T00:48:25.000Z,
twitter,"then do it.
coba jabarkan trauma yg dialami istri lu sampai gamau punya anak lagi? atau job dia dirumah mengurus anak gimana? stress ga?
lagian gak selingkuh itu suatu keharusan, bukan pencapaian yang harus dibanggakan. apa ruginya vasektomi? ga ada, bahkan bisa disambungin lagi",2024-10-22T15:38:53.000Z,
twitter,"Inti masalahnya si istri trauma hamil, emang harus konsultasi sama jalannya si suaminya vasektomi wkwkw",2024-10-22T09:23:05.000Z,
twitter,"KB itu bikin hormon perempuan berantakan. Bini lo udah rusak badannya karna hamil dan melahirkan, kenapa ga lo aja yg vasektomi kalo emang ga mau lg punya anak? Masa perempuan terus yg harus ngorbanin badannya?",2024-10-02T05:29:06.000Z,
twitter,"Soalnya, bisa saja masih ada sisa sperma di vas deferens. 

Setelah bersih, seorang pria bisa langsung bersetubuh tanpa harus khawatir membuahi rekan wanitanya.

Lantas, apakah vasektomi berarti penis tidak bisa lagi berdiri atau ejakulasi? Masih bisa!",2024-10-01T09:54:07.000Z,
twitter,"Apabila orang yang melakukan vasektomi kemudian terus nyeri dengan janggal, bengkak di testis, dan pendarahan, orang tersebut harus segera langsung kontrol ke dokter.

Setelahnya, dokter akan menjadwalkan kontrol rutin. Orang tersebut pun dilarang seks tanpa kontrasepsi dulu.",2024-10-01T09:54:06.000Z,
twitter,"Rencana gw nnti klw udh nikah punya anak 1 atau 2 habis itu gw vasektomi, clear, karna kb menurut gw tuh GK bagus buat cewe emang sih cocok cocokan tapi GK harus punya pengorbanan sih.",2024-09-30T16:20:13.000Z,
twitter,Oke klo pengen dilayani tanpa istri bisa bantah. Berarti suaminya harus di vasektomi,2024-09-30T10:16:46.000Z,
twitter,Itu lakinya harus diculik trus di vasektomi dah. Kalo gak diberantas tar merajalela.,2024-09-30T07:35:37.000Z,
twitter,tidak ejakulasi di dalam ≠ vasektomi  perandaian yang kenapa harus ke sterilisasi??,2024-09-28T18:05:52.000Z,
twitter,"Kenikmatan sex karena pake kondom.

Kira"" kalau cuma modal kb kalender, gimana? Padahal perempuan juga ada batas untuk melahirkan buat tetep sehat.

Vasektomi, sama kondisinya dengan perempuan harus angkat rahim.

""Nanti kalau cerai, apa masih banyak yg mau nerima perempuannya?""",2024-09-28T16:52:51.000Z,
twitter,"Lah, kau fikir vasektomi bebas dilakukan. ? Ada persyaratan yang harus di penuhi.",2024-09-28T16:34:30.000Z,
twitter,harus punya 2 anak dlu mgkn karna program pemerintah yang keluarga berencana jadi anaknya harus 2 dlu baru boleh vasektomi gtu kali yaaa,2024-09-28T11:50:25.000Z,
twitter,"Liberalis x feminis penganut free sex mana senang hamil dan melahirkan, maunya zina aja terus tanpa harus hamil apalagi melahirkan.

Makanya gembar-gembor vasektomi biar bisa zina sampe dajjal turun.",2024-09-28T11:46:49.000Z,
twitter,Lah kan ga harus vasektomi,2024-09-28T09:47:13.000Z,
twitter,"eh tapi di indo bolehkah vasektomi dengan alasan mau childfree doang? gaada alasan kesehatan dll gitu

soalnya katanya harus punya anak minimal 2 dulu(?) kalo mau vasektomi?

nanya soalnya ada kepikiran mau",2024-09-28T09:18:38.000Z,
twitter,"eh tapi di indo bolehkah vasektomi dengan alasan mau childfree doang? gaada alasan kesehatan dll gitu

soalnya katanya harus punya anak minimal 2 dulu(?) kalo mau vasektomi?

nanya soalnya ada kepikiran mau",2024-09-28T09:18:38.000Z,
twitter,"Ada obstacle yg sulit ditembus ttg vasektomi,
Yaitu izinnya susah. Pasutri sudah oke, tp dokter menolak. Masa harus potong sendiri https://x.com/anonjawa/statu/anonjawa/status/1839672581622038870…",2024-09-28T08:11:55.000Z,
twitter,"Kalau mau childfree hrusnya cowok vasektomi, cewek steril, kalau mau nikah harus jujur sama pasangan bilang ingin childfree dan sudah mandul... Jadi tdk mungkin punya anak dititip ke nenek. Kalau se visi pasti dapat pasangan, kalau tdk ya mau gmana, jomlo gpp kan yang penting cf.",2024-09-28T07:20:33.000Z,
twitter,Dr semua alasan kenapa gak ada pemikiran kl nikah tuh harus dipertahanin sampe mati?? Persoalan vasektomi yg pd dasarnya itu PASTI dari keputusan suami-istri dibacotin segininya?,2024-09-28T04:36:53.000Z,
twitter,"Lha makanya gak usah terlalu nguber laki2 harus vasektomi. Pilihan berKB itu banyak, bisa dipilih tergantung keadaan. Laki2 mau berKB saja sudah bagus. Memperbolehkan istri berKB lumayan. Maksa istri KB atau malah larang berKB padahal anak gak kerawat itu baru kurang ajar",2024-09-27T14:59:53.000Z,
twitter,"Bagi kepercayaan tertentu vasektomi dilarang. Gak semua org kan harus punya pikiran, kepercayaan, ego dan idealisme kayak km dan pasanganmu.",2024-09-27T14:56:01.000Z,
twitter,"Ya kalau memang calon istri barunya bener² cinta dan tulus ngga masalah mau udah vasektomi atau (maaf) mandul dari lahir. Kan harus mau menerima kurang lebih dan apa adanya. Seriusan emang belum apa² udah mikir cerai?Pertanyaanmu aneh, cuma cari pembenaran dan pembelaan doang.",2024-09-27T03:47:52.000Z,
twitter,"""Lagian vasektomi aja loh, itupun masa wanita yg harus turun tangan"" ya hak laki2nya lahhh mau vasek atau ga kok situ maksaaa.  ga  maksa bgitupun cwe mau kb/gak trsrh",2024-09-27T02:58:03.000Z,
twitter,Ada aja sih kenapa harus perumpamaan habis vasektomi cerai trus nikah lagi sih bingungku heran,2024-09-26T23:59:46.000Z,
twitter,"Loh itu bukan trauma wkwk itu realita biar orang-orang tuh bisa mikir kalau hamil dan melahirkan itu engga gampang. Makanya perlu dikontrol, salah satunya dengan vasektomi. Pake kb aja kadang jebol apalagi engga. Lagian vasektomi aja loh, itupun masa wanita yg harus turun tangan.",2024-09-26T19:42:32.000Z,
twitter,"Yup.. but i never hate vasectomy..

Baca deh konteks keseluruhannya..
Saya hanya warn, bahwa keputusan vasektomi harus dipikirkan secara matang sebelum melakukan..

Karna based on tulisan di essay RSUI yg mereferensi 2 jurnal tsb, proses vasectomy reversal tidak 100% success..",2024-09-26T16:09:44.000Z,
twitter,Lu pada aware gk sih kalo vasektomi itu bisa operasi reverse alias saluran sperma dan mani bisa disambungkan kembali?  Dan btw menikah lgi itu nggak harus punya anak lgi.,2024-09-26T15:29:47.000Z,
twitter,"Coba dibaca lagi.. ada gak statement saya yg bilang against vasectomy?

Statement saya adalah, vasektomi harus dipikirkan secara matang..
Dampak jangka panjang ada banyak.. gitu 

Karna vasektomi kemungkinan besar permanen, ada proses ngembaliin, tp success rate gak 100%.. ",2024-09-26T15:19:22.000Z,
twitter,"Gak semua perempuan kebahagiaannya harus punya anak mas 
Ada banyak org yg stress pny anak, baby blues. Jadi menurutku klo emang vasektomi lalu cerai & tdk bs nikah lagi, gak juga sih.",2024-09-26T09:15:00.000Z,
twitter,"https://rs.ui.ac.id/umum/berita-artikel/artikel-populer/vasektomi-membongkar-fakta-dan-memecahkan-mitos-untuk-keputusan-kontrasepsi-yang-bijak…

Maaf kak, wawasan saya sebatas sini..
Makanya saya tidak menentang vasektomi, tapi harus dengan keputusan yg benar² matang jangka panjang..",2024-09-26T08:32:19.000Z,
twitter,"So, keputusan vasektomi gak semudah, ""biar bisa crot di dalem sepuasnya""..
Banyak faktor² jangka panjang yg menurut saya harus dipikirkan..

Buat para pria jg gak ada salahnya pake kondom, atau azl.. klo sayang keluarga, yg penting itu kualitas bukan kuantitas..",2024-09-26T08:09:16.000Z,
twitter,"Saya tau ada yg gratis, tapi kan tidak semua gratis. Kondom dibagikan gratis tinggal datang ke posyandu. Kalo vasektomi harus ke RS biasanya dan gak semua org punya akses yg murah buat ke RS.",2024-09-26T06:54:21.000Z,
twitter,Ya bisa aja wkwkwk ga harus vasektomi untuk pencegahan,2024-09-25T13:10:59.000Z,
twitter,"Kenapa harus menyalahkan orang lain?
Jika diri kita gk mampu mengurus anak sebaiknya instrospeksi apa yang kurang dan apa yang mesti diperbaiki.

Ilmu kedokteran khususnya vasektomi tujuan utamanya apa?
Faktor ekonomi atau faktor kesehatan?",2024-09-24T11:48:27.000Z,
twitter,"tpi di BKKBN Jatim, Kediri apa ya, bisa Vasektomi gratis
cm ya ada syaratnya, minimal udh punya anak 2 kayanya
mungkin harus dioptimalkan lagi masalah ini(??)",2024-09-24T08:13:21.000Z,
twitter,"Mending vasektomi dong, ada yang susah kenapa harus gampang wkwkwk",2024-09-24T07:44:30.000Z,
twitter,"pengaturan bahasa seseorang memang berbeda. Kadang bikin miss persepsi. Dia hanya bilang cowo cewe, bukan berarti pasangan. Jd bukan berarti cowo vasektomi lalu pasangannya nya juga harus KB ",2024-09-24T02:06:19.000Z,
twitter,"Post 1 lagi ya. Agak panjang.
Utk LGBT ini, sebenernya gak masalah klo gak setuju. Namanya orang, ya punya standar hidupnya sendiri.

Tp, argumentasinya harus dibedain, antara ilmu pengetahuan dan ilmu agama. Krn dua ini bisa gak selaras.

Contoh: KPR, imunisasi, vasektomi - 1/?",2024-09-23T15:22:46.000Z,
twitter,Halal mbak kl sementara kl permanen jadinya haram sedangkan lebih dari 6 bulan setelah vasektomi kemungkinan sulit untuk di kembalikan asal dan biaya lumayan mulai dr 11juta dan harus siap tetek bengeknya 20%-30% dr harga tsb,2024-09-23T14:37:57.000Z,
twitter,"Laki aing ga mau vasektomi 
Malah aing yang ga nyaman harus pake UID",2024-09-23T11:19:34.000Z,
twitter,"Ketiga, untuk membandingkan sesuatu sehingga nampak apple to apple gak cukup dari hasilnya, tp dampaknya juga, makanya aku ada tanya agar nampak apple to apple menurut km harus yg bagaimana? Baik vasektomi atau kb biasa mereka punya hasil dan dampak yg berbeda.",2024-09-23T10:38:34.000Z,
twitter,Disebut apple to apple itu harus bagaimana dulu? Apa kalau pakai kb yg lain maka sel telur tdk keluar sama seperti vasektomi baru disebut sama? Memang ada brp banyak orang yg pakai kb dan tubuhnya 'terganggu'? lalu ada brp banyak pria yg vasektomi lalu reverse dan gagal?,2024-09-23T09:22:55.000Z,
twitter,"Semoga nanti suami gue mau vasektomi. Ngeliat efek KB di mama gue jadi mikir-mikir untuk pake KB di gue. Bayangin aja udah tiap bulan mens, trus hamil, melahirkan, menyusui trus masih harus nerima efek samping dari KB. Oh no…",2024-09-23T07:53:15.000Z,
twitter,berarti kalo mau vasektomi harus bener bener yakin dulu kalo udah gamau punya anak lagi ya,2024-09-23T01:25:58.000Z,
twitter,"cowok ni se cemen itu ya sampe vasektomi aja harus dijelasin dgn bahasa selembut ini biar mereka ga takut, kya ngejelasin ke anak umur 2 thn anjir wkwk",2024-09-22T23:42:21.000Z,
twitter,"vasektomi itu operasi kecil, cuma dibelek dikit

tubektomi itu operasi besar, resikonya lebih besar, resiko infeksi dll

jadi gabisa kek gini, lebih bijak vasektomi aja

kalo salah satu udah beres masalah, ngapain harus dua2 nya?",2024-09-22T14:48:27.000Z,
twitter,"Mjb, kalo vasektomi bisa kok nanti disambung lagi. Jadi semi-permanen ya. Dan vasektomi pun ada s&k-nya. Terutama harus udah nikah, punya dua anak dulu, dll. Dan ngomongin ini buat yg blm nikah sebenernya gpp. Biar bahan diskusi dan insight baru. Harusnya gausah marah""",2024-09-22T02:17:49.000Z,
twitter,"yang jelas kalo udah married mah kalo mau program program gituan harus sukarela, gaboleh paksaan. padahal ada yang lebih simple lu pake kondom, ga harus vasektomi atau sampe angkat rahim terlalu jauh itumah",2024-09-22T00:08:31.000Z,
twitter,"Vasektomi kok disamain sama angkat rahim, disamain tu ya sama tubektomi tolol. Angkat rahim baru noh disamain sama potong titit alias kebiri, mau ga lu dikebiri? Kalo ada yg mau angkat rahim, ya harus mau dikebiri dong. Ah elah kontol doang pake dibangga²in",2024-09-21T15:30:14.000Z,
twitter,"Aku bahkan gak kepikiran sampe situ
Kok bisa bisanya pikiranmu sejauh itu
Lagian emang vasektomi disini gampang?
Kaga ey
Minimal harus ada soal riwayat kesehatan sama min punya anak berapa gt",2024-09-21T14:25:45.000Z,
twitter,"Sama aj anj lu gak mau punya keturunan dan suami lu nolak ya uda pisah bukan nyuruh vasektomi nyuruh suami lu mandul, aneh emang perempuan jaman sekarang, bilangin orang bisa di bilangin gak bisa, sok menjadi ras terkuat, kalau mau vasektomi harus dari diri sendiri bukan karena",2024-09-21T12:18:37.000Z,
twitter,"Ya anj kalian nyuruh laki laki vasektomi kalau lu gak sependapat sama pasangan lu untuk memiliki keturunan lagi uda pisah bukan nyuruh cowok vasektomi, anj emang, goblo tai giliran di suruh angkat rahim marah marah, emang resiko ke peremuan gede, tapi gak harus kek gitu anj",2024-09-21T12:15:04.000Z,
twitter,"Yakali cewe dh disuru ngelahirin ini itu dibedah buat caesar, masih harus dibedah lagi buat tutup/ambil rahim? Meanwhile vasektomi yg cuma bius lokal operasi kecil gaharus dibedel2 aja ribut kek diambil dipotong sekontol2nya. Yg nolak malah losers sih, cemen.",2024-09-21T11:29:12.000Z,
twitter,"Kenapa kalian nyuruh cowok buat vasektomi? Biar bisa zinah tanpa takut hamil atau gimna? Kalau hamil ya dua-dua nya harus tanggung jawab lah. Padahal udah diingetin buat menjauhi zinah, biar ga repot harus debat sana-sini.",2024-09-21T08:40:00.000Z,
twitter,vasektomi itu (hampir) permanen dan solusi untuk pasangan yang sudah memutuskan untuk tidak punya anak lagi (key point). yang suka dikeluhkan adalah mengapa perempuan harus steril juga padahal mereka sudah melahirkan dan mengandung. vasektomi itu hanya alternatif tubektomi kok,2024-09-20T15:45:51.000Z,
twitter,Jadi harus banget vasektomi?,2024-09-20T15:18:35.000Z,
twitter,"Pacar gw boleh uga ternyata...

Iseng nanyain ntar kalo udah nikah dia mau ga vasektomi soalnya sempet rame kmren perihal suami2 fiminis

Jawabannya ""kalau memang ada kondisi dimana aku harus melakukan itu, Misal kamu ga cocok ber-KB dll, ya ga masalah""

Gud gud.. +1",2024-09-20T12:05:28.000Z,
twitter,knp cewe2 pada dukung vasektomi ya krn resiko negatifnya kecil buat fisik laki. beda ama kb cewe yg resikonya gede. udh puluhan taun ibu2 harus kb walaupun itu nyakitin mereka. research dulu jgn asal bacot,2024-09-20T10:43:36.000Z,
twitter,"buset vasektomi disamain sama sunat. pantesan takut bgt sama vasektomi, dikira penisnya yg cuma 2 cm itu harus dipotong kali ya",2024-09-20T02:59:41.000Z,
twitter,"1. Maksud tweetnya adalah ketika yg dibahas soal merokok, jarang dikaitkan sama halal/haram. Ketika vasektomi, netizen pd bercuit haram.

2. Ada kah dalilnya gak boleh parasmanan dalam beragama? Ato harus idolizing si ustadnya?

Thank you.",2024-09-20T01:40:52.000Z,
twitter,Gua ga paham kenapa dia begitu marah sama pilihan orang yang mau vasektomi? Dan kenapa juga harus ngatain orang sekasar itu dah?,2024-09-20T01:33:31.000Z,
twitter,"Lu teh sakit hati sama omongan siapa ini sampe keluar kata pada diem-diem bae? ""Pada"" itu siapa? Soalnya perihal rokok mah emang haram dan harus ditinggalkan, perihal vasektomi juga MUI tidak mengharamkan.
Jadi ini ditunjukkan untuk siapa?",2024-09-19T22:51:28.000Z,
twitter,"Iya, iya udah vasektomi.
Tapi harus bgt udah ngapain aja di ranjang harus dishare?",2024-09-19T13:30:03.000Z,
twitter,"susah ngomong sm cowo yg pridenya ada di kontolnya yg ukurannya sejempol pas ngaceng itu kak 

mereka kira vasektomi bikin gabisa bangun kali, kasihan ya cewe pintar harus deal with stupid men on daily basis. THANKS FOR SPEAKING UP kak!!!",2024-09-19T10:44:12.000Z,
twitter,Please what if aja biar sekali2 hidup jadi seru kebobolan jadi harus vasektomi si Bapak,2024-09-19T07:44:28.000Z,
twitter,"Lo tau gak akar gue bisa sengamuk ini apa? Kasusnya udah sampai di tahap perempuan beresiko kehilangan nyawa, dan si tolol itu masih enggan mengiyakan kalo vasektomi harus dilakukan demi nyawa si perempuan",2024-09-18T23:48:56.000Z,
twitter,"gue ngebayangin kita kena bencana alam,trus manusia itu yg hidup tinggal 2,trus cewek bilang ayo kita harus berkembang biak sebanyak-banyaknya biar umat manusia tetep eksis,trus yg cowok bilang sorry gue vasektomi,dan akhirnya manusia punah",2024-09-18T22:01:31.000Z,
twitter,"Enggak teriak mas, cuma ngetik.

Habisnya kesel.
Situ tiba² ngmg ""lagian masih ada histerektomi kenapa harus langsung ngorbanin cowok?""

Berarti rahimnya diangkat dan gabisa hamil lagi gapapa, tapi cowok vasektomi dan gabisa menghamili lagi gaboleh? Kenapa? ",2024-09-18T17:29:01.000Z,
twitter,"Komparasi yg tepat tuh kalau pd bilang vasektomi haram karena merubah diri tapi pada diam pas pembahasan suntik silikon atau boobs job karena egois.
Pokoknya perempuan harus tobrut walau merusak diri ",2024-09-18T08:11:30.000Z,
twitter,"Dengan kata lain, klo yg disebutin mas itu juga bener, tapi dampak negatif misal vasektomi ke laki2 yg ga bener, suka selingkuh dll itu bisa jadi alasan kenapa di haramkan.

Tujuan nya gak jelas klo dijabarkan, emg harus liat dari sisi personal haram atau tidaknya",2024-09-18T06:00:24.000Z,
twitter,"Kasih tau cara vasektomi tanpa harus membedah buah zakar dong?
Gila aja kalo bagi gw ada laki2 yg mau bedah buah zakar tanpa ada alasan syar'i yg benar ",2024-09-18T05:38:24.000Z,
twitter,"Iyaa aku tau pasti yg paling dirugiin cwe kalo masalah kayak gini, sebenernya kalo emg mau kayak gitu terus nda bakal jadi anak nda harus vasektomi atau tubektomi kan masih bisa pake kondom atau ga harus lakuin itu secara intens, sama dari cwe nya nda harus kb",2024-09-18T04:51:01.000Z,
twitter,"kemaren aku nanya ke puskesmas di daerah ku kak, katanya kalo mau vasektomi / steril itu harus ada indikasi medis dari dokter dulu. 
gabisa kita yg minta ",2024-09-18T04:28:48.000Z,
twitter,"Kenapa harus pro/kontra?

Silahkan orang mau vasektomi

Silahkan juga kalo gak mau vasektomi

Kan hak orang, dengan alasan mereka masing2",2024-09-18T03:08:39.000Z,
twitter,"Buat apa saya harus membuktikan yg gak masuk omongan saya? Sementara saya gak nulis petinggi pesantren halalin rokok tapi haramin vasektomi?

Saya nulisnya; ada petinggi pesantren gak haramin rokok.",2024-09-18T03:03:04.000Z,
twitter,"Ini tuh perkara vasektomi gitu kk el, kek kenapaaaaa mereka ini anti bgt sama vasektomi, kenapa harus bgt perempuan yg kb",2024-09-18T01:07:40.000Z,
twitter,"Ya sebenernya urusan lo ga harus sampe sana bang mul. 

Kalo dia bilang uzur syar'i. Itu udah dapurnya dia. Kalo udah sampe disitu berarti suami vasektomi itu ada kepentingannya dan sebenernya itu bukan urusan kita.

Baiknya kamu minta maaf sama kak 
@noniksipit
 secara terbuka.",2024-09-17T14:58:02.000Z,
twitter,"Nah ini baru aku ga setuju

Pernikahan itu kan hubungan 2 insan. Sudah selayaknya saling mengerti. Gua kontra² gini kalo naudzubillah istri harus tubektomi, gw ikhlas kok vasektomi juga. 

Nyawa istri cuy taruhannya. Pengorbanan gw ga seberapa.",2024-09-17T14:55:31.000Z,
twitter,"Padahal gampangan vasektomi daripada tubektomi operasinya tuh.. cuma ya laki emang lemah kali ya, jadi apa2 harus cewe..",2024-09-17T14:39:29.000Z,
twitter,"Yaudah gue jawab dari sisi medis. 
Resiko operasinya besaran tubektomi daripada vasektomi. 

Lagian lo bisa nyimpulin darimana harus tubektomi dulu baru vasektomi?? 
Mohon jelaskan uzur syar'i yang anda kutip",2024-09-17T14:33:54.000Z,
twitter,"Padahal kalo laki vasektomi tapi abis itu suka ngentot sana sini ya minimal gaada anak2 hasil selingkuh yg lahir, harus dinafkahi dan nuntut warisan pas dia mati lah ya.

Yang satu dia cuma jahatin w.
Yang satu lagi dia jahatin w, anaknya, selingkuhannya dan anak selingkuhannya.",2024-09-17T11:57:51.000Z,
twitter,"tubektomi operasi besar vasektomi operasi kecil
kira2 mana yaaa yang resikonya lebih kecil??
oiyaaa kalo hasilnya biar ga hamil, salahsatunya melakukan vasektomi/tubektomi udah cukup kokk jd ndak harus duaduanya yaaa
belajar menghargai perempuan gratis loh bang ",2024-09-17T11:51:45.000Z,
twitter,"Kenapa harus perempuannya dulu kalau laki lakinya duluan bisa? Wkwk, kalau tubektomi kan sama aja istri lo normal, tiba tiba dibikin ga normal. Emang gak melawan kodrat? Justru harusnya emg laki laki yg vasektomi. Biar gak seenaknya crot sana sini bikin anak orang hamil.",2024-09-17T11:47:23.000Z,
twitter,Orang orang gila agama kayak lu kenapa ya ngotot bgt harus perempuan yang sakit padahal jelas jelas kasusnya ada suami yg lebih sehat lebih mampu dan bersedia buat vasektomi demi istrinya?? Allah maha penyanyang maha pemaaf siapa elu ngatur ngatur kalo dia bakal dosa jir,2024-09-17T11:28:59.000Z,
twitter,"Iya. Sebuah tuduhan yang tidak masuk akal. Andai yang KB perempuan apa kita juga akan menuduh perempuan akan selingkuh? Kan nggak juga.

Saya vasektomi untuk membahagiakan istri sehingga tak perlu merasa harus dia yang ber-KB.",2024-09-17T10:23:48.000Z,
twitter,"Saran aku off medsos aja. Lbh banyak mudhorotnya. Mau vasektomi boleh, mau ga juga boleh, mau perempuannya yg KB jg boleh. Enjoy life aja dgn pilihan orang. Dan kita ga harus promote pilihan hidup kita.",2024-09-17T10:07:58.000Z,
twitter,Contoh spesies yang valuenya cuma ada di burung pipitnya  jadi kek merasa kalo vasektomi udah hina banget jati dirinya pdhl yg mau vasektomi termasuk brave dan gentleman krn mau ambil resiko sama kayak cewe2 yang HARUS KB dan steril.,2024-09-17T07:29:52.000Z,
twitter,"seneng bgt pas pacarku ditanya ""kamu nanti kalo sudah nikah dan sudah punya 1 atau 2 anak, mau vasektomi enggak?"" terus dia jawab ""enggak apa apa ko kalo aku yang harus vasektomi"" kayaaa huhuuuu terimakasih yaaa sayang  siapapun jodoh kamu, semoga kamu bahagia.",2024-09-17T06:27:13.000Z,
twitter,"imo, vasektomi dan tubektomi itu salah satu keputusan penting di pernikahan yang harus dipikirkan matang2. aku setuju sih kalo kedua prosedur ini harus dijalankan karena ada keadaan yg bisa membahayakan salah satu atau keduanya, bukan karena ikut2an aja",2024-09-17T05:54:20.000Z,
twitter,Vasektomi bukannya ada periodenya gitu yaa? Jadi per brp waktu gt harus ulang lagi. Apa salah?  https://x.com/noniksipit/sta/noniksipit/status/1835581914323050910…,2024-09-17T04:57:46.000Z,
twitter,Satauku syarat vasektomi harus udh punya anak dulu kak minimal dua,2024-09-17T04:43:58.000Z,
twitter,"Bicara islam, Hukum Islam itu jelas, Hukum asal vasektomi adalah Haram kecuali ada udzur syar'i, lalu harus dilihat lagi, uzur syar'i ini jatuh kepada perempuan atau laki2, jika laki2nya sehat, vasektomi justru menjadi resiko mengingat resikonya juga tidak main2 dan membahayakan.",2024-09-17T04:28:08.000Z,
twitter,"Ngapain harus vasektomi klo cuma buat crot sana sini.. kurang kerjaan itu, mungkin ada km pernh tau, tp pernah ga ngebandingin jumlahny sama yg ga vasek dan gas kemana2, ini bnyak populasinya.. 

Vasektomi pertaruhanny banyak, selingkuh mah ga perlu vasektomi ",2024-09-16T17:57:50.000Z,
twitter,"Iya mbak..
Kalau memang hukum asal vasektomi itu mubah, mbak gak harus punya udzur syar'i buat lakuin vasektomi

Sesuatu yg butuh udzur syar'i untuk bisa jadi halal itu sesuatu yg haram",2024-09-16T16:17:57.000Z,
twitter,"gue pernah bahas vasektomi sama cowok gue buat minta pendapatnya, terus jelasin biar ga selalu istri yang harus ngorbanin ini dan ituu and the answer is..

dia ga masalah sama sekali, bahkan emang kepikiran mau klo udh cukup anak (dia emg sempet baca² informasi ttg vasektomi)",2024-09-16T15:45:12.000Z,
twitter,"Soalnya akunya juga takut IUD kak makanya dia gak ngebolehin. Dia yg nawarin dirinya buat vasek tapi aku yg masih ""bentar deh"" aku pernah nanya ke bidan masalah vasektomi ini syarat dan harus kemana tapi dia malah senyum2 dan nawarin ngepil aja dulu",2024-09-16T15:10:47.000Z,
twitter,padahal vasektomi itu seru banget. kebayang ga sih lu bisa crot didalem tiap ngewe tanpa harus mikir klo jadi anak gimana  ,2024-09-16T15:07:37.000Z,
twitter,"Betul, vasektomi melanggar syariat islam karena mengubah tubuh tanpa udzur, ditambah lg pertanda lemahnya pemahaman akidah, takdir dsn rezeki yg sudah dijamin sama Allah soal takut banyak anak. Lain cerita kalau harus kontrasepsi karena udzur yg jelas spt bahaya kesehatan",2024-09-16T14:44:37.000Z,
twitter,"Aku nggak pernah KB, karena suami nggak tega kalau aku pakai KB. Aku udah haid, hamil, melahirkan, menyusui, kasihan kalau masih harus 'menikmati' efek samping KB.

Kapan hari aku nanya, kalau udah dirasa cukup tidak ada rencana hamil lagi nanti mau vasektomi nggak? Jawabnya mau. https://x.com/noniksipit/sta/noniksipit/status/1835505046462566656…",2024-09-16T14:37:24.000Z,
twitter,"Izin tanya, apakah benar kalau mau vasektomi lewat BKKBN harus berusia minimal 35 tahun dan memiliki 2 anak?",2024-09-16T14:33:54.000Z,
twitter,"Ini menarik.

Jadi sebelum vasektomi, gak bisa ngeseks brutal? 

Apakah biar bisa ngeseks brutal, harus vasektomi?  https://x.com/noniksipit/sta/noniksipit/status/1835505046462566656…",2024-09-16T14:31:59.000Z,
twitter,"Aku sudah memutuskan. Aku gabakal nikah sama cowok kalo dia gamau vasektomi, kalo ngga mau vasektomi berarti dia harus cowok mpreg, biar aku yg menghamili mu baby boy.",2024-09-16T14:09:04.000Z,
twitter,"Engga, mending engga berhubungan
Mau, kalo aku vasektomi pasanganku harus tubektomi",2024-09-16T14:08:56.000Z,
twitter,"sadly, di negara kita sampe skrg kalo mau kontap harus ada minimal anak dan kalo tubektomi (idk kalo vasektomi) harus ada persetujuan suami atau wali. i mean kayak itu kan organ gw ya anjirrr terserah gw lahhh ",2024-09-16T14:06:21.000Z,
twitter,"Cowok2 disana kayaknya harus d vasektomi masal deh, astagaaaa",2024-09-16T13:32:55.000Z,
twitter,"Harus diperjelas detailnya bahwa kelaminnya sesudah vasektomi fungsinya sama, bisa ereksi dan mengeluarkan air mani, dan pstinya ""TETAP JANTAN"". Bedanya hanya satu sudah tidak mengandung sperma.

Pokoknya mereka tuh ketakutanny vasektomi itu mengubah mereka gak jantan lagi.",2024-09-16T13:28:06.000Z,
twitter,Dudul indo ajg mau vasektomi aja harus punya anak. Padahal gak semua orang pengen punya anak https://x.com/noniksipit/sta/noniksipit/status/1835549879722283363…,2024-09-16T06:05:06.000Z,
twitter,"sedikit memberi insight  waktu penyuluhan vasektomi kebanyakan dari ibu-ibu ntah muda ataupun tua mereka semua menolak mentah-mentah karena takut suaminya jajan/selingkuh tanpa takut harus bertanggung jawab

tapi kalo emang udah kesepakatan dan emang dua-duanya pasangan cont-s https://x.com/noniksipit/sta/noniksipit/status/1835505046462566656…",2024-09-16T05:22:45.000Z,
twitter,"Jangan lupa juga bahwa masih HARUS PEREMPUAN LAGI yang menanggung beban kontrasepsi. sakit gapapa, meninggal gapapa. namanya juga pengorbanan ye kan. bahkan melahirkan caesar aja banyak yang bilang ""bukan ibu seutuhnya""

laki-laki mau vasektomi: ""kasian nanti sakit""",2024-09-16T03:30:18.000Z,
twitter,"Sendernya kenapa jg harus bgt kb vasektomi kalo msh ada opsi lain buat kb, cabut singkong misalnya",2024-09-15T15:47:42.000Z,
twitter,"vasektomi sama tubektomi keliatan menakutkan karena untuk seumur hidup. sesederhana itu. 

(iya sih bisa dilepas tapikan harus operasi lagi).",2024-09-14T11:13:01.000Z,
twitter,"gila ya, makan apa sih tu berdua  subur bgt edannn smpe harus vasektomi si gyu",2024-09-12T09:20:11.000Z,
twitter,"Intinya sih kalau ga siap jd ortu ya minimal pake pengaman lah kalo ogah vasektomi. Anak itu bernyawa punya hati dan pikiran. Kalian bahkan ga harus jd ortu sempurna TAPI MINIMAL MIKIR

pola asuh, kebiasan kalian sendiri sbg manusia dsb itu ngaruh ke tumbuh kembang anak",2024-09-11T07:30:18.000Z,
twitter,"harusnya suaminya yang vasektomi dan mertuanya yang dijahit bibirnya. lo udah capek ngelahirin dan menuhin ekspektasi mereka, masa lo juga yang badannya masih harus diapa-apain pake alat macam IUD biar terjaga dari mulut dan mindset jelek mereka. gak adil buat mbaknya sih ini.",2024-09-08T09:09:47.000Z,
twitter,Tapi kocak sih hamil jarak brp taun doang…6tahun itu aman udahan…org” emg harus vasektomi kl gaada cuit tcoy,2024-09-04T22:44:56.000Z,
twitter,Kunci di suaminya harus sadar diri:') karna ga semua suami mau pake kondom. Vasektomi juga ada syaratnya.,2024-08-28T08:22:09.000Z,
twitter,Saya malah pgn vasektomi. Hanya bingung harus mulai dari mana untuk aksesnya. Ya karena seterbatas itu informasinya.,2024-08-28T06:10:44.000Z,
twitter,"Nder, kalau bisa ganti KB aja.
Darah kotor harus dikeluarkan

Saya KB IUD udah 2x pasang. (Jangka 5th bongkar, pasang baru lagi)
Masih nego suami biar mau vasektomi wkwkwkwkw",2024-08-27T16:24:50.000Z,
twitter,"Bsr bgt pengorbanan istri. Suami harus KB, pake kondom/vasektomi. Jangan kalian mau enaknya aja. Pas ngewe, kalian peduli gak istri kalian ngerasain enak apa gak? Kebanyakan kalian pedulinya kepuasan otong kalian sendiri aja. Ditambah lg efek samping KB istri. Sayangi istrimu!",2024-08-27T14:56:06.000Z,
twitter,"klo nyalahin kebobolan, u jg harus steril laa dgn vasektomi, enak bnr apa² pihak istri yg trs berkorban. pas hb pk kondom aje kgk worot bwt cegah khamilan ma. even ntu pengaman harganya mehong bgt, masi bisa bocor.",2024-08-19T01:11:58.000Z,
twitter,"KENAPA ISTRI LU YANG HARUS TUBEKTOMI, LU YANG HARUSNYA VASEKTOMI",2024-08-18T16:35:03.000Z,
twitter,"Maaf banget nder kenapa ga lu yg vasektomi, istri lu udah kasian banget ngelahirin 3 anak padahal :( fix ini mah lu yg harus ngalah sama istri aja nder, efek samping ke kesehatan mental dari tubektomi juga lumayan gede takutnya kalo lu nyuruh dia resign dia malah lebih stress",2024-08-18T04:36:15.000Z,
twitter,"bener, apalagi posisi mereka berdua kerja. tadi gue baca istrinya udah tubektomi  dan anak ketiga mereka tuh katanya kebobolan.  seharusnya sejak mereka punya anak 1 tuh istrinya udah tubektomi dan suaminya jg harus vasektomi. selesai dah urusan",2024-08-18T03:53:54.000Z,
twitter,"NO WTF MY MOM JUST SAID ""nanti saya suruh anak saya (gue) biar punya banyak anak"" MAK LU HARUS TAU GUE KAGA MAU NIKAH (KECUALI KETEMU COWO YANG MAU VASEKTOMI WHICH IS IMPOSSIBLE SINCE IM BATAK!!!!!!!)",2024-08-14T14:07:55.000Z,
twitter,"Belum selesai itu. Harus nyusuin sampe 2 tahun, terus kalo gamau hamil lagi kudu kb. Kan gamungkin perempuan vasektomi. Haduhhhh.",2024-08-14T10:03:15.000Z,
twitter,"Gw sebagai cowo yng sudah beristri... Saya lebih milih Vasektomi drpd istri gw yang harus steril/kb... Vasektomi gx ad efek samping, anak baru 1 cewe... Anak ke 2 cowo gass vasektomi...",2024-08-11T01:41:29.000Z,
twitter,"ga gt kak cara edukasi cowok, branding vasektomi harus diganti dengan “BEBAS NGENTOT TANPA TAKUT HAMIL” bisa beda lagi hasilnya  https://x.com/noniksipit/sta/noniksipit/status/1822060984074432512…",2024-08-10T16:08:23.000Z,
twitter,"Kak, MUI fatwanya vasektomi boleh asal gak mandul permanen. Kata ulama manusia bisa salah betul tp tugas mereka kasih fatwa. Pernyataan kakak yg awal tepi jurang bgt. Takutnya dipelintir dianggap kubu yg lain sih.
Case KB itu banyak jadi harus konsul bener"" sama ahlinya baik di-",2024-08-09T18:39:40.000Z,
twitter,"Itu diajarkan di tahap paling akhir, jdi belajarnya dari awal harus runut gaboleh langsung lompat skip ke akhir
Bukan cuma soal kondom, tapi juga soal pembalut, gejala menstruasi, nifas, KB pil, suntik, IUD, vasektomi, penyakit menular seksual",2024-08-09T15:43:49.000Z,
twitter,"tp harus nunggu suami 30an dulu bjirrrr, w juga mau suami w vasektomi",2024-08-09T09:55:15.000Z,
twitter,"Ass. Wr. Wb.

Izin. Kalau mau vasektomi itu harus udah punya anak dulu ya? Trims.

- Nara, Madiun",2024-08-09T03:32:51.000Z,
twitter,"makasih udh jelasin dan peduli klo kb ga harus di lakuiin

dsini gw cm bhs buat cwo yg msih memksaakan kb,tp ga ngbolehin vasektomi pdhl kb dan vasektomi sm sm haram klo itu permanen",2024-08-09T03:10:03.000Z,
twitter,"Kalo dr statement kakak sama2 merubah ciptaan Allah, tp mau gimana lagi? Apa harus ada korban nyawa melayang dulu baru selesai ini perkara? Atau krn gak terima laki2 vasektomi malah setujunya angkat rahim? Hmm.",2024-08-08T17:45:53.000Z,
twitter,"ya tetap dilihat dulu udzur nya apa, bila sampai mengancam nyawa / keselamatan orang tersebut, ya gapapa kalau harus di vasektomi / tubektomi. kondisi darurat itu bisa mendapatkan keringanan, misal, salat wajib itu hukum asalnya harus berdiri, tapi kalau ga mampu ya boleh duduk.",2024-08-08T16:12:47.000Z,
twitter,setauku vasektomi ada syaratnya. harus punya anak minimal 2 dan umur -+ 35 tahun. https://x.com/MireinaRiviere/MireinaRiviere/status/1821543261393346710…,2024-08-08T14:18:49.000Z,
twitter,Harus bangga kak karna gak semua laki laki mau vasektomi ,2024-08-08T13:44:37.000Z,
twitter,kamu perempuan harusnya lebih paham efek samping dari kb yaitu kangker. kalo suaminya bersedia ngelakuin vasektomi berarti suaminya sayang istri ga mau istrinya ngerasain semua rasa sakit itu sendirian seumur hidupnya. sudah memang seharusny rumah tangga harus berbagi rasa sakit,2024-08-08T11:47:40.000Z,
twitter,"Repnya 
Giliran vasektomi haram, kb apa kabar? 
Maunya cewe terus yg ngalamin susahnya, uda melahirkan sakit, yg kb jga harus istrinya
Damn https://x.com/noniksipit/sta/noniksipit/status/1821203178098241756…",2024-08-08T11:37:10.000Z,
twitter,"Aku umur 29, kerja di rumah sakit, dan punya beberapa temen dokter cwok yg seumuran, dan mereka yakin mejawab mereka lebih rela vasektomi dri pada istrinya harus KB, dan beberapa dokter/nakes cwok d tempatku sudah vasektomi dan gak ada yg mengeluh",2024-08-08T10:14:39.000Z,
twitter,BISA DIBALIKIN LAGI FUNGSINYA. KALO OPLAS IDUNG BIKIN MANCUNG GAAKAN DIBALIKIN LG JD PESEK ELAH. jujur w jg dulu taunya vasektomi haram tp ternyata ngga ya lu harus MAU BELAJAR.,2024-08-08T10:10:26.000Z,
twitter,Trus bagaimana dengan ibu ibu yang steril karena ada pelengketan rahim atau udah 2 kali Caesar jadi beresiko kalau hamil lagi? Atau laki laki yang kemoterapi dan harus vasektomi (pacarku vasektomi karena kanker) mereka mereka ini masuk neraka dong? Coba jelaskan,2024-08-08T09:13:56.000Z,
twitter,"kontrasepsi cewe tuh hampir gaada yang ga ber-efek samping jelek, mana efeknya kebanyakan long term apalagi dibanding cowo yang cuma harus nahan 1-2 bulan approximately setelah vasektomi",2024-08-08T08:49:10.000Z,
twitter,"nah iya bener, pasti tekonologi berkembang ya, bakal ada jalan keluarnya tapi aku dak tau jujur kayanya harus baca2 lg. soalnya ya vasektomi ini satu2nya yg bisa dilakuin pihak laki2 kan selain dibebankan ke istri pil kb dkk",2024-08-08T07:07:52.000Z,
twitter,"Bahagia versi dia nyalahin perempuan, mulai dr usia ibu hamil harus skian2 juga sok ngatur ngelebihin Tuhan, tiap pasangan harus punya anak cewe biar bisa ngatur jumlah populasi. Giliran cowo2 disarankan vasektomi gratis biar jumlah penduduk g nambah dan dikasih uang istirahat",2024-08-06T06:20:41.000Z,
twitter,"Pak jeyun kayaknya pemikiran km sama bojoku sama pak, bojoku nggak tega liat aku harus KB IUD yang mana harus dimasukin lagi ke itu jadi kita nunggu sampe umur 30th dan memutuskan untuk bojo vasektomi ",2024-07-31T13:40:34.000Z,
twitter,Atau vasektomi sampe mereka mampu nih secara finansial dan mental punya anak. Harus di validasi oleh dokter dan ahli pokoknya.,2024-07-30T05:47:52.000Z,
twitter,"klo sy jd presiden harus cowo yg kb, alias vasektomi gratis  maximal 2 anak",2024-07-29T15:02:01.000Z,
twitter,"Kalo setiap kebaikan orang tua harus dianggap sebagai 100% jasa, ya next time tolong ngentot sama sex doll aja yg ga ngelahirin bocah. Pernahkah kamu mikir buat vasektomi saja??",2024-07-21T03:19:53.000Z,
twitter,"aku lupa awalnya bahas apa, tapi tiba2 mas pacar bilang
""mungkin setelah itu aku bakal vasektomi aja""

aku tiba2 diem dan bilang
""yang, kamu serius?""
""iyaa, mending aku vasektomi aja. kasian kamu nanti udah hamil trus mesti harus kb lagi. aku nggak mau kamu harus operasi2 lagi""",2024-07-20T15:22:30.000Z,
twitter,"Jd inget podcast Njaw Shihab tng perempuan, kata Prof Gerung, ""laki2 tidak mau KB krn KB itu menyakitkan"", tp anehnya yg selalu disalahkan perempuan ktk sudah bnyk anak dan harus hamil lg dr benih sperma laki2. 
Salut buat bapak dan laki2 yg mau di vasektomi",2024-07-05T09:28:59.000Z,
twitter,"Yang bersedia melakukan vasektomi masih terbilang sedikit, karena masih banyak keluarga atau pasangan yang mewajibkan KB itu harus dari pihak perempuan..",2024-07-05T06:47:11.000Z,
twitter,Harus bgt punya 2 anak dulu ya Pak? Kalo emg cuma mau punya 1 anak ga dibolehin vasektomi? Huff,2024-07-05T06:18:13.000Z,
twitter,"""Program Vasektomi BKKBN""

Awalnya saya tidak tahu ada program vasektomi BKKBN yang gratis. Makanya di awal saya mendatangi sebuah RS di Mojokerto namanya RS Sakinah. Saya dan istri sudah siap jika vasektomi harus berbayar.

Beruntung, ternyata RS Sakinah selama ini menjadi",2024-07-05T00:52:29.000Z,
twitter,gak kebayang wanita yg hamil berkali2 trs masih harus pasang KB jg. pls cowo sadar diri buat vasektomi,2024-06-23T14:18:19.000Z,
twitter,"ini lah kenapa pemerintah harus perbanyak campaign kondom dan vasektomi, biar generasi selanjutnya bukan mayoritas anak-anak kekurangan sel otak krn ortu yg miskin dan menciptakan anak-anak yg suka baca webtoon ilegal ",2024-06-21T15:41:30.000Z,
twitter,trus gimana dungg... apakah harus vasektomi (mjb),2024-06-21T02:01:48.000Z,
twitter,memang negeri ini harus ada subsidi vasektomi,2024-06-19T16:24:12.000Z,
twitter,"Ini alasan aku sangat berhati-hati misal mau nikah. Kalopun sudah menikah aku cuma mau maksimal anak dua. Aku mau suamiku yang vasektomi karena aku udah capek mengandung, melahirkan, mendidik, menyusui anak kenapa aku yang lagi-lagi harus berkorban buat steril atau KB?",2024-06-19T14:14:22.000Z,
twitter,Emg kenapa anaknya harus jadi ga bangga sama orgtuanya kalau orgtuanya milih buat vasektomi? https://t.co/cvrbvkR82m,2024-06-19T00:25:36.000Z,
twitter,"My mom and dad will never get biological grandchildren from me, nope, never, not in million years!!

Nti suami gue harus mau vasektomi 

Seru bgt ga u tiap malem main halal tanpa takut hamidun punya tanggungan tuyul 

((MAIN MONOPOLI))",2024-06-18T14:58:03.000Z,
twitter,"Makanya pake kondom/ alat kontrasepsi lainnya. Kalo nanti kebobolan juga tetap harus tanggung jawab, kan si anak itu hadir karena ortunya yg saling ngewe  

Gak mau kebobolan??? vasektomi & tubektomi sono ",2024-06-02T16:45:00.000Z,
twitter,"soalnya gue ga masalah kalau mau punya anak banyak, jd dia jg harus mau vasektomi, kalau emg dia mau berbagi hidup susah senang harusnya sih mau yhh",2024-06-01T15:27:19.000Z,
twitter,"Engga, leon vasektomi dulu kondom pas awal tapi terus engga lagi. Cuma yaa leon harus crot di luar. Lana kepo sama creampie tapi takut hamil (waktu itu kek masih awal pacaran dan sibuk banget) terus diem diem Leonnya operasi HAHAHAHAHAH biar bisa unlimited creampie",2024-06-01T04:56:53.000Z,
twitter,Dok bisa ga ya kita minta pemerintah bikin iklan vasektomi di TV atau di FB biar boomers tau kalau KB ga cuma harus wanita. Aku sebel mau daftarin vasektomi suami eh mertua ngomentarin A-Z ,2024-05-31T14:12:48.000Z,
twitter,"aku iseng komen di tiktok orang yang lagi cerita kalau suaminya mau vasektomi terus ga boleh sama orang yang ngurusin kb (?) karena masih muda dan anaknya 1, abis itu malah istrinya yang suruh iud atau implan terus aku komen ""KENAPA HARUS SELALU PEREMPUAN??""",2024-05-30T18:49:12.000Z,
twitter,"aku udh capek² hamil, ngelahirin, ngAsihin anak masa iya harus aku juga yg KB. Biarin lah besok aku minta suamiku vasektomi

Iya Bu suruh suaminya aja vasektomi

Anakku skrg udh 5 th mbak. Udh bisa diajak jalan² masa iya aku harus ngulang lagi. Hamil, ngelahirin, capek mbak",2024-05-30T16:00:07.000Z,
twitter,"Pake pengaman aja sih kalo aku. Ngeri kalo harus vasektomi, dia bisa bebas main di luar tanpa jejak.",2024-05-29T06:04:39.000Z,
twitter,"beda pendapat soal vasektomi wkwkwk
liatin aja dulu deh yaa
I've never been this happy and honest about my feeling before jadi beneran gatau harus gas pol atau direview ulang",2024-05-29T01:14:30.000Z,
twitter,"Kenapa harus OH?? Kenapa harus plinplan?? 
Tapi klo childfree niatnya utk mengendalikan populasi sih ya oke, tapi harus konsisten (vasektomi)",2024-05-28T03:54:01.000Z,
twitter,"Childfree kan bukan berarti harus jomblo. Ga childfree belum tentu enteng jodoh jg si.

Lagian kalo bisa vasektomi, kenapa harus OH?",2024-05-28T03:41:15.000Z,
twitter,"Harus nanggung dengan dalih “nanti suami jajan di luar kalo harus pake kondom atau kalo harus tembak luar”, vasektomi yang lebih minim risiko dibanding pil kb puluhan taun? Dikit yg mau, pokoknya harus perempuan yang nanggung semuanya ",2024-05-27T19:57:35.000Z,
twitter,Kalo aku lebih kesel masalah KB sih. Perempuan udah hamil + melahirkan + menyusui + ngurus anak + ngurus suami + ngurus rumah + masih harus KB yg mainin hormonnya hanya karena laki2 ga mau KB (alami/ kondom/ vasektomi)??!! Yg bener aja lah!,2024-05-27T09:13:50.000Z,
twitter,"- dan ketika kamu mau menikah, maka menikahlah dgn cowo yg memutuskan utk childfree juga (dia harus vasektomi secara sadar).
Disitulah letak kesepakatan childfree, bukan ketika sama-sama masih ada kesempatan buat bisa menghasilkan keturunan.",2024-05-27T08:25:49.000Z,
twitter,"ya bener sih..

makin banyak orang miskin punya banyak anak, karena di pikir nya negara yang tanggung..

harus nya negara membuat aturan bahwa 1 keluarga tidak mampu hanya boleh punya anak 1 saja.. 
setelah itu ortu nya di steril/vasektomi.
meringankan beban negara dan kejahatan",2024-05-27T02:21:08.000Z,
twitter,"Tapi gak semua org tu agamanya Islam. Vasektomi kan pilihan, buat yg di agamanya gak ada larangan vasektomi ya lebih baik dilakukan. Minimnya minat vasektomi tuh bukan krn agama aja, tp stigma di masyarakat juga. Nah itu yg harus dinormalisasi, stigma ttg gak bisa ngecrot–",2024-05-21T12:46:09.000Z,
twitter,Waaah kayaknya gw harus presentasi soal vasektomi deh agar supaya suami mau ,2024-05-21T10:48:30.000Z,
twitter,apakah harus punya 2 anak untun vasektomi nder?,2024-05-21T09:19:43.000Z,
twitter,"Ini maksudnya nakes?
Gak profesional sih kalo ada nakes bilang kasihan sakit terkait vasektomi.
Harus ganti nakes segera.",2024-05-21T09:12:53.000Z,
twitter,"iyaaa bener bgt, harus normalize suami yg kb vasektomi bukan semua muanya cewek yg kb ",2024-05-21T08:37:41.000Z,
twitter,Kenapa harus vasektomi?,2024-05-21T07:50:26.000Z,
twitter,"Kalo sterilnya pas sesar ya lebih mudah gak usah iris perut. Kalo yg lahiran normal ya harus operasi, diiris perutnya. Kalo vasektomi kan cuma disilet dan ditutup aliran spermanya. Prosedurnya gak terlalu ribet dr tubektomi.",2024-05-21T07:46:55.000Z,
twitter,"Mbaaa vasektomi dimanaa? Suamiku mau vasektomi tp gaboleh dokternya dgn alasan usianya masih http://30.an dan anaknya (baru) 2
Sedangkan dia ga ngebolehin aku KB krn 2X nemenin aku lahiran, ngga tega kalo harus aku yg sakit lagi",2024-05-21T07:03:09.000Z,
twitter,"sama sama aman? aman dari potensi punya anak lagi? bego please, vasektomi itu kb yang udah amannnn bgt dari segi risiko komplikasi dan risiko kebobolan, buat apa harus tubektomi lagi yg risiko komplikasinya jauh lebih gede dan lebih sakit? emang dasar lu pengen nyusahin cewe aja",2024-05-21T07:00:16.000Z,
twitter,"bersedia, lagian ga harus kb sebenernya kalo udah paham tanggal ataupun mekaniknya bagus 

ga diatas hanya becanda, vasektomi aja gamasalah, kalo emang itu udah kesepakatan bersama yawes gass",2024-05-21T05:17:37.000Z,
twitter,"Langka banget emang suami yang mau vasektomi, istri doang yang harus KB. Tai.",2024-05-21T04:51:27.000Z,
twitter,"Bisa di balikin lg, tp ga sempurna. Efektifitasnya menurun sampe 50% kalau g salah. Makanya vasektomi salah satu persyaratannya harus punya anak dulu, mirip sama kb sterilnya perempuan.",2024-05-21T03:11:26.000Z,
twitter,"Belakangan ini lagi rame pembahasan kontrasepsi vasektomi. Aku sama sekali gak kontra, karena yaa hubungan suami istri tuh jangan istri terus yang berkorban. Opsi vasektomi buat suami harus dipertimbangkan.",2024-05-17T11:05:25.000Z,
twitter,"Vasektomi biayanya ga murah say. Belum lagi itu harus dari kemauan sendiri. Cuma, upaya diluar itu kan masih bisa dilakukan sebenernya kan. Bisa dikontrol dari diri sendiri aja. Heran bgt org pada lomba2 an nikah dan punya anak cmn buat hidup makin susah",2024-05-16T04:47:00.000Z,
twitter,"masih belum banyak ya laki2 yg sadar kalau kb itu ga harus melulu dari perempuan, salut sama para suami yang rela vasektomi karena kasian sama istrinya udah melahirkan menyusui ditambah efek samping dr kb untuk badan dan kesehatannya. sehat2 suami baik",2024-05-16T03:58:26.000Z,
twitter,"Betul, segala sesuatu juga harus dipikirin resiko kedepannya. Makanya harus kendalikan nafsu. 
Tak siap hamil? Jangan zina
Mau childfree setelah nikah? Vasektomi, atau lebih mulia donorkan rahim kepada perempuan yang lebih membutuhkan. Jadi engga ada janin2 yang terbunuh. ",2024-05-16T01:43:12.000Z,
twitter,"ini rill banget. 2 kali nemenin dan liat istri lahiran merasa gak tega kalau harus nambah lagi.
makanya lagi nyari referensi terkait KB vasektomi biar gua aja yang di KB gak usah istri lagi karena ngeliat dia kesakitan selama 2x lahiran merasa gak tega kalau sakit karena KB",2024-05-15T16:53:04.000Z,
twitter,Makanya klo ga siap punya anak jangan punya anak. Klo uda nikah tuh bukan berarti lu harus punya anak jg. Apalagi klo dr sisi ekonomi masih kurang banget. Yg cewe KB yg cowo vasektomi kek toh ya bs dibalikin lg. Anak tu tanggung jwb gede bukan cm buat menuhin tuntutan masyarakat,2024-05-14T14:22:16.000Z,
twitter,Ya tanya sama bapaknya coba. Pake kondom nggak? mau vasektomi nggak? Kenapa perempuan yg harus nanggung semua akibatnya padahal cowok juga berperan dalam kehamilan?,2024-05-14T05:18:42.000Z,
twitter,"imo childfree juga harus planning buat vasektomi/ angkat rahim. Jgn ngandelin KB doang, krn tetep ada kemungkinan hamil. Udah mikir childfree taunya hamil, kasian jadinya kehamilan yg tidak diinginkan. Jd, mau childfree atau tidak ya harus dipikirin A-Znya, jgn kemakan tren doang",2024-05-13T15:43:11.000Z,
twitter,"Eh, kecuali untuk metode KB vasektomi atau tubektomi deh.

Untuk kedua metode tersebut, tingkat efektivitasnya mencapai 100%.

Tapi, untuk bisa melakukan metode KB ini, banyak syarat yang harus dipenuhi.

Salah satunya, ga bisa kalau belum punya anak.",2024-05-13T12:34:39.000Z,
twitter,"Coba cari2 info aja kak. Utk org2 yg menengah ke atas, mereka udh mulai aware dengan vasektomi ini karena finansial utk punya anak harus mantep banget",2024-05-12T11:15:04.000Z,
twitter,"vasektomi dengan consent mereka & pasangan mereka. 
Kalo soal kehamilan aku sebel aja sama orang yg maksain banget cewe harus hamil & melahirkan padahal itu ngerusak badan cewe ini mungkin satu topik sama bahasan bayi itu parasit",2024-05-12T09:13:33.000Z,
twitter,kenapa harus pil KB dan vasektomi sih? emang cara lain gak ada?,2024-05-12T08:49:07.000Z,
twitter,"Ditanya sama temen tipe pasangan ideal aku gimana, aku jawab ""yg ga ngebet harus punya anak atau kalau memang dikasih rezeki punya anak dia ikhlas kl istrinya misal harus operasi Caesar dan open minded ttg vasektomi"" temenku malah bilang aku aneh ",2024-05-12T08:15:44.000Z,
twitter,"Sebagai orang yang berkecimpung di kesmas, cara paling mudah memanipulasi persepsi rakyat ya lewat program pemerintah. Selama ini gw gapernah denger program"" vasektomi. Ga semua orang juga punya akses internet. Harus ada intervensi yg lebih baik dr pemerintah terkait isu ini.",2024-05-12T07:43:59.000Z,
twitter,"ngajarin laki-laki soal vasektomi harus gitu emang, kalau pake istilah ilmiah otaknya suka ngga nyampe",2024-05-12T07:31:13.000Z,
twitter,resiko punya anak lagi emang yang hamil elu? yang 9 bulan bawa utun sana sini elu? yang kulitnya harus dirobek elu? cuma disuruh vasektomi doang udah kaya divonis hukuman mati. https://t.co/BfJAJOc10V,2024-05-12T06:47:31.000Z,
twitter,"Pemerintah harus bikin marketing vasektomi ""bebas celap celup tanpa takut hamil.""",2024-05-12T05:02:44.000Z,
twitter,"eh tapi aku baru tau faktanya kalo vasektomi itu ga permanen, jadi beberapa bulan/tahun sekali harus perawatan semacam ((retouch)). karna kalo nggak yaa dia akan bisa menghamili lagi...
aku tau dari ((drama korea)) tapi lupa drakor apa",2024-05-12T04:32:50.000Z,
twitter,"edukasi jenis KB vasektomi kepada para lelaki ini justru harus lebih di luaskan lg emang, karna sebetter itu bagi pria yg berKB dibanding wanita, karena besaran risiko yang sangat beda jauh dibanding perempuan. sejauh ini baru temen sd gue yg gue edukasi, tapi ttp aja ga mudah:)",2024-05-12T03:48:25.000Z,
twitter,"Gua juga org yg bakal nolak keras kalo disuruh KB, pil bikin hormon ga stabil bikin gendut, terus yg iud sakit. Pokoknya suami gua yg harus vasektomi kalo mau creampie tiap hari https://x.com/noniksipit/sta/noniksipit/status/1789101261528367203…",2024-05-11T23:51:35.000Z,
twitter,"Kalau untuk alasan medis diperbolehkan, dan harus bisa dikembalikan seperti semula sesuai fatwa vasektomi dan tubektomi tahun 2012, maaf kalau salah",2024-05-11T22:48:57.000Z,
twitter,"cuma mau mengingatkan, vasektomi maupun tubektomi itu sifatnya 'permanen'. makanya, harus ada pertimbangan yang matang betul sebelum memutuskan buat jalanin prosedurnya. jangan sampai entar udah jalanin, eh, nyesel.

ya, teorinya sih, bisa dibalikin tapi belum tentu juga.",2024-05-11T19:29:46.000Z,
twitter,"imo sih harusnya diedukasi dua²nya, habis itu biarkan mempertimbangkan lalu pilih sendiri mau gimana. harus bener² udah diobrolin segala positif negatifnya masing² opsi KB, soalnya misal suami memutuskan buat vasektomi, itu tuh boleh dibilang permanen, susah balikinnya",2024-05-11T19:17:59.000Z,
twitter,"Baru tau ada pemikiran gini. Make sense sih, tapi bener kata kamu kalo udah rumah tangga harus percaya satu sama lain. Lagian kalo orang selingkuh sih pasti bakal selingkuh, gak pandang dia vasektomi atau gak",2024-05-11T15:07:37.000Z,
twitter,"Anjing. Udahlah suruh mengandung, melahirkan, korban fisik dan mental, masalah kontrasepsi harus cewe juga yg kena beban. Normalize vasektomi. Anjing.

Udah gt ga berusaha merawat pernikahan nih bangsat² effortless. Istri banyak berkorban tp kasih sayang yg didpt ga sepadan https://x.com/noniksipit/sta/noniksipit/status/1789101261528367203…",2024-05-11T13:56:23.000Z,
twitter,"Baca tweet ini jadi inget pas deeptalk sama istri. Kalaupun harus KB maka aku menawarkan diri untuk vasektomi. Aku gak ngebolehin istriku buat KB. Toh menikah tidak melulu tentang seks, a thousand way to express love to our spouse.",2024-05-11T13:44:08.000Z,
twitter,tapi sayang banget mayoritas cowo2 disini masih banyak yg belum aware sama hal itu dan bahkan mungkin gatau ttg vasektomi? atau kalopun tau mereka pada gamau? padahal jadi cewe hamil dan melahirkan pun udah perjuangan banget ditambah kalo harus kb dengan resiko kayak gini duh…,2024-05-11T12:32:19.000Z,
twitter,"Oiya ttg steril atau namanya vasektomi pada pria, tubektomi pada wanita, itu gabisa dilakukan sembarangan, setauku harus ada kondisi medis tertentu. Nanti saluran vas differens nya diikat/dipotong begitupun dengan tuba fallopi. Sekian",2024-05-11T12:19:45.000Z,
twitter,"Suamikuuu jg giniii huhu mirip bgt prinsipnya. Katanya dia aja yg kb dan udh research ttg vasektomi gmn2nya. Kasian dia liat aku krn udh harus tiap bulan mens, hamil, melahirkan, menyusui dll. Suami liat ak dilep aja bingung kudu gmn pdhl ak cuma sambat2 aja wkwk https://x.com/wongaaaaaaaa/s/wongaaaaaaaa/status/1789194641340018963…",2024-05-11T11:28:28.000Z,
twitter,"Berrt ada ke egoisan doang, si cwek di larang kb tapi si cwok suruh kb/Vesektomi, kalau emang begitu metodenya harus dua-duanya aja kb biar nemu titik terang. karenapun vasektomi ada efek sampingnya juga seperti pendarahan, perubahan warna skrotum dll.",2024-05-11T10:44:48.000Z,
twitter,"Udah bener kb paling aman itu ya kondom, gaakan ngerusak biologis dan fisiologis penggunanya. Orang"" skrg ni mikirnya kejauhan lah, dikira kb harus pil iud vasektomi padahal ada cara paling mudah murah dan aman",2024-05-11T10:41:23.000Z,
twitter,"ayo bapak-bapak, harus mau vasektomi  biar gak perempuan mulu yang disuruh berkorban segininya ",2024-05-11T10:28:19.000Z,
twitter,"ada kampanye KB yang harusnya tuh ya cowonya yg di vasektomi ga sih? 
jd bisa lepas dari stigma klo KB tuh ditanggung “harus” cwe gt ga? 

jd pas abis lahiran ya dokternya educate suami buat lu vasektomi lah woy gitu  bukan “ibu mau sekalian pasang iud?” kek?? ",2024-05-11T08:13:36.000Z,
twitter,"udhlah gaada jalan lg buat wanita hidup tenang, suami diharamkan buat vasektomi kan, yaudahlah sy aja sbg wanita yg harus selalu bertaruh hidup dan mati mana yg paling minim resiko pun ternyata ga minim juga resikonya",2024-05-11T08:11:04.000Z,
twitter,Saya rasa opsi amannya selain kondom dan vasektomi adalah suami harus menahan nafsu alias tidak melakukan hubungan seks ,2024-05-11T08:01:27.000Z,
twitter,"kb laki2 dgn vasektomi dianggap hal luar biasa, pengorbanan suami ke istri, dan harus izin ke keluarga suami. anak dlm keluarga, istri yg dituntut utk mengasuh, mendidik, mengurus. diminta berhenti bekerja, menarik diri dari dunia luar, sambil mengerjakan 'kewajiban' rumah tangga",2024-05-11T04:33:49.000Z,
twitter,"Udah gitu jg harus kb. D masukin benda asing, minum pil hormon yg ngerusak tubuh dll. Pdhl vasektomi ada  dan 100% lebih aman tanpa ada efek samping yg mengerikan ",2024-05-10T23:06:52.000Z,
twitter,KNP HARUS UDAH VASEKTOMI ,2024-05-09T13:27:47.000Z,
twitter,"Dok 
@piyopikavet
 harus banget baca ini 

*Aku pertama kali tau vasektomi dari acc dokter ini",2024-05-08T15:16:47.000Z,
twitter,Vasektomi harus punya istri dulu ya?,2024-05-08T12:57:46.000Z,
twitter,"Kak, vasektomi ini harus diputus saluran vas deferensnya ya? Kalo misalkan diiket gt bisa juga kah? Jd sewaktu2 pengen promil lagi bisa dilepas iketannya",2024-05-08T10:58:15.000Z,
twitter,Kenapa harus vasektomi kalau bisa ngegay #thinksmart,2024-05-08T10:09:17.000Z,
twitter,"Kalo ngasi makan stray cat itu salah—artinya kita juga harus stop berbagi ke homeless/pengamen/tukang parkir/dll.

Mending duitnya disimpen aja buat bayarin mereka vasektomi/KB. ",2024-05-07T00:51:20.000Z,
twitter,"Lebay anjirrrr vasektomi berasa disembelih aja. Pengecut kayak gini ngerasa paling sok iye dan lebih mending istrinya nanggung efek samping KB daripada dia yang harus jalanin, kah?",2024-05-06T21:59:32.000Z,
twitter,"Kayaknya pinter aja gak cukup, tp jg harus mau belajar, rendah hati, attitude & akhlaknya bener. Mantan saya kemarin software engineer, kerja di konsultan multinasional, gaji mantap, kurang pinter apa. Tp anti vasektomi & pgn punya anak banyak + kang selingkuh. Hehe.",2024-05-06T13:46:01.000Z,
twitter,"Dikira vasektomi itu kayak habis lahiran kali ya? Bius ilang langsung terkapar gak bisa ngapa-ngapain. Yang habis lahiran aja dipaksa harus gerak kalau udah dibius. 

Gak semua mua yang dianastesi itu bakalan bikin hidup menderita. Banyak kok bisa lgs beraktivitas kek biasanya.",2024-05-06T13:32:12.000Z,
twitter,"""Klo laki2 vasektomi yg kerja masang batu bata/dorong gerobak siapa?""

vasektomi kan cuma mutus vas deferens... bukan dipotong habis peler sama biji pelernya... lukanya kecil banget lho... cuti dua hari juga abistu bisa kerja lagi

emang kerja nukang harus fertile? kan kagak...",2024-05-06T11:48:41.000Z,
twitter,"Om, suamiku mau vasektomi tapi belum memenuhi syarat 

Infonya harus 2 anak, kami udah 2 anak tapi rupanya baru dihitung satu karena twin.

Syaratnya ini ga bisa ditawar apa ya?",2024-05-06T09:35:24.000Z,
twitter,"Bentar gak ganggu ekonomi negara?
Emang kalo vasektomi langsung lumpuh ga bisa kerja? Atau harus bedrest 1 thn kah? Atau gimana?",2024-05-06T08:50:50.000Z,
twitter,Yuk nambah informasi tentang vasektomi. Vasektomi adalah proses yang lebih mudah karena pake bius lokal. Ada yang udah melakukannya dan bisa beraktivitas nih.  Kalau tubektomi harus operasi besar dan bius total. Pemulihannya juga lama.,2024-05-06T08:36:07.000Z,
twitter,"Pantesan yg dikasih kodrat haid, hamil, melahirkan tuh perempuan. Cowo mah ternyata ada yg sama vasektomi doang takut.
Bayangin cewe abis sc berapa jahitan tp harus mulai ngurus anak tanpa cuti, abis lahiran mmk sobek dijahit tp tetep pipis wkwkkw
Km lemah nian mas ",2024-05-06T08:26:08.000Z,
twitter,"Tanyarl
Gaes!!! Kalian harus liat drama dokter hewan ini dengan salah satu fighternya!! Lucu banget soalnya si dokter udah vasektomi melawan fighternya yg ngeyel soal vasektomi ",2024-05-06T06:54:20.000Z,
twitter,"Ga bisa kak, pokoknya harus tubektomi. Kalau ada resiko apapun itu, harus perempuan yang tanggung. Ntar negara ga well-functioned kalo semua laki laki vasektomi dan harus recovery (walau cuma hitungan hari). ",2024-05-06T06:47:05.000Z,
twitter,"Beda orang beda cara supportnya, support gk harus 24/7 di samping istrinya yg melahirkan

Gk semua laki2 punya privilege recovery vasektomi. Anjuran dilakukan >35th, ada yg 40th. Yg jelas usia segitu umumnya di titik puncak karir/lagi keras2nya kerja

Kerja harian kena PVPS ",2024-05-06T05:44:58.000Z,
twitter,"Penyembuhan vasektomi itu lama, blue collar yg kerja lapangan apakah mungkin lakukan vasektomi? 

Laki2 yg harus kerja berat di lapangan berapa lama butuh bolak balik RS untuk kontrol. Laki2 yg harus kerja tiap hari untuk cari makan. Gk kerja gk makan

Gk semudah tubektomi",2024-05-06T00:43:27.000Z,
twitter,"Bedrest brp lama?

Klo bnyak laki2 vasektomi & harus bedrest akan ganggu roda ekonomi. Jangka panjang jg nambah risiko kanker prostat",2024-05-06T00:35:15.000Z,
twitter,"Vasektomi meningkatkan risiko kanker prostat. Ya itulah simpulan terakhir kpd studi2 terbaru

Laki2 tidak dirancang untuk penyembuhan organ reproduksi, beda dengan perempuan yg memang dirancang sembuh lebih cepat melalui mens, melahirkan, dll

Laki2 harus kerja, vasektomi bedrest",2024-05-06T00:15:53.000Z,
twitter,Setuju banget gue KB/Vasektomi harus disadari di Indonesia ini,2024-05-05T16:38:22.000Z,
twitter,"""Vasektomi relatif aman! ANGKOT88 setuju harus lebih banyak yang tahu soal ini!""",2024-05-05T14:38:52.000Z,
twitter,"Besok suamiku Aku suruh vasektomi kalau udah punya baby 2 lusyu2 
Pokoknya harus ngeyakinin biar mau. Aku gamau kb / implan2 ",2024-05-05T10:41:48.000Z,
twitter,"aku kemarin nanyain doi lagi,  mau ga kalo kamu vasektomi? biar aman aja.
 dijawabnya 

nanti gabisa punya anak lagi gitu? gak lah.
kan aku jg ga maksa km harus KB, aku jg bisa kontrol sendiri.",2024-05-05T06:48:22.000Z,
twitter,"pak, sebelumnya sudah adakah pembahasan mengenai vasektomi dengan sang istri? karena menurut saya tindakan tersebut merupakan keputusan yang besar dan harus dibicarakan dulu. mungkin alangkah baiknya saat ultah istri, (cont)",2024-05-04T11:07:24.000Z,
twitter,"Suami udah mau vasektomi, eh belum memenuhi syarat. 

Di info katanya harus minimal sudah punya 2 anak. Eh anak kami yang 2 itu rupanya baru dihitung 1 karena kembar 

Aku belum bisa steril juga karena alasan ini.",2024-05-04T10:27:57.000Z,
twitter,"Ayoo dong pemerintahh lebih vokal soal vasektomi inii! Biar perempuan ga melulu harus berkorban dalam sebuah hubungan seksual. Udh hamil, hormon berubah, pake kb kadang pendarahan ataupun hormonal. 

Please normalize suami2 pake vasektomi kalau sudah merasa cukup punya anak!",2024-05-04T10:05:51.000Z,
twitter,"masi gapaham sama keluarga yang nentang suami buat vasektomi, kek perempuan disuruh tubektomi tapi vasektomi buat cowok enggak?

pemerintah harus lebih banyak edukasi kalo program KB itu ga istri aja tapi suami juga bisa andil",2024-05-04T10:03:09.000Z,
twitter,"kasihan banget perempuan selalu berkorban. perempuan udah tugasnya mengandung anak 9 bulan, belum lagi melahirkan anak, belum lagi ngasih asi dan rawat anaknya. sedangkan pria disuruh vasektomi doank masa harus istrinya disuruh tubektomi juga?",2024-05-04T09:48:10.000Z,
twitter,"saya juga rencana mau vasektomi pak, saya datengin faskes 1, tapi katanya enggak ada KB pria/MOP. dan gak bisa ajukan sendirri, harus tunggu safari KB dari puskesmas katanya.
kalau boleh tau bagaaimana prroses nya pak?",2024-05-04T09:14:39.000Z,
twitter,"Moga lakiku nanti mau vasektomi 
Krn KB tdk slalu harus perempuan ",2024-05-04T04:59:22.000Z,
twitter,"lebih baik di obrolin secara bersama-sama, ini bkn keputusan secara sepihak aja, tp butuh kedua belah pihak. Lebih baik perempuannya atau laki² nya kb (dengan cara pake kondom kan bisa, tanpa harus vasektomi), tergantung kenyamanan kedua belah pihak kalo memang salah satu mau kb",2024-05-03T15:31:27.000Z,
twitter,meh tak reply serius soal kb laki-laki harus bersedia vasektomi fafifublabla tapi ntar aja ultramene ngantuk,2024-05-01T15:30:34.000Z,
twitter,wkwkwkw tipikal yg gamau disuruh vasektomi tapi istrinya harus pake kb nih,2024-05-01T15:05:16.000Z,
twitter,Seorang pria di Argentina harus menerima nasib setelah dokter tak sengaja melakukan vasektomi atau kebiri terhadapnya. Begini kronologinya.,2024-04-27T13:28:07.000Z,
twitter,Seorang pria di Argentina harus menerima nasib setelah dokter tak sengaja melakukan vasektomi atau kebiri terhadapnya. Begini kronologinya:,2024-04-27T12:50:00.000Z,
twitter,"Orang ini apa tidak dibekali pendidikan sex, bahwa ada upaya preventif dengan mwnggunakan alat kontrasepsi (misal kondom)? even saat sudah menikah suami ga mau tgg jawab bisa buka opsi tubektomi/vasektomi(cuma ada bbrp persyaratan yg harus dipenuhi sih).",2024-04-27T08:37:46.000Z,
twitter,"- Finansial bisa maklum
- Infaq 10% berat. Islam 2.5% zakat mal itupun harus ada syarat minimal harta terpendam dulu. Setauku yg 10% ini nonis deh ke gereja
- NO KB? gpp kalo dia mau VASEKTOMI
- kerja ikut ke gresik msh oke lah ya namanya aja ikut suami",2024-04-25T08:06:55.000Z,
twitter,"Pernah nonton di salah satu YouTube pas ustad felix di undang, beliau menyampaikan kalau vasektomi, tubektomi engga diperbolehkan, boleh tapi harus dengan alasan medis",2024-04-24T12:38:28.000Z,
twitter,"Ya kalopun ga urgent & dia mau vasektomi ya terserah dia lah.
Ga semua orang harus nuruti cangkeme raimu.",2024-04-24T12:31:00.000Z,
twitter,"Ngapain diingetin kan bukan urusannya, suaminya vasektomi juga gaada yang dirugikan. Belajar diem deh, ga semua urusan orang harus lu campuri.",2024-04-24T12:00:26.000Z,
twitter,Emang beneran ada dalilnya di Islam kalo vasektomi tubektomi harus dg alasan medis? https://x.com/RhamaIroma/sta/RhamaIroma/status/1782564278849134693…,2024-04-24T11:45:20.000Z,
twitter,"setuju sama salah satu qrt. kenapa seolah-olah cuma cewek yg harus suffering. hamil 9 bulan, menyusui, masih harus KB a, KB b, minum obat ini itu, tubektomi dsb. cowok cuma disuruh pake kondom aja kadang gamau. disuruh vasektomi mencak-mencak.",2024-04-23T10:34:14.000Z,
twitter,"Mbaknya gapernah bilang vasektomi itu kodrat pria. Vasektomi/KB itu PILIHAN tiap individu, bukan sesuatu yang harus/boleh dipaksakan. https://x.com/guardian1437/s/guardian1437/status/1781876662667485399…",2024-04-23T10:21:36.000Z,
twitter,"Syarat cari bojo jadi nambah satu: yg bersedia vasektomi (temporer)

Artinya mereka harus melek efek samping penggunaan kb bagi perempuan, yg masih ada kemungkinan kebobolan juga. Karena memang yg paling akurat adalah menyetop supply utama kemungkinan pembuahan ",2024-04-23T08:33:46.000Z,
twitter,apa kita harus menolak kb dan memilih child free krn suami gamau ikutan berkorban dgn vasektomi? wkwkw,2024-04-23T04:08:48.000Z,
twitter,"Laki-laki yang takut vasektomi itu cuma laki-laki yang kagak setia, mereka masih memikirkan skenario suatu saat harus hamilin perempuan lain .",2024-04-23T02:39:21.000Z,
twitter,"Bukan ttg lu patriarki atau engga, dan gue hargai itu pekerjaan rumah yadda2  ya tp harus balance lah pak, vasektomi tuh bukan waw hal keji jahat potong titit aww, lebay bgt lu pda wkwk kyk bakal disika",2024-04-23T01:47:24.000Z,
twitter,"kenapa ya pada takut banget ama vasektomi non permanen? kalau ngomongin resiko kb perempuan juga banyak. ada yg harus ganti-ganti metode karena alergi, bermasalah dengan kesahatan dll.

tp kenapa perempuan doang yang wajib ngerasain suffering?",2024-04-23T01:37:17.000Z,
twitter,"*yahhh

Beidewei dari mata gue sih u salah satu cowo yg harus di vasektomi yah ",2024-04-23T00:58:41.000Z,
twitter,"masa? setauku vasektomi itu harus ada maintenance setahun sekali untk periksa keberhasilan loh, kl dlm setahun ga periksa lg bisa gagal vasektominya dan bahkan menghamili perempuan. pernyataanmu ada sumber infonya ga?",2024-04-22T23:36:00.000Z,
twitter,"bingung juga, apakah dgn vasektomi, laki2 merasa tidak 'laki' lagi, sehingga masih harus istrinya lah yg 'berkorban' dgn kb?",2024-04-22T17:34:26.000Z,
twitter,"Perdebatan tubektomi dan vasektomi masih lanjut aja 

Kenapa sih urusan private gitu harus didebat, kan tiap pasangan suami istri beda kebutuhan dan kondisi. 

Aku tubektomi usia 24 thn, stlh lahir anak ke 3, tentu persetujuan suami. 
Alasannya?… 
Karena aku gampang hamil ",2024-04-22T16:25:16.000Z,
twitter,"Yaudahlah, udah keputusan mereka. Suaminya juga mau. Kalo gak setuju sama vasektomi, ya gak usah dilakuin buat diri sendiri aja. Kalo orang lain mau ya biarin aja. Untung ruginya kan mereka yg tanggung. Kenapa harus pusingin kehidupan pernikahan orang sih?",2024-04-21T13:09:45.000Z,
twitter,"Kepikiran buat minta suami vasektomi. Td ngobrol sambil makan bakso semangkok berdua. Ku tanya “mau gak?” Ga ngasih jawaban yg berarti sih, mungkin nganggap nya cuma pertanyaan biasa. Harus nunggu waktu yg pas buat ngomongin ini secara serius",2024-04-21T08:20:40.000Z,
twitter,"Jd pgn nikah sama org yg mau vasektomi.. tp km harus sholeh ya sayang, aku udah cape mati demi km, km harus mati2an jg demi aku, saling dong ",2024-04-21T05:59:57.000Z,
twitter,"suaminya juga harus disalahkan sih ini. sc tuh ada maxnya, kalau ga salah 3x. lah ini 4x... high risk bgt. daripada nyuruh si istri kb, lebih baik si bapaknya vasektomi",2024-04-21T04:36:39.000Z,
twitter,"Dan ""mereka""bilang patriarki itu ga nyata. Cuma delulunya feminist"" ditwitter. Ini mbanya berkali kali mau mati, suaminya mau vasektomi, dan harus izin kluarga besar? . Gimana nih kalo ada skema patriarki yg buat vasektomi jd diluar ranah privasi hubungan. https://x.com/noniksipit/sta/noniksipit/status/1781221120856973797…",2024-04-21T04:28:27.000Z,
twitter,"Bukannya vasektomi itu permanen ya?

Kayaknya vasektomi nggak disarankan karena efeknya permanen, di mana kalo pasangan mau nambah anak ya nggak akan bisa.

Memang ini keputusan yang harus dipikirin matang2, sama kayak punya anak—sama2 permanen. Wkwkwk",2024-04-21T04:18:09.000Z,
twitter,"jadi, sebelum tubektomi/vasektomi, biasanya spOG harus mastiin dulu kesiapan pasangan, Kak. Supaya gak menyesala kemudian, Kak.",2024-04-21T03:41:13.000Z,
twitter,"Gak cuma vasektomi aja kok yg jd last resort, tubektomi jg mostly ga disarankan krn high risk. Meskipun reversible tp success rate-nya belum terlalu tinggi.

Tp gue jg setuju kalo KB itu seharusnya gak selalu harus dibebankan ke perempuan.",2024-04-21T03:36:45.000Z,
twitter,"sist itu si cewe literally udah sc 4x, mau cowonya vasektomi apa enggak, ya cewenya harus melindungi diri sendiri buat ga hamil lah?????",2024-04-21T03:32:07.000Z,
twitter,"Aku udah ngobrolin ini sama cowoku, sepakat kalo nikah dan udah punya anak, dia mau vasektomi aja. Terus aku baru tau harus izin keluarga juga https://x.com/noniksipit/sta/noniksipit/status/1781221120856973797…",2024-04-21T03:12:02.000Z,
twitter,"Aku aja baru 2 udah dobel kb, aku implan laki kondom, udah aku suggest vasektomi blm berani katanya, ya udah terima resiko harus pake kondom, jgn enak doang lu ",2024-04-21T03:01:23.000Z,
twitter,"Baca ceria mbak jadi ikutan kesel,kalo harus inform ke keluarga besar ya jelas bikin huru hara di tengah keluarga besar  padahal cukup inform consent pasutrinya aja yaa.. semoga lancar² proses vasektomi sampai kesembuhannya nanti ya mbak-mas.",2024-04-21T02:48:59.000Z,
twitter,Buset sc sampe 4x. Lakinya gak mau vasektomi apa ya. Dokternya salah. Tp si laki masa gak peduli keselamat istri. Udah sc 3x udah resiko gede klo harus sc lagi.. ,2024-04-21T02:47:15.000Z,
twitter,"Ini biasanya vasektomi yang hanya di ikat saja dan bukan di potong. Karena pada dasarnya setelah vasektomi itu tidak berarti langsung efektif, ada masa tunggu selama 7 hari dan selama itu jika berhubungan masih harus menggunakan kondom untuk menghindari kemungkinan sperma keluar",2024-04-21T00:55:59.000Z,
twitter,Itu masih disuruh tubektomi loh....... Kamu yg harusnya vasektomi pakkkkk ya Allah gatau lagi kenapa perempuan yg harus nanggung resiko sebesar ini selain mengandung dan melahirkan ,2024-04-21T00:25:10.000Z,
twitter,"Tapi giliran bapak mau minta KB, disuruh pertimbangkan baik baik. Pertengahan 30 akhirnya harus operasi, anak udah 4, dan dengan penjelasan panjang lebar dulu—ibu sama bapak gak berani vasektomi dan angkat rahim (wicis amit amit bisa operasi lagi kedepannya).",2024-04-20T23:43:22.000Z,
twitter,"Buat gw obgyn yg ngerjain vasektomi :
1. Lebih enak konseling vasektomi daripada harus tubektomi pasien yg punya riw SC (resiko operasi)
2. Dari konseling umumnya penolakan dari pasien itu cuma 2 : takut suami bandel ga ada jejaknya, dari yang cowok takut stigma jadi letoy",2024-04-20T22:45:52.000Z,
twitter,"Kalau konsul ke obgyn :
1. Tinggal dikit obgyn yg bisa vasektomi
2. Vasektomi harus konsul urologi atau bedah
3. Duitnya ga ke obgyn dong",2024-04-20T22:44:03.000Z,
twitter,"Untuk wanitaku yang tepat nanti: mau punya anak 1 aja sih, terus vasektomi. Gatau bakal terwujud atau engga, soalnya calonnya juga belum ada 

Tapi di masyarakat Indo yang diutamakan KB harus perempuan ya ",2024-04-20T15:31:59.000Z,
twitter,"Karena ini sifatnya permanen jd ""harapannya"" sebelum vasektomi tu harus ada anak dlm jumlah tertentu dan ada minimal umurnya",2024-04-20T15:03:40.000Z,
twitter,Syarat vasektomi emg harus udh punya anak dlm jumlah tertentu sih,2024-04-20T15:00:29.000Z,
twitter,pokonya cowo yg gak mau vasektomi harus bisa menghentikan cowo yang rela mau vasektomi ,2024-04-20T13:16:58.000Z,
twitter,yaampun mau vasektomi aja seluruh keluarga besar harus tau  https://x.com/noniksipit/sta/noniksipit/status/1781221120856973797…,2024-04-20T12:17:05.000Z,
twitter,Semoga segera pulih kembali ustadzah. Ya Allah ga kebayang SC sampe 4x dan harus tubektomi. Kenapa ga suaminya yg vasektomi? Kan sama aja. Udh ngerasain sakitnya hamil dan melahirkan lalu harus ditubektomi.,2024-04-20T11:54:41.000Z,
twitter,"Steril mah sama kayak vasektomi kan ya..
Itu mah harus persetujuan si perempuan atuh, ga ada standard setelah 2 SC otomatis lsg steril",2024-04-20T11:12:23.000Z,
twitter,"Hal kaya gini yg harus laki2 sadar knp ada yg namanya feminist biar perempuan dianggap setara & sm berharganya kaya laki2. Karena lu mau vasektomi aja di suruh izin kaya mau korbanin nyawa. Sedangkan perempuan yg hamil, dan KB juga padahal banyak efek samping https://x.com/noniksipit/sta/noniksipit/status/1781221120856973797…",2024-04-20T07:32:07.000Z,
twitter,"Iya kah? Baru tau. Aku kepikiran vasektomi, cuma blum boleh sama istri. Dan masih ada iud juga. Dah punya anak 2 masih harus ngomong sama keluarga? Cukup aneh",2024-04-20T06:08:44.000Z,
twitter,"Ini bener. Aku pas lagi ditanya KB sama tetangga. Kubilang suami aja yg vasektomi, dia mau kok. Malah dijawab, jangaaan nanti enak suaminya ga ada jejak kalo selingkuh. Ya kujawab, lah aku yg menstruasi, aku yg melahirkan, masih aku pula yg harus KB. Sesekali suami lah",2024-04-20T06:07:08.000Z,
twitter,"Kalo dri cewe udah kb masih kebobolan brarti dari lakinya juga harus kb vasektomi ga sih, trus ini anak sama ortunya kok bisa sejenis gilanya, udah nikah malah mau digugurin",2024-04-20T05:33:28.000Z,
twitter,"ada tweet tentang vasektomi yg bikin inget mulut nakes yg bikin sebel sampai sekarang.
kalo mau tubektomi harus udh 35th, anak udh 3, kalo sakit ya sakit yg memang berbahaya utk ibu dan janin.
kalo mau vasektomi juga gitu, tapi gak seribet syarat tubektomi",2024-04-20T03:55:05.000Z,
twitter,Vasektomi harus udah punya anak pula ,2024-04-20T03:40:24.000Z,
twitter,Maksudnya kenapa harus vasektomi.,2024-04-19T10:58:53.000Z,
twitter,"dah pengorbanan 3x mengandung, melahirkan cesar, kb steril pun harus si istri kenapa ga suaminya yg vasektomi ihh.. kesel bgt bacanya doang",2024-04-19T02:42:38.000Z,
twitter,"just some silly thoughts, tapi kenapa ya kalo lagi in heat tuh omega harus minum suppressant biar ga horny dan hamil, kenapa alphanya ga vasektomi aja",2024-04-16T04:38:27.000Z,
twitter,"Banyak kasus anak tertua harus menanggung estafet tanggungjawab terhadap adiknya, baik secara finansial ataupun moral. Kalo mau cr istri lg, hrs cr istri yg terima kalo dia ga akan pnya ank dr Mr Chocolate..

Jd apa kita pastiin dia vasektomi dlm waktu dekat wkwk",2024-04-14T04:39:03.000Z,
twitter,"hmm kenapa mikirnya selalu gini deh? cowok tuh jarang mau vasektomi dan apa salahnya sender bangga dan senang?? kenapa harus selalu dikaitkan dengan perempuan lain? kamu ga berani vasektomi, ya?",2024-04-07T05:57:26.000Z,
twitter," judulnya harus bombastis: belasan tahun jalani vasektomi, ini efeknya",2024-04-07T04:13:14.000Z,
twitter,Ortu dan anaknya harus di vasektomi & tubektomi biar ga nambah sampah di indo https://x.com/buttearcups/st/buttearcups/status/1775875135209410836…,2024-04-05T04:26:35.000Z,
twitter,"Tapi vasektomi bisa direverse dan kemungkinan punya anaknya juga masih besar. Abis Saganya gak mau ngalah, kasian kalo perempua  aja yg disuruh kb, kb kan seringnya juga masalah buat perempuan. Tapi dia pake kondom ga mau. Harus nemu jalan tengahnya.",2024-04-03T13:00:09.000Z,
twitter,Tim Wira sih. Om Saga kalo mau enak2 harus mikirin istri juga. Dari pada Una (perempuan) terus yg nanggung kbnya yaudah om Saga aja vasektomi. Mau enak kok ga mau berkorban. Bisa di undo juga kok setauku vasektomi kalo nanti mau pny anak.,2024-03-31T16:02:01.000Z,
twitter,"nder setauku vasektomi itu minimal harus punya 2 ank, dan ada minimal umur nya juga. bisa yuk di obrolin lagi baiknya gmna. semoga lahirannya lancar yaa nder, ibu & baby nya juga sehat",2024-03-30T14:29:25.000Z,
twitter,"Pilihan KB cowok cuma 2 soalnya, vasektomi sama kondom

Kalo vasektomi tu banyak bgt pertimbangannya. Yg mudah dan simple ya kondom. Kalo gakmau pake kondom ya harus pinter atur ritme dan kontrol jangan sampe keluar dalem, tp risiko kebobolan gede bgt wkwk",2024-03-23T11:49:02.000Z,
twitter,"cowo bisa vasektomi kan yah, lebih minim risiko juga yg kubaca, hal2 seperti itu tidak sepenuhnya harus dibebankan ke perempuan",2024-03-23T10:41:50.000Z,
twitter,"Mencari kesana kemari mikir minta jodoh yang inih yang onoh, skrg ada tambahan aku minta jodoh yg mau vasektomi after 1 anak ga semua semua harus pihak saya yg berkorban, tapi pihak laki juga donk wkwkwkwkwkwkwk",2024-03-20T19:14:28.000Z,
twitter,"fyi, pil kb, kondom, IUD, tubektomi dan vasektomi itu gratis di puskesmas. Kalo yg prosesnya operasi kecil harus daftar dulu minimal sebulan 1x diadain per kecamatan.",2024-03-13T08:09:40.000Z,
twitter,"Udh jadi BRT, mau di vasektomi juga lagi. Biasanya istri yg harus kb, tp ini dari pihak cowok yang ambil bagian. Keren bgt gilssss ",2024-03-10T04:17:15.000Z,
twitter,"btul, bagaimana kalo cowok vasektomi aja soalnya cewek udh susah2 hamil melahirkan menstruasi tp harus dpt efek samping dr program KB juga",2024-03-09T15:22:23.000Z,
twitter,"nanti gue sebelum nikah harus diskusi dulu soal ini nih wkwkw gue gamau KB, dia aja yang KB / vasektomi",2024-03-09T15:10:46.000Z,
twitter,"Lakinya jg egois pasti model begini mah, kaga bakal mau vasektomi. Beban KB pun tetap perempuan yg harus nanggung.",2024-03-07T10:22:10.000Z,
twitter,"Perempuan...
Udah hamil, melahirkan, merawat, mengasuh...

Masih harus menanggung pencegahan kehamilan yg tdk diinginkan.
Perempuan dg rela KB sampe ada yg tubektomi.
Sementara lelaki gak mau vasektomi aplg disuruh pake kondom...",2024-02-28T04:10:15.000Z,
twitter,udah lah deehan mending lo vasektomi aja dah  gua gak rela kalo harus lihat soon to be your son dari non dara ,2024-02-23T18:57:44.000Z,
twitter,"ya.. gausah manak…… bayi ya senormalnya nangis rewel soale gaisok berkomunikasi layaknya orang dewasa… kalo gamau ngurusi bayi rewel ya….. vasektomi aza……….

“udah capek2 fisik mental tapi di rumah harus ngurus bayi rewel”

ya istrimu.. juga.. begitu??? ",2024-02-22T12:02:23.000Z,
twitter,"I won’t get married if my man is against vasectomy. Bukan berarti dia harus vasektomi sih, I actually don’t mind kl aku yg pake birth control. Tp poinnya suamiku nanti harus sadar ketika aku yg ngambil pilihan tsb, itu artinya aku berkorban besar and he better treat me right",2024-02-17T16:02:11.000Z,
twitter,normalize cowo buat vasektomi. bukan cewe yang harus KB. tolong udah banyak pengorbanannya. gantian biar imbang,2024-02-17T14:07:58.000Z,
twitter,nanti suaminya bisa vasektomi kalo misal pgn punya anak 1 aja. tapi kalo rencana punya anak lebih ya harus kb. kalo 'kesundulan' repot ngurusnya nanti. tetanggaku ada yg kek gt anaknya baru 3 bulan trus hamil lagi,2024-02-16T07:18:30.000Z,
twitter,pria harus menonton eps ini agar tidak bertanya pertanyaan tolol cuti 40 hari melahirkan buat apa dan secara sadar ingin segera vasektomi.,2024-02-13T01:04:10.000Z,
twitter,"Ya sbnrny harus ada kesadaran dari cowonya biar tidak egois dan tahu resiko apa yg diperbuat, terkadang banyak laki2 mikir enaknya saja padahal ada teknologi kontrasepsi , ya walaupun  kebanyakan kontrasepsi untuk perempuan karena saat ini yg efektif buat laki2 yaitu vasektomi",2024-02-11T10:27:49.000Z,
twitter,Kyknya harus double proteksi ya dok wkwkwk kalo bisa Ibunya iud bapaknya vasektomi ,2024-02-09T14:18:27.000Z,
twitter,"Yap, ternyata laki-laki masih minim informasi tentang vasektomi dan akhirnya wanita harus menanggung beban kontrasepsi dengan KB.

Padahal, vasektomi terbukti ampuh buat menekan angka kelahiran lho.",2024-02-03T14:05:02.000Z,
twitter,"What are five topics you can talk about for 30 minutes with zero prep  

1. Kenapa Cowok Harus Vasektomi?
2. Mayoritarianism & Agama
3. Why I Hate People?  
4. Pengalaman FWB-an 
5. Dunia Penulis Skenario Sinetron",2024-02-02T03:19:06.000Z,
twitter,"Kenapa ya laki-laki nggak mau educate themselves kayak orang ini? Selama ini perempuan yang harus dipaksa minum pil KB lah, apalah. Lo tau ga sih perbedaan vasektomi vs all the hormones women have to consume to stop the upcoming pregnancies?",2024-01-27T00:39:53.000Z,
twitter,"Untuk layanan vasektomi bisa dicari, kalopun harus ke Jepang buat keluarga kak Dori mah gampang kak. ",2024-01-27T00:09:29.000Z,
twitter,"Sumpil pil kb hormonal tuh ga enak, ngacak2 hormon, ga jarang yg sampe bikin gendutan. Ak yg ga bisa minum obat ntar harus minum pil tiap hari???? Aaaaaaaa gamauuuu
Kb vasektomi udh paling bener, toh masih bisa ereksi kok cuma emg spermanya ketahan",2024-01-26T22:16:24.000Z,
twitter,"udah jelas ada yang bilang, ""cocok bagi anda yang tidak ingin menambah anak lagi""
selesai sebenarnya sudah, kalau ada orang masih mau nambah anak, ya nggak usah diedukasi tentang vasektomi
buang-buang waktu dan energi
pastila ada pro dan kontra, nggak semuanya harus dukung ""kamu""",2024-01-26T18:57:11.000Z,
twitter,"suami temenku kayanya milih ini deh..soalnya temenku bilang aku udah capek melahirkan dan ngurusin anak,badanku uda habis2an, aku ga mau lagi badanku harus dimacam macamin untuk cegah kehamilan,akhirnya mereka sepakat suaminya aja yg vasektomi",2024-01-26T13:47:50.000Z,
twitter,jauh2 deh sama lakik macem lo njir… knp semua harus cewe yg berkorban?! lakiknya cuman vasektomi loh dan itu bisa dibalikkin normal lagi.. goodluck deh yg bakal jadi istri lo,2024-01-26T12:01:04.000Z,
twitter,"Waktu dulu ada yg 'bisa disambung lagi'.
Tp entah kok vasektomi yg itu udah ga pernah muncul lagi.
Kl yg ini permanent spt yg ditulis.
Biasanya yg mau vasektomi ini, harus sudah punya anak dl dan memastikan tidak mau punya anak lagi",2024-01-26T11:41:37.000Z,
twitter,"saran “kalo emang nanti berniat mau menikah, urusan kayak gini tuh harus diobrolin juga. untung2 kalo cowoknya melek masalah vasektomi itu lebih bagus jadi ga cuma mbak aja yg tersiksa nanti”.",2024-01-26T10:29:33.000Z,
twitter,aku bakal dapet jawaban template ciri2 cowok patriarki tp ternyata engga. bahkan ada yg bilang “ga harus cewek kok mbak cowok pun bisa berkorban pakai metode vasektomi”. dan berakhir ada kuliah terbuka bahas masalah vasektomi. di akhir percakapan pun beliau2 ini sempat kasih—,2024-01-26T10:29:33.000Z,
twitter,Yang modelan kayak gini nih yang harus dikasih tau proses vasektomi tuh ngapain aja. Biar gak dikira sama kayak angkat rahim awkwkw,2024-01-26T10:17:21.000Z,
twitter,"Waduh kakkk udah dikasih tau bisa reverse vasektominya, misal cerai atau istri meninggal ini masih ada ngotot.

Kontradiksi bgt itu diatas disebut sebut mau poligami ya? Poligami juga bisa tetep vasektomi kaliii emg nikahin janda dan hamba sahaya harus banget punya keturunan?",2024-01-26T10:13:05.000Z,
twitter,"Setauku vasektomi tuh harus kontrol tiap tahun kan ya, karena bisa lepas jga kalo gk kontrol",2024-01-26T08:22:35.000Z,
twitter,Vasektomi; topik wajib yang harus didiskusiin sebelum gue nikah nanti.,2024-01-26T05:38:17.000Z,
twitter,"Mau nanya kak, apa bener vasektomi itu aturannya harus di atas 30 tahun dan punya 2 anak di atas 2 tahun? Tertarik vasektomi buat suami tapi dapet info gitu di google",2024-01-26T01:07:49.000Z,
twitter,"Kita perempuan sampe segininya dan harus sanggup, ga ada pilihan lain.
Giliran suami, dijelasin vasektomi aja dia ngilu2 serem amit2 ketakutan wkwkwkwkwkwkwk",2024-01-24T10:54:42.000Z,
twitter,"Calonku mau buat vasektomi, tapi anaknya harus nyampe 6 dulu ",2024-01-23T05:14:11.000Z,
twitter,"Imho, intinya adalah harus SIAP jadi ortu, dari segi mental maupun financial. Semisal emg cuma hs hiburannya, bisa ikut program KB atau vasektomi. Tp skrng kan msh banyak yg abai dgn ini, jujur kasian anak2 yg lahir dari ""hiburan"" orang tua ini",2024-01-22T10:24:10.000Z,
twitter,Gua pribadi maunya sama2 kb. Gua iud dia vasektomi. Jdi klo kebobolan fix itu bocah ada takdir yg harus dijalani dia didunia ini ,2024-01-21T08:16:30.000Z,
twitter,"Sepupu gw cwo udh punya anak 2 cwe 1 cwo, trs istrinya vasektomi (krn gak mau pny anak lgi). Gw debat sm tante gue kenapa gak cowoknya yg vasektomi? Kalo cowonya gak bisa membuahi lgi kan aman gak bkl hamil lagi. Eh tante gue bilang lah dmn2 cwe lah yg harus jaga —",2024-01-21T07:15:29.000Z,
twitter,"Aku sih pro dan ga masalah dengan vasektomi, cuman frase ""yang penting istrinya sehat dan nyaman tanpa manipulasi hormonal"" ini nyakitin banget.

Jadi kalau pria yang ga sehat ga papa gitu?

Semua pilihan KB memang harus ada yang berkorban, tapi ga usah lah pakai frase begini.",2024-01-21T05:30:42.000Z,
twitter,"Aku saking takutnya hamil lagi, aku pasang implan suami aku suruh pake kondom, pokoknya dia tetep harus kb juga, jgn cmn aku doang, tinggal milih vasektomi ato kondom",2024-01-21T05:24:58.000Z,
twitter,"Gue pernah ngomong gini ke temen temen gue dan gue malah di ceramahin katanya gak nurut suami, jadi istri gk tau diri cuma krn gue mau suami gue vasektomi nantinya. Wwkwkwkw susah hidup dikelilingi patriarki perkara KB aja cewek yg harus susah lagi.",2024-01-21T04:45:13.000Z,
twitter,Ya berarti cowonya yg harus vasektomi wkwkw,2024-01-21T04:23:01.000Z,
twitter,"pernah ngomong nanti kalo nikah dia mau vasektomi atau ga, langsung dijawab ga mau harus aku yg KB ",2024-01-21T04:03:40.000Z,
twitter,Bapakku vasektomi. Sebelum tindakan ibuku harus ttd bahwa beliau g akan selingkuh krn pasti akan beda hubungan sex nya sama sebelum tindakan. Ibuku tanda tangan setelah penambahan pasal bahwa bapakku gak akan selingkuh juga krn kl vasektomi kan bisa g ada jejaknya ya.,2024-01-21T03:42:17.000Z,
twitter,"Kayanya sih ego dok. 
Even udh dijelasin efek samping KB pada wanita bisa bermacem2, harus cocok2an juga, belum bolak balik pasang. Udah dijelasin prosedur vasektomi yg jauh lebih mudah drpd KB wanita, masih aja pada ga mau. Yaudah mending tinggalin ",2024-01-20T08:40:00.000Z,
twitter,"Ntar terus itu adeknya cowo lo ngapain? Kok harus kakaknya yg urus biaya rumah tangganya? Gue tangkep adek cowo sender cowok ya, berarti kalau udh nikah harusnya siap menimba beban dan segala konsekuensi rumah tangga dong? Stress tuh adeknya… mending doi vasektomi aja sekalian",2024-01-15T11:14:12.000Z,
twitter,"@piyopikavet
 dok kyknya suaminya harus diceramahin sama dokter as duta vasektomi",2023-12-27T07:26:08.000Z,
twitter,"Awas aja lu selingkuh, ku tebas bijimu jalur vasektomi terus ku keruk semua hartamu 

Kalau perlu aku tetep kerja juga ga masalah, tapi urusan rumah harus berdua. Jangan patriaki, ku tebas bijimu ",2023-12-19T14:55:16.000Z,
twitter,"Aku mewajibkan suami yg harus vasektomi. Alasannya karena lebih efektif dan dia yg gak mau punya anak. Otherwise, aku gak mau kalau aku yg dituntut harus KB atau segala macem.",2023-12-18T10:12:36.000Z,
twitter,"Masih ada yang harus ditanyain sih, childfree kontrasepsi nya gmna? Kalo misal harus ceweknya yang kontrasepsi aku sih no, kalo mau dia vasektomi sekalian . But then me typically don't like kids so yep",2023-12-18T09:55:14.000Z,
twitter,"Sepengetahuan ku. Tolong koreksi klo salah
Vasektomi bisa diprogram kok, di korea harus 1-2thn cek up. Selain biar ngga punya anak lagi, disana biar bisa lbh fokus untuk belajar. Krna vasektomi bukan steril/kebiri",2023-12-14T15:12:10.000Z,
twitter,"""Dek"" if you see my tweet, semoga suaminya bisa sadar kalau KB itu penting untuk jarak kelahiran. Kalau kamu ga diperbolehin kb, maka suami kamu yang harus kb  kndom itu murah, ga semahal vasektomi kok.",2023-12-14T14:08:44.000Z,
twitter,"Miris bgt. Banyak hal yg harus diperhatiin dari case ini, jarak anak, kesehatan ibu, kesehatan anak, risiko jangka pendek dan panjang. Bpknya culik, bius, trs vasektomi aja. Kalo ga mau istri KB, LU YG KB YA KAMPRET. Istri sakit emang bisa lu ngurus anak banyak, paling kawin lagi",2023-12-13T12:45:52.000Z,
twitter,"Hadeh udh mah yg berkorban jg cewe harus pake kb, masih jg dilarang. Vasektomi dong om",2023-12-13T12:42:33.000Z,
twitter,"Kalo mau childfree lu yg nanggung disakitin (vasektomi) nya si gpp ya. Kalo cewe nya sampe berkorban harus ngerusak rahim dan badan si big no bgt. Mending lu nikah kontrak aja, kek nya niatan nikah taun depan kebaca di gue lg kepepet bgt doang buat ngebuktiin sesuatu(?)",2023-12-12T05:40:18.000Z,
twitter,"lakinya harus vasektomi ya sis minimal. dikira minum pil kb kagak ngaruh ke badan kita. aku aja gak cocok kb, suami yang rela pakai kondom dan anak kami 1 umur 8thn",2023-12-12T05:25:20.000Z,
twitter,"Yg bodoh ya suaminya lah.
Klo gamau pny anak ya vasektomi sono. Kok istrinya yg d paksa. Udah mah pengen enaknya doang crot di dalem, masih membebani istrinya harus akB/IUD. Bodoh kok teriak bodoh.",2023-12-07T07:05:02.000Z,
twitter,"gabisa nyalahin dan ngebenerin, smg dpt rezeki buat debaynya dan tanggung jawab ya, btw kalo ga pen hamil ga harus dengan kb ko, kan bisa pake kondom, keluar diluar, vasektomi",2023-12-06T00:38:15.000Z,
twitter,Kak dor kayaknya harus bikin video edukasi yg bisa menghipnotis para suami biar mau vasektomi ,2023-11-19T03:23:22.000Z,
twitter,"terima saja dengan syarat harus sterilisasi,
vasektomi untuk laki-laki nya dan tubektomi untuk wanita nya..

spy tidak beranak pinak, dan merugikan penduduk asli",2023-11-17T03:26:07.000Z,
twitter,"boleh aja di terima, tapi semua nya harus di steril dan vasektomi..
biar tidak beranak pinak dan membentuk kelompok2 yang akan menggeser penduduk asli",2023-11-17T01:43:31.000Z,
twitter,"Bitter truth, ego cowok banyak yang lebih pilih istri disuruh ikutan program kb daripada pihak cowok harus pake kondom atau vasektomi.

Sesekali tolonglah permudah hidup perempuan, udah jalanin haid, hamil, melahirkan masih disuruh kb juga. Apa susahnya buat sadar kemampuan?!",2023-11-16T15:59:16.000Z,
twitter,"Bisa kok meskipun satu, kapan hari ada dokter yg share juga udah vasektomi dan memiliki 1 anak.
Yang susah itu tubektomi dimana syaratnya harus minimal 2 anak jika tidak ada alasan medis khusus.",2023-11-14T02:27:45.000Z,
twitter,"Di Indonesia vasektomi tu banyak syaratnya ga bisa asal vasektomi, salah satunya harus punya anak minimal 2 orang. But gen ask, kalo udah vasektomi apa bisa dicabut lagi ya?",2023-11-14T01:55:27.000Z,
twitter,"Menimbang-nimbang soal vasektomi, bayangkan perempuan yang sudah hamil, melahirkan, hingga menyusui tetapi masih harus dibebankan soal kontrasepsi serta efek samping jangka panjangnya.

Artikel lengkapnya:",2023-11-13T10:30:00.000Z,
twitter,"Ehh vasektomi dicover bpjs ya? Kereeeen. Suami gue nanti harus vasektomi karena gue gamau udah hamil, melahirkan, menyusui terus harus kb pula",2023-11-11T01:10:53.000Z,
twitter,"Di Indonesia banyak dokter yang ngatur soal steril ini. 
Belum lagi, budaya patriarkal yang menganggap harus perempuan yg steril padahal bisa sang suami. Padahal sekarang vasektomi sudah dicover bpjs.

Jangan langsung cap bohong dan nuduh negatif gitu ah",2023-11-10T14:02:33.000Z,
twitter,"gosh these type of parents yg dibutuhin dunia ini buat CHILDFREE

gw harap nih semoga dimasa depan program punya anak tuh kondisi mental ortu harus dipastikan dalam kondisi baik,gaada darah psikopat ato emosi nonstabil dan physical abuse kayak gini,kalo galolos lgsg vasektomi",2023-10-12T14:21:13.000Z,
twitter,"klo dia nyuruh angkat rahim brarti dia jg harus siap huat disuruh vasektomi wkwk, nyabers gembel kok banyak mau wkwk tai lah",2023-10-10T12:09:22.000Z,
twitter,"alat kontrasepsi gak harus kebiri, vasektomi, angkat rahim, atau apa pun itu yang berat-berat kok. pakai kondom meskipun berhubungan dalam pernikahan itu juga hal sederhana yang bisa dilakukan. berhubungan di tanggal tidak subur juga bisa, mikir dikit gakpapa lah.",2023-10-09T04:30:04.000Z,
twitter,"Setelah kelahiran anak k2, kami diskusi & sepakat kalau dua anak sudah cukup. Brrti harus pakai kontrasepsi yg paling tinggi akurasi keberhasilannya. Pilihan jatuh pd iud dan vasektomi. Ak pilih iud duluan, sampai usia 35 kalau tidak berubah pikiran ak lepas iud suami vasektomi.",2023-10-08T11:49:31.000Z,
twitter,"Ya emang bener, kb dll itu risikonya banyak di perempuan, kenapa harus perempuan terus ngalah ? Vasektomi itu minim risiko bagi cowo contohnya, tapi apaa yang berkorban sering cewenya terus, banyak kasus ada yang mensnya jadi berantakan, ada yang kb di perut nyatu ke daging, dll",2023-10-08T03:33:31.000Z,
twitter,gimana ya kalo aku nerapin syarat nikah ma aku harus bersedia vasektomi,2023-10-07T08:10:45.000Z,
twitter,Keknya harus mulai menggencarkan vasektomi ya bund wkwkw,2023-10-06T11:21:27.000Z,
twitter,"Wah, kalau begitu udah nggak bener. Kecuali dia mau vasektomi atau minum pills. Ada juga sekarang buat cowok. Pakai no drop aja. Hahahaha. Tapi emang kalau itu harus diobrolin dari awal.",2023-09-21T10:01:54.000Z,
twitter,"""Heum kepikiran pengen childfree""
""Berarti kelak nanti harus kb. Gue aja kali ya yang kb, soalnya kb buat cewe ngaruh ke hormon dll""
""Oh kalo cowo namanya vasektomi""
""Lah syarat buat bisa vasektomi harus punya 2 anak, minimal usia 30 tahun..""",2023-09-18T21:33:49.000Z,
twitter,"Kalo gini sih solusinya vasektomi kak, bapaknya harus ngalah untuk kb karena punya anak tanggung jawab berdua ga cuma ibu nya aja",2023-09-13T12:09:27.000Z,
twitter,"Kemarin di kantor pas lagi pada bahas anak, gua bilang abis anak kedua kayanya gua bakalan vasektomi aja deh karena kasian kalo istri terus yg harus KB walaupun ada opsi lain pake Kondom malah dinyiyirin katanya ngapain laki2 yg harus ngelakuin itu kan KB banyak buat perempuan",2023-09-13T02:02:56.000Z,
twitter,"ya gausah untuk yg PK² aja.. yang mokondo juga noh.. lagian vasektomi juga bisa dibalikin kok (cuma emang lebih ribet aja).

kaya, kalo emang pengen ngasi solusi ekstrim, kenapa harus pihak wanitanya terus yang diribetin sendiri.. kenthunya berdua kok yg repot cewenya doang",2023-09-07T01:56:12.000Z,
twitter,"Kalau soal kondom mungkin lebih ke karena udah pasutri dan merasa ga nyaman tiap HS harus pakai kondom. Dan si istri juga mungkin udah capek dengan efek samping KB, jadi minta tolong vasektomi sebagai jalan tengah. 

Gagal paham sih tp dengan keegoisan si suami",2023-08-13T14:55:14.000Z,
twitter,"Keren banget sih ini, kayaknya disini vasektomi bukan hal yg umum.
Selalu perempuan yg harus KB",2023-08-01T01:10:04.000Z,
twitter,"gue menghargai banget si belio mau vasektomi, meanwhile di negara ini harus perempuan mulu yang ikut program kb. mana kb cocok2an dan efek sampingnya juga beda2. sumpah, semua laki harus sesadar ini woi.",2023-07-31T08:14:38.000Z,
twitter,Hah? Gimana? Itu kan udah jelas persyaratannya harus ada persetujuan istri dan keluarga. Brrti si laki kudu udah nikah dan diketahui oleh istri bahwa dirinya vasektomi.,2023-07-22T07:49:07.000Z,
twitter,Kalo di indo ada beberapa syarat yang harus dipenuhi untuk vasektomi,2023-07-21T08:33:48.000Z,
twitter,"fyi
setelah dilakukan vasektomi. tetep harus pakai kondom atau jangan crot didalam selama beberapa waktu (min 1 bulan). karena meskipun sudah dipotong vasdesferennya. seringkali masih ada sperma yg tersisa di epididimis. jadi jangan asal crot meski abis vasektomi",2023-07-20T14:31:25.000Z,
twitter,"dibaca y temen2 kalo vasektomi itu lebih efektif dlm mencegah terjadinya kehamilan, daripada u suruh istri lu yg harus mengambil tindakan. https://who.int/news-room/fact-sheets/detail/family-planning-contraception…",2023-06-20T11:18:33.000Z,
twitter,Vasektomi ternyata tidak mempengaruhi gairah seksual. Keren sama suami2 yang mau vasektomi biar ga istrinya aja yg harus berperang dengan hormon. Jd ingat ibuk saya punya tumor karena gangguan hormon kb berkelanjutan selama 15th ,2023-06-20T07:19:28.000Z,
twitter,"sependek pengetahuan gue, selama ini seringnya istri yg kb kayak suntik atau pasang iud. terus katanya harus ngerasain sakit dan bentuk tubuh bisa berubah eh ternyata laki2 bisa juga lewat vasektomi, wow. keren bapak ini bener2 sayang istri",2023-06-20T06:41:30.000Z,
twitter,"pls di indo harus sering2 buat edukasi ttg vasektomi, biar ga cuma nyuruh perempuan aja yg kb.",2023-06-20T05:49:13.000Z,
twitter,Tapi syarat vasektomi harus minimal memiliki 2 anak ya dok?,2023-06-20T02:57:55.000Z,
twitter,"Malam, kalau mau cek Azoospermia setelah Vasektomi harus bilang apa ke Lab nya? Saya ke beberapa lab tanya tentang hal ini selalu ditolak dengan alasan tidak ada surat pengantar dari dokter.",2023-06-19T13:44:37.000Z,
twitter,"Yap, kubaru tau vasektomi ga bisa kita aja yg minta, harus persetujuan dokter ny juga wkwk",2023-06-08T04:23:44.000Z,
twitter,"@BKKBNofficial halo min, min kalau mau vasektomi dan tubektomi apakah benar harus usia diatas 40 tahun? kalau kami sudah sepakat ingin steril walaupun belum 40 thn apakah bisa?

terimakasih",2023-06-05T10:00:10.000Z,
twitter,"Minum pil kb gk usah rutin, pil kb harus di minun rutin di jam yg sama. Coba aja rubah pola itu terus setalah minun pil, minumlah susu insyaallah gak akan ada efek apapun tu pil KB, semua KB bisa kebobolan tapi kecil kemungkinan kec vasektomi dan tubektomi",2023-05-24T05:04:57.000Z,
twitter,"Iq g bisa naik karna belajar bro, yg harus kita lakukan itu adalah vasektomi orang2 dngan iq di bawah 110, dan subsidi biaya anak, dalam 20 tahun iq kt akan naik rata2 nya sekitar 135 an",2023-05-16T10:21:51.000Z,
twitter,"Enak Banget cuma dipecat.
Itu manager Bangsad harus dipenjara terus di Vasektomi di kebiri Dengan Cairan Kimia supaya Kapok..
KAPAN UNDANG² KEBIRI KIMIA DITERAPKAN KEPADA PELAKU PELECEHAN SEKSUAL...??",2023-05-11T18:18:30.000Z,
twitter,Laki kek gitu harus masuk daftar vasektomi pemerintah,2023-05-10T01:12:04.000Z,
twitter,Kalo di indo mau vasektomi harus punya anak dulu,2023-05-04T13:23:45.000Z,
twitter,"Ada.

Tapi mungkin ya harus berdiskusi dulu sama pasangan kelak.
Mungkin juga setelah punya anak 1 atau 2 baru vasektomi.

Punya anak itu bukan hal yg mudah, butuh banyak kesiapan dari segala aspek.",2023-04-30T00:15:25.000Z,
twitter,"Gk cukup, masih bisa hamil, yg punya bibit itu cowok jadi wajib dan harus dipaksa kb, toh vasektomi ada yg non permanen, cuman kalian aja merasa lebih pinter (baca: goblok) & gk mau tanya, 
kenapa harus cewek terus yg dipaksa, pdahal rahim hnya penampung bukan penghasil bibit.",2023-04-23T01:16:27.000Z,
twitter,"Cowok yang punya bibit yg punya sperma, wajar wajib dan harus kb vasektomi, sedang rahim itu hanya penampung",2023-04-23T01:10:02.000Z,
twitter,"Atau jika jumlah anak sudah sesuai dgn ekspektasi, apakah yg harus ditempuh? Vasektomi? Angkat rahim? Atau apa?

Jika hubungan terasa hambar, terus gimana? Konsul ke psikolog pernikahan/pasangan kah? Diomongin dan baiknya pisah saja?",2023-04-20T09:10:04.000Z,
twitter,vasektomi setelah punya satu anak harus populer di gen z.,2023-04-19T23:12:56.000Z,
twitter,"Udah tau ada ortu yang harus dijaga extra, maksain banget anak 4. ""Gak boleh nolak pemberian tuhan"", gak kenal kondom sama kb atau vasektomi atau testoteron kah?",2023-04-18T10:05:59.000Z,
twitter,"benarrrrr. bisa gaksi dijadiin program jd dalam 1 pasutri diwajibin salah satunya harus kb/vasektomi kalo anaknya udah >2
jd kalo suaminya gabolehin istrinya KB, ya suaminya yg di vasektomi https://x.com/anaive__/statu/anaive__/status/1647803831500279809…",2023-04-18T01:23:12.000Z,
twitter,Ada bbrpa mitos yg di masyarakat kak kalo laki² yg di vasektomi itu gairahnya menurun dll. Pdhal sebetulnya engk begitu. Kl dilapangan yg laki² gk mau krna mrka bilang mrka harus kerja sdgkan  emng harus rehat bbrpa hari stlh divasektomi,2023-04-17T22:17:53.000Z,
twitter,"Uhhh cool, nanti bakal aku kasih tau suami aku (di masa depan lol) untuk kb vasektomi aja biar ga semua beban di aku doang. Udahlah hamil, melahirkan, menyusui. Masa kb harus jadi tanggung jawab istri juga",2023-04-17T21:31:12.000Z,
twitter,"Kumpulin dana buat vasektomi kenti nya si bapak, biar gak bikin anak mulu. 

Harus distop!

Krn dia makan aja sulit. https://x.com/anaive__/statu/anaive__/status/1647121113334579201…",2023-04-17T13:36:12.000Z,
twitter,"pap smear bpjs gratis, tp harus udh nikah. ini vasektomi gratisnya harus udh punya 2 anak dulu ga?",2023-04-17T13:20:20.000Z,
twitter,Kak syarat vasektomi apa aja ya? Pernah baca gatau lupa dimana... harus udah punya anak minim 2 ya?,2023-04-17T12:39:38.000Z,
twitter,"Padahal vasektomi bisa pakai bpjs, gk harus istri yg kb, intinya mereka ya pada malas aja, ngurus berkas sana sini, maunya di kasihani dan di manja",2023-04-17T12:07:12.000Z,
twitter,"Habis vasektomi bisa langsung pulang, yah nyeri dikit lah banana nya (katanya itu juga) abis itu beberapa waktu kemudian harus balik lagi untuk tes air mani bebas dari sperma. 

Kurang lebih begitu alurnya. Silahkan bapak2 yang mau coba ",2023-04-17T11:40:30.000Z,
twitter,"Kalau nanti nikah, punya anak dan udah merasa cukup. Pokoknya harus suami aku yg KB, alias pake vasektomi ini. Semoga dpt pasangan yg bisa saling ngerti dan paham ",2023-04-17T11:33:13.000Z,
twitter,"1. Vasektomi itu gratis
2. Udah tau makan aja susah malah ngide bikin banyak anak yg harus dikasih makan juga",2023-04-17T10:55:04.000Z,
twitter,"Knp harus dibayar? Enak bgt uda vasektomi yg aslinya belasan jt jd gratis krn ada bpjs, trus scr ga lgsg bantu mengurangi beban ekonomi krn anak ga nambah, masa mau dikasi duit juga wkwkw etdah sini pala lo gue terapi dulu",2023-04-17T09:39:07.000Z,
twitter,"terlepas dari ybs banyak anak ga bekerja ga vasektomi dsb, at least kita harus beri empati dulu dan itu basic kok. once sudah berikan empati, hal-hal lain semisal arahan bekerja, edukasi vasektomi, akan mudah diterima :)",2023-04-17T05:28:12.000Z,
twitter,"Please buat orang tua jangan egois dong, kalau mau punya anak harus udah siap buat nanggung hidup nya sampai dewasa nanti, anak gak minta di lahirin, program dari pemerintah banyak yang gratis kok untuk KB sama vasektomi, untuk bapak sama ibu nya semoga dipermudah hidup nya amiin https://x.com/anaive__/statu/anaive__/status/1647121113334579201…",2023-04-17T05:16:37.000Z,
twitter,"Tapi tentunya harus dalam pengawasan OBGYN untuk menghindari efek samping yang tidak perlu karena tubuh masing-masing orang beda-beda (in my case gak ada efek samping kecuali vaginal dryness, dan hanya lepas KB karena partner sudah vasektomi dan memang request aku lepas KB).",2023-04-10T15:01:47.000Z,
twitter,"Banyak loh istri yang gak dibolehin sama suaminya buat KB karna patriarki ini. Perempuan dijadiin 'alat pembuat anak'. Atau perempuan yang harus KB, tapi laki-laki gak pernah tuh diharusin vasektomi. Tapi yes 22nya sama-sama kena imbasnya",2023-04-10T10:34:48.000Z,
twitter,"kalo memilih ewe berarti harus udh siap sama konsekuensinya, yaitu hamil
tanpa KB
tanpa angkat rahim
tanpa vasektomi lakinya
ya tetep bakalan jadi
kalo mau aman ya gausah ngapa2in sama sekali",2023-03-29T03:17:02.000Z,
twitter,Ini saatnya cowok yg harus make kontrasepsi atau dimandulin (vasektomi). Ga ada cara lain sih,2023-03-22T14:20:23.000Z,
twitter,"ga begitu, berarti ya ada keinginan meski sedikit.
kalo bener bener ga pengen itu biasanya orangnya punya preventif, KB, vasektomi, dll.

kalo tetep Allah kasih?
ya anak kan fitrahnya titipan Allah ke ortunya, kenapa jadi anak yang harus berterima kasih? ",2023-03-21T05:24:48.000Z,
twitter,"Ayahku vasektomi nderr, soalnya kasihan ibuku harus kb terus",2023-03-16T11:14:49.000Z,
twitter,"Pakai kondom bun hihihi, harus konsisten tapi. Kalo gasuka pake kondom suaminya bisa vasektomi.",2023-03-16T10:25:06.000Z,
twitter,"Bersyukur bgt bokap walaupun di rumah kerjaannya cuma leyeh2(karena udah pensiun juga), tapi pas punya anak 2 langsung mutusin buat vasektomi. Soalnya gak mau nyokap udah ngurus keluarga masih harus mikirin KB",2023-03-16T05:25:32.000Z,
twitter,"Sayangnya, biaya vasektomi mahal dan harus ada minimal umur dan jumlah anak. Karna terakhir suamiku mau kb, ditanya umur dan jumlah anak. Karna masih dibawah 30, dokter tidak menyarankan tindakan vasektomi. Kalau boleh tau, papa sender usia berapa ya saat memutuskan  vasektomi?",2023-03-15T14:59:42.000Z,
twitter,sedih banget harus diem2 KB. untuk para istri jangan mau dengerin suami kayak gini walaupun kalian udah nikah tapi badan tetep punya masing2. kalo mereka melarang KB dan mereka ga mau pake kondom suruh aja vasektomi,2023-03-15T13:59:52.000Z,
twitter,"Gue oke kalo tar gak dibolehin kb, tapi laki gue yang harus vasektomi  enak aja gue suruh lahiran mulu :(",2023-03-15T13:11:47.000Z,
twitter,"Padahal kalo laki laki vasektomi, laki-laki bisa crot dimanapun tanpa harus takut menghamili orang kan",2023-03-15T12:31:42.000Z,
twitter,"Yg harus dipahami banyak cara ber-KB. Ada kondom, kalender, vasektomi tubektomi, spiral.. Yang jadi pertanyaanku saat ini. Tidak bisa KB yang bagaimanakah? Bonus demografi kl ga dibarengi skillful ya sama saja lo.",2023-02-25T11:49:56.000Z,
twitter,"Alesan ga bs KB padahal metode kb buanyyaaakkk..
Suntik (1bln,3bln),pil,iud,spiral,vasektomi,kondom(ada kondom buat laki2 ada yg buat perempuan), keluar di luar
Aku yo pegel liatin nya masa orang tua harus nya istirahat malah di suruh ngurusin cucu se abreg2",2023-02-24T12:50:06.000Z,
twitter,"Klo ceweknya gabisa KB, cowoknya harus rela vasektomi lah
Trus juga PAKE KONDOM WOOYYYY!!!!!",2023-02-24T12:32:16.000Z,
twitter,"Oh, jadi maksud lu mrk harus sekalian buat pengumuman gitu kalo mrk vasektomi? Seharusnya cukup dgn mrk memberitahu kalo mrk childfree udh cukup, ga perlu dibeberkan hal2 lainnya, alias knp lu pada kepo banget sih sama org yg childfree?",2023-02-12T18:06:52.000Z,
twitter,"Karna planning buat punya anak jg memang baiknya didiskusiin sebelum nikah... 
Mau childfree tapi nanti kebobolan gimana?
Atau apa mau totalitas childfree dengan steril tubektomi-vasektomi? 
Atau malah prefer buat adopsi. Semua itu harus dipikirin dan diskusikan sebelum nikah...",2023-02-12T00:09:22.000Z,
twitter,"Lanjut
Minimal 3 metode harus konsisten: 
Seks saat non subur ( sistem kalender ) 
Si wanita menggunakan KB
Si suami berkondom.
Harusnya br merasa aman. Kecuali Tuhan mau kasih, ya jadi aja. 
Tubektomi - Vasektomi jalan paling efektif efisien, berintegritas.",2023-02-07T12:54:06.000Z,
twitter,"ㅤ
Sebelum memantapakan hati melakukan kontrasepsi Vasektomi, ada beberapa persyaratan yang harus diperhatikan dan dipahami para laki-laki. Diantaranya adalah jumlah anak, umur terkecil anak terakhir dan umur isteri.
ㅤ",2023-01-20T15:48:31.000Z,
twitter,"ㅤ
Sebelum melakukan Vasektomi, ada beberapa hal yang harus kalian pastikan terlebih dahulu. Karena metode ini masih langka, biasanya hanya tersedia di rumah sakit besar, setidaknya untuk saat ini. Doakan saja metode ini akan lebih dikenal khalayak luas nantinya.
ㅤ",2023-01-20T15:46:34.000Z,
twitter,"Nah, sama kayak kita belajar mapel olahraga baseball tapi ga pernah praktek karena ga ada alatnya jd cuma baca lewat buku, pend.seks juga harus memperkenalkan alat kontrasepsi, kondom, KB, vasektomi, dll dll. Karena apa? Karena itu ilmu. Ilmu yg PASTI bakal kepake.",2023-01-18T11:49:11.000Z,
twitter,"Kayanya satu kampung itu harus di vasektomi masal deh, termasuk anak2 remaja yg mulai kelihatan jiwa kriminalnya ",2023-01-18T07:42:16.000Z,
twitter,"daripada bacot soal steril prempuan yang harus histerectomy, gimana kalo legalisasi aborsi (yang jauh lebih aman) dan akses mudah ke kontrasepsi aja. 
itu yang punya kontol gimana? di vasektomi paksa ngga https://t.co/cNKfqyz9XM",2023-01-17T03:06:50.000Z,
twitter,"Bukan hanya bunda saja yg harus dan bisa ikuti Program KB
""Vasektomi pada Ayah bukanlah Kebiri dimasa lampau""
https://hellosehat.com/seks/tips-seks/efek-vasektomi-performa-seks/…",2023-01-17T02:44:54.000Z,
twitter,"Tergantung prinsip masing2 orang ya nder. Yang disepakati bersama. Kalau mau melanjutkan keturunan lebih baik pisah, Kalau mau lanjut karena cinta harus siap dan mau enggak punya anak, siap vasektomi. Intinya kita gak boleh egois sama keturunan kita nanti",2023-01-09T09:18:28.000Z,
twitter,"Masih banyak dokter dan nakes judgmental, patriarkis, misoginis. Dan yg parah, melibatkan agama. Mereka sebegitu antinya dgn vasektomi krn masih percaya manusia ditakdirkan HARUS punya anak (padahal tujuannya ya nambah jongos agama).",2022-12-24T14:23:27.000Z,
twitter,"Ya tapi Alhamdulillahnya udah berlalu si. Sekarang kekhawatiran kebobolan sudah ilang. Karena pada masanya kami harus deg-degan ketika istri telat siklus menstruasi. Anyway program @BKKBNofficial untuk vasektomi ini bagus loh sebetulnya, tp informasinya kurang meluas aja",2022-12-24T06:59:47.000Z,
twitter,"Ada yg bingung, ada loh yg gatau istilah vasektomi, OMP. Padahal nakes, padahal itu program pemerintah jg. Taunya ya suntik KB, implan, IUD, kondom.

Itu di puskesmas, begitu daftar di RS buat pencabutan jahitanpun sama. Riweuh harus jelasin dari awal.",2022-12-24T06:59:44.000Z,
twitter,"Di sini si baru kerasa perihal toksik masculinity. Bahwasanya kontrasepsi hanya dianggap cuman urusan perempuan. Dan ini mengakar sampe ke nakes yg di unit faskes. Beberapa ga ngeh soal vasektomi, istri gw harus jelasin berulang-ulang, karena dikira yg mau minta rekom tu dia",2022-12-24T06:59:43.000Z,
twitter,"Bukan karena ga bisa ambil keputusan, tp karena kami harus nabung dulu untuk itu. Sementara kebutuhan lain kan jg berjalan. Untungnya tahun ini bisa ikut program vasektomi pemerintah via @BKKBNofficial, tanpa dipungut biaya. Nah gw jadi mau curcol aja soal vasektomi",2022-12-24T06:59:29.000Z,
twitter,Emang kenapa harus tubektomi? Sesekali vasektomi lah. Ga ada salahnya kok.,2022-12-15T19:44:24.000Z,
twitter,"Bagi janda yg mo nikah lagi dan gamau anak lagi, ajukan syarat: lakinya harus vasektomi kali ya ",2022-12-15T12:03:07.000Z,
twitter,Vasektomi harus ada alasan ya? Cuman aku denger2 klo gamau punya anak lagi bisa yg laki KB vasektomi tapi gatau ya soalnya aku juga belum menikah jadi gatau selanjutnya gimana,2022-12-15T09:39:57.000Z,
twitter,Tp aku kurang tau kalo vasektomi itu harus ada alasan boleh gak nya kyk steril apa ga. Soalnya papaku vasektomi karena alm istrinya dulu ada sakit jantung yg gabisa kb dan gabole hamil,2022-12-15T08:51:05.000Z,
twitter,"Other people: vasektomi supaya bisa stop punya keturunan. Kasian istri kalau harus ngurus anak banyak.

Me: vasektomi biar dapet duit 3-5 juta dari pemerintah.

Dasar aku wkwkwk",2022-12-15T07:08:26.000Z,
twitter,"Bisa kok kak harus operasi vasektomi buat yg laki jadi klo berhubungan badan yg keluar bukan sperma, tapi ada kasus walaupun udah suami udah operasi vasektomi masih bisa hamil istrinya",2022-12-15T03:20:40.000Z,
twitter,"Harus diperkuat namanya Vasektomi, Tubektomi & KONDOM sih. Masyarakat kt seneng bngt keluar didalam anjay. Sorry dorry nih, bnyk yg nikah muda utk menghindari zina, silahkan. Tp wong ya pake kondom toh jgn hamil dluar nikah atau hamil kebanyakan jg",2022-12-13T07:35:46.000Z,
twitter,"Prosedur vasektomi juga rada ribet ...kaya, harus yang niat banget dan siap ga punya anak lagi.

Suami saya pakai kondom dulu sampai waktunya nanti siap buat vasektomi",2022-12-13T05:28:28.000Z,
twitter,"...gue setuju aborsi, vasektomi, hysterectomi di legalkan dan di subsidi. gue juga setuju kalo tempat ibadah yang melarang kontrasepsi harus diatasi. 
tapi dari wacana total jam kerja ke kemiskinan ke perilaku reproduksi ini, overstretch nya kelewatan",2022-12-12T14:23:55.000Z,
twitter,"Bila nak hapuskan masalah world starvation, overpopulation and climate change, cobalah vasektomi tu. Kenapa pula harus makan daging manusia?",2022-12-11T10:34:43.000Z,
twitter,Vasektomi atau steril syaratnya sama-sama anak harus 2 dulu. ,2022-12-08T01:49:54.000Z,
twitter,"Tapi harus tetap konsultasi dengan dokter dan ahlinya ya, Sobat.

(Sumber: http://halodoc.com)
.
.
#BKKBN
#KeluargaHebatTerencana
#BerencanaItuKeren
#KeluargaKerenCegahStunting
#KesehatanReproduksi
#Kespro
#Vasektomi",2022-12-04T03:54:44.000Z,
twitter,AJG WKWKKWKWKW ogah harus di vasektomi segala,2022-11-30T11:04:12.000Z,
twitter,"Soalnya ada Janji sama Aki kalau Denji boleh kelahi, tapi abis itu harus ke uks. Kalau gak nurut, Aki ngancem bakal vasektomi Denji.",2022-11-21T16:42:26.000Z,
twitter,"Dulu dia setuju kalo punya dua anak dia bakal vasektomi biar aku ngak harus kb, eh sekarang saya tau knpa dia setuju2 aja, biar ngak ada anak yg lahir dr selingkuhannya ",2022-11-21T12:42:16.000Z,
twitter,tapi kalo vasektomi harus beneran dipikirin dan yakin buat kedepannya ga bakal mau punya anak lagi,2022-11-20T06:12:00.000Z,
twitter,"Aku pake iud 3 thn ga kebobolan. Tp infeksi. Jd harus dlepas. Akhirnya suami g tega aku kb lagi, dia aja lah yg pake kondom. 3 bulan kbobolan. Hehehe. Knp g vasektomi? Kami emang saat itu msh ada rncn nambah anak, vasek blm tntu bs reversible. Jd ya akhirnya pikih kondom.",2022-11-20T02:53:53.000Z,
twitter,"coba di balik semuanya jadi urusan rumah tangga, yang harus KB bukannya vasektomi, masak, melahirkan dll?
lo nggak suka cherry picking kan? yaudah lo bilangin ke laki-laki lain urusan di atas.",2022-11-19T23:29:44.000Z,
twitter,"Pernah diskusiin ini sama temen. Padahal vasektomi tuh salah satu alternatif terenak buat cowok kalo gak mau pakai kondom. Kalau concern sama kesejahteraan pasangan, cowok juga harus berjuang untuk mencegah kehamilan gak diinginkan dengan gak bergantung sama kontrasepsi cewek.",2022-11-19T15:02:25.000Z,
twitter,"Bisa aja, tapi itu kalo dah emg ga mau punya anak lagi. Kalo misal baru anak pertama trus pengen punya 1 anak lagi ya ga bisa. Vasektomi itu sifatnya permanen, jadi harus dipikir matang2",2022-11-19T13:26:26.000Z,
twitter,"KB versi laki tuh apa sih namanya? Vasektomi ya? Nah iya, suami gue yang harus vasektomi, gue mah ngga mau KB  gue yang mengandung, gue yang ngelahirin, gue yang sakit. Enak banget jebolin lagi.",2022-11-19T11:21:41.000Z,
twitter,"Pake kondom pun gak menjamin 100% cuyyy
Anak itu anugerah
Kalo emang gak mau urusin,vasektomi buat yg cowo
Angkat rahim buat yg cewe
Harus mau keluar duit dong,kan sex memang ada sebagai saluran memperoleh keturunan",2022-10-17T11:50:18.000Z,
twitter,kalo saya pernah muncul di fyp cerita pasangan langsung hamil lagi gara2 mentang2 udah vasektomi jadi langsung kembali berhubungan tanpa kondom. dan dari situlah ku tahu harus nunggu sebulan dulu setelah operasi vasektomi agar bisa tutup pabrik,2022-10-14T03:51:39.000Z,
twitter,"Istrinya gausah kb, tp suaminya harus vasektomi",2022-10-08T01:08:14.000Z,
twitter,"pernah harus debat sama obgyn saat nganterin istri, gw pengen vasektomi karena tanggung jawab punya anak itu ternyata berat dan pengen merencanakan keuangan yang lebih mateng, malah diceramahi dokter kalau anak bawa rejeki dan mantra mantra agama lainnya",2022-10-06T06:57:59.000Z,
twitter,"Sebenernya bukan harus minta izin, tapi sebaiknya pemilihan metode kb harus didiskusiin sama suami dulu, karena ada kb yang untuk suaminya juga kayak vasektomi/kondom. Trs diskusiin juga mengenai emang mau nunda anak atau emang gamau punya anak lagi",2022-10-05T23:30:52.000Z,
twitter,"satu lagi koh,di indonesia cowo mau vasektomi syaratnya banyak banget, harus punya anak 2 dan di atas 30 tahun itu aja juga dokter jarang yang mau ngelakuin tindakan",2022-09-26T07:21:43.000Z,
twitter,"Hubungan Seks setelah Vasektomi, Apa yang Harus Dicermati? https://idntimes.com/health/sex/seo-intern/hubungan-seks-setelah-vasektomi?utm_source=twitter&utm_medium=twitter&utm_campaign=dlvr.it…",2022-09-16T17:16:09.000Z,
twitter,Berarti harus vasektomi wkwkwk,2022-08-25T08:19:18.000Z,
twitter,"One day gw kepikiran vasektomi si, kek nya dampak nya lebih minim dr pada klo partner gw yg harus kb ",2022-08-22T19:56:39.000Z,
twitter,"kesepakatan pasangan sih :)
Kalau KB pria kan palingan kondom/vasektomi. Kalau prianya udah vasektomi, udah gabisa lagi keluarin sperma. Kalau mau punya anak lagi, harus vasectomy reversal dimana ini tindakan bedah.
Kalau perempuan, bisa pake IUD. Gratis bisa kapan aja dilepas",2022-08-22T18:22:10.000Z,
twitter,anjirrr serius setuju bgt!!!! kek apa2 itu bebannya di cwe. laki2 klo bisa mah jg harus imbang. efek kb di cwe itu serem tau. minimal cwo kb nya jalur vasektomi lahhh,2022-08-22T14:28:04.000Z,
twitter,"Anw ditempat w ada yg suaminya jalanin operasi vasektomi/memutus saluran sperma, krn katanya anak mrk udh cukup dan gk pgn sampe nambah lagi trus dia jg gk pengen istrinya harus terus²an minum kb dll",2022-08-21T23:29:35.000Z,
twitter,"Anw ditempat w ada yg suaminya jalanin operasi vasektomi/memutus saluran sperma, krn katanya anak mrk udh cukup dan gk pgn sampe nambah lagi trus dia jg gk pengen istrinya harus terus²an minum kb dll",2022-08-21T23:29:35.000Z,
twitter,"Betul, KB tidak hanya untuk perempuan. Ada KB untuk lelaki yaitu KONDOM dan Vasektomi. Jadi sadarlah, tidak selamanya perempuan harus mengalah untuk KB, karena lakik pun bisa KB",2022-08-21T18:14:41.000Z,
twitter,"yeupp, vasektomi just the only one kb for men. tapi masih banyak dari mereka yang gamau, karena dinilai perempuan lah yang harus demikian. yakali harus selalu perempuan yang kb? hehehe.",2022-08-21T17:07:17.000Z,
twitter,"...sakitnya bisa smp belasan hingga puluhan tahun msh kerasa, bhkn bs menurunkan fungsi bagian tubuh tertentu) menyusui selama 2 tahun yang cuapeekkkk dan emosional banget lalu dibebankan harus wanita yg KB juga. Vasektomi pilihan yg baik menurutku, apalagi kalo emg sayang istri.",2022-08-21T15:34:22.000Z,
twitter,ngapain harus angkat rahim? masa cewe terus yg harus ngerasain sakit? giliran cowonya dong yg suruh vasektomi.,2022-08-21T14:32:10.000Z,
twitter,"Harus tapi pake tanda kutip dong. ""Harus"" apabila memang pasutri udah yakin dan mantap ga mau nambah momongan. Bisa pake kondom atau langsung vasektomi. Lah kalo masih tahap promil, masa cowonya disuruh kb?  https://x.com/convomfs/statu/convomfs/status/1561289815412580352…",2022-08-21T13:07:01.000Z,
twitter,"Kepikiran beneran ga mw punya anak, ngeliat ponakan bayi njerit2 aja rasanya dah gerah banget dan sebagai ortu harus nanganin kyk gitu. Ga deh makasih, vasektomi aja kali ya di usia paruh baya nanti.",2022-07-27T05:55:13.000Z,
twitter,"7 Efek Samping Vasektomi yang Harus Anda Ketahui, Apa saja? https://sulteng.pikiran-rakyat.com/gayahidup/pr-2605033654/7-efek-samping-vasektomi-yang-harus-anda-ketahui-apa-saja…",2022-07-18T11:37:24.000Z,
twitter,Iyakan:/ jujur aku juga liatnya perih banget gitu buat pemasangan krn literally rahimnya “diiket” dan hrs diganti berkala sedangkan vasektomi cukup sekali seumur idup or at least ga sebanyak cewek klo harus ganti kb. Dan prosesnya pun jdnya pake anestesi+,2022-07-09T04:56:26.000Z,
twitter,"Pak, padahal yang harus dikontrol itu pemilik kontol.
Bahasa halusnya pihak yang berpenis dan memiliki sperma sehat dan dapat membuahi.
Kenapa tidak digiatkan vasektomi saja?
Bapak tau tidak?
Kontrasepsi bagi perempuan itu kadang menyiksa.",2022-07-08T04:30:48.000Z,
twitter,"Pernah baca, syarat buat vasektomi di indo lumayan ribet kaya harus usia tertentu dan udah punya anak sekian. Alasan lain dianggap mengurangi maskulinitas cowok dan tanggung jawab utk family planning itu cuma tgs cewek.",2022-07-08T03:43:20.000Z,
twitter,"Jadi cewek memng harus cerdas. Logikanya kalo dia ngaku bujang ngapain di vasektomi? Ngancurin masa depan sendiri. Alesan penyakit? Lu sbg cewek mikir lagi, kalo beneran vasektomi masadepan lu gak punya keturunan. Walopun skrg enak² tp plis lah otaknya dipake",2022-06-30T06:33:00.000Z,
twitter,"Cara pikir Lu yang aneh! Si cowok ngaku single pas masih pacaran dan ceweknya belum hamil, lalu si cowok ngaku kalau udah vasektomi dan ketauan udah berkeluarga pas si cewek hamil dan minta buat tanggung jawab. Gitu aja masak harus diajarin?",2022-06-29T10:20:21.000Z,
twitter,"Melanggar HAM gimana, kan ga ada paksaan, itu pilihan, kalo mau nikah sedarah harus vasektomi biar ga ada keturunan cacat, kalo ga mau vasektomi ya ga usah nikah sedarah",2022-06-09T18:51:57.000Z,
twitter,"Tinggal kasih syarat kalo mau nikah sedarah harus vasektomi dulu, kalo ga bisa punya anak ga masalah kan",2022-06-09T18:19:41.000Z,
twitter,"Benih itu kan punya laki-laki, kenapa harus perempuan yang KB? Kenapa bukan mereka saja yang vasektomi?",2022-05-31T01:25:48.000Z,
twitter,"dapet insight baruuu, ternyata ada juga kb buat lakik. vasektomi huee ku bahagiaa. masak perempuan udah hamil 9 bulan + melahirkan harus sakit-sakit lagi karena kb huhuhuuuu",2022-05-18T02:30:42.000Z,
twitter,"Baru tau vasektomi dilayani BPJS. Dari dulu aku mau vasektomi, cuma pas cari info di beberapa tempat syaratnya ribet. Harus sudah punya 2 anak,  menikah, dll lah. Selain syarat, aku juga takut sakitnya sih. Ngebayangin sakitnya selama 1 minggu. Nyali langsung ciut.",2022-05-16T13:58:54.000Z,
twitter,"Klo menurut lu jd resiko perempuan, mitigasinya ya dengan vasektomi kaum laki2, bisa kan? nggak harus melulu perempuan yg nanggung kan?",2022-05-12T14:27:12.000Z,
twitter,"Tbh, pacar punya rencana vasektomi kalau sudah punya 3 anak.
Aku tanya kenapa,  karena kasian kalau aku nanti harus KB 
Pacar ayo nikaaaaahhhh",2022-05-07T14:00:52.000Z,
twitter,"gausah jauh-jauh vasektomi, gue sering denger dah cowok yang mo main sama pacarnya tapi malu buat beli kondom sampe cewenya mulu yang harus beli... kan goblog ye kontol punya dia ngapa dia yang kagak mo ngurus  emang otak cowok kebanyakan mau enaknya sendiri aja ",2022-05-04T14:07:35.000Z,
twitter,"Selain biaya, rahim tuh bagi aku apa ya kayak yg membuat perempuan istimewa, juga fungsi rahim ga cuma buat anak doang sih, lagipula kenapa harus di perempuan kalo bisa vasektomi? Wkwkwk ya sama2 aja lah kontrasepsi jangan di cewe doang, takutnya tau2 suami ngehamilin cewe lain",2022-04-17T06:07:03.000Z,
twitter,Otaknya harus di vasektomi,2022-03-24T15:08:21.000Z,
twitter,Jadi. Aku ingin membahas tentang per-KB-an dan per-vasektomi-an. Karna gak sedikit cowok2 yg lebih mikirin istrinya dan mengajukan pilihan vasektomi. Karna gak melulu cewek yg harus menderita.,2022-03-21T15:14:51.000Z,
twitter,"Bisaa kok, suruh aja buat vasektomi. Tapi ini permanen, harus yg bener"" emang ga akan punya anak lagi",2022-03-21T14:11:47.000Z,
twitter,"Ini iblis harus di vasektomi, biadab",2022-03-20T11:26:45.000Z,
twitter,"Ada fatwa ke yg kata vasektomi haram? Boleh letak kat sini untuk rujukan bersama.

Yang saya faham hukum merancang keluarga tu harus untuk memelihara kesihatan isteri, tapi boleh berubah kpd haram kalau takde izin suami/isteri.",2022-03-16T13:29:43.000Z,
twitter,"Emang sih suaminya kb setelah punya 3 anak (jaraknya deket deket) 
Tapi dari situ gue belajar nanti suami gue harus vasektomi wkwkwk biarin aja dia kb. Cuma ya itu sih, birth control buat jaga jarak umur anak emang perlu juga",2022-03-06T17:31:23.000Z,
twitter,Kenapa harus angkat rahim yang nanti efek samping negativnya banyak? Kenapa nggak vasektomi buat laki2 aja yang efek samping minimum?,2022-03-05T01:11:18.000Z,
twitter,"Thank God, finally someone say this..
Walaupun vasektomi ada yg mengatakan gak 100% bullet proof, tapi memang gak semuanya harus di bebankan ke perempuan..
Gue gak terlalu tau kalo IUD, tapi yg gue tau ada beberapa kontrasepsi yg justru membebani tubuh perempuan..~",2022-03-04T12:27:56.000Z,
twitter,"angkat rahim sama vasektomi di negara ini susah.
harus ada jumlah anak minimal dan usia perkawinan minimal.
paling gampang cuma kondom sama pil KB.",2022-03-04T07:03:19.000Z,
twitter,Ya memang harus begitu. Vasektomi adalah sebuah keputusan besar. Baiknya dilakukan dengan penuh pertimbangan,2022-01-22T11:53:29.000Z,
twitter,"Alhamdulillah setelah diskusi sama suami, dia mau vasektomi setelah target anak kita nanti udah cukup, thanks ya suamikkkkk, makin sayangggg 
Katanya, “kan kamu udah nanggung beban hamil dan ngelahirin, jadi aku juga harus mau kontrasepsi dong” 
Aaaaa so sweet~~",2022-01-22T08:26:32.000Z,
twitter,"aku sejak sebelum menikah sudah bicara sih nder..  kalau aku maunya anak satu aja gitu.
bahkan suamiku waktu aku blg ""knp harus cewek terus yg KB"" dan dia mau2 aja misal KB Vasektomi.

coba kamu bicarakan ke suami. keluh kesahmu. hal yg buat kamu mikir knp harus KB? dsb",2022-01-01T02:59:32.000Z,
twitter,"yg kayak gini harus dikebiri sih tp gausah vasektomi, abisin aja semua sampe biji2nyaa",2021-12-31T14:12:05.000Z,
twitter,"OH  = ovariohisterektomi (angkat ovarium+uterus)
flank artinya dibedah dari samping, midline dibedah dari tengah perut
kastrasi = diangkat testisnya, jadi gak harus disect
vasektomi = diputus vasa diferensianya, jadi harus dibedah",2021-12-04T15:14:02.000Z,
twitter,"Drawback yang bener² kerasa ketika lakuin vasektomi di Indonesia yaitu cuma tersedia yang permanen. Padahal vasektomi itu pertimbangan gue kalau kelak gue udah merasa jumlah anak gue udah cukup. kasian istri kalau harus pakai KB, jg irit duit krn gapake alat kontrasepsi 1x pakai.",2021-10-26T10:50:39.000Z,
twitter,Ga setuju sih.. Krn korban itu harus merasa trauma dan tersiksa seumur hidupnya.. Gw lebih setuju dipotong tytydnya lalu vasektomi dan tetap dibiarkan hidup biar dia tersiksa seumur hidupnya... https://t.co/dp2hrA6wDR,2021-10-21T17:29:14.000Z,
twitter,"Nah, pakai pengaman aja chance hamil masih ada wkwk, kecuali lakinya dah vasektomi Paling aman sih 'no sex' atau harus consent,misal mau begitu harus sadar gimana kalau ada worst case mendadak ada baby. Aborsi bukan jalan kalau kasusnya sama-sama mau. Cewe paling rugi",2021-10-20T01:55:33.000Z,
twitter,Sagnean tidak terkontrol jd kara dokter harus di vasektomi.. kasian yah,2021-10-08T16:08:31.000Z,
twitter,"Dan pil KB atau suntik juga ada risikonya yg bisa menyebabkan kematian. Oleh sebab itu sama dgn prosedur vasektomi. Semua pihak harus konsultasi dahulu dan memahami prosedur dan risikonya. Ga langsung suntik, kasih obat, operasi lol",2021-10-06T10:36:03.000Z,
twitter,"Suamiku ikut vasektomi, 2 th ini .. Proses cm 15 menit, luka cuma 1 cm, 3 bulan masih harus pake KB lainnya. Kualitas HB juga g masalah. Karena masih ada yg takut habis vase jadi loyo.",2021-09-29T10:23:35.000Z,
twitter,Di Indonesia tingkat kesadaran kontrasepsi pada laki2 masih rendah. Untuk laki2 yang ingin vasektomi juga syaratnya banyak. Kampanye kontrasepsi laki2 kurang gencar. Wanita sudahlah repot melahirkan. Masih harus kena efek KB hormonal ataupun IUD,2021-09-28T10:29:15.000Z,
twitter,"Ya ngana pikir gw mau vasektomi tanpa mempertimbangkan banyak hal?
Karena sudah menimbang banyak hal makanya berkesimpulan bahwa vasektomi adalah pilihan yang tepat buat keluarga gw. Istri gw mendukung penuh. Gw tidak berencana nambah anak, sekalipun harus berganti pasangan.",2021-09-22T15:17:56.000Z,
twitter,"Intinya yg berKB mau laki mau perempuan harus seijin dan sepengetahuan pasangannya, beban berKB juga ga hanya di perempuan BKKBN nyari malah org yg mau vasektomi gratis tapi tetap harus ssuai dgn syarat syarat  cmiiw",2021-09-22T07:07:30.000Z,
twitter,"Vasektomi, permanen
Harus dipikirkan matang-matang",2021-09-11T01:38:49.000Z,
twitter,"Yap.
Masih bisa keluar.
Makadari itu, setelah vasektomi masih ttp harus pake alat kontrasepsi lain (sementara) memunggu sisa sperma nya habis.",2021-09-05T04:32:50.000Z,
twitter,"tapi Vasektomi mahal dan ga efisien waktu karena harus dilakukan tindakan operasi. sedangkan birth control seperti spiral, lebih murah dan efisien waktu. ini semua tentang efisien waktu dan biaya gaes",2021-09-05T04:23:37.000Z,
twitter,Memang harus matang ya dok memutuskan utk vasektomi dan tubektomi begini,2021-08-24T14:52:51.000Z,
twitter,Ini lah contoh orang yang harus di vasektomi sejak dini,2021-08-23T09:56:43.000Z,
twitter," : kan pria bs menghamili banyak wanita, jd produk Kontrasepsi harusny di kembangkan buat pria dan mereka yg di tuntut pake,.
Masak harus istriny yg berkorban terus, suaminya yg harus vasektomi
 : Iya betul, setuju sih mas",2021-08-20T07:54:26.000Z,
twitter,"gak cuman pill,atau harus ke dokter kayak sterill. yang paling utama kb gak diperuntungkan buat perempuan doang,tapi laki-laki juga. nah bentuk kb nya laki2 ya kondom sama vasektomi,terus sekarang ada suntik kb pria.",2021-08-10T15:03:42.000Z,
twitter,Lahhh suami yg birahi nya tinggi memang solusi nya harus di vasektomi klo selama ini bini nya selalu kebobolan padahal sdh KB,2021-07-27T18:00:41.000Z,
twitter,harus segera vasektomi sih ini,2021-05-04T02:59:20.000Z,
twitter,Pria Ini Butuh Bertahun-tahun hingga Ada Dokter di Irlandia yang Mau Melakukan Vasektomi Padanya: Jonathan membutuhkan waktu selama bertahun-tahun dan ia harus pergi ke Irlandia untuk menemukan dokter yang mau melakukan prosedur vasektomi padanya. Simak… http://dlvr.it/RyztD5,2021-05-04T01:04:03.000Z,
twitter,"Vasektomi, walaupun invasif, masih lebih kecil risikonya dibandingkan tubektomi pada wanita. Apalagi sekarang ada yang namanya non-scalpel vasectomy. G ada pake acara dirawat di RS. Beda ama tubektomi yg perutnya perempuan harus dibelek.",2021-04-26T14:38:51.000Z,
twitter,"Terus katanya vasektomi side effectnya mayan, pake kondom agak kurang, pullout yakali udah suami istri harus begitu mulu haha. Nahan frekuensi hubungan yakali penganten baru frekuensinya ga di edankeun wkwkkwkkw",2021-04-26T12:25:25.000Z,
twitter,Brarti mas dan istrinya steril kali ya? Secara kontrasepsi paling aman kalau gk mau punya anak ya harus vasektomi dan tubektomi.,2021-04-11T12:10:47.000Z,
twitter,guys .... vasektomi guys ....  kesian istrinya kalo harus pake spiral,2021-03-29T07:01:01.000Z,
twitter,Ya masa harus di vasektomi dl biar ga sangeu :') wkwk,2021-02-11T01:19:51.000Z,
twitter,"Mau ngasih 1 juta lelaki missqeen 12 juta rupiah per kepala. Dengan syarat harus divasektomi dulu (biaya vasektomi 11 juta). Supaya tidak ada anak terlantar di jalan. Supaya gak banyak orang bego di Indonesia. Missqeen tapi banyak anak, terus gak diurus lagi ",2021-02-03T14:11:27.000Z,
twitter,"Gimana nih menurut kalian V Listener apakah Ronan Keating harus Vasektomi?

#VRadio #VUpdate #Viral #Update #News #Berita",2020-12-14T04:22:23.000Z,
twitter,"THIS!!!!! Padahal prosedur vasektomi sekali doang, dan bisa ""dibuka"" lagi kalau pengen punya anak lagi. Juga tidak berefek pada ereksi dan hormon. Sementara itu kalau KB pil dan suntik harus rutin dan ada efeknya bagi beberapa orang",2020-10-21T13:13:37.000Z,
twitter,"Paling praktis : pakai-copot-buang, visible, ga pakai tanggalan/harus teratur, ada yg pake spermatisida, istri ga alergi latex, dan alhamdulillah termasuk yg sensitif jadi gamasalah jika saya pakai kondom.

Tadinya saya mau vasektomi tp istri yg ga tega, padahal saya santai2 aja.",2020-08-24T04:07:13.000Z,
twitter,"hubungan seks sejenis nder, ngga bakal hamil dah itu
kalau ngga salah satunya ya harus mandul atau sudah melakukan vasektomi atau semacamnya,",2020-07-14T16:52:19.000Z,
twitter,"Emg harus punya anak? Ada teknologi namanya vasektomi dan tubektomi loh. Btw, kalo ngomongin kesehatan saat seks, emg hubungan seks antarlelaki dgn anal sehat?",2020-07-14T00:09:01.000Z,
twitter,Gelandangan dan anak jalanan harus di vasektomi.,2020-06-28T04:55:01.000Z,
twitter,"2beer! Ya ya ya yang jelas anak jadi korban so what we gonna do? 

Atau memang harus vasektomi paksa ya ke semua laki laki kurang mampu? Jadi tetep bisa nikah, gak mikirin kontrasepsi, dan gak bakal ada anak yang jadi korban? Win win solution right?",2020-06-18T07:45:03.000Z,
twitter,"Ketika lu milih Nikah, lu harus tanggung konsekuensinya punya istri dan anak
Klw lu takut vasektomi sana!",2020-06-08T06:39:53.000Z,
twitter,"“untuk meningkatkan kesertaan KB Pria Vasektomi di Sulteng, beberapa strategi yg harus dilakukan diantaranya adanya dukungan stakeholder, koordinasi dan informasi secara terus menerus kepada PKB maupun motivator KB Pria Vasektomi setiap tahun di Kab/Kota” Jelas Erna.",2020-03-09T13:46:32.000Z,
twitter,"Wahai kaum adam, kalian kalo mau berenang harus vasektomi dulu. https://x.com/edwin_basuki/s/edwin_basuki/status/1231450016469798913…",2020-02-23T05:36:29.000Z,
twitter,gw malah pernah mau KB Vasektomi tpi makruh katanya. Sejak jd org tua di zaman saat ini. kita harus berikan yg terbaik buat Anak jadi Jumlah anak matters. Jika ada yg bilang makruh atau haram KB apapun. Harus melihatnya secara kontekstual.,2020-01-29T01:49:38.000Z,
twitter,Kenapa harus ibu? Ada pilihan kondom untuk lelaki. Ada pilihan vasektomi untuk lelaki juga.,2020-01-28T04:14:14.000Z,
twitter,Vasektomi/tubektomi juga harus konsultasi dulu dan harus bener-bener siap mental. Yg morning after pills sih jangan dibiasain itu plan b not so good for your body. Tapi memang semua ada negatif/positif sih ya . Yg jelas kalo mau quick n cheap condom kali yah ,2020-01-25T04:25:55.000Z,
twitter,"Kalo pil KB atau spiral atau monthly injection suka cocok2an dan harus konsul dokter dulu kan baiknya, kalo keskip juga bisa hamil/ganggu monthly cycles. Kalo yg ditakutin rangorang cuma hamil sekalian vasektomi/tubektomi aja ",2020-01-25T04:22:49.000Z,
twitter,"gue pernah ngomong gini ke temen cewek: loh kenapa elo yg harus steril sih? kenapa gak lakik lo aja yang vasektomi. dia jawab: ""gue masih mau dia buang sperma di gue sih, drpada kemana-mana""",2020-01-02T14:29:26.000Z,
twitter,"Mungkin menurutku yg lebih efektif lg si vasektomi ya tp yg harus lakuin cowoknya, kalo kb menurutku bagus juga kok buat mencegah kehamilan, dan kb juga banyak jenisnya yg bisa disesuain sama kondisi calon penggunanya",2019-12-22T13:48:19.000Z,
twitter,"Ya mbanya Kan menyarankan. Karena di real life jejadian unconsensual sex , kontrasepsi konvensional yang gagal dalam mencegah fertilisasi , yang mba sarankan tubektomi bukan vasektomi , yang artinya mengatur apa yang harus wanita lakukan bukan apa yang harus dilakukan -c",2019-09-06T04:06:43.000Z,
twitter,"Naaaahh.. kalau aborsi anak dari pemerkosaan dilarang dan bisa dihukum, harusnya pemerintah jg memberi kompensasi berupa vasektomi laki-laki sejak mulai balig.
Biar perempuan tidak harus menanggung semua sendiri.",2019-09-05T04:09:50.000Z,
twitter,Kenapa hukum kebiri nya gak di vasektomi aja? Apakah harus hukum secara kimiawi? *random stupid thought*,2019-08-26T12:17:22.000Z,
twitter,"Kalo semua perempuan dipaksa harus menerima resiko yg setingkat dgn kematian, bagaimana dengan laki2? 

Maukah laki2 melakukan hal yg sama? Ya belum tentu. Contohnya KB. KB pada perempuan rata2 punya efek samping yg ga enak. Nah, brp laki2 yg sukarela melakukan vasektomi?",2019-08-06T14:29:13.000Z,
twitter,Yang enggak? Bisa tuh kalian para laki2 ikut berpartisipasi mengurangi beban wanita yg klian cintai. VASEKTOMI. Menurut gw laki2 harus dilibatkan soal urusan kontrasepsi. Gabisa cew terus. Sudah saatnya kalian unjuk gigi dan ambil bagian ,2019-07-30T09:34:19.000Z,
twitter,"Dalang semua ini harus di hukum kebiri atau vasektomi, biar keturunan nya tidak pernah berbuat beginu.. *tp pentolan nya emang uda di kebiri di timor leste, org timor leste memang selangkah maju lbh baik dr kita..",2019-05-22T13:52:47.000Z,
twitter,Berarti mustahil ya untuk laki-laki yang tak pengin punya anak untuk vasektomi di Indonesia. Apa mungkin harus ke negara lain?,2019-05-10T04:37:52.000Z,
twitter,"Jika Pasangan Ingin Vasektomi, Apa yang Harus Disiapkan? http://bit.ly/2XW8pqu",2019-04-30T09:10:08.000Z,
twitter,"Kan gak harus vasektomi juga, Maemunah!",2019-04-13T17:08:31.000Z,
twitter,"KB itu tidak hanya urusan wanita, KB itu juga tidak hanya menghitung tanggalan di kalender, tapi KB itu juga harus dilaksanakan kaum lelaki juga.
Udah pernah dengar soal vasektomi?  
@bkkbnofficial #bkkbn",2018-10-07T22:04:57.000Z,
twitter,"KB itu tidak hanya urusan wanita, KB itu juga tidak hanya menghitung tanggalan di kalender, tapi KB itu juga harus dilaksanakan kaum lelaki juga.
Udah pernah dengar soal vasektomi?  
@bkkbnofficial #bkkbn",2018-10-07T21:10:07.000Z,
twitter,"KB itu tidak hanya urusan wanita, KB itu juga tidak hanya menghitung tanggalan di kalender, tapi KB itu juga harus dilaksanakan kaum lelaki juga.
Udah pernah dengar soal vasektomi?  
@bkkbnofficial #bkkbn",2018-10-07T20:40:59.000Z,
twitter,"@BKKBNofficial saya mau melakukan Vasektomi di rs. daerah jakarta selatan, sedangkan KTP saya depok, apakah benar harus mempunyai surat domisili Jakarta sebagai syarat nya, sedangkan saya kesulitan mendapatkan surat domisili tersebut",2018-09-06T11:49:00.000Z,
twitter,"@bkkbnpusat
 saya mau melakukan KB vasektomi benarkah kalau dilakukan di RS jakarta   harus ada surat domisi Jakarta, sedangkan KTP saya depok dan sulit   sekali mendapatkan surat domisi jakarta, apa ada solusinya?",2018-09-05T07:42:49.000Z,
twitter,"@HumasBKKBN
 saya mau melakukan KB vasektomi benarkah kalau dilakukan di RS jakarta  harus ada surat domisi Jakarta, sedangkan KTP saya depok dan sulit  sekali mendapatkan surat domisi jakarta, apa ada solusinya?",2018-09-05T06:59:13.000Z,
twitter,"@BKKBNofficial saya mau melakukan KB vasektomi benarkah kalau dilakukan di RS jakarta harus ada surat domisi Jakarta, sedangkan KTP saya depok dan sulit sekali mendapatkan surat domisi jakarta, apa ada solusinya?",2018-09-05T06:58:06.000Z,
twitter,"@e100ss
 @SapawargaSby
 Hi, kalau mau dapat info soal vasektomi di sby, harus contact ke mana ya? Thx",2018-09-02T03:08:58.000Z,
twitter,"Vasektomi, Ini Yang Harus Anda Ketahui: http://youtu.be/evWm28JlSbk?a via 
@YouTube",2018-06-14T11:30:22.000Z,
twitter,"""SAMPAH""!. ""SAMPAH TSB"" harus disterilisasikan/ Vasektomi sebagai hukuman pokok, Biar jika ""ybs tsb"" tidak bertobat selama di masa hukuman?. ""Ybs tsb"" tidak akan bisa lagi ditebus oleh siapa pun yg mendapatkan Berkat Penebusan dari Tuhan, Krn udah putus keturunan. P/T?. Terserah.",2018-03-24T03:51:05.000Z,
twitter,"Vasektomi, Ini Yang Harus Anda Ketahui | Obat Gonore Dan Sipilis deNature | 
@scoopit
 http://sco.lt/5qN6vp",2017-07-21T04:18:26.000Z,
twitter,"Apa saja hal-hal penting yang harus diperhatikan selepas menjalani Vasektomi? http://skata.info/article/detail/116/Ini-Yang-Perlu-Kamu-Ketahui-Tentang-Tes-Analisis-Sperma-Pasca-Vasektomi…

#Vasektomi #TesSperma #Skata",2017-05-20T13:00:00.000Z,
twitter,Peran Vasektomi terhadap Kesejahteraan Keluarga: Tidak hanya perempuan saja yang harus bergerak untuk memajuka... http://bit.ly/1WoDqgo,2016-01-19T00:00:06.000Z,
twitter,Peran Vasektomi terhadap Kesejahteraan Keluarga: Tidak hanya perempuan saja yang harus bergerak untuk memajuka... http://bit.ly/1WoDtZK,2016-01-18T23:59:17.000Z,
twitter,Peran Vasektomi terhadap Kesejahteraan Keluarga: Tidak hanya perempuan saja yang harus bergerak untuk memajuka... http://bit.ly/1PcfddQ,2016-01-18T23:58:59.000Z,
twitter,Peran Vasektomi terhadap Kesejahteraan Keluarga: Tidak hanya perempuan saja yang harus bergerak untuk memajuka... http://bit.ly/1WoDqgo,2016-01-18T22:58:17.000Z,
twitter,Peran Vasektomi terhadap Kesejahteraan Keluarga: Tidak hanya perempuan saja yang harus bergerak untuk memajukan kesejahteraan keluarg...,2016-01-18T22:57:32.000Z,
twitter,Peran Vasektomi terhadap Kesejahteraan Keluarga: Tidak hanya perempuan saja yang harus bergerak untuk memajuka... http://bit.ly/1WoDqgo,2016-01-18T22:57:23.000Z,
twitter,Peran Vasektomi terhadap Kesejahteraan Keluarga: Tidak hanya perempuan saja yang harus bergerak untuk memajuka... http://bit.ly/1WoDtZK,2016-01-18T22:57:11.000Z,
twitter,Peran Vasektomi terhadap Kesejahteraan Keluarga: Tidak hanya perempuan saja yang harus bergerak untuk memajuka... http://bit.ly/1WoDtZK,2016-01-18T22:57:00.000Z,
twitter,news: Peran Vasektomi terhadap Kesejahteraan Keluarga: Tidak hanya perempuan saja yang harus bergerak untuk me... http://bit.ly/1WoDtZK,2016-01-18T22:56:43.000Z,
twitter,Peran Vasektomi terhadap Kesejahteraan Keluarga: Tidak hanya perempuan saja yang harus bergerak untuk memajuka... http://bit.ly/1WoDtZK,2016-01-18T22:56:41.000Z,
twitter,Peran Vasektomi terhadap Kesejahteraan Keluarga: Tidak hanya perempuan saja yang harus bergerak untuk memajuka... http://bit.ly/1PcfddQ,2016-01-18T22:56:41.000Z,
twitter,Peran Vasektomi terhadap Kesejahteraan Keluarga: Tidak hanya perempuan saja yang harus bergerak untuk memajuka... http://bit.ly/1WoDqgo,2016-01-18T22:56:40.000Z,
twitter,Peran Vasektomi terhadap Kesejahteraan Keluarga: Tidak hanya perempuan saja yang harus bergerak untuk memajuka... http://bit.ly/1WoDtZK,2016-01-18T22:56:38.000Z,
twitter,Peran Vasektomi terhadap Kesejahteraan Keluarga: Tidak hanya perempuan saja yang harus bergerak untuk memajuka... http://bit.ly/1WoDtZK,2016-01-18T22:56:36.000Z,
twitter,Peran Vasektomi terhadap Kesejahteraan Keluarga: Tidak hanya perempuan saja yang harus bergerak untuk memajuka... http://bit.ly/1WoDtZK,2016-01-18T22:56:34.000Z,
twitter,Peran Vasektomi terhadap Kesejahteraan Keluarga: Tidak hanya perempuan saja yang harus bergerak untuk memajuka... http://bit.ly/1WoDqgo,2016-01-18T22:56:32.000Z,
twitter,#News Peran Vasektomi terhadap Kesejahteraan Keluarga: Tidak hanya perempuan saja yang harus bergerak untuk me... http://bit.ly/1WoDtZK,2016-01-18T22:56:28.000Z,
twitter,Peran Vasektomi terhadap Kesejahteraan Keluarga: Tidak hanya perempuan saja yang harus bergerak untuk memajuka... http://bit.ly/1WoDtZK,2016-01-18T22:56:27.000Z,
twitter,Peran Vasektomi terhadap Kesejahteraan Keluarga: Tidak hanya perempuan saja yang harus bergerak untuk memajuka... http://bit.ly/1WoDtZK,2016-01-18T22:56:26.000Z,
twitter,Peran Vasektomi terhadap Kesejahteraan Keluarga: Tidak hanya perempuan saja yang harus bergerak untuk memajuka... http://bit.ly/1WoDtZK,2016-01-18T22:56:15.000Z,
twitter,Peran Vasektomi terhadap Kesejahteraan Keluarga: Tidak hanya perempuan saja yang harus bergerak untuk memajuka... http://bit.ly/1WoDqgo,2016-01-18T22:56:11.000Z,
twitter,Peran Vasektomi terhadap Kesejahteraan Keluarga: Tidak hanya perempuan saja yang harus bergerak untuk memajuka... http://bit.ly/1WoDqgo,2016-01-18T22:56:07.000Z,
twitter,Peran Vasektomi terhadap Kesejahteraan Keluarga: Tidak hanya perempuan saja yang harus bergerak untuk memajuka... http://bit.ly/1WoDqgo,2016-01-18T22:56:02.000Z,
twitter,Peran Vasektomi terhadap Kesejahteraan Keluarga: Tidak hanya perempuan saja yang harus bergerak untuk memajuka... http://bit.ly/1WoDqgo,2016-01-18T22:56:32.000Z,
twitter,#News Peran Vasektomi terhadap Kesejahteraan Keluarga: Tidak hanya perempuan saja yang harus bergerak untuk me... http://bit.ly/1WoDtZK,2016-01-18T22:56:28.000Z,
twitter,Peran Vasektomi terhadap Kesejahteraan Keluarga: Tidak hanya perempuan saja yang harus bergerak untuk memajuka... http://bit.ly/1WoDtZK,2016-01-18T22:56:27.000Z,
twitter,Peran Vasektomi terhadap Kesejahteraan Keluarga: Tidak hanya perempuan saja yang harus bergerak untuk memajuka... http://bit.ly/1WoDtZK,2016-01-18T22:56:26.000Z,
twitter,Peran Vasektomi terhadap Kesejahteraan Keluarga: Tidak hanya perempuan saja yang harus bergerak untuk memajuka... http://bit.ly/1WoDtZK,2016-01-18T22:56:15.000Z,
twitter,Peran Vasektomi terhadap Kesejahteraan Keluarga: Tidak hanya perempuan saja yang harus bergerak untuk memajuka... http://bit.ly/1WoDqgo,2016-01-18T22:56:11.000Z,
twitter,Peran Vasektomi terhadap Kesejahteraan Keluarga: Tidak hanya perempuan saja yang harus bergerak untuk memajuka... http://bit.ly/1WoDqgo,2016-01-18T22:56:07.000Z,
twitter,Peran Vasektomi terhadap Kesejahteraan Keluarga: Tidak hanya perempuan saja yang harus bergerak untuk memajuka... http://bit.ly/1WoDqgo,2016-01-18T22:56:02.000Z,
twitter,Peran Vasektomi terhadap Kesejahteraan Keluarga: Tidak hanya perempuan saja yang harus bergerak untuk memajuka... http://bit.ly/1WoDtZK,2016-01-18T22:56:00.000Z,
twitter,Peran Vasektomi terhadap Kesejahteraan Keluarga: Tidak hanya perempuan saja yang harus bergerak untuk memajuka... http://bit.ly/1WoDqgo,2016-01-18T22:56:00.000Z,
twitter,Studi: Vasektomi Justru Bikin Pria Makin Bersemangat Saat Bercinta: Usai melakukan vasektomi… http://goo.gl/fb/UXohTp,2015-12-17T14:02:52.000Z,
twitter,"Studi: Vasektomi Justru Bikin Pria Makin Bersemangat Saat Bercinta: Usai melakukan vasektomi, pria bukannya ma... http://bit.ly/1UDNvoV",2015-12-17T12:53:10.000Z,
twitter,"Skg nggak melulu harus wanita yg memakai kontrasepsi, vasektomi bisa menjadi alternatif yg aman
#WorldVasektomiDay",2015-11-13T03:43:19.000Z,
twitter,"10/14 …IUD, Susuk dan vasektomi harus memenuhi kaidah sterilitas dan dibawah pengawasan dokter",2015-08-08T06:11:03.000Z,
twitter,"8/9 #KB #Tubektomi dan #Vasektomi, pada 20 kali hubungan seksual pertama, harus diikuti #KB lainnya seperti #Kondom atau #KBSuntik",2015-08-05T08:12:51.000Z,
twitter,"Sama seperti halnya MOW/Tubektomi, sebelum melakukan MOP/Vasektomi harus dipertimbangkan terlebih dahulu secara matang karena meskipun",2015-03-30T08:25:07.000Z,
twitter,"@ganjarpranowo
 Jateng harus jd pelopor KB laki2, PKBI Jateng pernah membentuk Paguyuban PriyoUtomo akseptor KB vasektomi, bangkitkan lg pak",2014-10-15T00:08:08.000Z,
twitter,"pele--"" RT 
@cobroteee
 sakit hati ini harus diobati dengan tubektomi dan vasektomi..",2014-07-07T21:19:50.000Z,
twitter,"Harus ada program vasektomi kl yah ""
@hotradero
: Apakah kondom sedemikian mahalnya...? RT 
@kompascom
: Kantong Plastik yang Dikerubuti Lalat",2014-07-01T11:54:50.000Z,
twitter,"Galakkan program KB yg baru :
Setelah punya 2 anak, si Bapak harus di-vasektomi. Tambahin cash juga sebagai hadiah setelah Vasektomi. HA !",2014-06-15T14:02:19.000Z,
twitter,"Ternyata dokter takut buat oprasi vasektomi buat gue dgn alasan kode etik bagi yg punya anak 2 terkecil harus 2 taun,,,",2014-05-28T05:08:38.000Z,
twitter,"Respect, kasian anak sekecil itu ""@Roro_chintyaaa: Saran gue hukuman bagi keparat2 penoda dan perusak masa dpn itu harus di vasektomi atau d",2014-04-15T16:22:17.000Z,
twitter,dan harus mengalami kelahiran yg sulit. Aku memaksany melakukan tindakan vasektomi agar aku tdk hamil lg. Dgn patuh ia melakukan semua,2014-02-19T04:56:03.000Z,
twitter,"@ganjarpranowo
 Jateng harus jd pelopor KB laki2, PKBI Jateng pernah membentuk Paguyuban PriyoUtomo akseptor KB vasektomi, bangkitkan lg pak",2014-10-15T00:08:08.000Z,
twitter,"pele--"" RT 
@cobroteee
 sakit hati ini harus diobati dengan tubektomi dan vasektomi..",2014-07-07T21:19:50.000Z,
twitter,"Harus ada program vasektomi kl yah ""
@hotradero
: Apakah kondom sedemikian mahalnya...? RT 
@kompascom
: Kantong Plastik yang Dikerubuti Lalat",2014-07-01T11:54:50.000Z,
twitter,"Galakkan program KB yg baru :
Setelah punya 2 anak, si Bapak harus di-vasektomi. Tambahin cash juga sebagai hadiah setelah Vasektomi. HA !",2014-06-15T14:02:19.000Z,
twitter,"Ternyata dokter takut buat oprasi vasektomi buat gue dgn alasan kode etik bagi yg punya anak 2 terkecil harus 2 taun,,,",2014-05-28T05:08:38.000Z,
twitter,"Respect, kasian anak sekecil itu ""@Roro_chintyaaa: Saran gue hukuman bagi keparat2 penoda dan perusak masa dpn itu harus di vasektomi atau d",2014-04-15T16:22:17.000Z,
twitter,dan harus mengalami kelahiran yg sulit. Aku memaksany melakukan tindakan vasektomi agar aku tdk hamil lg. Dgn patuh ia melakukan semua,2014-02-19T04:56:03.000Z,
twitter,"Toriq baru cocok di vasektomi “@intanuranii: Kok jahat bgt si kamu nik  ""
@claudia_herda
: Owl harus di vasektomi""”",2014-01-30T16:36:43.000Z,
twitter,"Jika manusia bisa vasektomi/tubektomi, kenpa binatang harus di kebiri ? Bukan kah daging hasil penyiksaan itu haram?",2014-01-14T11:18:04.000Z,
twitter,Suatu hari akan ada sebuah negara yang saat para pejabatnya diangkat mereka harus di vasektomi/tubektomi… — https://path.com/p/1dNifS,2013-12-13T14:28:14.000Z,
twitter,"Harus'a program'a vasektomi/tubektomi..paten!RT 
@fikryzulfikar
: Kalo cuaca Jakarta kek gini terus, program (cont) http://wl.gs/kGPYf",2013-11-08T09:24:38.000Z,
twitter,Anjir kenapa topiknya harus vasektomi ?,2013-09-26T16:16:48.000Z,
twitter,"SuperLOL RT @vaGina_intuisi: Di Vasektomi maksudnya?? RT 
@republikaonline
: 'Pimpinan Komisi III Harus Steril' http://republika.co.id/r/mtn3qf",2013-09-24T18:34:51.000Z,
twitter,"Biar nangkep nya cepet harus di vasektomi ya?""@bitanbgh_: Berarti saraf motoriknya lama nangkepnya(?)._.""
@SenadaIX2
: Halah gaada yg peka:')""",2013-09-18T10:26:23.000Z,
twitter,"Wah..gawat..bisa terkudeta statusisasi YMnya pak..harus segera di vasektomi RT 
@Gus_Ton
: YM ter delete",2013-09-10T13:39:39.000Z,
twitter,Model kayak @donnnjuann yang harus di vasektomi.,2013-09-04T01:38:55.000Z,
twitter,"Hari ini x pertama liat vasektomi, lalu harus ngadepin ibu2 sakaratul maut.. ",2013-07-10T15:20:51.000Z,
twitter,"Haha, emang lelaki idaman harus di vasektomi ya nggid (ˇ▽ˇ)-c<ˇ_ˇ) ""
@inggid_dwi
: Bukan suami idaman -->> RT 
@Sadepalin
 Ahh ogaaah *haha",2013-06-25T15:22:29.000Z,
twitter,Biar ada efek jera. Para pelaku kerusuhan harus di hukum minimal SEUMUR HIDUP PENJARA. Plus HUKUMAN TAMBAHAN VASEKTOMI. #PilWaKoPalembang.,2013-06-06T02:08:59.000Z,
twitter,"Eutanasia ide bagus kayanya kiw RT 
@rzkFA
: harus d siram air keras biar sadar entah d vasektomi :v RT 
@elgadianawati
: Serius juga gpp ko",2013-05-18T12:40:01.000Z,
twitter,"harus d siram air keras biar sadar entah d vasektomi :v RT 
@elgadianawati
: Serius juga gpp ko biar sadar (cont) http://wl.gs/ha8J4",2013-05-18T12:37:43.000Z,
twitter,"@AndreasBambang1
 apakah harus merembet ke iud, vasektomi, dan sejenisnya?????",2013-05-04T01:44:37.000Z,
twitter,Model kayak @donnnjuann yang harus di vasektomi.,2013-09-04T01:38:55.000Z,
twitter,"Hari ini x pertama liat vasektomi, lalu harus ngadepin ibu2 sakaratul maut.. ",2013-07-10T15:20:51.000Z,
twitter,"Haha, emang lelaki idaman harus di vasektomi ya nggid (ˇ▽ˇ)-c<ˇ_ˇ) ""
@inggid_dwi
: Bukan suami idaman -->> RT 
@Sadepalin
 Ahh ogaaah *haha",2013-06-25T15:22:29.000Z,
twitter,Biar ada efek jera. Para pelaku kerusuhan harus di hukum minimal SEUMUR HIDUP PENJARA. Plus HUKUMAN TAMBAHAN VASEKTOMI. #PilWaKoPalembang.,2013-06-06T02:08:59.000Z,
twitter,"Eutanasia ide bagus kayanya kiw RT 
@rzkFA
: harus d siram air keras biar sadar entah d vasektomi :v RT 
@elgadianawati
: Serius juga gpp ko",2013-05-18T12:40:01.000Z,
twitter,"harus d siram air keras biar sadar entah d vasektomi :v RT 
@elgadianawati
: Serius juga gpp ko biar sadar (cont) http://wl.gs/ha8J4",2013-05-18T12:37:43.000Z,
twitter,"@AndreasBambang1
 apakah harus merembet ke iud, vasektomi, dan sejenisnya?????",2013-05-04T01:44:37.000Z,
twitter,"Nah loh apa gua harus vasektomi? Konyol ---> RT 
@Metro_TV
: Punya Anak Percepat Kematian http://metrotvn.ws/N150398",2013-04-30T06:59:20.000Z,
twitter,"Sepertinyah  ~(˘▾˘~) ~(˘▾˘)~ (~˘▾˘)~ ""
@ajiekidd
: 
@diah_cleopatra
 lho koq di aminin. kalo gue berhijab nanti harus vasektomi dong :D""",2013-04-18T11:05:20.000Z,
twitter,Bongkar Pasang 20 IMPLANT + IUD....wuih mantap!....Next harus bisa VASEKTOMI!!,2013-04-02T09:33:47.000Z,
twitter,"Cie bintang iklannya~""
@JesterIU
: ""minum pil KB andalan @DS_KrysJung: Vasektomi aje RT G_ZeloBAP96: kebanyakan anak nih gua harus kb -_-""""",2013-03-29T04:48:09.000Z,
twitter,"Slr, apaan tuh?""@DS_KrysJung: Vasektomi aje RT G_ZeloBAP96: kebanyakan anak nih gua harus kb -_-""",2013-03-29T04:47:20.000Z,
twitter,"""minum pil KB andalan @DS_KrysJung: Vasektomi aje RT 
@G_ZeloBAP96
: kebanyakan anak nih gua harus kb -_-""",2013-03-28T12:35:45.000Z,
twitter,"Vasektomi aje RT 
@G_ZeloBAP96
: kebanyakan anak nih gua harus kb -_-",2013-03-28T12:32:46.000Z,
twitter,Adeuuuh kayanya gak akan tega kalau nanti harus nyuruh suami buat VASEKTOMI (⌣́_⌣̀) *ngeriii,2013-03-28T03:00:52.000Z,
twitter,"Segera setelah vasektomi, pria harus beristirahat dan tidak terlibat dalam aktivitas fisik, terutama yang intens, seperti olahraga.",2013-03-20T14:20:26.000Z,
twitter,"Indonesia emang unik, di aceh, gk boleh ngangkang, di medan camat/lurah harus pada nikah, di bandung camat/lurah sebaiknya vasektomi haduh..",2013-01-16T15:23:20.000Z,
twitter,"@vanezzs
 emang sakit ya kalo vasektomi? kalo suntik harus rutin ga sih?  *gapapa nes, untuk pengalaman kita juga di masa depan HAHA*",2012-12-21T13:41:36.000Z,
twitter,"Lalu di ? RT 
@mangyoys
: Vasektomi RT 
@rizky_ableh
: Kecoa harus di .... ? RT mangyoys: saya penyayang binatang. tapi bukan termasuk dirimu",2012-12-16T18:09:02.000Z,
twitter,"Vasektomi RT 
@rizky_ableh
: Kecoa harus di .... ? RT mangyoys: saya penyayang binatang. tapi bukan termasuk dirimu wahai kecoa!",2012-12-16T18:07:44.000Z,
twitter,Salut buat pak ismail husein ǝлƍ ªų di vasektomi..harusnya para suami ǝлƍ istriny bermasalah dgn KB harus bersedia divasektomi jg donk...,2012-11-24T15:17:46.000Z,
twitter,"Marginalisasi -_- RT 
@wahyu_balance
: Yang sudah biasa itu lebih baik RT 
@kikikok_
: Kenapa harus perempuan yg slalu KB, vasektomi dong :D",2012-11-24T01:59:46.000Z,
twitter,"Yang sudah biasa itu lebih baik RT 
@kikikok_
: Kenapa harus perempuan yg slalu KB, vasektomi dong :D (cont) http://tl.gd/k43er8",2012-11-24T01:53:40.000Z,
twitter,Salut buat pak ismail husein ǝлƍ ªų di vasektomi..harusnya para suami ǝлƍ istriny bermasalah dgn KB harus bersedia divasektomi jg donk...,2012-11-24T15:17:46.000Z,
twitter,"Marginalisasi -_- RT 
@wahyu_balance
: Yang sudah biasa itu lebih baik RT 
@kikikok_
: Kenapa harus perempuan yg slalu KB, vasektomi dong :D",2012-11-24T01:59:46.000Z,
twitter,"Yang sudah biasa itu lebih baik RT 
@kikikok_
: Kenapa harus perempuan yg slalu KB, vasektomi dong :D (cont) http://tl.gd/k43er8",2012-11-24T01:53:40.000Z,
twitter,"Kenapa harus perempuan yg slalu KB, vasektomi dong :D RT 
@wahyu_balance
: Langsung tubektomi ki hhe RT 
@kikikok_
: Sepertinya perlu pake KB ya",2012-11-24T01:52:19.000Z,
twitter,"kamu harus operasi vasektomi hid?RT 
@Zahid_JA
: Vasektomi, tndakan mmotong sluran sperma yg mnghubungkan bu",2012-11-15T06:07:36.000Z,
twitter,"Vasektomi = testis diiket *kemudian ada yg ketawa dimeja guru* RT 
@NuhaFM
: ya iyalah jan,itu kan harus chetha mela mela.. :)) #kin",2012-11-07T15:13:15.000Z,
twitter,"dan susinya harus tubektomi jg donk ""
@detikcom
: Susi Minta Limbad Vasektomi Agar Tak Punya Anak dengan Bernazir http://de.tk/Dfgpl",2012-11-05T09:13:48.000Z,
twitter,"Sedap juga ""
@faizahsururi
: Apakah fungsi kondom sudah tidak berfungsi sehingga harus vasektomi? Ooh para lelaki",2012-11-03T06:21:00.000Z,
twitter,"Apakah fungsi kondom sudah tidak berfungsi sehingga harus vasektomi? Ooh para lelaki, bolehkah diri ini mengasihani kalian? (-___-)",2012-11-03T06:03:39.000Z,
twitter,"Walikotanya juga harus vasektomi dong""
@detikcom
: Vasektomi Massal Pecahkan Rekor, Walikota Medan Diberi Piagam MURI http://de.tk/6r1zE""",2012-11-02T19:17:47.000Z,
twitter,"ini mah harus WOW! RT 
@KompasEnt
: Limbad Akui Sudah Jalani Vasektomi http://kom.ps/AC48s0",2012-10-16T13:23:30.000Z,
twitter,"serem amat (-_-"") RT @prithania: Sirkumsisi total,vasektomi,yah gitulah""
@CobaSebut
:  #CobaSebut harus diapain aja kalo ada orang yang PHP-in",2012-09-19T08:00:11.000Z,
twitter,"cara lebih mudah ada kok bagi wanita kalau mau KB, tanpa harus lelaki yg menjalani KB dengan VASEKTOMI ( Memotong Saluran Sperma )",2012-09-05T03:59:29.000Z,
twitter,"Ngapain KB. Vasektomi sekalian Rt 
@enniissh
: Nyamuk jg harus ikut program KB nih, biar ga makin banyak :/""",2012-08-20T09:03:01.000Z,
twitter,"@puspitte
 rekanalisasi vasektomi bisa dilakukan.. Tapi vasektomi harus tetap dianggap kontrasepsi mantap, memang reversibel dibanding cewek",2012-08-10T09:35:34.000Z,
twitter,"Jgn berharap, tp harus bertindak! ""
@tempodotco
: Pemerintah Berharap Vasektomi Digalakkan Lagi http://bit.ly/Ny3Syf""",2012-07-04T14:04:21.000Z,
twitter,"Setelah vasektomi, pria harus ejakulasi 20 kali ... Capekk juga yaaa :p",2012-06-19T04:41:14.000Z,
twitter,"BKKBN Sumut Harus Galakkan Vasektomi http://dlvr.it/1j2Zj2 via 
@MedanMagazine",2012-06-11T14:44:10.000Z,
twitter,"Sekitar 12-16 kali ejakulasi pasca #vasektomi, mungkin masih ada sel sperma, jadi selama itu harus pake KB model lain, kondom misalnya",2012-06-08T11:51:28.000Z,
twitter,"Tuh..masih harus vasektomi? RT 
@detikcom
: Stok Alat KB Berlimpah, Aksesnya Saja yang Susah http://de.tk/gc2Kd via 
@detikhealth",2012-06-05T02:50:12.000Z,
twitter,"Knp gue harus dpt tema Vasektomi. Ini ngedesign poster jadi serba salah -_-""",2012-05-31T03:48:35.000Z,
twitter,"Nahhh lo lo harus nih 
@rafti
 @didimz
 RT 
@detikcom
: Vasektomi & Tubektomi Paling Tepat Buat Orang Indonesia",2012-05-21T06:42:35.000Z,
twitter,"kenapa harus kedua hal itu? RT 
@rumah_herbal
: Vasektomi & Tubektomi Paling Tepat Buat Orang Indonesia: (cont) http://wl.gs/1LA90",2012-05-21T06:37:59.000Z,
twitter,"Jgn berharap, tp harus bertindak! ""
@tempodotco
: Pemerintah Berharap Vasektomi Digalakkan Lagi http://bit.ly/Ny3Syf""",2012-07-04T14:04:21.000Z,
twitter,"Setelah vasektomi, pria harus ejakulasi 20 kali ... Capekk juga yaaa :p",2012-06-19T04:41:14.000Z,
twitter,"BKKBN Sumut Harus Galakkan Vasektomi http://dlvr.it/1j2Zj2 via 
@MedanMagazine",2012-06-11T14:44:10.000Z,
twitter,"Sekitar 12-16 kali ejakulasi pasca #vasektomi, mungkin masih ada sel sperma, jadi selama itu harus pake KB model lain, kondom misalnya",2012-06-08T11:51:28.000Z,
twitter,"Tuh..masih harus vasektomi? RT 
@detikcom
: Stok Alat KB Berlimpah, Aksesnya Saja yang Susah http://de.tk/gc2Kd via 
@detikhealth",2012-06-05T02:50:12.000Z,
twitter,"Knp gue harus dpt tema Vasektomi. Ini ngedesign poster jadi serba salah -_-""",2012-05-31T03:48:35.000Z,
twitter,"Nahhh lo lo harus nih 
@rafti
 @didimz
 RT 
@detikcom
: Vasektomi & Tubektomi Paling Tepat Buat Orang Indonesia",2012-05-21T06:42:35.000Z,
twitter,"kenapa harus kedua hal itu? RT 
@rumah_herbal
: Vasektomi & Tubektomi Paling Tepat Buat Orang Indonesia: (cont) http://wl.gs/1LA90",2012-05-21T06:37:59.000Z,
twitter,sepasang anak kembar dan harus mengalami kelahiran yang sulit. Aku memaksanya melakukan tindakan vasektomi agar aku tidak hamil lagi.,2012-04-18T16:15:53.000Z,
twitter,"Ya kaya lu harus vasektomi deh klo gt.. ""
@adhelinadhel
: 
@Gaemchaa
 adduuhh gak bisaa uniii gak bisa di tahaann :|""",2012-03-31T17:01:30.000Z,
twitter,"Harus di ingat RT 
@detikcom
: Setelah Vasektomi, Jangan Mandi 3 Hari Agar Tidak Infeksi http://de.tk/glGdj via 
@detikhealth",2012-03-28T09:12:41.000Z,
twitter,"@gitajumawa
 tapi tapii, tugasnya beranak mulu ga berhenti-henti. mungkin harus di vasektomi atau diglonggong pil kb deh ini",2012-03-18T13:24:59.000Z,
twitter,Kebangun gara2 anjing menggonggong minta kawin. Dasar bajigur! Emang harus vasektomi.,2012-02-22T23:56:25.000Z,
twitter,"Sbg cewe lbh ptg si cowo vasektomi aj“
@coxgustinf
 harus dicoba dulu baru bisa nentuin (cont) http://tl.gd/g2edbd",2012-02-22T15:32:16.000Z,
twitter,"@nengbiker
 @devieriana
 jadi pasca operasi vasektomi, kira-kira 12x ML harus pake kontrasepsi :D",2012-02-22T07:28:16.000Z,
twitter,"@nengbiker
 @devieriana
 habis vasektomi, ditakutkan sel sperma masih ada di saluran keluar, maka harus dipastikan benar2 bersih dulu",2012-02-22T07:27:21.000Z,
twitter,"@ID_AyahASI
 min vasektomi harus yg udah punya anak 3 yah? Kalo baru punya anak 1 umur 1bln boleh ga? #tanyaserius",2012-01-20T14:54:45.000Z,
twitter,"Setelah vasektomi, kondom harus dipake sampe 20 kali ejakulasi. Setelah 20 kali ejakulasi, barulah sel benih tidak bercampur dengan sperma.",2012-01-20T04:21:21.000Z,
twitter,"Setelah operasi vasektomi, tidak serta merta sel benih tak bercampur dengan sperma. Karena itu, di awal2 masih harus pake kondom.",2012-01-20T04:20:06.000Z,
twitter,"Sebelum dioperasi vasektomi, bapak-bapak harus mencukur gundul bulu pubis mereka dulu. Kalau gak dicukur, ditakutkan terjadi infeksi.",2012-01-20T04:09:24.000Z,
twitter,"Kebiri, klo vasek msh bs dipake RT 
@sunaditya
: pelaku pemerkosaan bukan manusia. harus dipotong kali ya itu nya. vasektomi !",2011-12-28T05:36:31.000Z,
twitter,"Sampit vasektomi aja... RT 
@helenaanggia
: sumpah saya tidak mau KB suntik, maupun KB KB yang lain, lagi2 wanita yg harus berkorban, kampret",2011-12-16T01:55:39.000Z,
twitter,"Umm..vasektomi?""
@SoalCINTA
: Orang yg suka selingkuh itu harus diapain biar kapok? #SoalCINTA""",2011-11-17T10:44:46.000Z,
twitter,"Setelah vasektomi, kondom harus dipake sampe 20 kali ejakulasi. Setelah 20 kali ejakulasi, barulah sel benih tidak bercampur dengan sperma.",2012-01-20T04:21:21.000Z,
twitter,"Setelah operasi vasektomi, tidak serta merta sel benih tak bercampur dengan sperma. Karena itu, di awal2 masih harus pake kondom.",2012-01-20T04:20:06.000Z,
twitter,"Sebelum dioperasi vasektomi, bapak-bapak harus mencukur gundul bulu pubis mereka dulu. Kalau gak dicukur, ditakutkan terjadi infeksi.",2012-01-20T04:09:24.000Z,
twitter,"Kebiri, klo vasek msh bs dipake RT 
@sunaditya
: pelaku pemerkosaan bukan manusia. harus dipotong kali ya itu nya. vasektomi !",2011-12-28T05:36:31.000Z,
twitter,"Sampit vasektomi aja... RT 
@helenaanggia
: sumpah saya tidak mau KB suntik, maupun KB KB yang lain, lagi2 wanita yg harus berkorban, kampret",2011-12-16T01:55:39.000Z,
twitter,"Umm..vasektomi?""
@SoalCINTA
: Orang yg suka selingkuh itu harus diapain biar kapok? #SoalCINTA""",2011-11-17T10:44:46.000Z,
twitter,"Perberat hukuman untuk kasus kasus pelecehan seksual & ""PEMERKOSAAN"". Untuk kasus ""PEMERKOSAAN"" : Sanksi vasektomi adalah Harus & Wajib!.",2011-10-26T03:02:20.000Z,
twitter,Jangan cuma min. 5 tahun. Melainkan di hukum vasektomi ( Harus & Wajib ). Terus sita semua kekayaannya sesuai dengan yang telah di curi!. ->,2011-10-25T13:26:05.000Z,
twitter,"@Goodniteboy vasektomi itu harus persetujuan suami istri,, biasanya sih lelaki gampang juga selingkuhanya,,",2011-10-24T06:40:05.000Z,
twitter,"Orang Indonesia harus nyontoh nih.. ""
@faktaseks
: Terdapat sekitar 500,000 laki-laki yang melakukan vasektomi setiap tahun di AS.""",2011-10-24T06:26:38.000Z,
twitter,"lu bukannya udah di vasektomi ? wkwkwk RT 
@ridhoahmadj
: Malam ini harus produktif!",2011-10-18T11:09:36.000Z,
twitter,"Hukumannya diperberat! Huk. Vasektomi, huk. Mati RT 
@tweetdetik
: Cegah Perkosaan, Polisi Harus Gencarkan (cont) http://tl.gd/d6jr16",2011-09-20T06:59:51.000Z,
twitter,"Ralat salah twit RT 
@Suminta
: Mungkin harus diurus yang sudah vasektomi atau tubektomi RT 
@IndahS99
: 
@Sumint
… (cont) http://deck.ly/~6Qkyy",2011-08-06T19:31:07.000Z,
twitter,"Mungkin harus diurus yang sudah vasektomi atau tubektomi RT 
@IndahS99
: 
@Suminta
 jgn kuatir mas..minggu depa… (cont) http://deck.ly/~8ow9N",2011-08-06T19:28:56.000Z,
twitter,"Istriku mo yg tubek dok deh.. :p RT 
@Yusriiie
: Hahaha klu gtu vasektomi mko :) RT haekalhasmi: Harus ka ikut program KB nanti",2011-08-01T02:20:38.000Z,
twitter,"Bagaimana kalo diundi saja :) 
@dianmardi
: Pastilah itu Ayah ;)) 
@teguh_kr
: KELUARGA SUBUR. ..bulan depan harus ada yang rela untuk vasektomi",2011-07-05T00:26:26.000Z,
twitter,"KELUARGA SUBUR. Bila diantara kita tak ada yang sanggup membiayai perluasan rumah,bulan depan harus ada yang rela untuk vasektomi 
@fiksimini",2011-07-04T23:07:26.000Z,
twitter,Kenapa harus vasektomi,2011-06-12T12:53:04.000Z,
twitter,"@rajaharahapp setau gw, kalo vasektomi itu boleh hukumnya asal bener2 darurat dan memang harus di vasektomi. klo gak ada apa2 mah ia Haram",2011-06-06T15:43:01.000Z,
twitter,"ooo RT @OomYahya: sebenarnya gini, pasca #vasektomi, sisa sperma yang masih ada harus dihabiskan dulu, jadi kalo... http://mtw.tl/l1tseon",2011-05-26T14:49:29.000Z,
twitter,"sebenarnya gini, pasca #vasektomi, sisa sperma yang masih ada harus dihabiskan dulu, jadi kalo tempur sementara pake kondom dulu, kira2 12x",2011-05-26T14:47:43.000Z,
twitter,"padahal dengan ber-KB, kegiatan ""membuat anak"" bisa dilakukan dengan menyenangkan tanpa harus ""menghasilkan"" anak :p #vasektomi",2011-05-26T14:23:04.000Z,
twitter,"vasektomi dijamin tak akan sakit, setelah operasi harus hati2, awas jgan kena air... 
@kentangradio
 #np",2011-05-23T17:51:08.000Z,
twitter,"Kaga, dateng aja kesini, bahkan lo jadi ""duta vasektomi"" klo emang mau.. RT 
@karungtepung
: Apa harus abil surat pngantar di kantor lo",2011-01-06T04:11:54.000Z,
twitter,"@saniyaniska
 marshallnya mandul dan terpaksa harus vasektomi sanice",2011-01-05T15:46:33.000Z,
twitter,gue ga akan rela kalo sampe anak2 gue harus berbagi bapaknya dengan anak lain ibu.jadi VASEKTOMI itu penting!,2010-11-30T15:48:19.000Z,
twitter,syaratnya (kalo bisa) istri yg baru bukan PEREK.dan yg tpenting laki gue harus VASEKTOMI.demi kebahagiaan anak2 saya tentunya.,2010-11-30T15:46:19.000Z,
twitter,"wah harus donlod golden! RT @oomyahya: mother vow, tuips, saya ini malah belum pernah denger lagu vasektomi. donlod ah",2010-11-29T09:54:04.000Z,
twitter,"Pake vasektomi aj RT 
@beritakota
: Gayus Harus Disterilkan dari Sumber Uang: Tidak cuma memiliki segudang uang, (cont) http://tl.gd/6uoepp",2010-11-13T06:22:10.000Z,
twitter,"RT 
@detikcom
: Gayus Harus Disterilkan dari Sumber Uang http://de.tk/t3HwV » vasektomi -_-""",2010-11-13T06:09:24.000Z,
twitter,"Vasektomi aja skalian!! RT 
@detikcom
: Gayus Harus Disterilkan dari Sumber Uang http://de.tk/t3HwV",2010-11-13T05:31:44.000Z,
twitter,"Wakakakakaka jadinya amaaannnn gak ada yg harus di tanggung jawabi RT @Epy_Happy: Sterile Cockpit is Pilot's Vasektomi ya 
@febbybejad
 ????",2010-10-18T02:39:19.000Z,
twitter,Nyamuk jantan harus VASEKTOMI!!,2010-09-07T17:32:24.000Z,
twitter,"lagunya juga harus hafal !RT @popalogic: Untuk maba UNPAD 2010 : besok bawa cutter, jarum juga benang jait. Kita bakal melakukan Vasektomi m",2010-08-16T04:58:29.000Z,
twitter,"4 hari setelahnya jangan dulu berhubungan, harus pakai kondom #iklanjadul gw lupa lirik pstinya, yg jls ini ILM buat vasektomi 
@kentangradio",2010-02-10T17:04:56.000Z,
twitter,Baru download lagu vasektomi. Sepertinya menyenangkan. Jadi ingin tahu berapa tarif dan apakah harus sudah nikah. http://bit.ly/bxGkG4,2010-02-04T10:32:24.000Z,
