platform,komentar,timestamp,sentimen
twitter,Pemerintah memang jahat buktinya keluar kebijakan Vasektomi untuk syarat Bansos.  Sungguh Dzalim. Orang miskin yang jadi Korban,2025-05-01T00:36:47.000Z,
twitter,"Pemerintah yg Tolol ciptakan kesejahteraan masyarakat, malah orang miskin yg disuruh vasektomi.
Udah gila kalian semua!!
Harusnya kalau mau program KB itu wajib buat SEMUA, bukan cuma yg miskin aja. Keadilan sosial my ass!!",2025-05-01T00:36:20.000Z,
twitter,"Pemerintah boleh memberikan insentif untuk vasektomi sukarela selama tidak ada paksaan dan memenuhi persetujuan penuh. UU TPKS melarang sterilisasi paksa, tapi tidak mengatur insentif untuk prosedur sukarela. Namun, insentif untuk keluarga miskin berisiko dianggap tekanan,",2025-05-01T00:35:53.000Z,
twitter,"untuk vasektomi buat pria gue setuju, sangat setuju. BUT if it is made as a ""mandatory"" policy, BIG NO. Apa lagi sebagai alat kontrol pemerintah buat si miskin, like?????? 

ngl some of them maybe memang suka beranak pinang, but that policy is a wrong move. Seharusnya yang",2025-05-01T00:35:03.000Z,
twitter,"Balik lagi, yang belum punya anak jg gak wajib vasektomi, ini khusus yg miskin banget tp udah punya anak dua. Drpd kebobolan ya gk ada salahnya vasektomi. Toh dpt bansos, kenapa ada kebijakan gini. Krn maap orang miskin kesadaran dirinya rendah.",2025-05-01T00:34:37.000Z,
twitter,"Ngelarang study tour, bukan memperbaiki kualitas angkutan umum. Biar saja orang lain yang mati bukan anak sekolah.

Vasektomi pria miskin. Luar biasa idenya untuk memberantas kemiskinan. Sebentar, orang miskin atau kemiskinan yang diberantas ya?

#tebaktokoh",2025-05-01T00:20:44.000Z,
twitter,"Dan di ekonomi ky gni, semua yg berkecukupan hari ini bisa miskin di masa depan.
Dikira operasi vasektomi mudah? Penyembuhan paska operasi perlu istirahat, ga bisa kerja, ga dpt duit. Kalo ada komplikasi saat operasi apa pemerintah mau tanggung jawab?",2025-05-01T00:20:39.000Z,
twitter,"Aku si pro2 aja, krn vasektoki jg ga permanen kok, bisa di-reverse setaku, dan ttp bisa berfungi normal kok. Cuma vasektomi ini jg hrs dibarengi dgn kebijakan lain yg membantu rakyat miskin utk dpt penghidupan yg lbh baik. Jd ga hanya 'stop bikin anak'.",2025-05-01T00:20:33.000Z,
twitter,Aku setuju vasektomi jadi syarat buat bansos. Emang ini bukan langkah utama buat mengentas kemiskinan. Tapi ini salah satu langkah dasar yang bagus buat dilakukan. Biar yang miskin fokus uangnya bisa buat anak yang sudah ada. Jadi anak ga jadi korban karena kebanyakan saudara,2025-05-01T00:19:58.000Z,
twitter,"Cara mengatasi kemiskinan ala pejabat antah-berantah:
1. Anak yg kesulitan akses pendidikan disekolahkan di sekolah khusus si miskin, 
2. Untuk menerima bansos, bapak-bapak vasektomi biar tidak beranak-pinak lagi kayak kucing.

Nanti diupdate lagi kalo inget, kebanyakan soalnya.",2025-05-01T00:19:46.000Z,
twitter,"Ini bukan masalah setuju atau tidaknya dengan vasektomi, tapi ini seolah2 pemerintah mencoba mengkambing hitamkan orang miskin yang padahal penyebab mereka gak bisa berfikir logis disebabkan pemerintah abai dengan kualitas pendidikan..",2025-05-01T00:19:09.000Z,
twitter,"Ya simpelnya kalo mampu secara finansial ya udah kan ga butuh bansos dan ga perlu vasektomi  klo miskin dan masih butuh bansos, tp masih egois mau punya anak banyak itu namanya bodoh",2025-05-01T00:18:40.000Z,
twitter,tetiba jd pada pro vasektomi klo urusannya ma org miskin. lucu bener,2025-05-01T00:18:03.000Z,
twitter,"Tapi denger2 vasektomi itu syarat buat nerima beasiswa + bantuan masyarakat miskin....

Apakah beberapa semester lagi MaBa bakalan bapack bapack muda?",2025-05-01T00:15:43.000Z,
twitter,"Gini aja mending "" kalau udah miskin, jangan maksa istri minum pil kb, vasektomi aja hemat duit "" ",2025-05-01T00:15:22.000Z,
twitter,"Lg jg dibikin begitu biar org-org yg ga mampu secara finansial mikir, klo mau punya anak banyak ya harus siap uang yg lebih dari cukup. Org miskin disuruh vasektomi buat dpt bansos ya oke oke aja, ini jg termasuk buat ngurangin anak kecil yg disuruh ngemis, ngamen, dll",2025-05-01T00:14:14.000Z,
twitter,"Gw cwe ga setuju. Syarat dapat bansos dan beasiswa itu harusnya cuma satu, ya MISKIN. Jgn mentang2 jadi penguasa bisa memaksa2 hak org terhadap tubuhnya sendiri. Kalo hari ini dipaksa vasektomi. Di masa depan bisa dipaksa apa lagi warga miskin ini?!",2025-05-01T00:13:39.000Z,
twitter,yaudah jgn miskin pak biar ga disuruh vasektomi udah miskin pikirannya pengen nikah terus aje ,2025-05-01T00:12:46.000Z,
twitter,"ya berarti benar bansos dan insentif itu berbeda dan dibedakan. bansos itu dikususkan untuk masyarakat miskin dan rentan seperti kategori itu. insentif beda lagi.
vasektomi dijadikan syarat itu melanggar hak warga negara.sama kayak syarat gk boleh dapat bansos kalau GAY. gk boleh",2025-05-01T00:10:07.000Z,
twitter,"harusnya se indo sih ini diterapin. manusia kok cmn mau enaknya aja.
meskipun vasektomi bg bbrp org ga manusiawi ya biar lah. mental miskin minta dimanusiakan terus, sampah masyarakat",2025-05-01T00:08:18.000Z,
twitter,"vasektomi syaratnya harus punya anak minimal 2 dan minimal umur 35. ga asal langsung divasektomi gitu aja. 

jadi kalo lo belum 35, belum punya anak minimal 2, kalo lo terdaftar orang miskin penerima bansos ya masih tetep dapet tanpa kudu vasektomi. baca lagi bang beritanya.",2025-05-01T00:00:31.000Z,
twitter,"TJ, MRT, KRL kalau rilisnya tahun ini juga jadi bahan SJW woke dengan bawa2 HAM dan konsep termarjinalkan untuk para supir angkot, kopaja, metromini, patas, omprengan dll.

Vasektomi itu minimal udah punya 2 anak. Bisa seks sampai puas.

Hiburan org miskin itu seks. Jadi tepat.",2025-04-30T23:59:39.000Z,
twitter,"Kalo laki diwajibkan vasektomi, janda miskin beranak 2 juga harus angkat rahim supaya adil... Gimana??",2025-04-30T23:56:07.000Z,
twitter,Gw nyusul vasektomi kalau gw udah punya anak dua dan nunggu si Mulyadi beserta keluarganya Vasek juga...vasek bukan buat orang miskin doang...orang bejat mau kaya kek miskin kek juga harus vasektomi,2025-04-30T23:53:15.000Z,
twitter,"Sudah vasektomi, ternyata bansos gak turun. Mampus kaw orang miskin! Hahahaha",2025-04-30T23:52:02.000Z,
twitter,"Tp ini lebih ke soal pemaksaan terhadap tubuh org miskin, Kak. Ini konteks kenapa isu pemaksaan vasektomi oleh KDM yg bau-baunya bakal jd Mulyono 2.0 jadi perdebatan hangat. Dia memaksa. Sementara tubuh itu kan otoritas pemiliknya.",2025-04-30T23:50:41.000Z,
twitter,Lu ngapain malah promosiin kebijakan bodoh dari Mulyadi tukang pansos sosmed kek Mulyono dulu? Kok lu g nyuruh keluarga Mulyadi keluarga Mulyono keluarga Koruptor untuk vasektomi biar ga beranak pinak punya anak kelakuan 11 12 ama bapaknya? Kok orang miskin indo?,2025-04-30T23:50:23.000Z,
twitter,"Tanggapanku yang bodoh ini tentang kebijakan KDM;
1. Pasal 34 ayat (1) UUD 1945 memerintahankan negara memelihara fakir miskin, bukan malah membuang tanggung jawab dan menyalahkannya.
2. Kemiskinan stuktural tidak sesederhana ""vasektomi"" lalu selesai
3. Hati"" dengan kalimat---",2025-04-30T23:49:53.000Z,
twitter,"Kontra. Vasektomi harusnya isu nasional, bukan hanya provinsi. Percuma jabar depopulasi, tp provinsi lain enggak. Terlebih yg ngomong politisi. Aku menilai DM suka menyalahkan orang miskin, bisa jadi karena ketidakmampuannya mengatasi kemiskinan.
Gegabah demi elektabilitas.",2025-04-30T23:49:41.000Z,
twitter,"Ga ada anjir. kalo vasektomi sbg syarat penerima bansos berarti efeknya adalah at least kalo sekeluarga ada 4 yg miskin, ga mungkin nambah jadi 5. kalo tes keperawanan buat daftar PNS buat apaan? efek positifnya apa? kan ga ada ngaruh ke kinerja juga",2025-04-30T23:45:20.000Z,
twitter,"Kalau program bansos dengan syarat vasektomi ini diterapkan pasti langsung turun, mana mungkin program sebagus dan sejenius ini dampaknya cuman menghentikan bertambahnya orang2 miskin, cmiiww",2025-04-30T23:41:01.000Z,
twitter,"Lu yg pake logika, hanya karna lu miskin dan butuh bantuan trus lu harus vasektomi???... kalo bantu ya bantu aja Jing... Besok2 KLO Nerima bansos harus angkat rahim  boleh juga dong???",2025-04-30T23:32:00.000Z,
twitter,"Vasektomi dengan kemauan sendiri?
Engga, biar dapet bansos dan kebagian program pemerintah. 
Semua orang miskin ikutan vasektomi?
Pemerintah: yey budgetnya buat kita gesss",2025-04-30T23:30:11.000Z,
twitter,"Yang pantes divasektomi itu si Mulyadi dan keluarganya, Mulyono dan keluarganya, pejabat korupsi kolusi nepotisme dengan keluarganya...biar gen jelek yang ada di darahnya pada punah dan mati semua...di Indon malah orang miskin g punya power disuruh vasektomi...anjing indog",2025-04-30T23:25:32.000Z,
twitter,"Yang pantes divasektomi itu si Mulyadi dan keluarganya, Mulyono dan keluarganya, pejabat korupsi kolusi nepotisme dengan keluarganya...biar gen jelek yang ada di darahnya pada punah dan mati semua...di Indon malah orang miskin g punya power disuruh vasektomi...anjing indog",2025-04-30T23:25:32.000Z,
twitter,"Bantuan kpd org miskin = kewajiban negara.
Mengentas kemiskinan = kewajiban negara.
Solusi negara = yg gak vasektomi gak dpt bantuan. Besok2 ada syarat lain2, misal yg gk milih Mulyadi gak dpt bantuan. Tp tetap miskin sih... ",2025-04-30T23:24:33.000Z,
twitter,"Aku bakal setuju sama ini kalau
1. Vasektominya untuk seluruh kalangan orang miskin
2. Ini alokasi bansos dan beasiswa yang sudah ada, yang hanya akan dikasih ke keluarga miskin yang ikut vasektomi

Tapi sejauh yang aku tau, ini bukan tujuan dari rencana itu, cmiiw thoigh",2025-04-30T23:23:46.000Z,
twitter,Banyak yang fasis sekarang brother...orang miskin ditekan terus...ama upper class dan middle class...disuruh vasektomi lah itu lah...sekalian ae semua vasektomi biar indon hancur kayak korea dan jepang...hidup jokowin!,2025-04-30T23:21:47.000Z,
twitter,"koar koar ke pemerintah? udah dilakuin. ada hasil? engga. ini kebijakan jg ga maksa dah. simplenya, kalo mau bansos dan beasiswa, vasektomi dulu. kalo engga? yaudah gausa. orang2 ngasianin org miskin tp gabakal tau jadi miskin gimana. gabakal tau susahnya kuliah gimana dah lah",2025-04-30T23:20:14.000Z,
twitter,"Agak rumit juga sih permasalahan kemiskinan tuh wkwk ada yang beneran miskin karena harta dan yang lebih nyebelin adalah miskin mentalnya. 

Mau solusinya sosialisasi terkait vasektomi lebih dulu, pasti lebih memakan waktu apalagi yg susah dibilangin & jga perlu biaya sih",2025-04-30T23:19:57.000Z,
twitter,"Aku paham kok kak sama concern kamu, akupun setuju dengan adanya kontrasepsi. Makanya aku blg selesaikan akar masalahnya dulu, jgn lgsg shortcut vasektomi. Harusnya negara bener2 berusaha bikin kebijakan pro rakyat miskin dulu, bukan cuma fokus di kasih bansos ajaa... :"")",2025-04-30T23:19:38.000Z,
twitter,"penerima bansos untuk rakyat miskin kan ?
nanti semua rakyat di miskinkan dulu baru disuruh vasektomi 
mantap sekali, kita bisa kontrol warga dengan cara ini",2025-04-30T23:19:11.000Z,
twitter,"Banyak orang miskin ga punya akses informasi yang memadai. Sumber info mereka mentok di TV, belum lagi budaya ""banyak anak banyak rezeki"" masih mengakar kuat. Tanpa pendidikan, pola pikir ini sulit diubah. Maksa vasektomi bukan solusi, malah terkesan menghukum mereka.",2025-04-30T23:18:33.000Z,
twitter,"Baru-baru ini, ada wacana kebijakan vasektomi sebagai syarat menerima bansos biar orang miskin ""engga beranak terus."" Tapi, benarkah ini solusi yang tepat? Atau justru diskriminatif dan mengabaikan akar masalah?",2025-04-30T23:18:26.000Z,
twitter,"Seharusnya fokus pd pemerataan aja.. Kl anggaran bansos segitu ywdh gk usah ribet pke syarat2 KB segala, jd gk ada istilah byk anak trs bansos nya nambah, gk jg kan.. Tp program KB emg hrs ttp hrs jln khususnya utk rakyat miskin, tp jgn yg vasektomi kan ada yg lain spt IUD/kondom",2025-04-30T23:18:10.000Z,
twitter,gak diwajibkan vasektomi ko kalo ga miskin.,2025-04-30T23:14:35.000Z,
twitter,"lagian kalaupun syarat vasektomi emg harus punya 2 anak dulu ya yaudah toh emg common sensenya kalau mau punya 2 anak atau lebih setidaknya tau kapabilitas lu dan berada, ini miskin gegayaan banyak anak",2025-04-30T23:09:56.000Z,
twitter,"warga x : stop bikin anak kalo masih miskin, kasian anaknya!

warga x juga : ih dedi mulyadi mah apaan si, sok ngatur-ngatur vasektomi segala.",2025-04-30T23:09:46.000Z,
twitter,"Butuh waktu beberapa hari, saya mencerna isu soal wajib vasektomi untuk orang miskin ini. 
Pertanyaannya: kenapa program ini menimbulkan polemik tapi program KB “2 anak lebih baik” dianggap kebijakan paling jenius yg pernah dimiliki Indonesia? ",2025-04-30T23:09:33.000Z,
twitter,"Ini pakai asumsi kalau bansos dan beasiswa untuk rakyat miskin yang ga bakal vasektomi akan distop dan bantuan-bantuan yang sudah ada hanya akan disalurkan ke keluarga yang ikut vasektomi, tapi aku belum liat bukti untuk itu dan kuliat bukan itu rencana pemerintah (cmiiw)",2025-04-30T23:02:51.000Z,
twitter,"Coba programnya bukan KB vasektomi, tapi KB pil atau suntik dll yg buat perempuan. Pasti kalian juga pada setuju wkwk
Lagian kan kalian kemaren setuju kalo orang miskin punya banyak anak itu kasian anaknya, yg solusinya ortunya KB. Gimana sih warga x si paling pinter ini?",2025-04-30T23:02:00.000Z,
twitter,"not a fan of kdm. ntahlah gmn solusinya. tp menurut gue dorongan vasektomi untuk yg miskin dan beranak lebih dari 2 harus digenjot bgt. maybe not for bansos. tp tetep harus ada, karena edukasi udah gak mempan ke mereka 

-ttd keluarga yang menjadi donatur si miskin beranak pinak",2025-04-30T23:00:47.000Z,
twitter,"Justru kesannya sekarang memiliki kebebasan memilih metode KB senyamannya itu jdi privilege org kaya doang. Org miskin tidak punya kebebasan memilih metode KB, pokoknya mau bansos harus vasektomi. ""Bu bidan saya mau IUD"" ""wah nanti kamu gak dpt bansos. Harus suami vasektomi"" ",2025-04-30T23:00:37.000Z,
twitter,"Di X yang lagi ramai masalah vasektomi, blaming orang miskin sampai segitunya ",2025-04-30T22:58:18.000Z,
twitter,"Vasektomi syarat bansos sudah bukan lagi jahat, iblis. Orang miskin tidak pernah dilihat sebagai manusia hanya sumber masalah saja, giliran perkara cari suara baru disebut dan dirayu. Pernah nggak sih bansos yang dievaluasi?",2025-04-30T22:57:45.000Z,
twitter,"Negara hadir untuk melindungi rakyat bukan sebaliknya, ada amanat UU45 psl 34 & UU no. 13 th 2011 yg hrs dijalankan. Kamu pikir org jd miskin disengaja? Zaman orba yg tingkat pendidikan rakyat jauh lebih rendah & kemiskinannya lebih tinggi tdk pernah pakai syarat wajib vasektomi.",2025-04-30T22:56:51.000Z,
twitter,"Tapi ya, ini kita bicara orang miskin kan, karena dapat bantuan? Kita buat mereka susah lagi dgn membebankan pajak. Mending vasektomi. Langsung gak usah punya anak. Biarlah orang2 mampu aja diizinkan punya anak banyak. Kesannya jahat, anak lahir malah dikasi beban pajak tambahan.",2025-04-30T22:54:12.000Z,
twitter,"anjing anjing, ni orang orang pada bahas vasektomi buat penerima bansos dan pada bilang miskin miskin mulu ajg gedeg bgt asu, 

ortu gw juga kurang mampu gara gara ngurusin ortu ibu gw ajg, sebelumnya mampu mampu aja jadi jangan salahin gara gara pny banyak anak dong asuwww",2025-04-30T22:48:52.000Z,
twitter,"iyasi yg dipermasalahin perilaku fasis pemerintahnya, tapi pemaksaan vasektomi inikan ya sekaligus buat mendukung behavior yg kalian bilang hiburan orang miskin ya cuman seks gasii",2025-04-30T22:47:17.000Z,
twitter,Vasektomi tujuannya untuk menekah kelahiran bagi orangtua yang gak bertanggung jawab. Lu mau bantuin rakyat miskin yang punya banyak anak tiap hari?!! Lu ada pengemis aja pasti jarang ngasih kan?!!,2025-04-30T22:42:46.000Z,
twitter,"yg tolol tuh lo pada yg menolak KB wkwk udah miskin tapi maksa beranak byk. cewe aja pda di KB dgn segala efek samping ini itu dilakuin. lah ini vasektomi ga ada efek sampingnya, lo ngerasa hak lo dirampas? terus gimana dgn cewe? dasar coward. 

lo orang jabar bkn? gausah bacot.",2025-04-30T22:39:00.000Z,
twitter,Ya tuhan kasian amat jadi orang miskin di negara ini. Didiskriminasi ama orang goblok kek gini. Padahal kalo udah vasektomi mah masih bisa ngewe,2025-04-30T22:37:55.000Z,
twitter,"Idealnya rakyat miskin masih punya cara buat dapat bansos secara merata, sedangkan rencana vasektomi ini insentif untuk membantu keluarga miskin mengurangi beban keluarga sehingga pemberantasan kemiskinan dapat dilakukan lebih efektif",2025-04-30T22:36:15.000Z,
twitter,"wkwk, lawak, ""Hidup perempuan yang melawan, kita hancurkan patriarki, .."" kok dukg ketidakadilan.
Jan hanya fokus di kata ""vasektomi"", poin yg perlu dikritisi adalah (1) hanya utk warga miskin dan (2) sbg syarat utk mengakses bansos.
KDM tdk sedang berjuang bersama perempuan!",2025-04-30T22:31:50.000Z,
twitter,"Selain itu, tolong di-highlight ada persyaratan untuk vasektomi juga. Kemudian kebijakan ini juga hanya diterapkan untuk kalangan bawah yang sudah memiliki maksimal 2 orang anak. Sehingga, jika di protes orang ""miskin"" itu gak boleh punya anak, itu salah kaprah.",2025-04-30T22:31:20.000Z,
twitter,"Yang harus di vasektomi pejabat gak sih kalo perlu tanpa anak, biar bisa kerja lebih fokus dan karena anak yang makan uang korupsi jauh lebih berbahaya dari banyaknya orang miskin..",2025-04-30T22:26:42.000Z,
twitter,"Baca ulang Tweet mbaknya di atas. Kalo emang gamau vasektomi, yauda ga akan bisa nerima bansos. Tapi kalo hidup miskin malah ga aware dengan nambah anak mulu, yang repot pemerintah. Ujungnya nyalahin pemerintah juga nantinya",2025-04-30T22:21:37.000Z,
twitter,"pro dong, klo lagi miskin dan gamau vasektomi jgn nikah dulu atau boleh ga vasektomi asal mampu scr finansial buat ngehidupin istri dan anak2
klo masih dapet bansos gegayaan anak banyak hadeh malah jadi beban negara",2025-04-30T22:21:16.000Z,
twitter,Pak DM ini solusi2nya logis. Yg bilang orang miskin ga boleh pny anak itu goblok. Dia ga bilang gt. Lagian vasektomi di cover BPJS dgn syarat anaknya udah 2 atau usia udah lebih dr 40th.,2025-04-30T22:20:41.000Z,
twitter,"Lagi² rakyat miskin yg ""dikorbankan"".. knp tdk bahas korupsi? Kemana SDA negeri ini? Kata eks ketua KPK, Pak Abraham Samad, jika sektor tambang ga ada korupsi, mk rakyat Indonesia bisa dpt 2 juta per bulan per kepala. Vasektomi blm jd solusi, atau ada agenda tertentu?",2025-04-30T22:17:57.000Z,
twitter,"Pro vasektomi (tp jangan diwajibkan, karna tiap individu punya hak atas badannya). Dan klo mau tuntas kemiskinan, sekalian rakyat miskin sekolah dan kuliah digratisin, program pelatihan pra kerja disosialisasikan, dan bentuk skill2 baru di masyarakat itu lebih urgent",2025-04-30T22:16:55.000Z,
twitter,"Kamu cuma ngequote yang terakhir, paham ga yang dibilang Anies di threadnya? Kenapa orang miskin itu punya banyak anak? Rencana vasektomi ini gunanya untuk memberi solusi dari masalah yang dibilang Anies, bukan untuk menghakimi dan menekan angka kelahiran",2025-04-30T22:14:46.000Z,
twitter,"Ga salah sih. Masalahnya mereka mewajibkan itu krn alasan ""miskin"". Pertanyaannya kemana negara slama ini dlm memfasilitasi semua tanggung jawab khususnya pendidikan, knp giliran vasektomi arahnya ga ke semua org aja, mengapa mesti ke orang miskin doang terus buat dpt bansos lgi?",2025-04-30T22:13:54.000Z,
twitter,"Asumsi mereka udah vasektomi, tapi karena masih gak ada kejelasan income pasti setiap bulannya.

Ya dia akan tetap ""miskin"" seumur hidupnya, yang dihajar seharusnya bukan hak mempunyai anaknya tapi kemiskinannya.

Membuka lapangan pekerjaan harusnya yang jadi concern.",2025-04-30T22:09:53.000Z,
twitter,"No, vasektomi gak akan pernah jadi solusi dalam menyelesaikan/memberantas kemiskinan.

Vasektomi memang bagus sebagai pilihan kb, tapi gak perlu embel-embel bansos.

Yang lebih penting, bagaimana memfasilitasi orang tua anak yang ""miskin"" ini bisa menghasilkan income kedepannya. https://x.com/sopransatu/sta/sopransatu/status/1917422093463085548…",2025-04-30T22:06:23.000Z,
twitter,"Klausul 1 : vasektomi buat orang miskin.

Kalau elo gk miskin, elo bs nikah lg (n punya anak).
Tp kalau elo miskin, elo ngapain mikir nikah lg, itu khan biaya jg. Duit buat anak2 elo manah? Mang cere berarti elo gk punya beban (duit untuk) anak gituh.

We need Thanos.",2025-04-30T22:06:00.000Z,
twitter,"Jangan sampai Indonesia menjadi ""neraka"" bagi orang miskin. Vasektomi menurut ulama masih banyak yang mengharamkan, kecuali untuk tujuan tertentu yang syar'i. Vasektomi sebagai pilihan tentu masih bisa didiskusikan. Kalau diwajibkan sebagai syarat bansos? Aduuuh... ",2025-04-30T21:53:22.000Z,
twitter,"I lost my words setelah baca tanggapan teman-teman tentang ini.
Memang benar vasektomi diberlakukan utk yg sudah punya anak 2. Tp coba berfikir runtut, permasalahannya apa? solusinya apa? 
Kejam ya kita ternyata kpd rakyat miskin",2025-04-30T21:38:58.000Z,
twitter,"ya kan gak di paksa, lu kalo mau bansos ya di vasektomi, kalo ga mau di vasektomi ya cari duit sendiri, nafkahin keluarga lu tanpa bansos. pun kalo lu mau nikah, udah tanggungjawab lu sbg kepala keluarga, kalo miskin masih ngarep bansos ya jangan nikah, jangan punya anak",2025-04-30T21:37:24.000Z,
twitter,emang orang miskin anaknya berapa sih? sampe harus vasektomi? ada yg punya kenalan mungkin? (bertanya dengan nada lembut),2025-04-30T21:30:02.000Z,
twitter,Selamat pagi jangan tergocek isu vasektomi terus jadi misuh2 soal orang miskin alih-alih penguasa yang kerjaannya bikin orang jadi miskin thanks.,2025-04-30T21:29:21.000Z,
twitter,"Aku pribadi g ada masalah dgn vasektominy, cumam masih debatable aja mengharuskan org miskin seperti pemaksaan. 
Yg jadi pertanyaan ktk dijalankan apakah ngurangin angka kemiskinan?
Let's say org miskin vasektomi punya anak 1 atau 2, apakah berhenti miskinnya?
Yes ini complicated",2025-04-30T21:17:59.000Z,
twitter,"pertanyaannya lagi nih. org miskin MAMPU bersaing gak sama org2 yg lain? miskin itu ngakar kemana mana, pendidikan, psikologi dari orang tsb. ngaruh ke daya tangkap dll. udah deh, mending lo cari duit yang banyak ye biar gausah takut buat di vasektomi karna mengharapkan bansos",2025-04-30T20:54:24.000Z,
twitter,Kalau lakinya kek Gwangsik pekerja keras sih gapapa gak usah vasektomi tapi laki miskin anak banyak dan perokok wajib vasektomi apalgi ngeslot,2025-04-30T20:54:08.000Z,
twitter,"kapan ya mereka sadar, kalo emang mo nerapin vasektomi ya jangan hanya diperuntukan kepada mereka yang miskin, semua juga harus lahh",2025-04-30T20:52:06.000Z,
twitter,"Kalo kamu anggap warga miskin emg perlu KB, gak peduli ini diskriminatif & perlu diliat dr perspektif kelas, liatlah ini pemrentah abai amanat UU utk mengatasi kemiskinan + melanggar UU krn ""memaksakan"" KB.
Vasektomi di KDM hanyalah instrumen utk membatasi HAM & mengontrol warga.",2025-04-30T20:51:34.000Z,
twitter,"Fakta sih terkadang pemaksaan itu yg memaksa org untuk mikir tujuan yg sbnrnya
Masih dikasih opsi ga mau vasektomi yo wes ga di kasi bansos
Kalau vasektomi ya di hargai dg kasi bansos. Eh muncul pemikiran2 'bansos itu hak org miskin, yg miskin ga punya hak gitu?'",2025-04-30T20:51:22.000Z,
twitter,"my honest reaction: make nih orang

dukun kah sampe bisa yakin banget kedepannya kdm buat kebijakan orang miskin sama sekali ga boleh punya anak?? 

kebijakan harus vasektomi setelah punya 2 anak itu udah bagus, malah kalo bisa diedukasi biar yg ngelakuin semua golongan rakyat",2025-04-30T20:48:44.000Z,
twitter,"lo bilang tren angka kelahiran udah turun? tau yg nurunin siape? kebanyakan org menengah keatas bos. orang miskin? TEROSS aje hamil. tepat ga tuh sasaran bansos? bener ga kalo syarat bansos yaitu vasektomi? jelas lah kocakkkkkkk, mau enak aje lo produksi tapi miskin",2025-04-30T20:46:45.000Z,
twitter,"justru kalian yg jahat, ngaku bela masyarakat miskin, bilang ini issue kelas dll

padahal karna menolak vasektomi

kalo kita hapus issue kelasnya, semua segmen masyarakat harus vasektomi, kaya miskin ga peduli

apakah lo akan se berisik dan se tantrum ini? gue rasa sih engga",2025-04-30T20:42:50.000Z,
twitter,"Aku setuju bgt sm vasektomi ini, 2 anak lebih baik memang harus diterapkan di keluarga miskin. Aku 6 bersodara, smpe gede pun ttp jadi sandwich gen. Cape bgt, ngerasa gaadil bgt dunia kita juga udh disuru kerja dari kecil coba deh sudut pandangny diubah ke si anak",2025-04-30T20:03:04.000Z,
twitter,"salahnya KDM langsung narget ke masyarakat miskin

padahal harusnya semua segmen ditekan buat vasektomi 
mau kaya atau miskin, kalo punya anak lebih dr 2 harus lgsg di stop suppliernya",2025-04-30T20:02:01.000Z,
twitter,"Di saat anda sedang di titik terendah. Bahkan memaksa anda utk vasektomi jika ingin di bantu. Ini jelas fasis. Urusan reproduksi di batasi negara, tapi negara takut ketika rakyat miskin tidak bayar pajak dan tidak menyumbang program2 sampah pemerintah untuk rakyat miskin.",2025-04-30T19:58:57.000Z,
twitter,"faktanya orang miskin selalu melhirkan generasi miskin selanjutnya, jd harus di vasektomi si miskin itu",2025-04-30T19:57:33.000Z,
twitter,"wkwkwk si gak napak tanah, gak pernah ngerasain hidup miskin makanya cuma ngecap doang sambil nyalah2in. udh ngerti soal vasektomi? udh paham syarat dan ketentuan vasektomi kayak gimana?",2025-04-30T19:55:27.000Z,
twitter,harusnya ga cuma masyarakat miskin tapi semua segmen wajib vasektomi kalau sudah punya 2 anak,2025-04-30T19:54:23.000Z,
twitter,"Mas, sampeyan juga kelas menengah dan rentan jadi kelas miskin. Jangan membusungkan dada seolah tidak akan terjadi pada diri sampeyan. Bisa jadi nanti sampeyan punya anak banyak, dan tiba2 di pagi buta ada yg mengetuk pintu rumah sampeyan dan maksa buat vasektomi. Situ mau gak?",2025-04-30T19:52:47.000Z,
twitter,"iya ya harusnya yang vasektomi itu semua kelas, ga hanya masyarakat miskin

semua segmen harus ikut andil dalam overpopulasi
program vasektomi gratis would be good",2025-04-30T19:52:31.000Z,
twitter,"Kak makanya napak tanah, penyuluhan vasek tuh udah banyak dari jaman kapan tau. Hasilnya nihil, kebanyakan yang vasektomi malah dari kaum terpelajar yang kagak miskin",2025-04-30T19:51:59.000Z,
twitter,Orang miskin kalo ga diwajibin ga akan vasek bang mau disosialisasi setiap hari juga. Jadinya programnya malah ga berhasil sama sekali. Dan kalo dliat juga ini tuh bukan program bansos tapi malah program vasektomi dapet hadiah bansos,2025-04-30T19:42:36.000Z,
twitter,"Vasektomi dan KB itu mencegah penderitaan baru yg tidak perlu. Kalau kau tidak punya anak dalam keadaan miskin, setidaknya tidak ada anak yg ikutan susah karena kemiskinanmu.",2025-04-30T19:40:36.000Z,
twitter,"Gue setuju agar vasektomi mulai dinormalisasi. Tapi kalau menjadi syarat utk mendapat bansos? Hmmm, ragu sih.

Menurut gue, mewajibkan vasektomi atau melarang orang miskin beranak tidak bisa menjadi solusi tepat utk mengatasi kemiskinan itu sendiri.",2025-04-30T19:34:57.000Z,
twitter,"Kalo di vasektomi kan dia GK bisa nambah anak kali, bahkan kalo dia yg dulunya miskin dan menjadi  mampu secara finansial, dia GK bakal bisa punya anak lagi...",2025-04-30T19:31:59.000Z,
twitter,lah yang ditolak mah kebijakan pemerintah yang memaksa hak orang miskin ditukar dengan hak lain. masa bansos udah diatur secara wajib harus jadi bersyarat dengan vasektomi? mau menurunkan angka kemiskinan dgn kebijakan yg instan lagi ya ga akan beres masalah kemiskinan juga,2025-04-30T19:29:39.000Z,
twitter,"Dengan mempersulit mereka terhadap haknya tidak akan menyelesaikan akar masalah seperti kemiskinan. Yg ada malah anggaran bansos dikorupsi. Yg miskin makin ga dipehatikan negara karena bisa lepas tangan ""siapasuruh ga mau vasektomi"" kan lucu.",2025-04-30T19:26:32.000Z,
twitter,"Lha gmn gk diancam2, penduduknya punya otak ky lu. Tujuan vasektomi itu supaya mereka berenti beranak pinak, bukan berenti ngesek2. Bayangin lu jadi anak ke 5 sementara ortu lu miskin ngandelin bansos. Hidup jadi beban negara, menderita, emang lu mau di situasi itu?",2025-04-30T19:22:33.000Z,
twitter,"suddenly it’s a crime whoaaaa.. gada yg lebih kejam di mata lo pada selain mau bansos harus vasektomi dlu ya.

anak-anak 5-10 bersaudara dari keluarga miskin ahhhh kecil lah yaaa mgkin ortunya dulu khilaf, namanya hiburan orang miskin",2025-04-30T19:05:14.000Z,
twitter,"Mau vasektomi atau kebiri permanen, semuanya itu kekerasan seksual karena dilakukan dengan penyalahgunaan kuasa yang dia punya lewat mengancam menghentikan bansos & jalur beasiswa ke masyarakat miskin: masyarakat yang secara konstitusi punya hak untuk dua hal itu.",2025-04-30T19:04:17.000Z,
twitter,"Perkara vasektomi semua orng langsung ngomongin ham pdhal selama ini digembar gembor wajib kb untuk perempuan pada diem"" aja. Ga rame. Kenyataannya dilapangan, orang miskin suka gatau diri malah beranak pinak biar bantuannya tambah banyak. Istri gamau hamil lagi dipaksa suami",2025-04-30T19:03:59.000Z,
twitter,"Tapi nggak pakek vasektomi, dan aturan itu nggak cuman orang miskin tapi hampir semua warganya. Dan jangan lupa faktor lainnya, investasi besar besaran pada pendidikan sains dan teknologi, riset dan inovasi, infrastruktur masif, dan masih banyak lagi.",2025-04-30T19:03:59.000Z,
twitter,"Artinya negara telah gagal mensejahterahkan rakyat..
Bansos itu hak rakyat miskin !
Sesiapa yg msuk ketegori miskin layak mendapat kan nya,,
Kesenjangan sosial meningkat.
Poin plus buat kaum sekulerism dgn ide vasektomi.
Org ini sgt berbahaya..",2025-04-30T18:55:09.000Z,
twitter,"Tau sih promosi itu bisa tahunan-puluhan tahun, tapi itu harus dilakukan.

Drpd iming2 bansos dan beasiswa mending gandeng ulama terkenal suruh dia promosi vasektomi kemana2, itu akan lebih efektif dan low cost (g prlu ksh imbalan ke warga miskin).",2025-04-30T18:51:13.000Z,
twitter,"Skrg yg hrs dilakukan promosi utk bikin vasektomi jd pilihan kb yg lebih baik, lebih efisien dan menguntungkan buat pasutri. Bukan memaksa orang miskin harus vasektomi, mereka hrs diarahkan dan diberitau.",2025-04-30T18:49:21.000Z,
twitter,"gausah lebay ya bangsat. lu selama ini ga peduli cewe disuruh kb, ga peduli cewe dilarang aborsi, giliran disuruh vasektomi lu nangis2. lu cuma disuruh tau diri sebagai org miskin, jgn beranak lebih dari 2, bukannya dilarang punya anak, bukan dilarang ngewe seumur hidup juga.",2025-04-30T18:44:49.000Z,
twitter,"Ya jangan di samain sama negara yg tidak overpopulasi, terus misal bansos gak dijadikan imbalan mana ada sih orang ga mampu ini yg sukarela mau di vasektomi? Yg ada mereka asik aja beranak toh tetep dapet bansos karna miskin.",2025-04-30T18:39:02.000Z,
twitter,"Cmiww cmiwww sok asyik lu. 
Nalar yg sederhana jadi muter"" dibuat spesies lu.
Vasektomi itu haram. Dibolehkan jika dan hanya jika. 
Lalu ada makhluk yg mewajibkan dan memaksakannya dan parahnya hal itu hanya ditujukan ke orang miskin. 

Gak usah jahat-jahat jadi manusia.",2025-04-30T18:29:30.000Z,
twitter,"Bayangin ada anak semangat belajar, butuh beasiswa krn bapanya miskin, tp bapanya gamau vasektomi, akhirnya ga dpt beasiswa, bapanya ga masalah krn emg pgn anaknya lgsg kerja aja gausa sekolah, tp anaknya mau sekolah. Gimana coba kalo kayak gt. Jahat bgt deh org2 yg pd pro.",2025-04-30T18:20:32.000Z,
twitter,"hmmmmmmmmmmmmm
syarat vasektomi itu hrs punya 2 anak.
lu koar koar kb itu pilihan pribadi ya mikir aja oon udh tau miskin, makan aja butuh dr bansos sok sok an mau ngewe teroos, giliran kebobolan sampe punya anak 5 gabisa ngasi makan koar koar lagi pemerintah ini itu, dungu ah",2025-04-30T18:05:20.000Z,
twitter,gue lihat di beritanya pun gak ada bilang pemaksaan atau apapun itu ke golongan miskin. cuman ngasih pilihan kalau MAU dapet bansos ya harus vasektomi biar terkontrol perngentotannya. pemaksaan dari mananya ya itu coba jelasin?,2025-04-30T18:02:29.000Z,
twitter,Masalahnya edukasi sudah dilakukan tp tetap aja ga da kesadaran diri dari mereka. Jika vasektomi ini terkesan seperti pemaksaan ya wajar saja krn rakyatnya keras kepala. Memang ga semua orang miskin begitu tp program ini bisa bantu mengurangi kasus anak” putus sekolah krn ekonomi,2025-04-30T18:01:34.000Z,
twitter,"Bahlil juga dulunya miskin, sempet jd supir angkot pula. Kalo idup di jabar 2025 udah kena vasektomi kali ya doi?",2025-04-30T17:59:25.000Z,
twitter,"Yg kontra tuh knp ya gw gatau perspektif lain tp dipikiran gw org miskin yg bener2 ga nyentuh pendidikan tuh bener2 bebal dan ga mikir, jd klo ga diteken mreka gapeduli. Td ada yg bilang mending yg vasektomi dikasi reward drpd jd wajib, lah boro2 mau direward gmn juga",2025-04-30T17:48:10.000Z,
twitter,"penyuluhan KB juga udah dikasih, cuma emang udah terlalu sulit aja mengedukasi mereka. ujung-ujungnya kalau ga ada kebijakan vasektomi, ya anaknya nambah terus. banyak anak = banyak pengeluaran = kemungkinan besar bikin makin miskin.",2025-04-30T17:42:55.000Z,
twitter,gue ga paham sama jalan pikiran yang kontra. padahal pemerintah bikin peraturan vasektomi bagi orang miskin yang minta bansos tapi anaknya udah lebih dari 2 (syarat vasektomi minimal udah punya 2 anak). hak beranaknya udah dipenuhi kok.,2025-04-30T17:40:54.000Z,
twitter,"Gw berharap secepatnya dilakuin vasektomi buat kalangan miskin yang udh ada anak 2 atau lebih sih, klo emg gamau, yaudah berjuang lah kau sendiri dengan perbuatan mu yang taunya ngentot aja itu ",2025-04-30T17:37:45.000Z,
twitter,"Bahkan dengan iming2 bansos juga sama aja itu kek jatohnya 'reward' ke laki2 miskin yg 'berani' vasektomi, kalo ditarik lagi logikanya ke sana sih ",2025-04-30T17:36:35.000Z,
twitter,"Pasahal sesimpel klo mau terima bansos, ya vasektomi, kalo engga mau vasektomi ya ga terima bansos, jadi ga bikin anak banyak"". Ini cuman buat ngetrigger, lu semua bacot teori teori segala macem, padahal tujuannya itu biar orang orang miskin ga beranak pinak",2025-04-30T17:33:25.000Z,
twitter,"imo, program vasektomi pemerintah tuh sebenernya bagus, tp kalo ini di wajibkan untuk rakyat miskin dan konsekuensi nya ga dapet bansos ya salah",2025-04-30T17:17:17.000Z,
twitter,"Dengan banyaknya influencer yang menggaungkan ""miskin dilarang punya anak"" Dan yang lagi viral, KDM sebut program Vasektomi untuk turunkan kemiskinan, kayaknya gua mulai tau benang merahnya.",2025-04-30T17:09:25.000Z,
twitter,"lu pikirannya cuma beranak pinak mulu ye? pernah mikirin ekonomi rakyat miskin yang cuma beranak pinak tanpa ada kesejahteraan kagak? trus kalo vasektomi efeknya negatif, apa kabar dengan KB ? lu giliran masalah laki aja koar koar sana sini, giliran perempuan iye iye ae",2025-04-30T17:08:46.000Z,
twitter,"Yang di highlight bansos nya hanya untuk yang vasektomi. Padahal penyebab kemiskinan struktural itu ya koruptor, coba koruptor itu di bunuh keluarga nya di miskin kan, hilang itu kemiskinan struktural",2025-04-30T17:07:15.000Z,
twitter,"Ini caranya salah, emang buas sensasi aja kah?

Padahal bisa masukin bansos ke program KB, diiklankan dengan ""Ada bantuan bansos untuk keluarga yang siap ikut program vasektomi""

Tapi karena kebalik, masukin vasektomi ke program bansos, kesannya jdi org miskin demen beranak pinak",2025-04-30T17:05:06.000Z,
twitter,"KB itu maks 2 anak. Jd yg vasektomi tuh klo lu miskin dan udh punya 2 anak. 

Maksud dri aturan ini adalah : klo lu mau nambah anak, tolong cari biaya lebih, karena besarin anak tu butuh modal. 

Klo sekedar bansos aja ga bisa beli sendiri, ya lu aneh klo ttp mau nambah anak",2025-04-30T17:00:07.000Z,
twitter,"Negaramu miskin, rakyatnya banyak. Rakyatnya kurang kesadaran buat kalo miskin tu kontrol kelahiran, beranak sesuai penghasilan. Giliran diatur, gamau jg. Atur sendiri aja la. Butuh bansos, vasektomi. Ga butuh bansos, beranak la kau banyak2",2025-04-30T16:59:25.000Z,
twitter,"-program lainnya bisa jd lebih berkembang ga? banyak kok org miskin yg rewel bgt diajak berkembang gamau. maunya dikasih mulu sm negara. beli makan gabisa, giliran beli rokok lancar. vasektomi gamau, kb gamau, tp ngarepin bansos terus. mikir lah minimal knp pemerintah sampe-",2025-04-30T16:56:06.000Z,
twitter,"Vasektomi yes,
Vasektomi diwajibkan utk orang miskin, no.",2025-04-30T16:55:16.000Z,
twitter,"sebenernya pada ngerti pokok masalahnya gk sih ini orang2? problem orang miskin itu apanya sih? ""orang""nya atau ""miskin""nya? kalau orangnya vasektomi cuman mengurangi doang, kalau mau di ilangin, sekalian b***h aja semua pasti angka kemiskinannya turun bahkan langsung 0",2025-04-30T16:53:43.000Z,
twitter,"Baru juga kemaren ngomongin aborsi dan kemiskinan, sekarang gubernur npd pengen wajib vasektomi buat warga miskin ",2025-04-30T16:53:28.000Z,
twitter,Bener kata temen gw kalo hitler pro vasektomi buat kaum miskin pasti bakal didukung indon jg ,2025-04-30T16:49:18.000Z,
twitter,"lol gapeduli mau yg KB cewe mau yg Vasektomi cowo, yang nganggap org miskin gapunya pilihan itu jahat tai berisik banget",2025-04-30T16:49:12.000Z,
twitter,"org2 yg kebanyakan yapping disini w liat2 nangkepnya berasa org miskin ga boleh beranak pinak, padahal kan syarat vasektomi setau w usia 35 dan udah punya 2 anak dulu",2025-04-30T16:48:20.000Z,
twitter,Berarti lu ga diajak dan keadaan lu ga sesuai konteks. Org sasaran vasektomi itu penerima bansos alias yg miskin.,2025-04-30T16:47:08.000Z,
twitter,"Vasektomi masih boleh punya anak kak, bukan ngelarang punya anak. Vasektomi bukan kebiri, jadi bedain. Kasihan anak kalau lahir dari keluarga yang mohon maaf miskin, hidupnya susah+terlantar.",2025-04-30T16:42:38.000Z,
twitter,"kebalik gak woi vasektomi dulu blok, baru dapet beasiswa dan bansos. Kalo dapet bansos dan beasiswa dulu curang nanti yg miskin anaknya banyak juga ikutan dapet, membludak lagi nanti, terus cari kerja tambah sulit karena banyak saingan",2025-04-30T16:37:42.000Z,
twitter,manalagi pas mau nikah harus di vasektomi karena terdeteksi miskin,2025-04-30T16:36:29.000Z,
twitter,"Tetep aku gak setuju kalo negara udah sampai mengatur tubuh warganya. Vasektomi sebagai sosialisasi oke, tapi sebagai syarat untuk negara menjalankan kewajibannya memelihara orang miskin, no.

Bangun infra ruang publik, fasilitasi mereka untuk berdikari.",2025-04-30T16:35:38.000Z,
twitter,"ya..kan memang?? gw ada ngebenerin mereka yg miskin anak banyak, kah?

poin gw sesimpel pemerintah gaboleh menjadikan bansos menjadi suatu hal yang bersyarat untuk fakir miskin terima, apalagi dengan syarat vasektomi yang mana harusnya itu dipromosikan, bukan dipaksa.",2025-04-30T16:32:44.000Z,
twitter,"bang ini kan bukan peraturan jatohnya kek himbauan atau malah pancingan aja. ada reward klo lu ngikutin,lu dapet bansos, yg dimana orng miskin itu butuh bansos itu. pilihannya lu mau dapet itu bansos atau ga wkwk klo lu ga rela vasektomi y gausah ngantri bansos. kok repot?",2025-04-30T16:30:47.000Z,
twitter,"Aneh bgt komen2nya. Katanya negara terlalu mengatur hal privat. HEH, KALO MISKIN JANGAN BERANAK BANYAK. MALAH BIKIN KEMISKINAN STRUKTURAL. LAGIAN VASEKTOMI MINIMAL UDAH 35TH, DAN UDAH ADA 2 ANAK. UDAH MISKIN, MAU BERANAK BERAPA BANYAK LAGI?",2025-04-30T16:30:16.000Z,
twitter,"ke orang miskin Fasis banget kudu maksa vasektomi, ke orang kaya kalo di'paksa' bayar pajak aja kayak kontol balesannya.",2025-04-30T16:26:27.000Z,
twitter,"Ini bentuk kebencian ke masy miskin yg pdhal bisa diselesaikan dg pemberian pendidikan yg layak, stop korupsi dana kesejahteraan rakyat. Kalau mau nyuruh vasektomi itu orang kek gibran, kerjaan aja masih dicariin bapaknya sampai ngerusak sistem negara sok2an beranak.",2025-04-30T16:20:15.000Z,
twitter,"Ya saya ini dibilang miskin juga gak, kaya juga gak. Intinya berkecukupan. Saya pun punya alasan tersendiri mengambil keputusan untuk vasektomi/MOP (privasi). Saya juga awalnya buta kalo bukan karena org sudin PPAPP yg kasih informasi door to door. Urus KTP aja dibantu RT.",2025-04-30T16:20:08.000Z,
twitter,"Miskin harus vasektomi, pejabat punya istri 4, punya anak belasan dan bikin Dinasti politik di daerahnya ya gapapa asal ga miskin dan ga jadi beban Negara. Yang begini disebut jadi kebijakan progresif pula. Gaaasss all in Gibran-KDM buat 2029  !!!",2025-04-30T16:19:51.000Z,
twitter,"Makanya sebelum yapping cari tau dulu syarat vasektomi

Minimal punya 2 anak dan umur35

Kalau dibawah 35 tapi punya anak lebih dari 2 boleh di vasektomi

Bukan berarti lu miskin nggak boleh beranak",2025-04-30T16:19:28.000Z,
twitter,"Ini masalah di semua negara ketiga yang angka orang miskinnya buanyak. Hiburan orang miskin itu seks dan beli alat kontrasepsi itu gak ada di opsi mereka krn tdk masuk skala prioritas. Mending buat rokok sama kopi daripada beli kondom.

Solusi vasektomi gak menyentuh akarnya.",2025-04-30T16:08:59.000Z,
twitter,"skrg pemerintah akan MEMAKSA VASEKTOMI thd  ORANG MISKIN. ini udah beda ranah. pelakunya justru PEMBERI WEWENANG. pemilik kekuasaan. pemangku jabatan. apapun itu lah sebutannya.

balik lagi, kalau pelaku individu aja dapat banyak kenyamanan karena hukum negara ini asu -c-",2025-04-30T16:08:20.000Z,
twitter,"Bansos dianggap kemauan. Bansos itu kewajiban negara. Hak miskin. Hidup mereka sulit, jangan dipersulit lagi. Lagian negara ngasi bansos berapa si? Emang dengan vasektomi atau ga ngasih bansos ke miskin yg ga mau vasektomi lantas negara lepas dari kemiskinan? Yg ada dikorupsi",2025-04-30T16:08:13.000Z,
twitter,"disagree, pendek banget jalan pikirnya karena orang miskin beranak terus terus buat solusi pendeknya bansos harus vasektomi. satu lagi bukti konkrit they never really touch the grass",2025-04-30T16:07:30.000Z,
twitter,"Opini jelek, memang kenapa dengan vasektomi? Sudah tau secara medisnya belum? Justru dengan adanya ketimpangan si miskin dan kaya ini salah satu solusi agar kualitas anak di Indonesia itu lebih baik gizi terpenuhi stunting berkurang dan mencetak kualitas sdm yang bermutu.",2025-04-30T16:07:13.000Z,
twitter,"Kaget gw kayak si kaklong kaklong itu malah dukung, padahal jelas masalahnya bukan di vasektominya tapi karena vasektomi jd prasyarat terima bansos bagi orang miskin ",2025-04-30T16:05:39.000Z,
twitter,"Guys, vasektomi itu kb, sama kayak di cewek. Bedanya ini diterapkan di cowok aja. Kalian tetapi ngaceng ngewe dll kok. Sambil gitu kalo kan bisa nabung tuh biar kalo nanti mau punya anak udah ada tabunganny, jadi anaknya gk idup miskin juga kek ortunya. Kebutuhan dia tercukupi",2025-04-30T16:05:02.000Z,
twitter,"Bukannya vasektomi itu iatilah awamnya ""kebiri""?? Lha dikira rakyat miskin itu predator sex apa kok suruh kebiri supaya dpt bansos ",2025-04-30T16:01:19.000Z,
twitter,"Dari tadi menyimak, kok pada gak setuju sih sama rencananya? Kan bagus yak kalo vasektomi buat laki-laki miskin (gak enak ngetiknya), karena kasian calon anak-anaknya.

Terus baca ini, wahh iya juga ya",2025-04-30T15:59:06.000Z,
twitter,"udh dr jaman dulu edukasi kl 2 ANAK LEBIH BAIK. lagipula itu kan yg mau mau aja, kalo lu butuh bansos dan anak lu udah lebih dr 2 ya vasektomi. kalo lu kaya apalagi miskin tapi bisa mencukupi kebutuhan anak mau punya anak 11 ok ok aja",2025-04-30T15:56:44.000Z,
twitter,"Kalo orang miskin harus vasektomi mereka kehilangan salah satu hak mereka sebagai mahluk hidup yaitu berkembang biak. Jadi ayo sekolahhh, makan yang bergizi, jaga kesehatann dan nabung biar ga miskinnn.",2025-04-30T15:56:40.000Z,
twitter,"Daripada vasektomi maksa buat si miskin mending lu kasih subsidi vasektomi sama vaksin hpv, bodat",2025-04-30T15:55:29.000Z,
twitter,"Memaksa kelompok menengah kebawah / miskin untuk vasektomi demi bansos, ini melanggar UUTPKS dan melanggar HAM dan terkesan “cuci tangan”. 

Seakan akan akar permasalahan kemiskinan hanya dari “perkembangbiakan” saja lalu melupakan bahwa ini masalah struktural.",2025-04-30T15:54:32.000Z,
twitter,"Sbg perempuan gue MENDUKUNG vasektomi, tapi tidak dengan pemaksaan alat kontrasepsi. Kalau kebijakan kaya gini diOKEin cuman karena kalian memupuk kebencian pada orang-orang miskin, hal-hal lebih buruk bisa menimpa kalian juga sebagai rakyat.",2025-04-30T15:54:09.000Z,
twitter,mewajibkan vasektomi itu tanda bahwa pemerintah gagal. pemerintah lepas tanggung jawab. gk bisa menyejahterakan masyarakat miskin tapi memaksa masyarakat miskin untuk gk bisa punya anak,2025-04-30T15:53:39.000Z,
twitter,kalo seperti ini sih ide KDM untuk vasektomi jadi terlihat sangat masuk akal demi kebaikan keluarga miskin itu sendiri... 8 anak sampai dikasih makan kertas lho... ini sih gila... pakai kondom bilangnya ga nyaman...,2025-04-30T15:46:27.000Z,
twitter,"Tujuan pemerintah vasektomi itu bukan ga boleh punya anak, tapi membatasi kaya lu udah punya 2 anak ya stop nambah. Kalo yang miskin nambah anak nambah beban lagi kalo ngandelin pemerintah sementara keluarga yang miskin yang perlu dibantu masih banyak.",2025-04-30T15:45:48.000Z,
twitter,"Persepsinya orang miskin banyak anak merepotkan negara? Lalu anak2 orang miskin juga pasti miskin dan semakin merepotkan di masa depan? Perlu dicegah genetik miskin, lalu jalan pintasnya vasektomi aja",2025-04-30T15:45:43.000Z,
twitter,"negara marah sama orang miskin krn mereka miskin & beban, padahal negara sendiri yg ngga mampu membuat mereka ngga miskin lagi. kalo mau orang miskin ngga miskin lagi ya sejahterakan, bukan suruh vasektomi. kebijakan wajib vasektomi uuntuk org miskin ini fasis. fasis banget.",2025-04-30T15:45:40.000Z,
twitter,"bukan gitu poinnya. orang miskin itu masih rakyat, masih tanggung jawab negara. kalau negara mampu mensejahterakan rakyatnya, rata ekonominya, ngga ada yg miskin melarat, pemikirin banyak anak bagi org miskin gaakan ada. kebijakan wajib vasektomi itu seolah-olah —",2025-04-30T15:45:39.000Z,
twitter,"pasal 34 UUD 1945: 
fakir miskin dan anak-anak terlantar dipelihara oleh negara

*s&k berlaku: harus vasektomi

INKONSTITUSIONAL",2025-04-30T15:41:40.000Z,
twitter,"Mau dibilang fasis juga aku kayanya ttp setuju aja kalo penerima bantuan miskin disuruh vasektomi. Kalo mau dibantu ya harus mau ""dibenerin"" sesuai syaratnya. Kalo org yg bisa biayain anak sih bebas mau punya anak berapa. Kasarnya: ""Yen miskin yo ojok kakehan polah.""",2025-04-30T15:41:09.000Z,
twitter,"yang mikir kalo vasektomi merampas hak hidup seseorang dan para feminis yg beranggapan seperti itu, pertanyaan gue cuma satu:

lu pada pernah ngerasain jadi seorang anak yang hidup miskin gak? yg buat bayar LKS atau beli seragam sekolah aja mesti kerja/bantuin orgtua nyari duit?",2025-04-30T15:41:03.000Z,
twitter,"Memilih kb melalui tubektomi atau vasektomi itu diserahkan kepada individu masing-masing, dan menyamakan dengan hukuman mati itu lucu, apakah menjadi miskin layak dihukum?",2025-04-30T15:40:23.000Z,
twitter,"sama rakyat, belum lagi ada pihak pihak tertentu yang memanfaatkan situasi ini seperti pas covid lagi, dikorupsi juga kan itu bansos?  jadi selain harusnya ada edukasi tentang vasektomi, sistem bansosnya juga diperbaiki biar ga ada korupsi dan yang kena malah rakyat miskin jg",2025-04-30T15:40:19.000Z,
twitter,Bansos 300rb/bulan nyuruh orang miskin Vasektomi. ,2025-04-30T15:38:42.000Z,
twitter,"apaan si kocak, liat dulu inti permasalahannya. BUKAN KEADAAN BIOLOGIS, tapi apa yg mau dicapai dr perlakuan tsb? vasektomi biar apa? biar gak berojol terus krn MISKIN dan butuh bansos. kalo tes perawan biar apa kocak? ngerti apple to apple gasih? WKWK",2025-04-30T15:38:20.000Z,
twitter,"lagian inti masalahnya itu kemiskinan, kok solusinya malah vasektomi... lu pikir orang miskin banyak anak itu akibatnya apa kalo bukan dari kemiskinan struktural itu sendiri, termasuk karena kurangnya akses pendidikan/informasi terkait kesehatan, KB, dll....",2025-04-30T15:37:16.000Z,
twitter,Kasian jd orang miskin! Dipelihara oleh politikus kyk si kdm ini buat ndulang suara! Setelah dapet jabatan dsuru vasektomi biar dapet bansos! Padahal masyarakat miskin itu aset politikus jahat biar bisa beli suara!,2025-04-30T15:36:07.000Z,
twitter,"Imo kejauhan kalo ngeliat ini sebagai ""ngurangin si miskin"". Toh vasektomi bansos ini ga ngurangin si miskin, pun ga nambahin.

Tapi belom tau dah kebijakan KDM ttg penghasilan/pekerjaan kek apa. Kalo ada penyeimbangnya sih lanjut aja. Baru keliatan di sektor sektor mikro.",2025-04-30T15:34:51.000Z,
twitter,Bener. Kenapa mereka ga jijik sama kaesang dan gibran trs nyuruh mereka vasektomi. Pdhal daya rusak mereka lebih luar biasa daripada orang miskin pinggiran.,2025-04-30T15:27:42.000Z,
twitter,"Yes. Simply, mau klaim bansos? Vasektomi dlu bos. 

Ada yg bilang ini tu eugenics anti miskin diskriminasi ham atas kelas
Bilang gagal program KB njur skrg main ekstrim dsb dsb dsb",2025-04-30T15:27:26.000Z,
twitter,Sederhana tapi kena sulit dipahami otaknya ya. Vasektomi dan KB ga lantas menjadikan orang miskin jadi kaya dan punya harapan.,2025-04-30T15:27:25.000Z,
twitter,"Gua pendukung vasektomi,dan ya yang berKB jangan hanya wanita doang.Tapi ketika itu disyaratkan sebagai bagian dari 'yg berhak menerima bansos' maka itu sudah red flag.Bansos itu hak rakyat miskin.
Jgn selalu membenarkan hal apapun hanya karena itu datang dr Demul,dia jg manusia",2025-04-30T15:26:23.000Z,
twitter,"eksploitasu anak dll. Vasektomi, bisa dilakukan karna sudah punya anak 2 dan umur 35 bukan orang miskin, benar-benar gak bisa punya anak, tujuan vasektomi agar bisa mengendalikan angka kelahiran. Semakin banyak anak, maka semakin sulit orang miski membiayai anaknya kak.",2025-04-30T15:23:07.000Z,
twitter,"Mending skrng itu fokus perkuat data masyarakatnya, klu keluarga sudah punya 1 anak dan ketika hamil anak ke 2 terus kategori keluarga itu miskin buat program si ibu wajib pasang KB.
Lebih make sense dari pada vasektomi yang GK punya anak permanen.",2025-04-30T15:21:53.000Z,
twitter,"Kan wajib buat yg miskin, kalo km ga miskin ya ga wajib, kalo km kesinggung brti km miskin kalo km ga kesinggung brti km ga miskin
Km berhak berhubungan dg istrimu tp anakmu juga berhak dpt kehidupan yg layak, jd jangan sampe jd keluarga peminta-minta biar ga d wajibin vasektomi",2025-04-30T15:21:50.000Z,
twitter,china juga mensyaratkan warga miskin untuk vasektomi dulu buat bansos???,2025-04-30T15:20:39.000Z,
twitter,"Se simpel kalo lo miskin banget dan kepengen banget bansos ya lu wajib vasektomi. Kalo lu berkecukupan, bisa nafkahin, sejahterain anak2 & keluarga lu, ga usah vasektomi vasektomian",2025-04-30T15:19:35.000Z,
twitter,"Banyak yg bawa2 program KB dan imho ga apple to apple karena program ini kerasa bgt menyudutkan orang miskin. Kalo tujuannya purely birth control, kenapa ga dimulai dengan masukin vasektomi ke program KB dan serius sosialisasi sex edu ke masyarakat",2025-04-30T15:19:20.000Z,
twitter,Actually gue setuju sih sama ketentuan gini biar neken org2 miskin ini ga beranak pinak lebih banyak. Lagian vasektomi juga syaratnya anak 2 sama usia 35,2025-04-30T15:11:02.000Z,
twitter,"Makanya baca dulu dari tweet yg gw reply.  Statement ""orang miskin jangan punya anak"" ini diprotes karena dianggap punya anak itu hak. Menurut ts, orang miskin dan kaya harus sama2 diuji kemampuan finansial masa depannya, supaya fair. Jadi ts bukan protes soal vasektomi",2025-04-30T15:02:23.000Z,
twitter,"bukti klo bnyak wrga indo miskin tu nyata: mo sekolah kluar negeri aja gk kuat bayar sndiri, kudu pontang-panting nyrie beasiswa (dlm negeri juga iya) pke duit rakyat ... dsar orng miskin bisanya nyusahin ... vasektomi sono ",2025-04-30T15:02:13.000Z,
twitter,"Gaada yg maksa? Posisi org miskin BUTUH BANGET support dr pemerintah kaya bansos dan beasiswa, meanwhile harga dr semua itu perlu setor bukti vasektomi? GWS dah lu pada",2025-04-30T15:02:12.000Z,
twitter,"Gw malah melihat kalo kebijakan ini ada, nanti yg miskin semakin miskin karna nekat punya anak gapapa gadapet bansos,trus yg aslinya mampu dan berniat childfree pada vasektomi sekalian biar bisa dapet bansos ",2025-04-30T14:59:05.000Z,
twitter,"Kalau anaknya dikit, gk bakal dipaksa kb kok. Miskin jg berhak punya anak, tapi kalau jumlah anak sudah terlalu banyak dan anda sebagai orang tua gk bisa memenuhi kebutuhan anak tsb, maka disarankan vasektomi.",2025-04-30T14:58:35.000Z,
twitter,"Saya ingin kdm menjadi contoh, beliau kan pengayom orang miskin. Di intro konten meluk nenek nenek. Ayo pak kdm anda vasektomi agar menjadi contoh warga jabar",2025-04-30T14:57:02.000Z,
twitter,"bener kak. Dikira pemerintah masalahnya orang miskin dan KB saja. Padahal pemerintah perlu mikirin pembangunan supaya bisa jd negara maju, dll. Justru bagus kalau ada proker vasektomi kayak gini. Di edukasi KB 2 anak ttp jadi, mau ga mau harus tegas ya vasektomi!",2025-04-30T14:56:12.000Z,
twitter,PROGRAM UTAMA YANG SEBENARNYA  adalah PROGRAM PENGENDALIAN POPULASI melalui VASEKTOMI UNTUK MENEKAN / MENURUNKAN TINGKAT KELAHIRAN terutama pada masyarakat miskin.,2025-04-30T14:51:06.000Z,
twitter,"dengan jumlah penduduk terbanyak yah, menurut gue program nya udah bener. diteriak""in kb aja masih banyak kok orang yg nikah muda di jabar tuh, yg bikin anak dalam kondisi miskin/kurang mampu. udah paling bener juga laki-laki vasektomi drpd dibikin mpreg",2025-04-30T14:49:55.000Z,
twitter,"kalo edukasi doang belum tentu terealisasikan masalahnya.
Lagian syarat vasektomi max 2 anak, ngapain? mau nambah anak lagi? udah miskin nambah anak lagi? wtf!?",2025-04-30T14:46:27.000Z,
twitter,Aing ga ngerti. Ini dia beneran ngomongnya loncat2 begini? Syarat terima miskin harus vasektomi tapi basisnya biar tidak selalu membebani wanita dalam reproduksi.,2025-04-30T14:45:50.000Z,
twitter,"Ya berarti solusinya edukasi, bukan menindas yg miskin dengan jadiin vasektomi persyaratan demi mereka dapet haknya (bansos).",2025-04-30T14:32:20.000Z,
twitter,"kebetulan background ku kespro ya kak, baru banget tadi pagi diskusi ini sama dokter-dokter, kami setuju akan adanya vasektomi utk warga miskin (apalagi miskin struktural). sebenernya buat apa sih? utk menekan laju pertumbuhan anak yg ‘berpotensi’ terlantar dan gak ke urus",2025-04-30T14:29:31.000Z,
twitter,Uud45nya revisi tuh. Fakir miskin dan anak terlantar dipelihara negara asalkan mau vasektomi,2025-04-30T14:29:20.000Z,
twitter,"Lha di UU, PP dan permendagri gak ngatur syarat tuh. Tapi kriterianya aja. Jadi bansos itu hak warga miskin yg masuk kriteria di kondisi risiko sosial. Fasis klo maksain syarat vasektomi utk dapet bansos padahal di aturan yg lbh tinggi gak ada.",2025-04-30T14:26:04.000Z,
twitter,"Ga salah gw nangkepnya dr doorstop itu, 
- Anak banyak, miskin berhentilah beranak (which is KB, uda dr lama)
- Kbnya, pake lah vasektomi. Jgn bebankan pada wanita doang. Which is very true. Wanita udah bnyk berkorban. Vasektomi lbh efektif dn efisien

Ude ye gw mo nonton drakor.",2025-04-30T14:23:12.000Z,
twitter,"artinya gaksuka dengan kebjakan bansos dengan syarat wajibnya vasektomi. simple kenapa org org jadi mikirnya perdebatan ini jadi bahas individu orang miskin, padahal gada yg sepakat kalo gabisa jamin hak anak boleh punya anak sebanyak mungkin. Mau kaya atau miskin pun ya sama aja",2025-04-30T14:20:48.000Z,
twitter,Hak sih. Makanya vasektomi termasuk syarat untuk penerimaan bansos. Kalau terus begitu enak dong orang miskin mokondo hidupnya dikasih pemerintah terus wkwkwk,2025-04-30T14:19:04.000Z,
twitter,"banyak yg bilang ini cara males lah, mau ""memberangus"" orang miskin lah. bener2 ga tepat sih. program kb ini udh terbukti ningkatin kesejahteraan perempuan & anak. mungkin nanti perlu diakalin mekanisme vasektomi & bansos itu biar ga terlalu memancing keributan",2025-04-30T14:17:43.000Z,
twitter,"Makanya terms n conds tuh dibaca dulu, vasektomi itu boleh dilakukan kalau SUDAH memiliki offspring. Maksud dari program ini itu supaya bisa press angka kelahiran yang udah over, apalagi kalau lahir dari pasangan miskin, HADEH kamu perempuan loh (gausah rep pake link)",2025-04-30T14:14:16.000Z,
twitter,Ga usah melebar kemana2. Kl ga vasektomi mau suruh siapa birth control.perempuan lagi? data historis ud memaparkan byk korban jiwa krn efeknya. Vasektomi bkn hukuman mati unlike kb ke perempuan. Yg kalian proteksi itu selangkangan cow miskin yg lbh milih rahim istrinya yg diubek,2025-04-30T14:12:48.000Z,
twitter,"Kayaknya yg marah-marah adalah orang2 yg sama yg saat ini mendukung KEWAJIBAN VASEKTOMI bagi org miskin.

Yang ngelawan mah fokusnya cuma di HAK INDIVIDU dalam memilih alat/metode kontrasepsi. Jga mrk fokus pada kemiskinan sbg masalah struktural dn bkn masalah individu.",2025-04-30T14:10:15.000Z,
twitter,"mas ini aneh bgt? perihal vasektomi ini katanya pemaksaan. bukannya kalo mau ambil, kalo kaga yauda?

nyalahin negara ga nyediain lapangan kerja? aduh, individunya aja gada skill, males2an, disediain jg malah ogah ogahan ujungnya. mental miskin bgt pokoknya",2025-04-30T14:09:11.000Z,
twitter,"Halo bro, soal dogma sesat, kebijakan bansos Dedi Mulyadi memang kontroversial. Tujuannya sih bantu orang miskin dan kendalikan populasi, tapi syarat vasektomi bikin ribut. Banyak yang bilang ini langgar hak reproduksi dan bertentangan sama nilai agama, apalagi MUI bilang",2025-04-30T14:08:16.000Z,
twitter,"Fokusnya itu knp kok harus vasektomi buat dapat bansos, kan bansos itu hak rakyat miskin dan wajib diberikan oleh pemerintah, contohlah cina mereka ga ada program vasektomi tapi sukses nekan angka kelahiran",2025-04-30T14:06:44.000Z,
twitter,Menurut gw vasektomi dijadikan opsi saja misalnya gini bansos tetep diberikan tanpa syarat tapi klo warga yg mau vasektomi akan mndapat insentif tambahan. Prmasalahnnya skrg bgaimana cara mnyadarkan org miskin sedangkan diedukasi pun mrk ga mempan.,2025-04-30T14:05:53.000Z,
twitter,"Jauh lebih baik lagi kalo semua warga jabar
Di vasektomi setelah punya 2 anak
Knp kemiskinan di jadikan tolok ukur vasektomi?  Jaminan si miskin bakalan miskin terus apa?",2025-04-30T14:04:35.000Z,
twitter,"Klo org miskin vasektomi semua lalu dpt bansos, maka kemiskinan akan musnah dari bumi Indonesia?",2025-04-30T14:03:48.000Z,
twitter,"Gw sih ga setuju ya
Lebih setuju kalo semua warga jabar wajib ikut program KB 2 anak lsg vasektomi jadi ga cuma nyasar ke yg miskin
Lu kira hdp ada jaminan yg kaya bakalan kaya terus dan ya wajib KB?",2025-04-30T14:02:51.000Z,
twitter,"Kak meleekk. KB dipaksakan sudah dr lama. Dr mulai kb 2 anak cukup itu udah maksa perempuan. Skrg beliau bikin aturan yg kasi pilihan ke lakinya jg. Ga ada yg maksa. Ga mau vasektomi ya tahan, bukannya tau miskin beranak 11. PNS dah dr lama tunjangan cma d kasi buat 2anak",2025-04-30T14:01:59.000Z,
twitter,"bang lu ngerti konteks ga si? ini kan vasektomi ada syaratnya, anak udh 2 dan umur dah cukup, dan termasuk kategori miskin. klo lo layak, ga ush ribut. orang miskin ini yg perlu dikendalikan, biar gada kemiskinan yg mereka bawa lagi k anak2 mereka",2025-04-30T14:01:31.000Z,
twitter,"Itu buat org miskin, masa mau d subsidi kondom tiap hari kl yg seminggu 3x, permalamnya 2-3x brti 10kondom perminggu. 40 kondom sebulan. Kurang efisien. Udh bener vasektomi sekali aja",2025-04-30T14:01:26.000Z,
twitter,"Ngakak lagi liat pemerintah bikin aturan ga adil sih..
Kalo KDM blg warga jabar wajib ikut program KB maksimal punya anak 2 terus vasektomi 
Naaah itu adil.. kalo si miskin di paksa sedangkan si kaya engga mah goblok namanya",2025-04-30T14:00:52.000Z,
twitter,"bansos tidak boleh disyarat-syaratkan karena pemerintah wajib memelihara fakir miskin dalam UU. lagian vasektomi itu dipromosikan dengan baik, bukan diwajibkan bahkan sampai melanggar hak asasi begini.",2025-04-30T13:56:25.000Z,
twitter,"Vasektomi itu jaminan gak jadi anaknya lebih besar drpd KB pd wanita, suami² egois kan kalian DOYAN NGENTOT, pas KB nya gagal nahan, kalian salahin istri juga kannn!!! 

Cowok/Suami GOBLOKK! Miskin banyak gaya, istri lu cuma dipake lobangnya doang! TOLOLL!",2025-04-30T13:53:13.000Z,
twitter,"iyaa juga sih, bayangin ga dapat bantuan negara gegara ga mau kb. sebaiknya ada penjelasan yg lebih mendalam mengenai kebijakan ini. ga boleh sekonyong2 ga dapat bantuan gegara ga kb vasektomi, mentang2 miskin gitu ya ",2025-04-30T13:53:01.000Z,
twitter,"Ada yg bilang pro ku kasus vasektomi penerima bansos adalah hal jahat. Pikiran ku cuma ada
1. Mereka belum pernah merasakan jadi miskin
2. Mereka Miskin tapi dengan mental mereka miskin yang nyaman akan kemiskinan nya dan nyaman akan hidup hanya bermodal bantuan.",2025-04-30T13:52:43.000Z,
twitter,"Ya lu aja bantu mreka kasih makan. Gw yg anak ke 5 dr keluarga miskin kalo bs minta ga usah lahir anjir. Lu nentang vasektomi, kok ga nglarang KB buat perempuan yg udh dicanangkan sejak kapan tau",2025-04-30T13:51:36.000Z,
twitter,"Bacot bacot lo pada nolak kewajiban vasektomi. LO KAYA PEDULI AJA KALO ANAK TERLANTAR KARNA ORANG MISKIN TETEP EGOIS BUAT BERANAK. 

Jangan bilang edukasi ya tolol. 
Lu tau sendiri orang kek gini diedukasi untuk gak ngewe/batasin punya anak aja susahnya setengah mati!",2025-04-30T13:51:14.000Z,
twitter,"di pasal 34 ayat (1) pun tertulis kalau orang miskin itu dipelihara negara dan bansos itu hak mereka.
vasektomi tuh sama hal nya dengan kb, cukup disosialisasikan tanpa dipaksa melakukannya. jadi kedepannya pemerintah bisa menggalakan vasektomi ini seperti kb untuk perempuan",2025-04-30T13:48:21.000Z,
twitter,"di pasal 34 ayat (1) pun tertulis kalau orang miskin itu dipelihara negara dan bansos itu hak mereka.
vasektomi tuh sama hal nya dengan kb, cukup disosialisasikan tanpa dipaksa melakukannya. jadi kedepannya pemerintah bisa menggalakan vasektomi ini seperti kb untuk perempuan",2025-04-30T13:48:21.000Z,
twitter,"Mungkin dua2nya bisa dikombinasikan gak sih, kakk?? Tohh vasektomi memang mengarah jelas ke keluarga2 miskin yang udh 'kebanyakan' anak juga, kann?? Ada persyaratan juga minimal harus udh punya anak duluu. Jdi sbnrnya mnrtku, kebijakan ini tuhh gk nyakitin pihak manapun.",2025-04-30T13:48:09.000Z,
twitter,"Kl abg bisa TAU DIRI dgn vasektomi tanpa paksaan, brti antara abang org mampu / banyak pengetahuan (bisa akses vasektomi gratis di bkkbn). Org miskin ga gitu bang, ngurus KTP aja blm tntu bisa. Yg d mksd KDM ini org2 yg gamampu scr finansial dan pengetahuannya.",2025-04-30T13:48:08.000Z,
twitter,"Bacot bacot lo pada nolak kewajiban vasektomi. LO KAYA PEDULI AJA KALO ANAK TERLANTAR KARNA ORANG MISKIN TETEP EGOIS BUAT BERANAK. 

Jangan bilang edukasi ya tolol. 
Lu tau sendiri orang kek gini diedukasi untuk gak ngewe/batasin punya anak aja susahnya setengah mati!",2025-04-30T13:47:59.000Z,
twitter,"Setau saya, duluuuu.. di Kalimantan vasektomi ini juga pernah digaungkan, tapi mmg ga dikhusus kan; misalnya u/ masy. miskin, tp u/ keluarga yg sdh banyak anak.

Jadi kalau anaknya masih 1/2 dokter menolak u/ melakukan vasektomi.",2025-04-30T13:46:57.000Z,
twitter,"tadi ada yg bilang yg protes vasektomi kebanyakan yg kaya , yaudahlah gas aja kalo yg miskin ga protes",2025-04-30T13:43:54.000Z,
twitter,"Tp sbnrnya gak salah juga sih, karna program vasektomi ini cm untuk yg udh pny 2 anak dll untuk yg mau nrima bansos aja. Biasanya dgn iming2 bansos org miskin jd lbh sadar akan KB walaupun scr terpaksa. Jd ini bukan pemaksaan buat smua pihak.",2025-04-30T13:39:54.000Z,
twitter,"feminist or women in general ((termasuk bkkbn kayaknya)) daridulu udah mempromosikan vasektomi dgn berbagai manfaatnya, tp gapernah digubris. kdm nyuruh vasektomi buat jadi syarat bansos & beasiswa lalu somehow orang2 pada mendukung?? kayaknya org2 disini emg benci org miskin aja",2025-04-30T13:39:47.000Z,
twitter,"Miskin disuruh vasektomi itu mungkin baru permulaan
Nanti gimana? Worst casenya apa? Bisa aja manula, disabilitas, odgj dan lainnya yang dianggap ""beban"" dipaksa eutanasia. Jadi mirip kayak tingkah laku N*zi lewat aktion T4",2025-04-30T13:38:25.000Z,
twitter,"bang vasektomi di indo pun ada syaratnya sendiri min 35thn dan 2 anak. keluarga miskin itu rata rata punya banyak anak tapi kehidupan anak tidak terjamin. rata-rata dikasih bantuan baik berupa bansos, kerjaan, dan pendidikan pun ttp aja masih tidak mencukupi karena tuntutan-",2025-04-30T13:35:46.000Z,
twitter,"Kalau emang ingin mendukung program vasektomi agar terjadi pembatasan anak, lebih baik diadakan program insentif misal untuk orang miskin yang ikut vasektomi, bukan menghilangkan kewajiban negara terhadap masyarakat prasejahtera",2025-04-30T13:35:26.000Z,
twitter,"Jyujyurly gw mah mau mandul juga bodoamat toh emang homok
Tapi masa sih kebijakan sefasis ""oranh miskin wajib vasektomi demi menerima bansos"" tidak semengerikan itu ditelinga dan hatimu, wahai para manusia middle class.",2025-04-30T13:31:52.000Z,
twitter,"Hei lelaki miskin! Ayo vasektomi supaya anak tidak banyak dan berujung terlantar, insentifnya anakmu yang udah terlanjur lahir negara kasih beasiswa.

SJW: pemaksaan vasektomi kepada keluarga miskin blablabla.",2025-04-30T13:29:46.000Z,
twitter,"lalu klo vasektomi ini dimajukan, kenapa menjadi syarat bansos? kenapa hanya untuk rakyat miskin? bansos itu hak rakyat miskin, masa buat dpt hak harus ngorbanin hak yg lain?",2025-04-30T13:18:39.000Z,
twitter,"yAAA WAJAR LAH, gila aja udah miskin, dibiayain pemerintah gatau diri kocak. lagian dari dulu udah ada penyuluhan KB kok lu pada biasa aja? bukannya vasektomi sama yah kaya KB?? bloon lu emg",2025-04-30T13:18:07.000Z,
twitter,"lah justru bagus di vasektomi, mau dikasih makan& pendidikan apa anak lu klo miskin ajg",2025-04-30T13:15:47.000Z,
twitter,"Jadi antum maunya rakyat miskin makin banyak anak gitu? Padahal program KB adalah utk mengendalikan jumlah penduduk. Udah dijelaskan dlm videonya KDM, yg di vasektomi adalah pria yg anaknya sdh banyak. Tapi antum mah gak ngerti juga bahasa sederhana.",2025-04-30T13:14:03.000Z,
twitter,"orang miskin kebahagiaannya yg paling gampang ya cuman satu, ngentot. 

sayangnya kalo udah ngewe kebobolan mulu

tapi ada tuh gubernur suatu daerah yg nyaranin vasektomi buat masyarakat miskin, tapi tetep ada yg nentang. trus piye iki",2025-04-30T13:13:51.000Z,
twitter,"nah bedakan lagi insentif dengan bansos...KDM itu aku pikir malah mempermainkan orang miskin dengan menahan hak mereka, yaitu bansos dan beasiswa dengan kriteria bahwa mereka harus vasektomi. itu namanya pemaksaan nder karena pemerintah menghalangi hak dasar mereka...gitu sih imo",2025-04-30T13:13:24.000Z,
twitter,"Iya udah aja kak, aku juga heran makin kesini makin aneh pembahasannya. Tadi dia bilang “i got your point” dikira udah ngerti dikit taunya losdolll

Intinya mah kalo SELURUH warga miskin di indonesia bs kerjasama pake KB IUD aja, pasti ide vasektomi juga gak akan pernah ada.",2025-04-30T13:12:21.000Z,
twitter,Terus klo vasektomi gk works nurunin kemiskinan gimana? Klo next yg dipaksa KB jadi cewe gimana? Terus klo pemaksaan KB gak works jg gimana? Rasio makan dan minum orang miskin diatur juga? Meanwhile gw ama lu semua yg baca ini bisa bebas whining diskon gofood kecil?,2025-04-30T12:59:12.000Z,
twitter,"3)
tetap saja jadinya anak di keluarga miskin jumlahnya bertambah.

kenapa gk sekalian bikin kebijakan ekstrim saja,

Syarat untuk dpt bansos, bapak nya Vasektomi dan ibunya Histerektomi.
agar nanti si ibu miskin ini ketika nikah lg sama pria miskin, mereka tidak menambah anak,..",2025-04-30T12:59:01.000Z,
twitter,"2)
oke kita berandai saja jika kebijakan ini berlaku dan yg mau dapat bansos, si bapaknya harus Vasektomi.

jika dikemudian hari ada kasus, ibu & bapak penerima bansos vasektomi ini cerai,
kemudian si ibu nikah lg sama bujangan miskin tdk bertanggung jawab lalu si ibu hamil lg,..",2025-04-30T12:58:53.000Z,
twitter,"Elu klo ga mau vasektomi ya udh, ga usah jadi miskin, anak elu juga berhak dapet kehidupan layak yg ga harus bergantung dengan bansos mulu",2025-04-30T12:56:21.000Z,
twitter,Gua ngerti tolol ... Lu hidup gak Napak tanah apa gimana? Ya tinggal cabut bansos nya blacklist seumuran hidup clear. ... Kenapa harus maksa vasektomi? Biarin aja kalau punya anak lagi hidup tambah miskin tinggal cabut hak bansos nya ... Clear?,2025-04-30T12:53:28.000Z,
twitter,"ya kalo gamau vasektomi y gausah ngarep bansos lah anj, lagian kalo mampu ngpain minta bansos kocak, makany kalo miskin gsh bkin anak banyak, bikin doang ga diurus",2025-04-30T12:52:45.000Z,
twitter,Maaf Tante harus bgt vasektomi emg nya ? Wkwkwkwk gak permanen? Pahamin dlu prinsip vasektomi lu kira buat disambung ulang .. siapa juga yang mau bayarin orang miskin buat nyambungin ulang udah pasti buat permanen logika berfikir lu kebalik,2025-04-30T12:50:18.000Z,
twitter,"Ah, oke, kak, aku juga mikir gini

Baiknya saja lah bagaimana...

Menurut kaka yg vasektomi hanya untuk yg miskin saja atau semuanya tanpa melihat status ekonominya?",2025-04-30T12:41:32.000Z,
twitter,apakag dg vasektomi paksaan ini bsa menaikkan kelas org2 miskin?,2025-04-30T12:40:38.000Z,
twitter,"Lah? 

Justru sesuai konteks. Yang menerima bansos itu orang miskin atau rentan miskin. 

Lalu mereka dipaksa buat vasektomi demi dapet bansos. Ya itu pemaksaan. Cuman negara fasis yang bikin kebijakan kek gitu",2025-04-30T12:40:08.000Z,
twitter,"Nah, aku juga mikir gini, udah ada 2 anak, kan, ya...

Menurut kaka yg vasektomi harus cowo yg miskin saja atau semua tanpa melihat status ekonominya??",2025-04-30T12:35:57.000Z,
twitter,"Lama2 setandar kemiskinan di Rekiblik Wakanda : ""Ikut KB/Vasektomi"" apa gak? "" 
Yg tdk ikut KB/Vasektomi dianggap tdk miskin dan tidak berhak mendapatkan Bansos/Bea siswa? Karena syarat untk menjadi ""Gakin"", adlh pengangguran, banyak anak dn ikut KB/Vasektomi untk dpt bansos?",2025-04-30T12:34:16.000Z,
twitter,"Anak lapar > kasih makan gratis
Anak lapar tuh kasih kerjaan ortunya biar makan semua, dikira yg gede mkn angin

Orang punya anak ga bisa nafkahi disuruh donas tapi vasektomi, kasih kerjalah lah anjg

Kek rakyat tuh dipaksa buat mental miskin sama bodo bgst",2025-04-30T12:34:13.000Z,
twitter,Aku dah baca syarat vasektomi dan betul syaratnya harus minimal pny 2 anak. Tapi syarat lain jg umur di atas 35thn. Kalau program ini jalan nanti orang miskin d bwh 35thn ga bisa dapet vansos dong karena ga bisa vasektomi? Apa gimana?,2025-04-30T12:33:32.000Z,
twitter,"diamanahkan UUD untuk diberikan kepada rakyat miskin. maksudku gini, cacatnya kebijakan ini tuh ada di WAJIB VASEKTOMI buat dapat bansosnya. padahal harusnya kan orang miskin ya sudah selayaknya dapat bansos.

kalau perkara vasektominya, bisa disosialisasikan dulu kok.",2025-04-30T12:30:24.000Z,
twitter,"Isu vasektomi KDM malah belok jadi isu gender

Emang monyet aja, belum pernah miskin makanya bisa seenaknya",2025-04-30T12:30:09.000Z,
twitter,"Jadi menurut saya cukup bijak sih kebijakan vasektomi tersebut, khususnya bagi kalangan rakyat miskin. Let's be real here, pemerintah juga dari dulu kan sudah menghimbau untuk ga usah punya banyak anak tapi hasilnya ga memuaskan.",2025-04-30T12:28:06.000Z,
twitter,"Negara udah ngga tau malu sampai memaksakan otoritas tubuh seseorang. Aku pun mendukung vasektomi tapi KB sifatnya pilihan, atas dasar CONSENT. Kalau gini caranya, sama aja pemerintah memaksa dan menekan masyarakat miskin untuk KB demi bansos dibanding ngasih edukasi yang layak",2025-04-30T12:27:16.000Z,
twitter,"Sekali lagi, vasektomi bukan alat menekan angka kelahiran, apalagi yang ditekan angka kelahirannya adalah masyarakat menegah ke bawah dan miskin.

Vasektomi sebagai alat pengentasan kemiskinan, artinya penghilangan kewajiban negara untuk menyejahterakan rakyatnya.",2025-04-30T12:26:39.000Z,
twitter,"vasektomi/hentikan bansos
pilihan yang tepat ketika ada orang miskin sudah punya anak dua

kalo merasa miskin, vasektomi
kalau merasa ga miskin, hentikan bansos",2025-04-30T12:26:17.000Z,
twitter,"Jadi menurut lu untuk mencegah orang miskin beranak Mulu gmn bang? Cowok gak mau vasektomi, KB cewek? Banyak resikonya. Kita jg ogah klo terus terusan dikorbanin",2025-04-30T12:25:38.000Z,
twitter,"ang kamu twit, sebelum kamu edit, bilang orang miskin gaboleh punya anak, darimananya gaboleh punya anak, wong syarat vasektomi sendiri minimal punya 2 anak. Justru kamu harusnya baca dulu, apa syarat vasektomi, jangan disimpulin orang miskin gaboleh punya anak",2025-04-30T12:25:22.000Z,
twitter,"Tapi kan kamu ga miskin kan? Ya it is fine. Mau anak dirimu 100 kl ga miskin ya fine fine aja. Maksud yg vasektomi ini kan buat yg miskin tp maruk anaknya mau lebih 2 
Kalo mau ditambah sosialiasi fine fine aja tp tetep butuh ketegasan peraturan biar ga sembarang beranak",2025-04-30T12:24:25.000Z,
twitter,Imagine tbtb ente jatuh miskin dan single lalu dipaksa vasektomi…,2025-04-30T12:23:20.000Z,
twitter,"Bukan phasenya yg cepat berubah, diskursusnya di kebijakan daerah yg MEWAJIBKAN, yg mana vasektomi bukan hal yg bisa dipaksakan pada tiap manusia meski miskin. Dan konteksnya ada pada, negara WAJIB menjamin hak-hak rakyatnya, bukan mereduksi bahkan mengeleminir hak-hak rakyatnya.",2025-04-30T12:21:50.000Z,
twitter,"""syarat"" bansos. berarti kalau mau dapat bansos, mereka harus vasektomi. padahal bansos memang amanah UUD buat diberikan kepada rakyat miskin.

mending yang digalakkan itu sosialisasi tentang vasektominya, biar mereka melakukan itu dengan kemauannya sendiri tanpa dipaksa².",2025-04-30T12:20:39.000Z,
twitter,"vasektomi yang bener tuh kagak ada paksaan, harusnya ada willingnes dari pihak laki (berlaku ke pihak perempuan dengan kb, since dari dulu pun dianjurkan bukan diwajibkan) ada kebijakan gini bukan mutus rantai kemiskinan malah ngematiin orang miskin, who knows lu one of them ntar",2025-04-30T12:20:24.000Z,
twitter,"ga sepenuhnya setuju sama pendapat org miskin harus vasektomi baru dapet bansos. tapi fakta lapangan orang miskin yg anaknya banyak tu juga nyusahin, karena mereka jadi ga tanggungjawab buat anak""nya. kalo kebijakannya diganti jadi yang berhak menerima bansos yg anaknya maks 3",2025-04-30T12:10:53.000Z,
twitter,"Udah vasektomi belum?
Jgn Sampek meneruskan generasi miskin loh..",2025-04-30T12:09:37.000Z,
twitter,"Yang tadinya miskin banget terus udah vasektomi, dan tiba tiba ybs jadi orkay dan pengen nambah anak begimana dong?",2025-04-30T12:08:48.000Z,
twitter,"gua tanya kalo mereka vasektomi apakah menjamin mereka bisa dapet uang dari pekerjaan yang layak? penjelasan lu tuh membuktikan akarnya dari duit yang dipegang orang miskin, artinya kebijakan yang menekan angka kelahiran tidak menyelesaikan masalah kemiskinan sama sekali",2025-04-30T12:08:18.000Z,
twitter,"Saya tinggal di kampung jawa barat yang mayoritas wargasnya miskin dan tau percis kondisinya. Orang tuanya terdaftar sebagai pkh, anaknya dapet kip dan kis. Dan setiap nambah anak didaftarkan lagi kis dan kip. Hidup mereka emang ditanggung negara. Vasektomi emang jadi solusi -con",2025-04-30T12:05:55.000Z,
twitter,"ya orang kaya kalo mau vasektomi juga sangat amat boleh kok. tapi kan who knows kapan ni orang kaya nantinya bakal jatuh miskin??

pemerintah kan fokus ke yg emang udah jadi BEBAN NEGARA, ya si mental miskin byk anak ini yg hidupnya cuma ngarepin bansos.",2025-04-30T12:05:22.000Z,
twitter,"ha? lu aja ga paham kan apa yg gw omongin? lo tau ga dedi mulyadi bilang kalo orang dapet bansos syaratnya harus kb/vasektomi dulu. udah lo kalo mau ngentot buat anak mulu kerjaannye ya gausa nerima bansos, kelar!?? yang bilang miskin punah siapa? kocakkkk",2025-04-30T12:05:06.000Z,
twitter,"Ini namanya pemaksaan, target bansos itu masyarakat kelas bawah, kalau bikin vasektomi jadi persyaratan, berarti udah melanggar hak warga negara terutama kelompok miskin yg jelas-jelas harusnya dipelihara sesuai UU",2025-04-30T12:01:55.000Z,
twitter,"Makanya jangan miskin biar gak di vasektomi, biar bisa punya banyak keturunan dan bisa di biayai dan dididik selayaknya anak2 se usianya..paham kan maksudnya...",2025-04-30T12:00:24.000Z,
twitter,Loh kak kan syarat vasektomi minimal yg sudah punya anak 2. Emang orang yang tergolong miskin mau punya anak berapa dah? Sedangkan punya anak 2 itu biayanya juga udah gede lohhhh :),2025-04-30T11:58:01.000Z,
twitter,mjb kok bisa nyampe ke kesimpulan anggaran bansos nanti dikorupsi? Ketika sepertinya goals dr vasektomi ini menekan angka kelahiran di keluarga miskin?,2025-04-30T11:57:37.000Z,
twitter,Apakah dengan Vasektomi kemiskinan bisa berubah? Ga. Miskin ya miskin aja. Yg di berantas tuh miskin nya bukan punya anak nya,2025-04-30T11:55:54.000Z,
twitter,"Yang ga habis pikir, ada orang masih miskin, anak 4, tapi marah2 disuruh vasektomi.",2025-04-30T11:52:07.000Z,
twitter,"terus udah jatuh miskin, udah punya 5 anak, emang masih mau punya rencana nambah anak lagi kah?? makanya wajib vasektomi biar ga nambah anak lagi yg mana kalo nambah ya nambah beban juga kan pasti?? nah abis vasektomi bisa tuh dapet bansos. selesaii noh masalahnya.",2025-04-30T11:50:22.000Z,
twitter,"Aku setuju program vasektomi,tapi gak pake syarat begitu. karena gak semua orang miskin itu di sebabkan banyak anak.
Kemiskinan itu lebih banyak di sebabkan oleh pejabat yg korup dan kemiskinan struktural yg di ciptakan oleh pemerintah.",2025-04-30T11:49:49.000Z,
twitter,"Dan kalo ditanya kenapa gak pake kondom? Logikanya beli buat keseharian pokok aja susah apalagi kondom. Nentang"" masyarakat miskin gak boleh punya anak tapi gak bisa baca syarat mengikuti program vasektomi. Skrang pada kasus beasiswa, kan yang di vsektomi bapaknya bukan anaknya.",2025-04-30T11:49:32.000Z,
twitter,"Bansos itu, namanya saja yg, tapi kodratnya itu kewajiban. Kewajiban negara menyediakan jaring pengaman untuk rakyat miskin. Syaratnya ya cukup MISKIN saja. Orang miskin itu ga punya pilihan. Jangankan vasektomi, lu suruh pindah agama juga ada yg mau.",2025-04-30T11:46:41.000Z,
twitter,agak kaget melihat banyak yang dukung “kebijakan” ini karena kata vasektomi. isu kesejahteraan bukan karena overpopulasi. kalo mau ngurangin jumlah rakyat miskin ya mereka di-upgrade supaya jadi ga miskin (lewat jalur pendidikan/pekerjaan) bukan jadi dilarang punya keturunan. ,2025-04-30T11:43:14.000Z,
twitter,"menurutku masalahnya bukan berasal  dari orang miskin nya sih, ini lebih kompleks dari itu. Vasektomi tu solusi jika emang udah bahaya banget. 

Setidaknya edukasi dulu, berikan akses ke pendidikan, ke kesehatan. Kalau dikelola dengan baik mah, gak bakal ada kemiskinan anjir",2025-04-30T11:40:38.000Z,
twitter,"gunanya vasektomi tu ya buat menekan angka kelahiran di indo, apalagi buat keluarga miskin. Udh miskin bnyk anak gamau KB nyusahin. selain itu vasektomi jg biar ga memberatkan cewe buat kb karna cewe udh ngandung melahirkan menyusui lu cowo disuruh vasektomi aja bnyk kali alasan",2025-04-30T11:40:03.000Z,
twitter,Heran sama yg ga setuju. Alasannya orang miskin ga boleh punya anak. Padahal selama ini yg banyak anak itu orang kurang mampu dan kebanyakan orang yg sadar dan sudah vasektomi orang yg mampu. Bingung sama pola pikirnya,2025-04-30T11:40:02.000Z,
twitter,"Walaupun gue sangat amat mendukung kb untuk pria, tapi kalau masalahnya gini I totally disagree. 
1. Memojokan sekali masyarakat miskin, lo beneran ngerendahin masyarakat dengan hanya ngasih pilihan kelaparan atau vasektomi njir
2. Pria juga berhak punya 100% kendali atas —",2025-04-30T11:38:37.000Z,
twitter,"Jangan jadikan vasektomi sebagai ‘ancaman’ agar mereka dapat bansos, sudah kayak peliharaan aja, yang harus nurut sama ‘majikan’ biar dapat makanan.

Cobalah sekali-kali, kalian, orang pemerintah tuh muhasabah diri. Banyak kok dosa kalian yang bikin jumlah orang miskin bertambah.",2025-04-30T11:38:15.000Z,
twitter,"Km mikirnya tlalu kmn2. Klo di awal km blg itu paksaan, jelas bukan. Trs lanjut ke hak2 org miskin. Dmn2 hak dan kewajiban hrs sejalan biar adil. Org2 beranak byk tp ga bs membiayai pdhl itu tanggung jwb sbg ortu. vasektomi utk mencegah anak makin byk utk kaum tsb. Adil mnrtku",2025-04-30T11:36:45.000Z,
twitter,"yang blg gabole punya anak gaboleh nikah sapa dah? lo ini kalo mau kritik kencengin literasi dulu dah bang. kebijakan vasektomi enih juga punya syarat ga asal semua org miskin di kb in. umur harus diatas 35, udah punya anak minimal 2, persetujun istri dan miskin",2025-04-30T11:36:14.000Z,
twitter,"Ga gitu dong logikanya  
Bansos itu harus mudah diakses oleh masyarakat miskin. Bukan masalah ""diambil"" atau ""gausah diambil"". Bahkan seharusnya bansos itu ""diberikan"" karena udah kewajiban konstitusional negara. Kalo vasektomi dijadiin alat tukar untuk bansos,",2025-04-30T11:35:34.000Z,
twitter,"Gw ga milih, gw voter Syaikhu-Habibie, tapi gw pro soal orang ini dari larangan study tour, wamil, kecuali bagian doi angkat Mardigu jadi komisaris, soal vasektomi ini juga khusus kepala keluarga, yapping dulu, cek fakta belakangan. katanya wong miskin ga boleh anak banyak???",2025-04-30T11:26:36.000Z,
twitter,"bang coba mikirnya dibalik jangan cuma fokus orang miskin monak manak, lu miskin lu berhak dapat bansos tapi syaratnya harus vasektomi",2025-04-30T11:24:03.000Z,
twitter,"lebai lu...kalau gak mau vasektomi...jgn nerima bansos. simple.
vasektomi itu sudah tepat...pria kalau miskin jgn hanya  istrinya yg KB.
dikhawatirkan suami miskin yg bergantung pada bansos, ngentot.sana-sini dan akhirnya lahirlah anak2 gembel yg kurang gizi",2025-04-30T11:23:54.000Z,
twitter,"cowo2 patriarki yg kemaren marah2 ada cowo vasektomi krn pilihan sendiri pada kemana sih kok diem aja pas KDM maksa kontraspesi vasektomi buat orang2 miskin, ini yg pada marah2 malah feminis tuh???",2025-04-30T11:22:54.000Z,
twitter,wkwkwkwkwk tolol! giliran perempuan disuruh kb pada diem?? laki di suruh vasektomi yg minim bgt efek samping di bilang belanggar otoritas(?) gaada anak yg minta dilahirin jd orang MISKIN,2025-04-30T11:22:32.000Z,
twitter,"emang perlu ngetik jahat supaya sadar sih soalnya orang miskin rata-rata diomongin baik-baik malah ga mudeng, well kalo gamau vasektomi ya jangan beranak terus lah udah tau miskin",2025-04-30T11:22:24.000Z,
twitter,"boleh, kalau kamu miskin dan punya minimal 2 anak. karena bansos ini cuma diperuntukkan untuk warga miskin, dan yang mau bansos. maka syaratnya dilakukan. kalo gamau vasektomi dan gamau dapet bansos yaudah pemerintah juga ga maksa.",2025-04-30T11:21:59.000Z,
twitter,"Gimana klu stlh vasektomi trus cerai?

Sudah miskin kawin cerai mulu...dyarrr",2025-04-30T11:21:28.000Z,
twitter,"Vasektomi bisa jadi alternatif,harusnya gak pake syarat.
Jangan sampai rakyat miskin seolah² cuma di sebabkan oleh ""banyak anak"" saja jadi ""kambing hitam"" untuk menutupi kegagalan pemerintah dalam mensejahterakan rakyatnya.korupsi salah satu penyebab kemiskinan rakyat.",2025-04-30T11:20:48.000Z,
twitter,"orang miskin dipaksa vasektomi, galama jadi orang kaya. lah trus gimana? kan ajig. orang kaya bebas beranak, galama jatoh miskin. trus gimana? ajig juga.",2025-04-30T11:03:03.000Z,
twitter,"yg jadi masalah bukan vasektominya. tapi itu dijadikan syarat bansos yang sudah menjadi hak warga miskin. hari ini wajib vasektomi, besoknya (misal) wajib tes iq, besoknya lagi harus (isi sendiri). bansos jadi alat paksa buat orang miskin. paksa orkay bayar pajak dulu bisa ngga?",2025-04-30T11:02:50.000Z,
twitter,"Org miskin tu baiknya gausah mikirin nikah dan beranak pinak dulu. Pikirin buat survive diri sendiri aja dulu, kejauhan klo bahas sampe vasektomi tu sebenernya zzzzzzzzz",2025-04-30T10:59:48.000Z,
twitter,Bansos itu problemnya karena miskin. Kalau gitu ya harus disejahterakan. Kalau problemnya miskin jawabannya vasektomi kan nggak nyambung. Kalau kataku mah itu kemalasan berpikir untuk menyelesaikan problem kemiskinan.,2025-04-30T10:59:23.000Z,
twitter,Ya kalo ga mau vasektomi jangan miskin berarti,2025-04-30T10:58:29.000Z,
twitter,Nanti orang miskin yang belum punya anak sehingga gamau vasektomi ga bisa dapet bansos dong?,2025-04-30T10:54:12.000Z,
twitter,"Anjir malah geser gawang jadi cowo takut vasektomi WKWKWKWK

Gw setuju vasektomi asal tidak terbatas ke rakyat miskin aja. Dari presiden, menteri, stafsus, gubernur, bupati, walikota, seluruh asn, orang kaya, middle class, semuanya divasektomi. Di mulai dari Dedi Mulyadi sendiri.",2025-04-30T10:54:01.000Z,
twitter,"Betapa sakitnya jadi orang miskin, mau dapat bansos saja harus vasektomi. Soeharto saja ga pernah syaratkan KB dalam pembagian bantuan²nya. Gubernur gila engagement.",2025-04-30T10:52:20.000Z,
twitter,"kalo gamau vasektomi itu tititnya potong aja. kalo miskin dan cuman bisa ngandelin bantuan pemerintah mah yang ada anak anak lu pada menderita, bansos ga tiap hari dikasih.",2025-04-30T10:51:29.000Z,
twitter,"Berarti kalo ada orang miskin yang punya 1 anak, tetap dapat bansos yaa kak meskipun gak mau vasektomi? Atau harus bikin lagi untuk dapat bansos?",2025-04-30T10:51:26.000Z,
twitter,"The silly thing is, itu mereka gw yakin kontra soal discourse ""suami sukarela vasektomi"" kemarin. Tapi after junjungan dia yang nyuruh, seakan"" itu wajib dan program bagus banget. Keknya mereka gitu gegara mereka ngerasa ga miskin dan gabakal kena vasek? Idk",2025-04-30T10:51:16.000Z,
twitter,"Orang miskin dipaksa vasektomi untuk syarat bansos itu sudah masuk pemaksaan karena memanfaatkan kondisi tidak berdaya nya orang miskin

Bisa dipidana itu si gubernur",2025-04-30T10:42:07.000Z,
twitter,"Bukan isu gender ya, lu pikir coba, hari ini kebijakan jadi, vasektomi semua orang miskin, lu pada ""Oh, okay, it happens"" 6 bulan kemudian perempuan juga harus, lu pikir orang yang sama nolak bakal langsung ""Oh oke good"" apa? Kaga, malah ""Kan, udah dibilang kemarin"" dan nolak.",2025-04-30T10:41:35.000Z,
twitter,"betul, seolah miskin dibatasi segalanya padahal dah mah ga punya uang. tapi yg kaya, mau bikin anak 11 juga bebas. mana kesetaraannya? kan kedua pihak sama2 bisa bikin anak. daripada pake ngancem gitu, mending gratisin vasektomi plus kasih reward bagi yg mau",2025-04-30T10:39:43.000Z,
twitter,"Sulitnya dapet pekerjaan, pendidikan, dan kesehatan merupakan tantangan berat untuk rakyat miskin supaya keluar dari rantai kemiskinan, seharusnya ini yang dipikirkan oleh KDM daripada memaksa mereka untuk vasektomi supaya mereka bisa dapat bansos.",2025-04-30T10:39:27.000Z,
twitter,"Kejauhan buat negara untuk ""maksa"" sebagian rakyatnya yg dianggap miskin untuk ikut vasektomi, sementara negara sendiri belom berhasil mengentaskan kemiskinan.

Salah satunya menyediakan akses pendidikan yg proper - sbg upaya lepas dari siklus kemiskinan",2025-04-30T10:38:24.000Z,
twitter,"Lets be honest here. 

Kalo merhatikan polanya, mestinya kalian nyadar udah sejak lama ada semacam sentimen negatif yg mengakar di sebagian masyarakat kita kepada orang miskin/dhuafa. 

Jadi ini emg bukan soal vasektomi, but a deep hatred to poor people in general.",2025-04-30T10:38:20.000Z,
twitter,makanya udah 2 anak lebih baik di gencarin lagiiii buat warga miskin yg suka ngambil bansos klo mau punya anak cukup dua aja klo anak nya udh 2 baru wajibin vasektomi,2025-04-30T10:36:56.000Z,
twitter,"gue dukung segala macam birth control mau kb mau child free mau vasektomi dll kalau bentuknya sebagai opsi/anjuran (buat yg mau aja), bukan sebagai tekanan dari negara fasis untuk rakyat miskin ",2025-04-30T10:33:01.000Z,
twitter,"Pola pikir yg sampe terjadi kek gini udah gak bisa di ubah.
Lagian gak ngasal vasektomi, ada syarat² yg musti terpenuhi.
Kenapa hanya orang miskin yg di dorong untuk vasektomi?
Karena orang kaya mampu menghidupi & memenuhi kebutuhan anak²nya, TIDAK ngarepin bansos.",2025-04-30T10:32:42.000Z,
twitter,"Indonesia kan mau mengentaskan kemiskinan, meminimalisir rakyat miskin menjadi sejahtera, menurut gw cara yg ditempuh adalah mengendalikan kelahiran anak, atau membatasi kelahiran, walaupun gak harus vasektomi spt yg dibilang DM, bisa ditempuh dg cara KB 2 anak cukup spt jaman",2025-04-30T10:23:38.000Z,
twitter,"Ya jelas fasis. Ngatur ranah pribadi apalagi tubuh rakyat tertentu itu fasis. Tugas pemerintah mengurangi kemiskinan, realitanya apbn aja dikorupsi triliyunan, buruan sadar gapunya uang lg utk memelihara fakir miskin malah ngeluarin aturan vasektomi. Kemaren kemana aja?",2025-04-30T10:22:12.000Z,
twitter,"Tp persyaratan vasektomi nya sendiri itu min harus punya 2anak dan min umur35thn, tujuannya kan buat orang miskin biar g nambah anak bukan orang miskin gk boleh punya anak samsek",2025-04-30T10:21:08.000Z,
twitter,Lagian belum tentu rakyat miskin ngerti urgensi asli dari vasektomi. Mereka vasektomi karena nggak ada pilihan lain biar bisa dapet bansos.,2025-04-30T10:21:06.000Z,
twitter,"Aku tim pro masalah vasektomi ini krn kasihan anak yang lahir dari ortu yg gk concern ke masa depan.  Yg anak nya sedikit aja ada anak yang kurang dapet perhatian org tua, pendidikan yg layak, bakat mereka didukung, tumbuh sesuai umur mereka,apalagi yg anaknya banyak dan miskin",2025-04-30T10:20:54.000Z,
twitter,"Syarat Vasektomi
1. Umur 35 tahun
2. Punya 2 anak
3. Anak ke-2 minimal 5 tahun

Lu mau orang miskin punya anak berapa dulu biar mereka melek vasektomi?",2025-04-30T10:18:59.000Z,
twitter,"ok bener tapi masalahnya tuh ada di soal ngasih bansos dengan syarat vasektomi, dengan manfaatin kerentanan masyarakat miskin buat ngatur tubuh mereka. bansos dan bantuan pendidikan terhadap masyarakat miskin harusnya ga bersyarat, dan bukan dijadiin kontrol atas tubuh mereka",2025-04-30T10:18:10.000Z,
twitter,"Gak ada yg maksa. Kalo ga mau vasektomi ya ga usah minta bansos. Kalo mau bansos ya nurut aturan yg maksimal 2 anak. 
Edukasi tentang vasektomi udah ada dasarnya banyak laki patriarki aja. 
Lalu lo ngomongin HAM orang tua miskin ga bertanggung jawab tapi gimana ham anak mereka yg",2025-04-30T10:17:43.000Z,
twitter,"Negara selalu mengobjektivikasi masyarakat miskin sebagai populasi yang harus dikendalikan, bukan dilayani.
Penguasa menggunakan bansos sebagai alat kontrol, bukan untuk keadilan.
Apalagi mensyaratkan vasektomi supaya dapat bansos, itu intervensi medis, eugenika, dan fasis.",2025-04-30T10:16:23.000Z,
twitter,"Gue setuju sama bapak ini. Kalo keluarga miskin, jangan mikir nambah anak doang, kalo mau ngews ya mending vasektomi sono. Abs itu baru minta2 bansos, kocak",2025-04-30T10:15:27.000Z,
twitter,"Sebelum ngatain orang TOLOL tolong search dulu tentang vasektomi, lagipula ini kan ditujukan untuk orang miskin/kurang mampu/penerima bansos yg punya anak 2/lebih. Orang kaya mah bebas dia ga penerima bansos mo bikin anak 20 jg gpp, asal bisa menjamin hidup anak-anaknya.",2025-04-30T10:13:13.000Z,
twitter,"UMR tempatku kecil banget. Bahkan lebih banyak yang underpaid.
Jadi solusinya bukan vasektomi kalau di tempatku.
Karena mau vasektomi atau engga, tetep aja miskin",2025-04-30T10:12:11.000Z,
twitter,"terus menurut lo yang miskin gk usah berubah? gitu aja trs? kak lo sadar gk sh vasektomi ini cara untuk menekan angka kelahiran dalam lingkungan kemiskinan, dan inii salah satu perubahan yg diharapkan, MENEKAN KELAHIRAN DALAM LINGKUP KEMISKINAN",2025-04-30T10:08:33.000Z,
twitter,gabisa. dedi make relasi kuasa antara pemerintah dan miskin. si miskin perlu bansos buat bertahan hidup. dia bisa aja terpaksa vasektomi biar dapet bansos. dedi menyalahgunakan kekuasaannya sebagai gubernur buat vasektomi paksa memakai tekanan kemiskinan tersebut. itu pidana,2025-04-30T10:06:43.000Z,
twitter,gabisa. dedi make relasi kuasa antara pemerintah dan miskin. si miskin perlu bansos buat bertahan hidup. dia bisa aja terpaksa vasektomi biar dapet bansos. dedi menyalahgunakan kekuasaannya sebagai gubernur buat vasektomi paksa memakai tekanan kemiskinan tersebut. itu pidana,2025-04-30T10:06:12.000Z,
twitter,"Pro, lagian syarat vasektomi harus udah punya anak minimal 2 ngapain jg punya anak banyak² kalo miskin mana kadang org miskin tuh gak sadar kalo mrk ada keterbatasan materi makanya tetep beranak trs",2025-04-30T10:02:37.000Z,
twitter,ge sebagai laki setuju jika rakyat miskin dibatasi tingkat kelahiran dengan melakukan vasektomi setelah mereka punya anak maksimal 2 orang. biar mereka fokus mencari nafkah dan menaikan derajat ke arah kelas menengah kalo udah naik. silahkan dibuka kembali vasektominya.,2025-04-30T10:01:36.000Z,
twitter,"Org dikasi pilihan jg, mau bansos tp vasektomi, atau ga vasektomi tp ga dpt bansos. 

iya itu namanya ada unsur pemaksaan  fakir miskin dipelihara oleh negara ada di UU. ada syarat harus vasektomi ga di UU itu?? aneh. pdhl bansos hak rakyat yg ga mampu",2025-04-30T10:01:32.000Z,
twitter,"true, punya keturunan tuh hak semua insan tanpa terkecuali.. pdhl yg harus di breakdown knp org miskin nih hobi punya anak kan banyak, bukan suruh vasektomi, beres masalah.",2025-04-30T10:00:33.000Z,
twitter,"Lo pasti gatau kalo vasektomi punya kemungkinan kebobolan juga kan? Udh paling aman dan tidak melanggar ranah privat ya kondom. Lo kasih subsidi tuh pabrik kondom biar harganya terjangkau orang miskin, sosialisasikan pentingnya KB. Fasis dongo",2025-04-30T10:00:13.000Z,
twitter,"pilihan kembali ke masyarakat, apa rela potong kabel biji demi bansos ?

Reverse vasektomi bisa, tapi efektivitasnya udah pasti langsung menurun..

Solusi yg terkesan permanen, utk masalah kemiskinan yg temporary, krn orang pasti tiap hari mengusahakan agar tidak miskin lagi..",2025-04-30T09:59:58.000Z,
twitter,"Kalo emang mau menggalakkan vasektomi biar ga perempuan mulu yang jadi target, ngapain bawa-bawa bansos. Itu mah sama aja eksploitasi masyarakat miskin dong riyah hwangjjnara yang manis sekali",2025-04-30T09:59:31.000Z,
twitter,exactly. pemerintah ga memanusiakan rakyat gitu loh terutama ke orang miskin. semua orang berhak punya keturunan (gue ga setuju sama statement kalo orang miskin gaboleh punya anak). ok bagus aware sama vasektomi tapi itu harusnya jadi opsi buat kontrasepsi laki laki (ga dipaksa),2025-04-30T09:58:49.000Z,
twitter,"PROOO, lagian juga ini kan ada s&k nya ga asal ucuk-ucuk ngevasektomi org sembarangan.

gue benci bgt soalnya kalo liat orang miskin punya anak banyak trs anaknya disuruh kerja bukan sklh. 

hiburan org miskin ngentot kan? nah vasektomi lah, lu bisa ngentot dari pagi — pagi lagi",2025-04-30T09:57:21.000Z,
twitter,"dih kocak juga nih orang, masa pemerintah yg jelas eksploitasi masyarakat miskin dengan dalih yg vasektomi akan dapat bansos lu dukung. 

gak ada yang permasalahin vasektomi or kb disini, yang jadi masalah kenapa kesannya kita sebagai rakyat harus nyakitin diri biar dibantu.",2025-04-30T09:57:19.000Z,
twitter,"Awalnya dari wajib vasektomi, nanti semua laki-laki Indonesia khususnya yg miskin kontolnya wajib diganti kontol robot. Yg boleh punya sperma cuman laki-laki yg berada di strata sosial tertentu atau bangsawan. Dan perempuan cuman dijadiin alat buat opsi berkembang biak, t&c.",2025-04-30T09:56:04.000Z,
twitter,"Lahh?? itu juga ga maksa kalii. Org dikasi pilihan jg, mau bansos tp vasektomi, atau ga vasektomi tp ga dpt bansos. Lagian ngaca napa, udh miskin begajulan pake nambah anak segala anjir. Bansos ngga seberapa, ngga mungkin bisa menghidupi keluarga 'besar' selama sebulan jg",2025-04-30T09:54:57.000Z,
twitter,Ini harus vasektomi banget gitu? Klo emg iya berarti KDM ini menjudge klo orang miskin bakal miskin terus sampe mati. Padahal issue utamanya adalah kemiskinan. Knp ga berfokus menaikan taraf hidup masyarakat?,2025-04-30T09:48:05.000Z,
twitter,"seandainya dari dulu pemerintah serius ngatasin kemiskinan atau minimal effort buat ningkatin sistem edukasi supaya rakyatnya pada pinter

tanpa perlu diancem soal bansos, pasti rakyatnya termasuk yg miskin jg bakalan sadar kok pentingnya vasektomi",2025-04-30T09:47:12.000Z,
twitter,"Ini kaum rakyat miskin yang otaknya ngewe terus, liat tweet org pro vasektomi jembutnya langsung kebakaran.",2025-04-30T09:46:47.000Z,
twitter,"vasektomi untuk bansos ini bener"" ugly decision untuk ugly situation

rakyat miskin mikir banyak anak banyak rejeki

dilawan pemerintah, kalo mau dapet bansos, max anak 2

pemikiran aneh memang harus ditabrak sama kebijakan aneh",2025-04-30T09:46:36.000Z,
twitter,"Y makanya buat mencegah biar ngewe ga jadi anak ya di VASEKTOMI tolol. Org miskin mana mampu beli kondom, beli beras aja uda mati2an",2025-04-30T09:43:32.000Z,
twitter,syaratnya utamanya cuma satu yaitu miskin. klo lo ga miskin ya aman. lu vasektomi tapi kalo harta lo kehitung di pajak ada 500 jt gw rasa di kebiri pun lo ga bakal dpt bansosnya. fyi edukasi program kb udah di jalanin pemerintah dari 1970an. skrg udah 2025 hasilnya?,2025-04-30T09:41:19.000Z,
twitter,"Masalahnya ngelanggar hak bang. Gw setuju vasektomi; gw setuju masyarakat miskin gak nambah anak tapi gak gini juga, jgn jadiin vasektomi syarat dapet bansos. Mereka miskin salah pemerintah gak becus dan bansos itu mmg hak mereka. Idealnya ,imo, yg vasektomi dpt bantuan lbh aja",2025-04-30T09:38:54.000Z,
twitter,"Ya fikir pake otak juga sih, Lo kalo gak mau bansos ya udah gak usah Vasektomi.
Orang Indonesia itu aneh, ""banyak anak banyak rezeki"" itu konsepnya gimana? ""Banyak anak pasti banyak biaya"" itu fakta.
Udah susah, miskin tapi, masih mikir mau beranak itu otak kalian dimana?",2025-04-30T09:38:01.000Z,
twitter,"kang ngent-t kelabakan padahal vasektomi masih bisa ngent-t juga kenapa harus takut? udah miskin, doyan ngent-t pas punya anak gabisa ngasih makan, nyekolahin, ujung - ujungnya anak jadi gembel,  pengamen, gangster, kriminal. Hadeuh.",2025-04-30T09:37:46.000Z,
twitter,"Ini seriusan anak unpad kontra thdp KB vasektomi buat orang miskin. 
Gw males ngetik, lu mainin logika lu sendiri.

1. Kesehatan
2. Pendidikan
3. Ekonomi",2025-04-30T09:31:05.000Z,
twitter,"harusnya tangkap pointnya lebih gampang sih ""syarat mendapatkan bansos: vasektomi, untuk warga miskin yang telah punya anak lebih dari 2/3/4 anak"" ga mungkin lo miskin, bujang, belum punya anak mau dapat bansos di suruh vasektomi.",2025-04-30T09:30:45.000Z,
twitter,Terutama laki laki perokok miskin anak banyak wajib vasektomi. Lu mau ngasi bansos tiap bulan bakalan abis buat ngududny. Anaknya stunting karena makan asal kenyang.,2025-04-30T09:29:57.000Z,
twitter,"Disuruh vasektomi ngamuk
Disuruh cari nafkah yang layak dan bener nggak bisa
Anak terus dibanyakin dengan nelen bulet2 kalimat ""banyak anak banyak rezeki""

Laki2 miskin ini maunya apa?",2025-04-30T09:24:11.000Z,
twitter,"rezeki itu pemberian Tuhan
kita tidak tahu sekarang kita miskin dan butuh bansos, terus vasektomi. beberapa tahun kemudian kita diberi kekayaan dan tidak diberi bansos. Sudah gak dapat bansos, gak bisa punya anak lagi",2025-04-30T09:22:34.000Z,
twitter,"ada perbedaan penting antara program kb sama program ini. program vasektomi ini dijadikan SYARAT untuk menerima bansos yg padahal emg harusnya disalurkan ke rakyat miskin tanpa syarat apapun. on the other hand, program kb itu dianjurkan tpi ga dijadiin kewajiban atau keharusan-",2025-04-30T09:21:43.000Z,
twitter,Setuju dgn vasektomi nya tapi nggak dgn bansos atau beasiswa itu. Harus nya vasektomi diperuntukkan bagi keluarga miskin,2025-04-30T09:20:24.000Z,
twitter,"""inikan cuman pilihan bukan paksaan"" ya dipikir aja lah, bayangin lu orang miskin yg jelas-jelas kesulitan secara ekonomi terus ada bantuan ni dari negara tapi kudu divasektomi dulu ya itumah mau gamau lu kudu vasektomi buat bisa lanjut hidup, itu pemaksaan",2025-04-30T09:19:00.000Z,
twitter,"Pemerintah yang mensyaratkan vasektomi untuk bantuan kepada keluarga miskin dengan dua anak atau lebih menimbulkan masalah etis dan hukum. Kebijakan ini dapat memaksa keputusan medis yang irreversibel, melanggar otonomi tubuh dan UU TPKS Indonesia, yang mengkategorikan",2025-04-30T09:17:46.000Z,
twitter,"Padahal kebijakan ini buat YMMA ; yang mau mau aja dan yang miskin miskin aja. Yang mau ambil bansos ya silakan vasektomi. Yang miskin ya hayuk lah stop mindset banyak anak banyak rejeki, nyatanya lebih banyak anak yang sengsara daripada bahagia terlahir di keluarga miskin",2025-04-30T09:17:42.000Z,
twitter,"""inikan cuman pilihan bukan paksaan"" ya dipikir aja lah, bayangin lu orang miskin yg jelas-jelas kesulitan secara ekonomi terus ada bantuan ni dari negara tapi kudu divasektomi dulu ya itumah mau gamau lu kudu vasektomi buat bisa lanjut hidup, itu pemaksaan",2025-04-30T09:19:00.000Z,
twitter,"Pemerintah yang mensyaratkan vasektomi untuk bantuan kepada keluarga miskin dengan dua anak atau lebih menimbulkan masalah etis dan hukum. Kebijakan ini dapat memaksa keputusan medis yang irreversibel, melanggar otonomi tubuh dan UU TPKS Indonesia, yang mengkategorikan",2025-04-30T09:17:46.000Z,
twitter,"Padahal kebijakan ini buat YMMA ; yang mau mau aja dan yang miskin miskin aja. Yang mau ambil bansos ya silakan vasektomi. Yang miskin ya hayuk lah stop mindset banyak anak banyak rejeki, nyatanya lebih banyak anak yang sengsara daripada bahagia terlahir di keluarga miskin",2025-04-30T09:17:42.000Z,
twitter,"Ini bukan soal setuju atau gak setuju vasektomi sebagai metode KB. Tapi soal negara yang berniat mengeluarkan kebijakan fasis dan diskriminatif dengan merenggut hak orang miskin. 

Buat kalian yang mengaku liberal, feminis atau bahkan progresif tapi gagal melihat akar masalah",2025-04-30T09:15:42.000Z,
twitter,"Pemerintahan suatu negara memberikan bantuan kepada rakyatnya yang masuk kedalam kategori keluarga miskin. Lalu, bantuan itu memiliki syarat akan diberikan jika kepala keluarga telah melakukan vasektomi apabila sudah memiliki >= 2 anak. Bagaimana tanggapan akan hal tersebut?
@grok",2025-04-30T09:15:18.000Z,
twitter,"Syarat vasektomi punya anak 2 dan usia di atas 35 plus miskin ya bang, klo gk miskin gausah bingung.",2025-04-30T09:15:13.000Z,
twitter,"Nah gak mau vasektomi kan? Elu laki jabar, JANGAN MISKIN",2025-04-30T09:14:50.000Z,
twitter,"Nope. Vasektomi tuh bagus, kok.

Tapi...Orang miskin punya banyak anak tuh kondisi rumit, butuh penanganan yang sabar dan perjalanan panjang, salah satunya dengan edukasi dan perubahan sistem. 

Disini konteksnya dia mewajibkan untuk penerima bansos... 

Bansos dan beasiswa",2025-04-30T09:12:25.000Z,
twitter,"Banyak yg ga punya anak jg tetep miskin. Diliat-liat om dedi korbuzer ini militer bgt kebijakan2nya paksa-memaksa, ibarat solusi instan. Lu betingkah, lgsg tembak mati. Padahal bkn pembinaan militer biar ga bandel dan bukan KB biar ga miskin. Cb Vasektomi sistem pak!.",2025-04-30T09:07:38.000Z,
twitter,"And again, klo concern nya emang soal kemiskinan ya pikir sendirinlah apakah vasektomi bisa menghapuskan kemiskinan? I mean, it wouldnt cut off poverty. Org miskin yg sdh pnya anak sblm vasektomi kemungkinan akan mengulang rantai kemiskinan itu lgi karena ya-",2025-04-30T09:07:17.000Z,
twitter,"Disclaimer: Saya tidak mempermasalahkan adanya vasektomi. Yang saya permasalahkan adalah sasaran dari vasektomi tersebut—dibanding consent, negara memaksa keluarga miskin untuk melakukan vasektomi atau KB untuk perempuan.",2025-04-30T09:05:13.000Z,
twitter,"harusnya sih gak jadi dilakuin ya,
karena klo beneran diberlakukan kebijakan,
""untuk dapat bansos, lelaki harus vasektomi dulu,
atau, untuk dapat bansos, wanita harus KB dulu""

kebijakan ngaco, masa hak rakyat miskin untuk dapat bansos musti ada syarat seperti itu, aneh",2025-04-30T09:04:34.000Z,
twitter,gue belum ngerti trackrecord si dedi dedi itu  tapi jujur gue sangat amat mendukung kb dalam bentuk vasektomi laki ataupun bentuk kb perempuan buat orang miskin  SOALNYA MEREKA BERANAK MULU ANJIR DEMI ALLAH,2025-04-30T09:03:13.000Z,
twitter,"Masalahnya, kalau cuma imbauan atau vasektomi gratis, ya ngga ada yg mau vasektomi. Kalo keluarganya memang miskin, baiknya memang “dipaksa” untuk ngga punya anak banyak. 2 anak cukup. Lebih dari itu kasian semua pihak",2025-04-30T08:59:58.000Z,
twitter,"Nah ituuu... Semakin urgent lah vasektomi untuk orang2 miskin dan tolol, biar ga ada manusia reject kek orang ini terlahir ke dunia.",2025-04-30T08:59:21.000Z,
twitter,"Yg salah RAKYAT MISKIN, pokoknya rakyat miskin harus di vasektomi, pokoknya rakyat miskin gak boleh punya anak banyak, rakyat miskin itu beban... Kalo pejabat bebas bebas aja silakan mau mencuri merampok menghina",2025-04-30T08:58:16.000Z,
twitter,"syarat vasektomi itu min punya 2 anak + usia 35 tahun (BKKBN).  gak semua orang miskin wajib ,yang pengen bansos & beasiswa aja. kenapa? karena biaya bansos itu tinggi, sering salah sasaran. makanya dibuat lebih spesifik lagi, masalahnya emang syarat vasektomi kurang akurat juga.",2025-04-30T08:57:51.000Z,
twitter,"Bukan sebagai pemaksaan dan ditargetkan ke salah satu kelompok masyarakat (populasi miskin). Aku all in banget buat vasektomi, tapi ya susah stigma masyarakat harusnya dari pemerintah yang bikin gerakkan program ini biar massive (dengan kasih akses vasektomi gratis dan edukasi)",2025-04-30T08:54:57.000Z,
twitter,"Lagi rame tentang vasektomi, dan ada yg gk setuju karena “emgnya org miskin gk boleh punya anak?!” 

Lu baca dulu bege beritanya, vasektomi juga ada aturan umur sama minimal anaknya dulu, gk sembarang! Tau sendiri kan siapa yg paling bnyk bikin anak tp ujung2 nya terlantar semua?",2025-04-30T08:54:45.000Z,
twitter,Bener kak lagipula vasektomi ditujukan untuk orang miskin yg punya anak lebih dari 2.,2025-04-30T08:53:06.000Z,
twitter,Maksud aku kak ngekritik si orang itu karena dia memang melempar pernyataan bahwa permasalahannya populasi orang miskin. Kalau perihal KB memang disayangkan programnya fokusnya di pihak perempuan dan ga kampanyekan vasektomi lagi. Tapi balik lagi KB itu harusnya himbauan,2025-04-30T08:51:40.000Z,
twitter,"Nah, elu ngaku dari org miskin, bisa survive, artinya terbukti tak juga org miskin akan selalu miskin. Vasektomi sebagai syarat bansos itu ngawur.",2025-04-30T08:50:02.000Z,
twitter,dukung Palestina tapi setuju rakyat miskin ditekan lewat vasektomi? anti genosida tapi oke sama apartheid sosial? gimana tuh logikanya? lo dukung kemanusiaan ketika sesuai sama agenda lo aja gtu? Samasama extraordinary crime padahal.,2025-04-30T08:47:12.000Z,
twitter,"Laki2 yang marah2, nih ya pertama syarat vasektomi itu udah punya 2 anak. Jadi wajar aja, masa udah miskin mengaharap dapet bantuan dari pemerintah tapi anaknya banyak. Kan yg dibantu bukan keluarga lo doang, yang miskin di Indonesia itu banyak, bukan lo sama keluarga lo doang",2025-04-30T08:38:45.000Z,
twitter,"Dulu, di bangku sekolah SD diajarkan, sebelum minta hak, tunaikan dulu kewajiban. Kalau mau minta hak sbg orang miskin, jalankan dulu kewajiban utk memenuhi persyaratannya misal SKTM agar bansos tdk salah sasaran. Skr ditambah vasektomi, salahnya di mana?

(Gw gak milih DM)",2025-04-30T08:37:57.000Z,
twitter,"Problemnya lebih dari sekedar vasektomi/ngga. Ada bbrp issue.

Medis
1. Vasektomi, sama seperti banyak tindakan medis, harus berbasis consent, bukan paksaan.
2. Ada bbrp kondisi medis yang ngga disarankan vasektomi. Kalo si miskin punya kondisi medis ini, gmn? Apa jd ga berhak?",2025-04-30T08:37:50.000Z,
twitter,"Ya berarti harus adil atuh. Kalo si kaya ga wajib, yg miskin juga ga wajib. Kalo kita mulai menerapkan aturan kayak gtu ya ketimpangan sosial makin parah atuh. 

Itu vasektomi pun masalah si miskin ga bakalan hilang. Kemiskinan diberantas bukan dengan vasektomi.",2025-04-30T08:37:07.000Z,
twitter,"Kalau memang itu pilihan..maka harusnya bukan kepada orang miskin tetapi kesemua orang : ""tunjangan Rp.xxxxx/bulan bagi siapa saja yang mau vasektomi"".
sedangkan yg dikatakan gub jabar iti seperti : ""kamu lapar??mau makan?? pilih lapar atau vasektomi""",2025-04-30T08:35:29.000Z,
twitter,"Tiba-tiba nasib berkata lain, yang miskin dan telanjur vasektomi mendadak kaya, terus pengen punya anak bagaimana ya? KDM macam memvonis keluarga miskin dikutuk jadi miskin sampai meninggal dunia.",2025-04-30T08:33:51.000Z,
twitter,Lah mau vasektomi kan ada syaratnya min dua anak. Kalo tau miskin masih butuh bansos kenapa mau buat anak lagi?,2025-04-30T08:32:28.000Z,
twitter,"Apa seh ini nanya2 gak pake mikir
Dah jelas dijawab ndak menyelesaikan masalah, tapi mencegah masalah yang lebih besar dikemudian hari.
Kok malah nyambung vasektomi mencegah bapak nganggur, dll
Kalo dr orang kaya terus jatuh miskin, ya udah jangan nambah anak lagi. Kelar kan.",2025-04-30T08:32:21.000Z,
twitter,"Makanya aku setuju ide insentif vasektomi buat keluarga miskin itu perlu. Bukan paksaan, cuma opsi. Skemanya sederhana, semua penerima bansos tetap wajib datang konseling KB, tapi kalau si bapak milih vasektomi, keluarga dapat bonus tunai ekstra",2025-04-30T08:31:53.000Z,
twitter,"Situ ngatain miskin, otak miskin 
Sudah diterangkan masih ngatain lagi 
Ini tentang kebijakan vasektomi sebagai syarat bantuan pak

Vasektomi itu permanen, boleh saja dengan kesadaran kesepakatan kesadaran suami istri sendiri.
Bukan karena iming2 dapat bantuan.",2025-04-30T08:28:05.000Z,
twitter,"gue kepikiran bahaya pemaksaan vasektomi ini, kalopun berjalan.. para penerima bansos anak berkurang. terus yg lain gimana? bakal muncul keluarga miskin baru yg gaterdampak bansos.

mending dibuat umum dengan tunjangan buat yg mau vasektomi, jadi semua lapisan bisa berkurang",2025-04-30T08:27:59.000Z,
twitter,"I never liked this guy, tapi soal vasektomi gue dukung. Kalo baca berita jgn setengah2, konteksnya adalah keluarga miskin yg udah punya anak 2 atau diatas itu, kalo masih mau terima bansos ya vasektomi, kalau ngga mau vasektomi yaudah ga dikasih bansos.",2025-04-30T08:23:05.000Z,
twitter,"vasektomi bisa dilakukan kalau sudah punya anak minimal 2 dan itu sudah sesuai sama program KB yg 2 anak lebih baik, 2 anak cukup. dengan adanya vasektomi jg diharapkan ortu miskin ini akan fokus ke anak yg udh ada aja, gaperlu lagi nambah² anak, ....",2025-04-30T08:19:37.000Z,
twitter,Poinnya kakak diatas seolah pemerintah ga ngebolehin masyarakat miskin buat punya keturunan alias gaboleh punya anak sama sekali. Padahal syarat vasektomi aja minimal punya 2 anak.,2025-04-30T08:19:20.000Z,
twitter,"rasis apa sih tolol. rasis itu diskriminasi seseorang berdasarkan RAS, SUKU, WARNA KULIT atau ETNIS. Kalau nyuruh orang ga mampu buat vasektomi ya bukan rasis, tapi realistis aja. Lu ga vasektomi iya ngikutin agama, terus lu ga dosa gitu kalu miskin dan bikin anak menderita?",2025-04-30T08:19:06.000Z,
twitter,"Kalau yg punya tubuh tolol... jelas harus diatur. 
Miskin --> gak mau KB --> anak sampe 8 atau 10 --> pas anak²nya kelaparan menuntut Bansos --> diminta vasektomi dulu (anggap negara dzolim). 

Padahal biar dia sadar...",2025-04-30T08:19:06.000Z,
twitter,"ada temen, megang prinsip banyak anak banyak rezeki, tapi pas lahiran anak kesekian (lupa anak keberapa), minjem duit ke gw. wtf.

makanya kalo gak mau vasektomi, jangan miskin. udah miskin, nyusahin. kontrol tytyd nya gak sih.",2025-04-30T08:17:31.000Z,
twitter,"Sejalan dengan ide KDM, kalau miskin ya vasektomi, biar dapat bansos",2025-04-30T08:17:01.000Z,
twitter,"Ya makanya jgn sampe byk orang miskin. Alias orang miskin jangan beranak mulu!!
Pemerintah udh berbusa kampanye 2 ANAK CUKUP tp si miskin beranak sampe belasan. Tp ga mau kerja buat nafkahin keluarganya. Ya bagus mending vasektomi jadi syarat. Apa lg klo anaknya udh lbh dr 2!!!!",2025-04-30T08:15:32.000Z,
twitter,"ga ada yg maksa, kalo ga mau nerima bansos ya ga usah vasektomi. tujuannya juga simple biar yg miskin ga buat anak terus tapi ga tanggung jawab sama hak anaknya contohnya banyak anak ga sekolah karena ekonomi ortunya.",2025-04-30T08:15:06.000Z,
twitter,"lah emang tujuannya kdm kan begitu, adanya kb vasektomi ini jg buat pasangan miskin yg udah punya anak (maks 2 jiwa), dan programnya pun bukan paksaan tapi pilihan.. biar satu atau dua anak dari pasangan itu dapet kehidupan yang lebih layak dengan orangtua berekonomi serendah itu",2025-04-30T08:14:00.000Z,
twitter,"Kan syarat vasektomi punya dua anak. Lagian itu cuma buat orang2 yg mau bansos. Kl gamau vasektomi ya gausah nerima bansos.

Dan imo kdm sadar kl ga semua istri bisa KB, ga semua suami miskin mau pake kondom dgn alesan ga enak.",2025-04-30T08:13:52.000Z,
twitter,"tapi ya ga mungkin juga kan?
kalo warga miskin diwajibkan vasektomi semua trus gimana cara pemerintah panen suara? kan sengaja dipiara",2025-04-30T08:12:21.000Z,
twitter,Kakek lu juga miskin tapi kok ga di vasektomi?,2025-04-30T08:09:38.000Z,
twitter,"Org miskin tu prioritasnya mkan sehari2 bkan pendidikan. Ntar pas udh gede nyindir2 yg pnya ijazah bilangnya, ijazah ga pnting sgla macem, insecurenya parahh, blm lg mindsetnya stuck disitu2 aja. Jd vasektomi bagus buat program klo bisa nasional, biar pd fokus ngurusin 2 anak aja",2025-04-30T08:08:09.000Z,
twitter,"anak orang kaya yang kelakuannya gak baik emang salah, pemerintah emang kurang soal itu. tapi punya anak banyak terus gak bisa ngebiayain juga salah, coba apa korelasinya sama program vasektomi orang miskin yang sering minta bansos karena gak mampu ngebiayain belasan anaknya itu?",2025-04-30T08:05:59.000Z,
twitter,"udah baca ini belum? larangan ke bansos/beasiswa karena vasektomi itu gasesuai dama uud pasal 34. hak dasar rakyat miskin kok dibatasin.

lo ngerti ga sih tunjangan yg gue maksud? tunjangan dikasih kalo udah vasek lah.",2025-04-30T08:02:47.000Z,
twitter,"Yaudeh gini aje, makanye jangan miskin kalo ga mau di vasektomi ye tottt.",2025-04-30T08:00:23.000Z,
twitter,"itulah kak harusnya begitu, yg miskin harusnya lebih berpengalaman agar anaknya tidak hidup miskin juga, tapi banyak dilapangan malah tidak memikirkan dampak ini, beranak sesukanya. harusnya tanpa dipaksa vasektomi mereka sudah membatasi sendiri, sudah harus tau konsekuensinya.",2025-04-30T07:57:10.000Z,
twitter,"gini ya misal lu udh punya anak lebih dari 3 stop ya njir gausah naroh benih lagi, kalo lu miskin tuh sadar mending vasektomi aja daripada nyusahin dan koar2 sama pemerintah, lu yg bikin kok gamau tanggung jawab penuhin kebutuhan anak aja gak sanggup ini dikasih saran malah marah",2025-04-30T07:55:47.000Z,
twitter,"Silahkan aja org miskin menghibur dirinya dgn ngentot gak ada yg larang, asalkan jangan sampe jadi “nyawa baru” yg juga berhak dapat kehidupan enak dan terjamin. Vasektomi masih bisa ngentot kok.",2025-04-30T07:55:12.000Z,
twitter,"ya terus hubungannya apa? katanya biar sejahtera angka kelahiran harus turun. yaudah vasektomi aja semua orang miskin. gausah pake syarat.

kok malah disuruh baca syarat, apasih?",2025-04-30T07:49:40.000Z,
twitter,Pdhl kalo mau mengurangi populasi org miskin bisa dg mempermudah akses vasektomi dan aborsi. Bukannya menjadikan vasektomi sbg syarat menerima bansos wkwk anyone who agree w this sht is idiot,2025-04-30T07:48:42.000Z,
twitter,"Ngejadiin vasektomi sebagai kewajiban tetep bukan solusi yang baik buat jangka panjang. Masih ada solusi lain yang lebih baik. Lu hari ini toleransi kewajiban vasektomi itu buat orang orang miskin, besok bakal ada kebijakan yang neken warga lain lagi.",2025-04-30T07:45:43.000Z,
twitter,"Intinyan kasian banget buat orang2 miskin di luar sana yang minim akses dan edukasi soal kontrol angka kelahiran. Lalu tiba2 muncul aturan, “lo kalo mau dapet bansos, harus vasektomi dulu”.
Itu gak adil banget sumpah. Jatohnya pemaksaan. :’(",2025-04-30T07:45:18.000Z,
twitter,"Lagian Vasektomi kan udah ada syarat nya sendiri, umur harus udah 35 sama udah punya anak 2. Kb buat perempuan kenapa pada ga diribetin kaya gini. Pdhl klo kebobolan, punya anak lagi yg ngurus juga perempuan, kebanyakan bapak nya ga mau ngurus anak, apalagi yg miskin",2025-04-30T07:44:00.000Z,
twitter,"I dont understand the logic behind you guys. Bantuan sosial itu kalian kira rakyat miskin doang nikmatin? Kalian middle class pun nikmatin ya :(
Bedanya bentuk bantuan yg kalian terima beda aja. 

Kalian penjualan tabung gas diatur lebih ketat aja ngamuk. Apalagi vasektomi.",2025-04-30T07:43:44.000Z,
twitter,"narasi nya melenceng nihh  gue liat untuk sdm kita ini termasuk solusi dan vasektomi ga berdampak buruk untuk laki laki, ketimbang kb yang jelas jelas ngeganggu hormon perempuan, padahal jelas rulesnya kalo udah punya anak dan miskin",2025-04-30T07:42:58.000Z,
twitter,"I agree with vasectomy, hell i even celebrate it karena KB untuk perempuan bear too much risk than vasectomy. Tapi menjadikan vasektomi untuk alat kendali rakyat miskin? Idk it just doesn't sit right with me.",2025-04-30T07:35:13.000Z,
twitter,"Poin kalian apa sebenernya? Mau mengendalikan angka penduduk dengan ngurangin keturunan penduduk miskin? Itu fasis. 
Kalian buka selang fasis ya wassalam di era skrg yg pemerintahnya suka tes ombak 

Vasektomi itu kurang penyuluhan. Angka yg vasektomi tiap tahun meningkat gtu.",2025-04-30T07:34:43.000Z,
twitter,"yang jadi masalah itu pemaksaannya, gw pro vasektomi tapi kalo pemerintah memaksa rakyat miskin buat vaksetomi jatuhnya jadi fasis",2025-04-30T07:34:05.000Z,
twitter,"Gakgitu cara mainnya. Vasektomi jd salah 1 pilihan KB & hrs didukung pelaksanaannya, itu benar. Apalagi slm ini tgg jawab KB lbh banyak dibebankan ke perempuan. 

Tp yg dibahas KDM tuh masalah struktural yg GAK BAKALAN BISA DISELESAIKAN HANYA dgn mengurangi populasi org miskin.",2025-04-30T07:32:57.000Z,
twitter,"Kalok aku jd gubenur jabar atas sodetan kali ciliwung ke BKT hrs ada konpensasi biar rakyat jabar dapat duit bikin waduk/revitalisasi setu hahahaaaa
Atas rakyat miskin hrs dikebiri vasektomi utk jatah bansos hmmm haram tuch versi  
@MUIPusat",2025-04-30T07:30:41.000Z,
twitter,"Beda konteks bang, ini kan khusus untuk yg ga sanggup aja. KLO misalkan Abang nya miskin tapi masih sanggup membiayai anak""nya kelak ya ga perlu vasektomi. Tapi ya, KLO orang kaya sih biasanya kebanyakan anaknya dikit. Karena mereka mikir semua kebutuhan anaknya harus tercukupi.",2025-04-30T07:29:31.000Z,
twitter,"Nah makanya disuruh vasektomi kalo udah punya anak 2. Solusi simpel tapi situ udh mau ngomongin kearah HAM lah, ga adil lah, mau mengarah ke pemerintah yang nyalahin orang miskin. Dikasih solusi tapi banyak babibu ",2025-04-30T07:29:19.000Z,
twitter,"Kira2 kenapa masyarakat sulit menerima penyuluhan yg diberikan?
Kalau tau jawaban di atas, bisa ketemu titik yg sebenarnya harus diperbaiki.

Membatasi beasiswa untuk anak yg bapaknya yg ga mau vasektomi di kelompok fakir miskin hanya akan menimbulkan evil loop .",2025-04-30T07:26:43.000Z,
twitter,"Setuju ga setuju dgn kebijakan 
@DediMulyadi71
 
1. Klo pemaksaan vasektomi ini u/jangka pendek. SETUJU. Efeknya mmg bakal terasa dgn berkurangnya ""warga miskin"" tnp beban tambahan anak
2. GA SETUJU kalo jangka panjang akan jd bom waktu jk ga diiringi program yg lebih jelas",2025-04-30T07:25:56.000Z,
twitter,"oh yaudah kalo maunua begitu. kalo perlu vasektomi semua orang miskin aja biar punah semua yg miskin2, sisa menengah atas. fix cepet sih jadi negara maju itu.",2025-04-30T07:25:10.000Z,
twitter,"Harusnya UUD 34 ayat 1 diubah jadi ""Fakir miskin dan anak-anak yang terlantar dipelihara oleh negara (yg vasektomi ajh)""

Nyaranin orang vasektomi sih oke ya dikasih pemahaman dan penyuluhan tapi kalo sampe diwajibin buat claim bansos kayanya ngga dulu deh",2025-04-30T07:23:50.000Z,
twitter,"emang segitu daruratnya ya kita harus menekankan vasektomi?
TDR Jawa Barat menurut sensus 2020 cuma 2.11 (normal 2.1)

permasalahan orang miskin anak terlantar ini masalah individu apa sistem?",2025-04-30T07:22:18.000Z,
twitter,kalau memang progresif itu kebijakan kdm harusnya fokusnya ga cuma ke orang miskin. alias edukasi vasektomi buat semua orang kasih vasektomi gratis buat semua. tapi ya namanya content creator cari engagement nomor satu.,2025-04-30T07:20:02.000Z,
twitter,"Warga miskin wajib KB, wajib Vasektomi, kalo kebobolan wajib Aborsi ",2025-04-30T07:18:41.000Z,
twitter,"Ga pada sadar ya sejahat apa ni orang? Kasarnya kek ""lu kalau mau gw kasih bansos mesti kb dan vasektomi dulu baru gw kasih"" bro duit bansos aja dari uang rakyat loh, ga serta merta membenarkan ""kalau lu miskin lu mending nurut aja daripada ga dpt makan"" jahat bgt lu dedi kontol",2025-04-30T07:10:40.000Z,
twitter,"realitasnya seperti apa? realita jadi terlalu sempit kalo cuma tentang apa yang kamu lihat.

gak ada manusia yang mau lahir , hidup dan mati dalam keadaan miskin. dan negara harus memastikan itu tidak terjadi.
kebijakan vasektomi tidak menghilangkan ""kenapa bisa miskin? """,2025-04-30T07:09:25.000Z,
twitter,"Beasiswa untuk anak nya, vasektomi untuk bapanya, yg sudah kebanyakan anak.
Ni ts kaya nonton drakor lgsung di tengah2, ga dari awal.
Mau emang pemerintah terus bayarin rakyat2 miskin lahiran ? Terakhir nebus 25 jt loh...",2025-04-30T07:08:52.000Z,
twitter,"Lah kenapa? Ini buat bansos doang. Dia mau ngasih bansos dengan kasih syarat, yaitu vasektomi. Intinya... *udah tau miskin malah nambah anak "".",2025-04-30T07:08:28.000Z,
twitter,"emg bukan urusan kita tp urusan negara. syarat vasektomi banyak (udah anak 2, umur yg mumpuni) gak kayak KB. bukan gapunya anak lgsg vasektomi syaratnya minimal udh anak 2. klo org miskin anak banyak jd masalah sosial(penelantaran,human trafficking,gizi buruk,kriminal) jd dicegah",2025-04-30T07:08:16.000Z,
twitter,IMHO mereka marah soal bikin anak karena berarti sengaja membuat si anak tidak mendapatkan penghidupan layak. Namun mereka juga marah soal kebjakan vasektomi karena menyamaratakan orang miskin layaknya kocheng liar.,2025-04-30T07:05:10.000Z,
twitter,"Loh vasektomi kan ditujukan ke masyarakat miskin yg anaknya udh banyak, Alhamdulillah dong disuruh vasektomi biar ga kebobolan. Emg mau kah miskin tapi nambah anak terus",2025-04-30T07:02:57.000Z,
twitter,"Aku agak lelah sebenernya. Jangan dipelintir ya. Aku BUKAN BERSEBRANGAN sama vasektomi. Malah DUKUNG. Tapi jangan kaya programnya KDM. Orang miskin itu udah termarjinalkan oleh sistem, jangan makin diinjek lagi sampai dipaksa ngorbanin tubuhnya, nggak boleeeh itu melanggar ham ",2025-04-30T07:02:14.000Z,
twitter,"Lucu ya, keributan ttg wacana kebijakan vasektomi ini. 

Berantemnya jadi antara 
""Orang miskin ga boleh punya anak banyak""
 vs 
""Vasektomi yang dipaksain adalah pelanggaran HAM"".

Sekali lagi pemerintah sukses bikin warganya ribut satu sama lain, selamat deh.",2025-04-30T07:01:24.000Z,
twitter,"Maksud gue tuh ,kalau orang miskin nya udah punya anak ,ya it's ok,itu tergantung pada orang nya masing2 juga kan.yg jadi masalah itu yang beasiswa karena yang menerima pasti kebayakan anak muda yg belum nikah ,terus apakah vasektomi ini bisa 100 % kembali normal ?(Bertanya)",2025-04-30T06:57:29.000Z,
twitter,"lah KB perempuan mah sifatnya bebas, mau dilakuin kek, mau nggak kek, terserah. tp itu MAKSA yg miskin buat vasektomi sebagai syarat buat dpt bansos/beasiswa, pdhl tanpa itu aja harusnya mrk ttp dapet krn udah ada UU nya????",2025-04-30T06:56:25.000Z,
twitter,"bukan vasektominya, pemaksaan dengan beasiswa ama bansos itu lho...

bansos seharusnya buat rakyat miskin tak terkecuali

vasektomi seharusnya buat semua kalangan tak terkecuali

di Cekoslowakia, praktek kek gini dianggep sebagai salah satu bentuk genosida",2025-04-30T06:55:10.000Z,
twitter,"Yg ditolak kebijakan yg menjadikan vasektomi jd syarat org miskin menerima hak nya, bkn vasektomi nya.",2025-04-30T06:55:05.000Z,
twitter,"Itu yang komen katanya ‘nggak boleh punya anak’ lu tau KB nggak? Tau syarat vasektomi nggak? Kalau vasektomi artinya dia udah pernah punya anak, tujuannya biar nggak menambah keturunan dan cukup punya anak sesuai dalih KB alias dua aja. Lu kan miskin ya, ngapain punya anak banyak",2025-04-30T06:42:55.000Z,
twitter,"Gw setuju syarat vasektomi buat nerima bansos. Bukannya apa, tipikal SDM indo cocoknya dipaksa/""pecut"", miskin dll, jadi masalah struktural, ga cocok disini kalau pake cara lembek. Di China dulu udah nerapin yg mirip, satu keluarga dua anak, lebih dari dua pajaknya tambah berat",2025-04-30T06:42:21.000Z,
twitter,"Kalo banyak anak trus lu ga bisa ngasih makan ama ngasih kehidupan yg layak lu malag jatoh ya ZOLIIIIIM ama anak, gini nih pemimiran orang miskin bego tukang ngewong disuruh vasektomi malah ngamok2 merasa jadi korban cuiiih",2025-04-30T06:41:47.000Z,
twitter,"Kebijakan ini juga bias gender: Kenapa pria miskin yang disasar untuk vasektomi, bukan memperkuat edukasi keluarga secara menyeluruh? Ini hanya mencari jalan pintas—dan menjadikan tubuh rakyat sebagai solusinya.",2025-04-30T06:41:38.000Z,
twitter,"Di Indonesia, program KB bersifat sukarela dan berbasis edukasi. Vasektomi adalah prosedur permanen. Jika dijadikan syarat bansos, maka pemerintah menekan warga miskin untuk menyerahkan hak tubuhnya demi bantuan. Ini bentuk pemerasan struktural.",2025-04-30T06:41:34.000Z,
twitter,"KB, steril, vasektomi ini untuk mengontrol jumlah kelahiran..

orang miskin punya anak maksimal 2..
punya anak 1 aja susah urusnya, apalagi 2,3,4,5 dst..

dgn sedikit anak, maka pengeluaran si miskin lebih baik
si anak jg lebih berkualitas hidup nya",2025-04-30T06:41:04.000Z,
twitter,"Maksud gue tuh ,kalau orang miskin nya udah punya anak ,ya it's ok,itu tergantung pada orang nya masing2 juga kan.yg jadi masalah itu yang beasiswa karena yang menerima pasti kebayakan anak muda yg belum nikah ,terus apakah vasektomi ini bisa 100 % kembali normal ?(Bertanya)",2025-04-30T06:39:04.000Z,
twitter,"Selama ini program KB tu gratis untuk rakyat miskin kah?

Ada sosialisasi kesehatan reproduksi untuk keluarga miskin?

Apa tau-tau ancam pake vasektomi? ",2025-04-30T06:38:00.000Z,
twitter,Syarat buat dapat bansos itu harus Vasektomi karena orang miskin jgn pny banyak anak . Nah orang2 yg dapat bansos (seharusnya) orang miskin atau gak mampu. Kalau negara mau ngasih ngasih aja. Itu kewajiban. kenapa harus begini begitu.,2025-04-30T06:37:43.000Z,
twitter,"Aside miskin atau kaya, katanya sih udah ada vasektomi sementara pak",2025-04-30T06:37:20.000Z,
twitter,"Emang kenapa sih kalo cowo vasektomi? Ruginya apa? Itu kan ditujukan buat manusia"" yg anaknya udh banyak tpi miskin. Ruginya dia vasektomi apaan? Masih mau beranak lagi? Fachri lu mau ngebiayain apa gimana dah?",2025-04-30T06:36:00.000Z,
twitter,"Menurut gw ya ded, selesein dulu kemiskinan strukturalnya. Vasektomi emang udh ditanggung bpjs, tp gw yakin orang2 miskin ga punya bpjs  opsinya, lu gratisin buat masyarakat miskin trs lu sosialisasiin ke masyarakat. Orang kb aja mereka ga mau, gimana vasektomi.",2025-04-30T06:35:48.000Z,
twitter,"Skrg ributin kalo vasektomi buat alat kendali orang miskin itu fasis

At the same time rakyat nuntut fasilitas

We all know org miskin ini beban ekonomi. Kalo berkurang uang bansos bisa buat fasum
But you all too holy so it's fascist

There's never will be an easy pill to swallow",2025-04-30T06:23:26.000Z,
twitter,orang-orang yg menyimpulkan kontra kebijakan ini berarti kontra vasektomi? mana paham mereka atau emang menolak paham karena kebencian mereka yg sebegitu besar dengan orang miskin,2025-04-30T06:21:43.000Z,
twitter,"Masih mau marah marah sama kebijakan KDM soal Vasektomi buat orang miskin ? Emang susah ngasih tau perokok & orang mabok agama. Selalu berlindung dibalik ""Rezeki udah diatur Allah"". Padahal mah emang dasarnya lu males & sangean aja.",2025-04-30T06:21:09.000Z,
twitter,"Bener. Itu memaksa kok. Pemberian bantuan itu harusnya tanpa syarat. Bantuan miskin, harus diberikan ke orang miskin. Jangan sampai ada additional terms disana, misalnya vasektomi. Karena utk urusan keluarga, itu hak manusia. Pd dasarnya minta vasektomi ini ya udh melanggar HAM",2025-04-30T06:21:03.000Z,
twitter,"Maraneh sing napak saeutik mah ulah ngadagoan maneh teu boga nanaon karek nyadar vasektomi jeung urang miskin lain solusi. 

Jaman ayeuna ulah di eleg ari nanaon teh di kunyah heula. Dipikir heula ulah heeuh heeuh wae iih cangkemos ku ibu siah",2025-04-30T06:20:56.000Z,
twitter,Saria garoblog nya eta vasektomi ameh jalma miskin ulah boga budak. Moal beak eta kemiskinan ayeuna maneh bisa keneh seura seuri isukan maneh miskin teu menang dibantuan negara mikir gebloh nyaho urang lembur ge loba nu teu boga nanaon.,2025-04-30T06:20:54.000Z,
twitter,"Betul, pemerintah sendiri yg melestarikan kemiskinan rakyat itu. Sekarang mensyaratkan urudan reproduksi sama hal dirinya sendiri dgn vasektomi, itu jelas salah. Gak nuntasin langsung akar masalahnya. Klo ekonomi di Indo bagus, tumbuh, gak akan banyak jg kasus miskin ini.",2025-04-30T06:18:49.000Z,
twitter,Setuju sih vasektomi buat orang miskin yang punya prinsip 'banyak anak banyak rezeki'. Tapi untuk 'orang miskin' yang mau ambil pendidikan tinggi buat ubah nasibnya rasanya malah nggak cocok. Secara udah pasti mereka punya kesadaran kalo punya anak gak sebatas ngelahirin doang,2025-04-30T06:18:41.000Z,
twitter,"Sekali lagi, maksa vasektomi bukan solusi. Ortu wajib kerja, tapi pemerintah tetep yang bikin kebijakan dan yang buka jalan. Pemerintah gk kompeten ngatasin kemiskinan yang disalahin orang miskin, nyari jalan keluar ""gampang"" yang berat sebelah dimana benernya.",2025-04-30T06:14:49.000Z,
twitter,"Jarang2 nih gua belain pemerintah. Vasektomi itu cuma syarat penerima bansos. 1 keluarga miskin kalo punya anak banyak bakal jadi beban pemerintah tapi kalo di-KB, dana buat keluarga tadi bisa dialokasiin ke keluarga lain yang butuh bantuan juga",2025-04-30T06:14:06.000Z,
twitter,"bukan, kalo bapak lu yakin vasektomi, berarti bapak lu udah yakin dia gak akan bisa kaya. jadi bansos ini buat orang2 yakin akan miskin permanen.",2025-04-30T06:11:29.000Z,
twitter,"coy orang tua kerja itu tanggung jawab dia, harus menafkahi, anak2 yg gak harusnya lahir karna miskin tapi dipaksa lahir itulah yg melanggar ham anak. jgn dibolak balik membenarkan yg salah. vasektomi solusi untuk memangkas akarnya.",2025-04-30T06:09:32.000Z,
twitter,makanya skill to read between the lines itu penting dan harus diasah supaya kita ga gampang kemakan propaganda jahat. pemerintah maksa vasektomi --> pemerintah dapet kontrol atas tubuh orang miskin --> ngeluarin policy semena2 untuk ngontrol populasi orang miskin -->,2025-04-30T06:09:04.000Z,
twitter,"Mending cari tau dulu, maksud KDM kan yg harus vasektomi tuh rakyat miskin yg anaknya banyak, ya baguslah daripada nelantarin anak mending di kb lakinya, gw ga milih KDM tapi setelah liat kebijakannya ini gw jdi dukung KDM, gubernur macam monyet? Elu kali yg kaya monyet.",2025-04-30T06:05:26.000Z,
twitter,"Krn ada sebut2 soal KB kayaknya cuman maksimal anak 2...
Kl mau beasiswa n bansos, vasektomi...

Salahnya dmn... Drpd nanti anaknya nambah lagi, trus pemerintah harus bantuan lg gitu?

Faktanya org miskin memang anaknya lebih dr 2. Fakta dilapangan emank gitu ",2025-04-30T06:02:58.000Z,
twitter,"Mental KDM yang perlu diubah. 
Edukasi emang perlu waktu yang cukup lama menghasilkan efek yang lebih baik terhadap kesadaran serta keinginan masyarakat melakukan vasektomi. Ngeyel memaksa orang miskin di vasektomi hanya mengulang bencana yang telah terjadi di India!",2025-04-30T06:02:27.000Z,
twitter,"Masyarakat miskin dibuat keluar dari zona miskin, bukan dibinasakan perlahan dengan program vasektomi.",2025-04-30T06:01:37.000Z,
twitter,"Setelah vasektomi pun mereka tetap berada dibawah garis kemiskinan, tidak ada yg berubah. Solusi ini jelas tidak efektif untuk untuk membantu rakyat miskin",2025-04-30T05:58:35.000Z,
twitter,"maksa vasektomi warga buat bansos ya biar anak2 miskin tidak terlalu byk bukan gak boleh punya anak, tapi harus dibatasi biar tidak ada anak yg hidup melarat lagi dimasa dtg. bahasin ham terus, anak2 yg lahir dari kemiskinan ga lu pikirin hamnya?",2025-04-30T05:58:25.000Z,
twitter,"Ya di bina lah orangtua nya,kasih kerjaan,paksa kalo gamau kerja juga baru gapapa di vasektomi.. yang penting negara hadir dulu buat kasih solusi yang sama sama bermanfaat. Solusi cuman ngasih bansos mah sama aja melihara orang miskin dan males doang",2025-04-30T05:57:26.000Z,
twitter,"Haha saya juga bisa bicara gini karena kebetulan saya sehari-hari ketemu dengan masyarakat miskin, yang mungkin tidak anda alami. Yasudah, silahkan teruskan yapping dan cry akan male fragility yang terluka karena permasalahan vasektomi di X. Saya juga gerah dengan kebodohanmu ",2025-04-30T05:53:50.000Z,
twitter,"Gue stuju dgn statment Lu ini sbuah diskriminasi..kurang jelas juga pointnya KDM, suruh vasektomi ia klo Dia belum punya anak.. ada lho menikah puluhn taun blm ad anak. Shrusnya Dikasih batasan klo sudah pny 2 baiknya di KB.. KDM ini lebih ke orng MISKIN dilarang beranak",2025-04-30T05:52:08.000Z,
twitter,"Bajer demul mengamini vasektomi buat orang miskin.

Bajernya diset dengan glorify vasektomi.

Padahal yang jadi diskursus itu hak beranak bagi orang miskin. Bukan masalah kontrasepsinya.",2025-04-30T05:48:07.000Z,
twitter,"gua bingung dikit sm org org yg ga setuju tentang kebijakan vasektomi itu... lu nonton tv baca berita gih cok, brp banyak anak yg ujungnya terlantar gara2 keluarga miskin tp hobi ngentot. giliran cewe disuruh kb blablabla, tp cowo disuruh vasektomi kebakar jembut lu yeuu aneh",2025-04-30T05:47:51.000Z,
twitter,"Ok berarti lebih krn aturan yg memaksa org” yg d kategorikan miskin untuk melakukan KB nya ya, bukan krn vasektominya.. soalnya blm lama heboh masalah vasektomi kan jd penasaran. Makasih ka infony",2025-04-30T05:47:06.000Z,
twitter,"ya berpengaruh, cuman emg ga beresiko bahaya atau gimana. but thats not the problem here, masalahnya ini kalau pemerintah dikasi otoritas buat ngatur pemaksaan vasektomi ke rakyat miskin, ini sama aja ngasih mereka otoritas buat ngatur hal yg seharusnya jdi hak pribadi masing2",2025-04-30T05:44:53.000Z,
twitter,"asli capek bgt pake bahasa fasis konservatif sosialis progresif bikin otak meledak, pake term bagus dan jelek aja udah 

pemaksan vasektomi utk orang miskin itu kebijakan jelek, titik.",2025-04-30T05:44:19.000Z,
twitter,"Nggak ada yang against vasectomy. Orang2 pada ngelawan karena ini memaksa kehendak pada kelompok miskin dan kelompok rentan. 

Vasektomi atau nggak dapat bansos?
Bukannya harusnya kalian lebih aware soal istilah “my body my choice” not a government choice.",2025-04-30T05:43:44.000Z,
twitter,"Memang

Dan maksud twtku di atas adalah, bayangin, br ada isu vasektomi sbg syarat bantuan pemerintah, itupun utk yg miskin dan anak banyak, dia kesinggung bgt kayaknya. Imagine being woman in this country, miskin atau ngga, pasti disuruh KB.",2025-04-30T05:43:44.000Z,
twitter,Orang islam yang paham ya harusnya ga nikah kalo GA MAMPU termasuk GA MAMPU MENAFKAHI. Cma kan SDM indonesia hanya cangkangnya saja islam dan lebih memilih kawin. Yasudah terima konsekuensinya jd miskin dan vasektomi supaya ga nyebar kemiskinan,2025-04-30T05:43:34.000Z,
twitter,"Si DM vasektomi duluan coba, baru nyuruh2 rakyatnya.
Mentang2 orang mampu, semena2

Blm tentu anak2 org kaya jadi org bener, bnyk yg jadi Mario Dendi atau jd koruptor yg bikin negara inj gk maju2

Yg bikin miskin negara koruptor, yg dimusnahin orang miskin. 
Dasar fasis o’on",2025-04-30T05:43:14.000Z,
twitter,"Yaitu sebagian memang ada tp konteksnya semua yg miskin dapat bansos harus vasektomi, banyak yg nerusaha semaksimal mungkin bekerja tp miskin itu bagaimana? Boro boro mikir ngewe, kadang gak pulang karena g dapat hasil",2025-04-30T05:41:50.000Z,
twitter,"gimana kalo ada wealth transfer ke si miskin tanpa perlu pemaksaan vasektomi? tapi wealth transfernya bukan berupa bansos atau BLT digedein melainkan anaknya disekolahin, terus si kaya buka lapangan kerja yg bener jangan mau diatur ormas",2025-04-30T05:41:07.000Z,
twitter,"Sorry tapi bansos diberikan dengan syarat miskin dan vasektomi, lucu juga galau dipikir. Kayak ada yg missed antara bantuan miskin dan vasektomi. Tbh gue setuju orang miskin mending tunda punya anak sampe stabil, cuma kalau mau dapat bantuan miskin harus vasektomi agak gimana gt",2025-04-30T05:40:51.000Z,
twitter,"wahai si paling baik, silahkan hitung, mana lebih berdampak uang 100rb pd keluarga miskin anak 5 atau anak 2?
Vasektomi tdk akan membunuh bpknya,
tapi kemiskinan bisa membunuh anak2nya !!!",2025-04-30T05:40:08.000Z,
twitter,"Lo tau akar masalahnya itu orang2 kaya problematik, pemerintah yg cuma manfaatin orang miskin utk diambil suaranya, tapi lo malah ""yaudah gw setuju vasektomi wajib bagi rakyat miskin kalo mau dpt bansos & beasiswa biar suaranya mentok segitu aja"" drpd berantas sumber masalah?",2025-04-30T05:38:02.000Z,
twitter,"Tujuannya membatasi pembagian Bansos dengan vasektomi ->mengurangi kemiskinan yg meluas (anak terlantar, perdagangan anak, dan masalah sosial lainnya). Lu bahas kelakuan anak org kaya,menengah, miskin tu gak nyambung sm tujuan program ini. makanya dibatasi anaknya",2025-04-30T05:37:56.000Z,
twitter,"gimana kalo ditawarin jika si miskin mau vasektomi, dia dapet wealth transfer dari si kaya? ya atau benefit lain lah dr pajak2 itu",2025-04-30T05:33:20.000Z,
twitter,sama sama miskin susah cari makan terus yang satu anaknya 8 nah satunya anaknya 1. lebih berat mana beban hidupnya? memahami sampe sini doang aja susah anjeng cowo cowo takut vasektomi ini,2025-04-30T05:30:29.000Z,
twitter,"sosialisasi akan vasektomi dan edukasi akan kehidupan seks yg baik itu penting dan harus disetujui. tpi kalo udh kayk gini, vasektomi dijadiin syarat buat dapet bansos itu udh pemaksaan namanya, bansos itu kan emg HARUS disalurkan ke rakyat miskin, ga ada tpi2an ga ada syarat",2025-04-30T05:29:04.000Z,
twitter,"Vasektomi mah harusnya sukarela, bukan dijadiin syarat buat orang miskin dapet hak dasarnya yg dijamin negara. Gini aja kaga bisa bedain, gimana mau selamat dr tipu daya penguasa macem Jokowi dah ni orang Indo? You people are so fucking gullible it's actually depressing",2025-04-30T05:29:03.000Z,
twitter,oke kita main analogi lu deh.  menurut lu misal  seluruh orang miskin di indo di vasektomi.   bakal bikin indo bebas dari kemiskinan kah?,2025-04-30T05:27:16.000Z,
twitter,"lu ngerokok bebas lah dimana saja kecuali kawasan bebas rokok, apalagi didepan anak lo, kalau kaya gini benar, orang miskin harus vasektomi!!",2025-04-30T05:27:09.000Z,
twitter,"Salah pemahaman, bukan berarti miskin blom punya anak trus wajib vasektomi, Syarat vasektomi itu kalo udah punya anak 2 dan si laki umur 35 tahun.",2025-04-30T05:26:24.000Z,
twitter,Kok kayanya narasinya bukan karna peduli warga miskin tapi karna kalian takut vasektomi inimah,2025-04-30T05:25:35.000Z,
twitter,"Aneh aja vasektomi jadi syarat bansos.

Bansos itu ukurannya taraf ekonomi,bukan jumlah anak.
Orang miskin banyak anak karna mikir makan aja susah apalagi bayar KB ke bidan.

Pola pikir orang miskin jadi tugas pemerintah untuk merubahnya.Di point ini pemerintah hadir gak?",2025-04-30T05:25:33.000Z,
twitter,"pertanyaan moralitasnya, apakah keluarga miskin yang terus-terusan bikin anak lebih dari 4-5 anak harus diberi bansos juga? dan emang kurang tepat juga sebenernya kebijakan vasektomi ini. alternatifnya apa syarat bansos perlu dibuat lebih spesifik biar lebih tepat sasaran lagi?.",2025-04-30T05:21:21.000Z,
twitter,"Lu paham konteks paksaan gak?
Mereka butuh bantuan, tapi di kasih SK yg belum tentu mereka mau

vasektomi ini setau gw sifatnya permanen loh. 
Jadi klo ada si miskin yg baru punya anak 1 trus vasektomi buat dpt bantuan mrk gk akan punya anak lagi. Klo anak nya meninggal? Gimana?",2025-04-30T05:20:59.000Z,
twitter,"Karena ini bukan solusi jangka panjang dan ini masuk ranah pribadi orang orang, force sterilization itu pelanggaran HAM. Sekarang Vasektomi, besok apa? Orang Miskin juga punya hak melanjutkan hidup, kekhawatiran orang ini bukan cuma soal ngewe doang.",2025-04-30T05:19:56.000Z,
twitter,"Program KB itu buat semua masyarakat. Lha ini dikhususkan buat penerima bansos. Emang orang kaya ga bisa ngebuntingin org miskin? Pegawai BUMN, BUMD, dan PNS jg harusnya wajib vasektomi buat membatasi pengeluaran tunjangan keluarga.",2025-04-30T05:19:29.000Z,
twitter,"pojok kanan bawah tulisannya kecil pake banget:

""Disclaimer""
Narasi ini dimunculkan untuk mendukung pernyataan KDM ttg vasektomi: miskin? jangan punya anak!",2025-04-30T05:19:10.000Z,
twitter,"ya itu namanya paksaan. gak vasektomi berarti gak dapet bansos. pahami dong, bansos itu kewajiban negara bagi masyarakat miskin. udah miskin dikasih syarat2 pula. fasis banget.",2025-04-30T05:10:46.000Z,
twitter,"Yeee ngomongin orang gblk. Vasektomi bukan berarti lu ngga bisa ngewe selama nya ama istri lu yee, tapi itu mencegah biar ngga punya banyak anak, apalagi kaum miskin, anak ditelantarkan, ngga disekolahin.",2025-04-30T05:09:36.000Z,
twitter,"kalau aparat dan pejabat divasektomi berapa anggaran yg bisa dihemat negara karena tidak harus mengeluarkan berbagai macam tunjangan ini itu buat anak2 mereka?  

kira2 benefitnya lebih banyak mana daripada vasektomi org miskin?",2025-04-30T05:09:28.000Z,
twitter,Since their body their choice berarti pemerintah harusnya ga berhak maksa masyarakat untuk vasektomi dong buat masyarakat miskin dapet haknya atas kewajiban pemerintah menjalankan UUD 1945 pasal 34????,2025-04-30T05:09:17.000Z,
twitter,"kalau aparat dan pejabat divasektomi berapa anggaran yg bisa dihemat negara karena tidak harus mengeluarkan berbagai macam tunjangan ini itu buat anak2 mereka?

kira2 benefitnya lebih banyak mana dgn vasektomi org miskin?",2025-04-30T05:09:00.000Z,
twitter,Org miskin mah cukup 2 aja . Vasektomi ini bukan kebiri ada syaratnya anak 2 dan usia 35 jdi ga menghalangi produktivitas. Dan sasarannya hrus bener2 kluarga miskin anak banyak.,2025-04-30T05:04:48.000Z,
twitter,"Nah you're actually dumber, perhaps has an IQ lower than a room temperature. You can't even comprehend common sense. Kebijakan ini buat orang miskin yang udah punya anak blog, sebagaimana syarat vasektomi baru bisa kalo lu udah punya dua anak.",2025-04-30T05:00:45.000Z,
twitter,"halahh, udah mah miskin gegayaan bikin banyak anak. yang sengsara emg lu doang? anak lu gimana? gak kau pikir anak mu punya hak untuk sekolah? makan? dll? ngentot nya aja kau suka. kalau suka ngentot tp gak bisa tanggungjawab ya bener itu vasektomi",2025-04-30T04:58:57.000Z,
twitter,"Vasektomi bisa dilepas.
Lagian kl miskin banyak anak gak mau KB krn ikut MUI, sono minta bansosnya ma mui ajahh",2025-04-30T04:58:44.000Z,
twitter,"Bodoh bngt yang bilang ""rakyat miskin dilarang punya anak"". Yang di maksud syarat vasektomi itu ya karna kebnyakan orang2 gak mampu itu banyak anak tp untuk menghidupi aj susah, maknya cobalah pada mikir gt loh di adain vasektomi itu spy rakyt susah gak nambah anak mulu. Ksh ank",2025-04-30T04:58:09.000Z,
twitter,"orang kaya ngentot tau konsekuensinya walaupun dia kaya, dia ada ilmu. org miskin? main gas aja pas udah gelembung jawabnnya "" keboblosan"" padahal itu kebodohan. jd emg wajar org miskin yg sudah punya anak di vasektomi karna kemiskinan itu berantai gaakan putus kalo ga dibatasi.",2025-04-30T04:57:05.000Z,
twitter,"Lantas apa solusi untuk menekan pertumbuhan populasi yg tidak berbanding lurus dengan pertumbuhan ekonomi? 

Katakanlah vasektomi tanpa persetujuan itu melanggar HAM, lalu bagaimana nasib anak dari keluarga miskin? Apakah ortunya tidak melanggar hak anak untuk hidup layak?",2025-04-30T04:56:38.000Z,
twitter,"sebuah argumen yang dasarnya saja sudah salah. Dihabisi ini maksudnya apa? Dimusnahkan gitu? Dasar vasektomi/tubektomi adalah program keluarga berencana, di mana 2 anak cukup. Ini sasarannya! Bukan semua orang miskin yang belum punya anak. Yang jahat adalah kamu dan framingmu",2025-04-30T04:56:14.000Z,
twitter,"Saya ga vasektomi, saya ga nikah, saya childfree,bekerja sepanjang hidup,tetep miskin drpd teman teman saya yg punya anak 2-3 dan bisa kuliah kan mereka...",2025-04-30T04:54:12.000Z,
twitter,"Yaitu salah satu tujuan program vasektomi. ""Kl tb tb jatuh miskin"", lbh gampang ngurus 2 anak kan drpd 5 anak???",2025-04-30T04:53:00.000Z,
twitter,Oke bagus kebajikannya tapi target subjek vasektomi nya jgn cm yg miskin dong tp yg kaya jg..,2025-04-30T04:51:27.000Z,
twitter,gua lebih setuju orang miskin ga boleh beli rokok dibanding vasektomi. ketauan ngerokok auto bansos ditolak.,2025-04-30T04:50:07.000Z,
twitter,Maksa kelas sosial yg miskin vasektomi beda tipis sama genosida ke kelas sosial yg miskin. Krn secara konsep sama2 eugenik,2025-04-30T04:48:38.000Z,
twitter,"gw pribadi gak dukung vasektomi tapi gak juga dukung orang miskin yang bikin anak terus-terusan minta bansos buat diurusin anaknya yang banyak itu, gw juga setuju kalo pemerintah lebih baik bikin kebijakan alternatif yang lebih jangka panjang kek pendidikan & lapangan pekerjaan.",2025-04-30T04:47:44.000Z,
twitter,"kebijakan doi tuh maksa orang miskin untuk mendapatkan haknya dengan ditukar haknya (vasektomi). bukan menolak vasektominya, tapi caranya yg memaksa (fasis) dan pengentasan kemiskinan struktural bukan dengan bakar lumbung gitu aja",2025-04-30T04:46:47.000Z,
twitter,"""kalo gamau vasektomi yaudah gausah, kan ga wajib"", kalo vasektomi dijadiin alat tukar buat seseorang yang miskin terhadap akses bantuan sosial dan bantuan pendidikan dari pemerintah nya sendiri, then there's not a real choice, they're not freely choosing anything ",2025-04-30T04:45:53.000Z,
twitter,Udah miskin mlarat kaga makan tapi beranak mulu gimana sih..knapa klo vasektomi ribet klo cw suruh KB gak ribut,2025-04-30T04:45:34.000Z,
twitter,"Vasektomi gak jahat sih menurutku. Jadi, kemiskinan struktural gak terus-menerus berkelanjutan. Ini bisa jadi langkah awal mengatasi kemiskinan. Karena gak dapat dipungkiri, di lapangan orang miskin punya banyak anak itu gak sedikit. Lu bisa komen begini karena gak napak tanah!",2025-04-30T04:44:17.000Z,
twitter,"Vasektomi bagi rakyat miskin, ya tetap miskinlah",2025-04-30T04:37:30.000Z,
twitter,"Yg kutanya kan gimana vasektomi bisa MENURUNKAN KEMISKINAN seperti yg dikatakan Demul?
Mau anakmu 1 atau 100, kalau pengeluaran per harimu di bawah 20 ribu ya bakal tetep jd golongan miskin.
Terus kemiskinan turun darimananya?",2025-04-30T04:37:18.000Z,
twitter,"Wkwkw padahal org yg terbilang “mampu” aja mau vasektomi bahkan tanpa disuruh.

Masa org miskin gamau yg jelas2 menimbulkan kemiskinan struktural berakhir penelantaran dan eksploitasi anak jadi pengemis dll? ",2025-04-30T04:36:58.000Z,
twitter,memberantas orang miskinnya dmn sih bang? emang vasektomi bunuh orang? KAGAK! lu mau ngentot gaya helikopter juga gabakal jd tuh bayi. kalau dibilang memberantas CALON orang miskin yah baru bener. Anak juga punya hak bang buat ga lahir dengan kehidupan melarat,2025-04-30T04:36:30.000Z,
twitter,"Banyak kebijakan KDM saya dukung, senang punya pemimpin yg tegas, memberi solusi, pendekan Humanis, Vasektomi seperti nya NO, yg berbuat KEJAHATAN BESAR itu rata"" PEJABAT & ORANG KAYA, bkn si miskin. Apa yg ditakuti, paling banter ngemis, maling ayam/sepeda mtr. Coba koruptor ",2025-04-30T04:35:35.000Z,
twitter,"Mohon maaf... kalau pernah komunikasi langsung dgn orang miskin tapi punya anak 8 biji... bukan cuma harus di vasektomi, dibuntungin habis aja itu barangnya. Saking bebalnya. Udah miskin, gak mau pakai otaknya untuk berhenti beranak pinak.",2025-04-30T04:33:14.000Z,
twitter,"lah itu vasektomi salah satu cara menyelamatkan kalian dri kemiskinan terstruktur kocak. udah miskin, ngarep bansos terus, beranak pinak trs. lu pikir aja pake akal sehat noh menelantarkan anak tuh ga dosa kah boy?",2025-04-30T04:33:00.000Z,
twitter,"Setuju sama ide KDM. Lu mau bansos? Vasektomi, jangan punya anak, soalnya kalo LU MISKIN YANG JADI KORBAN ITU ANAK LU YG BANYAK!",2025-04-30T04:32:55.000Z,
twitter,"gw adalah korban alias anak dari pasutri miskin, akibatnya apa lu tau? gw gabisa ngejar cita2 kehalang KEMISKINAN. anjeng bacot, lo aja gapernah terlahir miskin makanya bs bacot gitu, gw aja yg miskin setuju ama program vasektomi",2025-04-30T04:32:05.000Z,
twitter,"Intinya mereka bisa menentukan pilihannya sendiri, dibarengi edukasi yg mumpuni dr gov/msykt. Vasektomi, boleh. Dipaksa, tidak boleh. 
Jangan karena orgnya miskin (mungkin karena struktural), jd mereduksi kebebasan untuk melakukan sesuatu",2025-04-30T04:31:40.000Z,
twitter,"SATU LAGI
Solusi agar masyarakat miskin mau ngelakuin vasektomi selain edukasi adalah ngasih insentif bagi masyarakat yang ngelakuin.
Kalau malah dipakai sebagai dalih pemerintah melaksanakan kewajibannya justru itu tindakan salah nan fasis!!!",2025-04-30T04:31:16.000Z,
twitter,"Yg miskin di vasektomi, pejabat yg korupsi aman² aj duit nya disita jg masih kaya. Aturan berlaku untuk orang miskin",2025-04-30T04:30:58.000Z,
twitter,"playbook KDM ini serem lou, nge echo pendapat surface level rata rata masyarakat tanpa mikirin efektifitas dan sisi hukumnya.

penekanan pemerintah ke rakyat miskin buat vasektomi. bodo amat informed consent, bodo amat eugenics",2025-04-30T04:30:43.000Z,
twitter,"Ehh dongo, syarat vasektomi itu harus sudah punya anak .. Udah tau miskin jangan pengen punya anak banyak, kaya mampu aja ngehidupin .. Ngabisin bansos aja orang modelan lo",2025-04-30T04:29:55.000Z,
twitter,"Yeuh goblok, lu apa gatau diluar sana ada keluarga miskin punya anak 8, birahi mulu gegara gak mau istri kb dilarang agama, padahal ada kb vasektomi tapi laki laki merasa engan sama hal itu. Punya anak itu hak mereka, tapi gimana nanti nasib anak yang lahir itu?",2025-04-30T04:29:29.000Z,
twitter,"Ya makanya agak laen emang si dedi ini. Mana ngewajibin vasektomi buat yang miskin. Bukannya membenahi gimana caranya biar yg miskin dapet kerja, nerima upah yg layak, bisa nafkahin keluarga ini malah depopulasi wkwkwk cari caranya biar mereka ga dapet bansos mulu",2025-04-30T04:27:09.000Z,
twitter,"Bacot. Program kb dr dulu dah ada, tp sasarannya para istri. Iud, implan, suntik, pil, steril. Giliran vasektomi mau diadain pemerintah, pd kegerahan lo pada. Knapa ga dari dulu koar2. Kalo ego lu kesinggung, jangan bawa2 rakyat miskin buat jd tameng.",2025-04-30T04:27:04.000Z,
twitter,"Tp dsini konteks nya utk org""/keluarga yg ekonomi nya dibawah. Faktanya memang begitu, miskin banyak anak. Karena hiburan meraka ya (ngewe).

Lagian situ ga protes soal KB perempuan? baru keluar kata vasektomi langsung bawa"" tuhan.",2025-04-30T04:26:46.000Z,
twitter,"kemaren ada org di komun marah2 ngeluh mak bapaknye tiap malem ngewe di samping dia padahal anak2nya udh umur 18+. knp bisa? tu rumah cuma punya 1 kamar. bisa ga lo tebak kondisi ekonominya?

nah. hiburan orang miskin apa? ngentot. vasektomi tuh 1 variable buat bantu masalah ini",2025-04-30T04:23:18.000Z,
twitter,"Anda kan setuju vasektomi wajb untuk orang miskin, kenapa ga genosida sekalian aja.",2025-04-30T04:23:15.000Z,
twitter,"buat vasektomi kurang setuju, tapi statement ""miskin itu cuman hobi beranak-pinak"" setuju, tapi masalahnya ini kalau ga di edukasi mendalam bakalan beranak2 lg , atau perlu di ganti jgn vasektomi tapi wajib double kondom iya kb iya .",2025-04-30T04:22:41.000Z,
twitter,"Di sini aku dukung bgt vasektomi. Dari thread mba2 yg celebrated her husb vasek. Tapi yg disayangkan itu, mereka mendukung kdm ngembangin vasek tapi jg lupa miskin struktur itu ada dan awal mula salah pemerintah.",2025-04-30T04:22:30.000Z,
twitter,"dan tetep, seperti yg gw bilang. ini vasektomi paksa, lu kira orang miskin tuh kucing apa.",2025-04-30T04:22:18.000Z,
twitter,"Mau jadi Kaya aja susah, eh pas dianggap miskin diminta Vasektomi 

Jadi apa fungsinya ""Willy The Kid"" kalau harus di vasektomi ?",2025-04-30T04:21:17.000Z,
twitter,"bener kata kdm, orang miskin harus vasektomi dan berenti bikin anak kalau gak bisa ngasih makan",2025-04-30T04:20:58.000Z,
twitter,"Tenang sblm diplintir. Mendukung kok untuk vasektomi disebar lebih luas. Tapi aku disini ga setuju kalau kita ga boleh nyalahin pemerintah, jelas2 ketidak seimbangan pendidikan itu nyata bro. Miskin struktur itu nyata.",2025-04-30T04:19:57.000Z,
twitter,"Lha lu juga t*l*lnya permanen, yg kudu vasektomi itu dia sudah merasa miskin dan punya anak 3!! Udah tau miskin jangan banyak2 punya anak. Mau ngemis bansos lu?",2025-04-30T04:19:56.000Z,
twitter,"Lu bngung karena lu mikir terus ga ngerti, udah bagus itu.
Vasektomi bagus.
Vasektomi jd syarat bansos ya kocak namanya. 
Pendidikan sm bantuan utk rakyat miskin mah kewajiban pemerintah.",2025-04-30T04:19:44.000Z,
twitter,"udah riset kah menurunnya karena apa? karena yg pinter milih childfree atau lebih hati2 dalam plan punya anak. sedangkan yg miskin struktural pada ngewe mulu beranak mulu. 
lg gencar2nya vasektomi lu sbg laki kebakaran jembut kah?",2025-04-30T04:19:37.000Z,
twitter,"Coba berpikir runut ya walid. 

Spesies manusia berjenis kelamin laki-laki > tinggal di Jawa Barat > menikah > punya anak lebih dari 2 > miskin > ga mampu menafkahi > minta bansos ke pemerintah > pemerintah bilang vasektomi dulu, mau dikasih bansos, ngga ga dikasih.",2025-04-30T04:17:54.000Z,
twitter,"inti berita: gak semua orang miskin wajib vasektomi. yang mau aja (dapet bansos & beasiswa). gw analisis kebijakan ini lahir dari fenomenologis KDM soal keluarga miskin yang punya belasan anak tapi masih minta² bansos, uang salinan anak ke sekian, dst. coba liat konteksnya bud.",2025-04-30T04:06:59.000Z,
twitter,"yap aku 100% dukung klo ada yg mau vasektomi, kasian perempuannya terus yg dipaksa pake kontrasepsi pdhal dua pihak punya andil dalam hidup seks mereka. tpi klo dijadiin kewajiban, dijadiin syarat buat rakyat miskin buat pake, itu udh pemaksaan dan pelanggaran terhadap autonomi-",2025-04-30T04:06:25.000Z,
twitter,"betul, teh, teu bisa dipungkiri. memang kemiskinan struktural slalu berjalin dg rendahnya kesadaran, tp vasektomi sbg syarat bantuan ge salah kacida pan. cara etis spy tingkat kelahiran rendah tuh cuma aya hiji cara: jieun si miskin jd kaya dan berpendidikan.",2025-04-30T04:06:09.000Z,
twitter,Heh dongok. Lu paham kb gak? Paham vasektomi gak? KDM gk ads ngelarang punya anak. Tpi membatasi orang miskin punya anak bnyk. Msih bgus beliau memfasilitasi vasektomi. Biaya vasektomi tuh gk murah tau,2025-04-30T04:05:18.000Z,
twitter,"bilang aja negara lo gagal apa susahnya, percuma lo fafifu blablabla. memaksakan orang miskin vasektomi ngga menjawab akar masalah.",2025-04-30T04:04:59.000Z,
twitter,WKWKWK padahal buat memutuskan untuk vasektomi ada syaratnya. Salah satunya punya anak 2 (salah satu anaknya 5 tahun). Terus memutus hak beranak dari mananya coba? Emang lu pada yang dikategorikan miskin mau punya anak berapa anjerr? Dua aja udah MAHAL biayanya.,2025-04-30T04:04:32.000Z,
twitter,"LU KALAU MISKIN KB  Benci banget gw sama orang miskin, tolol, sangean pula. VASEKTOMI itu lakinya",2025-04-30T04:03:16.000Z,
twitter,kan vasektomi nya untuk orang miskin yang sudah PUNYA ANAK tujuan nya biar gak makin banyak anak dan biar bansosnya gak numpuk di satu keluarga doang tapi bisa merata,2025-04-30T03:58:13.000Z,
twitter,"laki-laki ketika ngeliat laki-laki lain gak bisa ngebiayain anak-anaknya yang banyak itu karena miskin: 

laki-laki ketika baca tentang vasektomi: ",2025-04-30T03:56:50.000Z,
twitter,"Ya kalo lu miskin udah bannyak anak, minta beasiswa dan dibantu, disuruh jgn beranak lagi dgn vasektomi ya ikut aje. 

Secara medis itu KB plg bagus, efektif dan efisien.",2025-04-30T03:56:02.000Z,
twitter,"Maaf bang. Saya pernah dikelas bawah. Dan jujur jadi anak dari keluarga miskin banyak anak itu nyiksa! Bahkan sampai gede pun kami harus jadi sandwich gen lho gegara ortu ga bisa nyukupin hidup adik. 
Vasektomi untuk keluarga miskin dengan anak >=2 aku kira fair.",2025-04-30T03:54:48.000Z,
twitter,"padahal simple, lu miskin mau dapet bantuan dari pemerintah ya vasektomi. kalo gamau dapet bantuan ya yaudah gapapa, berarti scr finansial mampu buat kasih kehidupan yg baik untuk anak anaknya.",2025-04-30T03:52:41.000Z,
twitter,klo syarat harus vasektomi org miskin yg udh punya 1 anak ya itu kebijakan yg bagus bgt. knp para banci nih takut bgt sm vasektomi? pdhal itu reversible dan yg beda cuma air mani kelen ga mengandung sperma. gausah ngomongin dosa dlu. lu beranak bnyk klo gbsa nafkahin juga dosa,2025-04-30T03:43:38.000Z,
twitter,Blog target vasektomi KDM tuh kepala keluarga miskin yang buat mana sehari hari saja susah yang anak nya udah lebih dari 2 bukan pemuda lajang atau keluarga yg belum punya anak.,2025-04-30T03:41:57.000Z,
twitter,"Otak aku penuh banget gara-gara kebijakan vasektomi. Kek, lu pada paham kaga kenapa kebijakan vasektomi diambil, apalagi sampe bawa-bawa hak??? Lu miskin, punya banyak anak, anak lu ga diurus dengan benar aja udah jauh dari memenuhi hak anak elu bjir",2025-04-30T03:41:24.000Z,
twitter,"Miskin itu status ekonomi, ngga permanen, bisa tahun depan kondisinya berubah jadi ngga miskin. Tapi vasektomi itu permanen. 

Dipaksa ngga bisa punya keturunan selamanya demi terima hak-hak dari negara. Bahaya bener pola pikirnya.",2025-04-30T03:40:30.000Z,
twitter,"Guru ngajarin sex education malah diberhentiin, tapi nyuruh orang miskin vasektomi wkwkwk kontradiktif banget ini bapak aing",2025-04-30T03:40:23.000Z,
twitter,"Tapi gue yakin kok kalo KB nya itu bukan vasektomi mereka bakal teriak-teriak ini fasis 

Inimah kebetulan aja sejalan ama mereka + dia jadi tameng buat gebuk orang miskin wkwkw",2025-04-30T03:39:08.000Z,
twitter,"Vasektomi itu program KB. Tujuannya buat gak banyak anak/ menjaga jumlah anak.

BKKBN (bukan kebijakan pak Dedi) gak menentukan strata sosial yg boleh vasektomi (atau any other means of contraception)

As I said, gak cuma org miskin yg punya anak banyak.",2025-04-30T03:39:07.000Z,
twitter,Si miskin cuma di jadikan dulang suara saat pilkada dan pilpres. Tapi ketika sudah jadi si miskin di vasektomi.,2025-04-30T03:38:45.000Z,
twitter,"Salah paham deh
Yg vasektomi itu kalo udah punya 2 anak

Jir 2 anak jaman skrg pengeluaran besar.. Apa rakyat miskin sanggup biayain lebih dari 2 anak?",2025-04-30T03:36:46.000Z,
twitter,but not with vasektomi? itu tuh kayak solusi singkat aja...bukan sustainable policy juga....apa iya semua orang miskin mau untuk di vasektomi? kenapa KDM enggak milih untuk melakukan policy yang pro growth aja ketimbang begini?,2025-04-30T03:35:43.000Z,
twitter,"Kemarin sempet liat banyak yg tweet ""kalo miskin ngga usah punya anak deh"" eh sekarang ada kebijakan begini malah ngga terima dan dihujat. Rakyat negara ini maunya apa sih? Minimal literasi dulu apa itu vasektomi beserta syarat dan prosedurnya",2025-04-30T03:35:31.000Z,
twitter,"Diluar konteks miskin lbh setuju kebijakan vasektomi diubah. Byk yg mau vasektomi tp ada minimal umur. Imo, ini negara udh harus depopulasi, turunin natalitas, tingkatin life expectancy. Surprisely natalitas indo jg udh turun, apalgi gen Z udh pada melek & buang jauh pikiran kuno",2025-04-30T03:27:45.000Z,
twitter,"Fasis banget ini orang. Udah kaya Nazi Jerman aja pakai vasektomi paksa ke orang miskin. 

Pak 
@prabowo
 jangan biarkan rakyat miskin jadi obyek pejabat nyari panggung dong. 
@cakimiNOW
 tolong bantu.",2025-04-30T03:27:25.000Z,
twitter,eh pudel kalo orang tuanya bisa tanggung jawab ya berarti dia gak masuk golongan orang miskin penerima bansos. ini kan vasektomi sasarannya buat penerima bansos keluarga miskin yg anaknya lebih dari 2. otaknya dipake berpikir coba ,2025-04-30T03:25:35.000Z,
twitter,"APASI TOLOL, KALO CEWE KB EMANG GA HARAM? ITU VASEKTOMI BUAT ORANG MISKIN NAFSUAN OTAKNYA NGENTOT DOANG.",2025-04-30T03:23:40.000Z,
twitter,"Saya ga setuju hanya dengan vasektomi!!

Seharusnya perbudakan dihidupkan kembali!!

Mereka yg miskin, kere kere bertingkah itu harus dijadikan budak!! Kalau perlu, bunuh massal semua!

Penggunaan vasektomi demi genosida suatu ras itu tindakan pengecut!

HWANA harus mati!

Titik!",2025-04-30T03:23:21.000Z,
twitter,"Gubernur caper, apa² disenggol
Kan bansos bkn dari kantong lu, tapi dari pajak, kok ngatur². Bansos cuma 300rb+sembako doang sampe harus vasektomi. Klo gitu UUD 45 diganti bunyinya jadi ""orang miskin & anak terlantar dijadiin konten pemerintah""",2025-04-30T03:22:06.000Z,
twitter,"Aku setuju laki2 vasektomi, tapi kalau cuma untuk yang miskin mah namanya diskriminasi. ",2025-04-30T03:22:02.000Z,
twitter,"Lihat temen² cewe banting tulang demi anak yg diasuh maupun dititip ke sodara & suami yg tdk merencanakan kehidupan lbh baik + efek kontrasepsi yg dirasa cewe, aku setuju aja program vasektomi.

Bnyk lakilaki yg kurang mental kelelakiannya pas nikah. Hidup miskin pula. Jd solusi",2025-04-30T03:19:30.000Z,
twitter,Hla gerombolanmu kebanyakan mau membantai orang miskin dengan vasektomi,2025-04-30T03:19:23.000Z,
twitter,"Trus tiba-tiba keluarganya atau dirinya sendiri yang jatuh miskin, dipaksa vasektomi. Baru deh koar-koar.",2025-04-30T03:19:20.000Z,
twitter,Eh kocak Masalah emang ga selesai sampai di situ doang tapi setidaknya dengan org miskin KB /Vasektomi itu mengurangi kemungkinan org miskin beranak pinak yang menghasilkan kualitas manusia rendah penyebab kriminalitas tinggi,2025-04-30T03:17:48.000Z,
twitter,"Anak jg punya hak buat hidup di lingkungan layak kali, kl kita miskin harusnya sadar diri sih jgn ngerepotin mulu bisanya 
Lagian vasektomi minimal punya 2 anak, emang mau punya anak brp si dengan kondisi serba minimum gitu",2025-04-30T03:07:41.000Z,
twitter,"makanya setiap ada argumen yg org miskin yg gk mau vasektomi aku maju paling depan.
begini hasilnya.",2025-04-30T03:07:23.000Z,
twitter,"MENCIPTAKAN BANYAK ANAK TANPA MEMPERSIAPKAN KEHIDUPAN LAYAK UTK MEREKA BUKANNYA MELANGGAR HAK ANAK YAAA???
LAGIANN VASEKTOMI JG ADA KETENTUAN, BUKAN SEMATA2 MISKIN GABOLEH PUNYA ANAK.
SEBELLL BANGET ANJIRRRR SEPP ASEPPP BERANAK MULU PIKIRAN LO",2025-04-30T03:07:18.000Z,
twitter,"Ya gw setuju. Gw aja pro KB termasuk vasektomi tp gak gini.
Pertanyaannya:
Yang mau dibasmi itu kemiskinan struktural atau rakyat miskin?

Adanya kemiskinan struktural itu krn gagalnya banyak faktor",2025-04-30T03:06:49.000Z,
twitter,"Fakir miskin dan anak terlantar dipelihara oleh negara 
Fakir miskin dan anak terlantar dipelihara oleh negara dengan syarat vasektomi",2025-04-30T03:06:46.000Z,
twitter,"MENCIPTAKAN BANYAK ANAK TANPA MEMPERSIAPKAN KEHIDUPAN LAYAK UTK MEREKA BUKANNYA MELANGGAR HAK ANAK YAAA???
LAGIANN VASEKTOMI JG ADA KETENTUAN, BUKAN SEMATA2 MISKIN GABOLEH PUNYA ANAK.
SEBELLL BANGET ANJIRRRR",2025-04-30T03:06:20.000Z,
twitter,"seandainya vasektomi untuk orang miskin dilakukan sejak dulu

cukup 2 keluarga saja",2025-04-30T03:06:04.000Z,
twitter,"udah bener yg miskin aja yang vasektomi, biar preman ormas ga semakin banyak dalam beberapa dekade ke depan…",2025-04-30T03:04:16.000Z,
twitter,isu utamanya: orang miskin banyak anak disuruh vasektomi. anda kontra karena itu paksaan kan. nah coba dong bang kasih solusinya biar orang miskin banyak anak ini mau kb tanpa paksaan? karena kita liat aja selama ini pemerintah ga maksain kb dan hasilnya banyak yang ga kb,2025-04-30T03:03:54.000Z,
twitter,"ya itu kan pilihan, coba pola pikir anda dibalik. Coba pikirkan salah satu cara pemerintah untuk mengontrol masifnya pola beranak pinak masyarakat miskin? kasih satu solusi yang terbaik selain vasektomi bagi orang miskin tanpa mengeluarkan dana yang banyak",2025-04-30T03:01:02.000Z,
twitter,"Yang miskin disuruh vasektomi padahal yang banyak bikin anak justru yg kaya, mana anaknya nyebar di mana-mana.",2025-04-30T02:48:30.000Z,
twitter,"https://x.com/ARSIPAJA/status/1917153132653461772?s=19…

NAHHH, PROGRAMNYA UDAH BETUL KAN BERARTI. YANG (MAAF) MISKIN ITU VASEKTOMI AJA.",2025-04-30T02:47:57.000Z,
twitter,"orang miskin syarat anak maksimal hanya 2 adalah bagus menurutku
kalo anak dah 2 utk ngelanjutin bansos kasih pilihan vasektomi
kalo gamau berarti dia merasa ga miskin dan sanggup membiayai keluarganya",2025-04-30T02:47:08.000Z,
twitter,orang miskin yang punya banyak anak sangat membebani negara  tapi syarat vasektomi itu harusnya ga berlaku untuk semua orang miskin,2025-04-30T02:47:00.000Z,
twitter,"INI YA ANJING YANG PANTES DI VASEKTOMI. UDAH MISKIN, BERANAK TEROS, SKRNG BAYINYA DI KASIH MAKAN KERTAS!!!!!",2025-04-30T02:46:39.000Z,
